frame_index,stamp_ns,tracking_state,method,pair_type,extract_a_ms,extract_b_ms,preprocess_a_ms,preprocess_b_ms,bpu_queue_a_ms,bpu_queue_b_ms,bpu_a_ms,bpu_b_ms,postprocess_a_ms,postprocess_b_ms,keypoints_a,keypoints_b,extraction_wall_ms,match_ms,geometry_ms,end_to_end_pair_ms,matches,ransac_inliers,strict_inliers,strict_inlier_ratio,strict_grid_coverage,median_vertical_error_px,median_disparity_px,fine_total_ms,fine_preprocess_ms,fine_bpu_queue_ms,fine_bpu_ms,fine_postprocess_ms,photometric_inliers,photometric_inlier_ratio,photometric_grid_coverage,patch_ncc_median,patch_ncc_p10,photometric_ms
0,2569011476808,-1,xfeat_star_coarse,stereo,39.534443,22.631134,4.974451,4.928535,16.031519,0.000875,16.918851,16.011769,1.609497,1.689789,600,600,39.860735,7.244614,5.037201,52.142550,384,384,384,1.000000,0.562500,0.000000,0.000000,0.000000,0.000000,0.000000,0.000000,0.000000,264,0.687500,0.520833,0.703128,0.114901,29.342625
0,2569011476808,-1,xfeat_star_fine,stereo,39.534443,22.631134,4.974451,4.928535,16.031519,0.000875,16.918851,16.011769,1.609497,1.689789,600,600,39.860735,7.244614,0.331624,59.193123,380,380,379,0.997368,0.541667,0.000000,1.265411,11.756150,0.888249,0.001333,9.620195,1.245831,304,0.800000,0.500000,0.862951,0.268161,23.331800
0,2569011476808,-1,orb_cpu,stereo,66.581072,68.819318,0.000000,0.000000,0.000000,0.000000,0.000000,0.000000,0.000000,0.000000,599,600,69.083859,21.441302,2.262413,92.787574,379,333,332,0.875989,0.354167,0.000000,1.727997,0.000000,0.000000,0.000000,0.000000,0.000000,318,0.839050,0.354167,0.929630,0.575860,7.259740
1,2569101470849,-1,xfeat_star_coarse,stereo,21.956052,38.889736,4.448494,5.564075,0.001042,14.903728,16.076935,16.830268,1.429373,1.591456,600,600,39.248986,2.151580,0.678957,42.079523,384,377,377,0.981771,0.520833,0.000000,0.000000,0.000000,0.000000,0.000000,0.000000,0.000000,259,0.674479,0.500000,0.688048,0.076259,7.580573
1,2569101470849,-1,xfeat_star_fine,stereo,21.956052,38.889736,4.448494,5.564075,0.001042,14.903728,16.076935,16.830268,1.429373,1.591456,600,600,39.248986,2.151580,0.315167,52.586300,378,378,377,0.997354,0.562500,0.000000,1.263351,10.870567,0.289166,0.000666,9.297820,1.282748,296,0.783069,0.541667,0.842310,0.230836,10.069235
1,2569101470849,-1,orb_cpu,stereo,69.108359,62.895493,0.000000,0.000000,0.000000,0.000000,0.000000,0.000000,0.000000,0.000000,600,598,69.333859,19.106973,2.173538,90.614370,386,342,341,0.883420,0.333333,0.000000,1.728003,0.000000,0.000000,0.000000,0.000000,0.000000,322,0.834197,0.312500,0.934296,0.577358,7.286532
1,2569101470849,-1,xfeat_guided,temporal,39.534443,21.956052,4.974451,4.448494,16.031519,0.001042,16.918851,16.076935,1.609497,1.429373,600,600,61.490495,4.873077,0.434291,66.797863,384,384,384,1.000000,0.562500,0.000000,nan,0.000000,0.000000,0.000000,0.000000,0.000000,0,0.000000,0.000000,nan,nan,0.000000
1,2569101470849,-1,orb_cpu,temporal,66.581072,69.108359,0.000000,0.000000,0.000000,0.000000,0.000000,0.000000,0.000000,0.000000,599,600,135.689431,11.448775,0.711874,147.850080,519,517,517,0.996146,0.375000,0.000000,nan,0.000000,0.000000,0.000000,0.000000,0.000000,0,0.000000,0.000000,nan,nan,0.000000
10,2570001461725,-1,xfeat_star_coarse,stereo,37.844779,21.194845,3.928036,3.885536,15.865894,0.000875,16.659226,15.843769,1.391415,1.464581,600,600,38.180446,2.090789,0.379375,40.650610,384,384,384,1.000000,0.583333,0.000000,0.000000,0.000000,0.000000,0.000000,0.000000,0.000000,268,0.697917,0.520833,0.700478,0.149648,7.689364
10,2570001461725,-1,xfeat_star_fine,stereo,37.844779,21.194845,3.928036,3.885536,15.865894,0.000875,16.659226,15.843769,1.391415,1.464581,600,600,38.180446,2.090789,0.316166,51.381886,379,379,379,1.000000,0.583333,0.000000,1.263786,10.794485,0.236833,0.000542,9.308320,1.248623,304,0.802111,0.520833,0.864376,0.267546,13.532023
10,2570001461725,-1,orb_cpu,stereo,64.902574,66.714405,0.000000,0.000000,0.000000,0.000000,0.000000,0.000000,0.000000,0.000000,599,600,67.161362,16.508518,2.040663,85.710543,371,333,331,0.892183,0.312500,0.000000,1.727997,0.000000,0.000000,0.000000,0.000000,0.000000,316,0.851752,0.312500,0.935809,0.614560,7.008032
11,2570181473058,-1,xfeat_star_coarse,stereo,23.139509,38.546945,4.666952,4.608035,0.000708,17.235517,17.215309,15.434353,1.256290,1.268873,600,600,38.869652,2.118289,0.766707,41.754648,384,384,384,1.000000,0.562500,0.000000,0.000000,0.000000,0.000000,0.000000,0.000000,0.000000,264,0.687500,0.541667,0.689166,0.134168,7.488031
11,2570181473058,-1,xfeat_star_fine,stereo,23.139509,38.546945,4.666952,4.608035,0.000708,17.235517,17.215309,15.434353,1.256290,1.268873,600,600,38.869652,2.118289,0.378042,52.378176,379,379,378,0.997361,0.541667,0.000000,1.296392,11.012193,0.280291,0.000583,9.551112,1.180040,306,0.807388,0.520833,0.842256,0.252590,7.409072
11,2570181473058,-1,orb_cpu,stereo,68.729068,63.956575,0.000000,0.000000,0.000000,0.000000,0.000000,0.000000,0.000000,0.000000,600,600,68.943360,10.108235,2.567538,81.619133,371,322,320,0.862534,0.312500,0.000000,1.727997,0.000000,0.000000,0.000000,0.000000,0.000000,305,0.822102,0.291667,0.938222,0.607757,7.028490
11,2570181473058,-1,xfeat_guided,temporal,37.844779,23.139509,3.928036,4.666952,15.865894,0.000708,16.659226,17.215309,1.391415,1.256290,600,600,60.984288,5.197784,0.314875,66.496947,384,384,384,1.000000,0.541667,0.000000,nan,0.000000,0.000000,0.000000,0.000000,0.000000,0,0.000000,0.000000,nan,nan,0.000000
11,2570181473058,-1,orb_cpu,temporal,64.902574,68.729068,0.000000,0.000000,0.000000,0.000000,0.000000,0.000000,0.000000,0.000000,599,600,133.631642,8.701529,0.480332,142.813503,521,517,517,0.992322,0.375000,0.000000,nan,0.000000,0.000000,0.000000,0.000000,0.000000,0,0.000000,0.000000,nan,nan,0.000000
20,2571081465434,-1,xfeat_star_coarse,stereo,38.839569,22.821301,4.340535,4.297494,17.285142,0.000708,15.866894,17.266517,1.346873,1.256415,600,600,39.144360,1.891122,0.470749,41.506231,384,384,384,1.000000,0.500000,0.000000,0.000000,0.000000,0.000000,0.000000,0.000000,0.000000,278,0.723958,0.458333,0.725846,0.204708,11.890608
20,2571081465434,-1,xfeat_star_fine,stereo,38.839569,22.821301,4.340535,4.297494,17.285142,0.000708,15.866894,17.266517,1.346873,1.256415,600,600,39.144360,1.891122,0.322624,52.308091,382,382,382,1.000000,0.500000,0.000000,1.247501,10.949985,0.372333,0.000833,9.345237,1.231207,321,0.840314,0.500000,0.870982,0.328636,12.598857
20,2571081465434,-1,orb_cpu,stereo,63.699617,65.367532,0.000000,0.000000,0.000000,0.000000,0.000000,0.000000,0.000000,0.000000,600,599,65.614490,17.906058,1.567415,85.087963,395,361,361,0.913924,0.333333,0.000000,1.727997,0.000000,0.000000,0.000000,0.000000,0.000000,345,0.873418,0.333333,0.936223,0.642194,7.451197
21,2571171462517,-1,xfeat_star_coarse,stereo,37.633822,21.244845,5.466409,4.474619,14.594020,0.000959,16.006227,15.509811,1.566832,1.259165,600,600,37.916613,1.869747,0.462125,40.248485,384,384,384,1.000000,0.541667,0.000000,0.000000,0.000000,0.000000,0.000000,0.000000,0.000000,281,0.731771,0.500000,0.724615,0.232412,7.152948
21,2571171462517,-1,xfeat_star_fine,stereo,37.633822,21.244845,5.466409,4.474619,14.594020,0.000959,16.006227,15.509811,1.566832,1.259165,600,600,37.916613,1.869747,0.656207,54.419339,381,381,380,0.997375,0.520833,0.000000,1.255005,13.976772,0.259250,0.000584,10.694360,3.022412,321,0.842520,0.500000,0.879463,0.385358,8.306988
21,2571171462517,-1,orb_cpu,stereo,65.211782,58.733291,0.000000,0.000000,0.000000,0.000000,0.000000,0.000000,0.000000,0.000000,599,600,65.437240,10.136152,2.343747,77.917139,403,357,356,0.883375,0.333333,0.000000,1.440002,0.000000,0.000000,0.000000,0.000000,0.000000,338,0.838710,0.333333,0.934257,0.557285,7.617447
21,2571171462517,-1,xfeat_guided,temporal,38.839569,37.633822,4.340535,5.466409,17.285142,14.594020,15.866894,16.006227,1.346873,1.566832,600,600,76.473391,5.142992,0.308125,81.924508,384,384,384,1.000000,0.541667,0.000000,nan,0.000000,0.000000,0.000000,0.000000,0.000000,0,0.000000,0.000000,nan,nan,0.000000
21,2571171462517,-1,orb_cpu,temporal,63.699617,65.211782,0.000000,0.000000,0.000000,0.000000,0.000000,0.000000,0.000000,0.000000,600,599,128.911399,9.733111,0.570082,139.214592,526,525,525,0.998099,0.354167,0.000000,nan,0.000000,0.000000,0.000000,0.000000,0.000000,0,0.000000,0.000000,nan,nan,0.000000
30,2572071470309,1,xfeat_star_coarse,stereo,22.793176,39.991526,4.529952,4.493952,0.000583,16.875059,16.870684,17.431933,1.391707,1.190415,600,600,40.370400,2.109664,0.402083,42.882147,384,384,384,1.000000,0.500000,0.000000,0.000000,0.000000,0.000000,0.000000,0.000000,0.000000,281,0.731771,0.458333,0.750847,0.233407,7.256906
30,2572071470309,1,xfeat_star_fine,stereo,22.793176,39.991526,4.529952,4.493952,0.000583,16.875059,16.870684,17.431933,1.391707,1.190415,600,600,40.370400,2.109664,0.316291,54.091630,381,381,381,1.000000,0.500000,0.000000,1.231964,11.295275,0.289333,0.000625,9.749819,1.255373,322,0.845144,0.479167,0.880908,0.399486,5.933200
30,2572071470309,1,orb_cpu,stereo,64.560158,66.378363,0.000000,0.000000,0.000000,0.000000,0.000000,0.000000,0.000000,0.000000,600,600,66.801655,9.439820,2.256914,78.498389,395,353,352,0.891139,0.333333,0.000000,1.727997,0.000000,0.000000,0.000000,0.000000,0.000000,333,0.843038,0.333333,0.933896,0.573164,7.460364
31,2572161479393,1,xfeat_star_coarse,stereo,37.884488,21.149136,3.937203,3.872745,15.852310,0.000792,16.638101,15.832686,1.456665,1.442747,600,600,38.120737,2.353039,1.248915,41.722691,384,382,382,0.994792,0.479167,0.000000,0.000000,0.000000,0.000000,0.000000,0.000000,0.000000,287,0.747396,0.458333,0.742392,0.223379,7.081407
31,2572161479393,1,xfeat_star_fine,stereo,37.884488,21.149136,3.937203,3.872745,15.852310,0.000792,16.638101,15.832686,1.456665,1.442747,600,600,38.120737,2.353039,0.293708,51.989593,384,384,383,0.997396,0.479167,0.000000,1.232971,11.222109,0.241542,0.000334,9.442236,1.537831,325,0.846354,0.458333,0.883448,0.361147,7.457406
31,2572161479393,1,orb_cpu,stereo,65.778281,67.282071,0.000000,0.000000,0.000000,0.000000,0.000000,0.000000,0.000000,0.000000,600,600,67.525028,12.583566,2.288330,82.396924,411,365,364,0.885645,0.333333,0.000000,1.727997,0.000000,0.000000,0.000000,0.000000,0.000000,347,0.844282,0.333333,0.932741,0.609955,7.860155
31,2572161479393,1,xfeat_guided,temporal,22.793176,37.884488,4.529952,3.937203,0.000583,15.852310,16.870684,16.638101,1.391707,1.456665,600,600,60.677664,5.347784,0.308208,66.333656,384,384,384,1.000000,0.500000,0.000000,nan,0.000000,0.000000,0.000000,0.000000,0.000000,0,0.000000,0.000000,nan,nan,0.000000
31,2572161479393,1,orb_cpu,temporal,64.560158,65.778281,0.000000,0.000000,0.000000,0.000000,0.000000,0.000000,0.000000,0.000000,600,600,130.338439,10.095861,1.118998,141.553298,546,540,540,0.989011,0.354167,0.000000,nan,0.000000,0.000000,0.000000,0.000000,0.000000,0,0.000000,0.000000,nan,nan,0.000000
40,2573151513851,1,xfeat_star_coarse,stereo,23.131759,38.934194,4.723202,4.589577,0.001042,17.129101,17.175434,15.859144,1.231915,1.356206,600,600,39.713694,8.759238,3.087912,51.560844,384,384,384,1.000000,0.458333,0.000000,0.000000,0.000000,0.000000,0.000000,0.000000,0.000000,283,0.736979,0.437500,0.737422,0.244419,17.941683
40,2573151513851,1,xfeat_star_fine,stereo,23.131759,38.934194,4.723202,4.589577,0.001042,17.129101,17.175434,15.859144,1.231915,1.356206,600,600,39.713694,8.759238,0.330375,59.758083,380,380,379,0.997368,0.458333,0.000000,1.244324,10.954776,0.399166,0.000750,9.311195,1.243373,326,0.857895,0.458333,0.882143,0.425602,14.381604
40,2573151513851,1,orb_cpu,stereo,64.364491,65.598115,0.000000,0.000000,0.000000,0.000000,0.000000,0.000000,0.000000,0.000000,600,600,65.842656,16.621310,2.457996,84.921962,407,354,353,0.867322,0.333333,0.000000,1.520004,0.000000,0.000000,0.000000,0.000000,0.000000,338,0.830467,0.333333,0.935424,0.588273,7.721364
41,2573241482810,1,xfeat_star_coarse,stereo,22.055177,38.626862,4.748618,4.672785,0.000958,15.915519,15.907061,16.774476,1.398165,1.263957,600,600,38.974819,1.952581,0.770541,41.697941,384,384,384,1.000000,0.500000,0.000000,0.000000,0.000000,0.000000,0.000000,0.000000,0.000000,278,0.723958,0.458333,0.740169,0.202916,7.423906
41,2573241482810,1,xfeat_star_fine,stereo,22.055177,38.626862,4.748618,4.672785,0.000958,15.915519,15.907061,16.774476,1.398165,1.263957,600,600,38.974819,1.952581,0.332541,52.602467,382,382,381,0.997382,0.479167,0.000000,1.231262,11.342526,0.424833,0.000708,9.684945,1.231873,325,0.850785,0.458333,0.883001,0.427322,7.238365
41,2573241482810,1,orb_cpu,stereo,61.986869,63.222160,0.000000,0.000000,0.000000,0.000000,0.000000,0.000000,0.000000,0.000000,600,600,63.498867,10.072861,2.747496,76.319224,404,354,354,0.876238,0.333333,0.000000,1.440002,0.000000,0.000000,0.000000,0.000000,0.000000,338,0.836634,0.333333,0.934649,0.617072,7.623948
41,2573241482810,1,xfeat_guided,temporal,23.131759,22.055177,4.723202,4.748618,0.001042,0.000958,17.175434,15.907061,1.231915,1.398165,600,600,45.186936,5.424868,0.393458,51.005262,384,384,384,1.000000,0.479167,0.000000,nan,0.000000,0.000000,0.000000,0.000000,0.000000,0,0.000000,0.000000,nan,nan,0.000000
41,2573241482810,1,orb_cpu,temporal,64.364491,61.986869,0.000000,0.000000,0.000000,0.000000,0.000000,0.000000,0.000000,0.000000,600,600,126.351360,10.058818,0.816124,137.226302,526,520,520,0.988593,0.354167,0.000000,nan,0.000000,0.000000,0.000000,0.000000,0.000000,0,0.000000,0.000000,nan,nan,0.000000
50,2574141488394,1,xfeat_star_coarse,stereo,21.155595,37.779237,3.844328,3.798661,0.000834,15.918269,15.895852,16.628267,1.414331,1.433873,600,600,38.086904,2.578121,0.757457,41.422482,384,384,384,1.000000,0.479167,0.000000,0.000000,0.000000,0.000000,0.000000,0.000000,0.000000,278,0.723958,0.458333,0.736819,0.204369,8.654030
50,2574141488394,1,xfeat_star_fine,stereo,21.155595,37.779237,3.844328,3.798661,0.000834,15.918269,15.895852,16.628267,1.414331,1.433873,600,600,38.086904,2.578121,0.324541,54.603630,382,382,382,1.000000,0.458333,0.000000,1.231014,13.614064,0.367708,0.000708,11.995775,1.249581,324,0.848168,0.458333,0.881482,0.389320,6.026366
50,2574141488394,1,orb_cpu,stereo,63.785950,65.484240,0.000000,0.000000,0.000000,0.000000,0.000000,0.000000,0.000000,0.000000,600,600,65.901531,15.813227,2.782787,84.497545,408,366,362,0.887255,0.333333,0.000000,1.440002,0.000000,0.000000,0.000000,0.000000,0.000000,346,0.848039,0.333333,0.937371,0.592056,7.665614
51,2574231483935,1,xfeat_star_coarse,stereo,22.728676,38.207612,4.672327,4.624076,0.000667,16.850685,16.826851,15.456727,1.228665,1.275874,600,600,38.506570,2.606871,1.449206,42.562647,384,384,384,1.000000,0.458333,0.000000,0.000000,0.000000,0.000000,0.000000,0.000000,0.000000,275,0.716146,0.416667,0.738809,0.180451,7.558365
51,2574231483935,1,xfeat_star_fine,stereo,22.728676,38.207612,4.672327,4.624076,0.000667,16.850685,16.826851,15.456727,1.228665,1.275874,600,600,38.506570,2.606871,0.389624,55.464545,381,381,381,1.000000,0.458333,0.000000,1.196671,13.961480,0.309333,0.000750,12.119650,1.531289,326,0.855643,0.437500,0.885336,0.399661,7.640197
51,2574231483935,1,orb_cpu,stereo,59.554748,61.066829,0.000000,0.000000,0.000000,0.000000,0.000000,0.000000,0.000000,0.000000,600,600,61.347788,18.703973,1.620081,81.671842,411,377,377,0.917275,0.333333,0.000000,1.727997,0.000000,0.000000,0.000000,0.000000,0.000000,360,0.875912,0.333333,0.934620,0.618671,7.933114
51,2574231483935,1,xfeat_guided,temporal,21.155595,22.728676,3.844328,4.672327,0.000834,0.000667,15.895852,16.826851,1.414331,1.228665,600,600,43.884271,5.422451,0.321291,49.628013,384,384,384,1.000000,0.520833,0.000000,nan,0.000000,0.000000,0.000000,0.000000,0.000000,0,0.000000,0.000000,nan,nan,0.000000
51,2574231483935,1,orb_cpu,temporal,63.785950,59.554748,0.000000,0.000000,0.000000,0.000000,0.000000,0.000000,0.000000,0.000000,600,600,123.340698,9.618653,0.568541,133.527892,523,518,518,0.990440,0.354167,0.000000,nan,0.000000,0.000000,0.000000,0.000000,0.000000,0,0.000000,0.000000,nan,nan,0.000000
60,2575131484561,1,xfeat_star_coarse,stereo,33.766410,38.721403,4.688951,4.581952,0.000709,16.827768,16.825601,15.891852,12.250899,1.419540,600,600,39.255111,1.955372,1.308206,42.518689,384,367,367,0.955729,0.437500,0.000000,0.000000,0.000000,0.000000,0.000000,0.000000,0.000000,271,0.705729,0.416667,0.747290,0.212233,8.966821
60,2575131484561,1,xfeat_star_fine,stereo,33.766410,38.721403,4.688951,4.581952,0.000709,16.827768,16.825601,15.891852,12.250899,1.419540,600,600,39.255111,1.955372,0.256249,55.034629,381,381,381,1.000000,0.479167,0.000000,1.221642,13.567897,0.388708,0.000959,11.931274,1.246665,318,0.834646,0.458333,0.889040,0.401043,10.256986
60,2575131484561,1,orb_cpu,stereo,64.280783,65.046657,0.000000,0.000000,0.000000,0.000000,0.000000,0.000000,0.000000,0.000000,600,596,65.327198,15.362394,2.549163,83.238755,417,365,344,0.824940,0.333333,0.000000,1.727997,0.000000,0.000000,0.000000,0.000000,0.000000,333,0.798561,0.333333,0.933839,0.590659,7.943905
61,2575221484144,1,xfeat_star_coarse,stereo,21.963094,38.461445,4.662869,4.603368,0.000917,15.882644,15.889102,16.558602,1.409915,1.416498,600,600,38.813986,2.490205,0.277708,41.581899,384,384,384,1.000000,0.479167,0.000000,0.000000,0.000000,0.000000,0.000000,0.000000,0.000000,273,0.710938,0.437500,0.728671,0.182753,7.500281
61,2575221484144,1,xfeat_star_fine,stereo,21.963094,38.461445,4.662869,4.603368,0.000917,15.882644,15.889102,16.558602,1.409915,1.416498,600,600,38.813986,2.490205,0.382957,52.517924,380,380,379,0.997368,0.458333,0.000000,1.226860,10.830776,0.302041,0.000625,9.302945,1.224956,315,0.828947,0.458333,0.878890,0.374186,7.429073
61,2575221484144,1,orb_cpu,stereo,67.957194,62.430078,0.000000,0.000000,0.000000,0.000000,0.000000,0.000000,0.000000,0.000000,600,600,68.199653,10.253443,2.072622,80.525718,413,373,372,0.900726,0.333333,0.000000,1.727997,0.000000,0.000000,0.000000,0.000000,0.000000,359,0.869249,0.333333,0.935457,0.602736,7.858531
61,2575221484144,1,xfeat_guided,temporal,33.766410,21.963094,4.688951,4.662869,0.000709,0.000917,16.825601,15.889102,12.250899,1.409915,600,600,55.729504,5.395993,0.317041,61.442538,384,384,384,1.000000,0.479167,0.000000,nan,0.000000,0.000000,0.000000,0.000000,0.000000,0,0.000000,0.000000,nan,nan,0.000000
61,2575221484144,1,orb_cpu,temporal,64.280783,67.957194,0.000000,0.000000,0.000000,0.000000,0.000000,0.000000,0.000000,0.000000,600,600,132.237977,10.063236,0.819124,143.120337,526,518,518,0.984791,0.354167,0.000000,nan,0.000000,0.000000,0.000000,0.000000,0.000000,0,0.000000,0.000000,nan,nan,0.000000
70,2576211494853,1,xfeat_star_coarse,stereo,22.399968,38.424154,4.119577,4.092328,0.001042,17.073518,17.072351,15.859727,1.206665,1.398415,600,600,38.722486,2.354997,1.498290,42.575773,384,370,370,0.963542,0.437500,0.000000,0.000000,0.000000,0.000000,0.000000,0.000000,0.000000,276,0.718750,0.395833,0.743676,0.251726,14.552395
70,2576211494853,1,xfeat_star_fine,stereo,22.399968,38.424154,4.119577,4.092328,0.001042,17.073518,17.072351,15.859727,1.206665,1.398415,600,600,38.722486,2.354997,0.655832,53.032590,377,377,376,0.997347,0.458333,0.000000,1.243355,11.299275,0.382916,0.000834,9.332653,1.582539,322,0.854111,0.458333,0.888516,0.453069,14.335480
70,2576211494853,1,orb_cpu,stereo,64.945074,66.401072,0.000000,0.000000,0.000000,0.000000,0.000000,0.000000,0.000000,0.000000,600,599,66.882113,19.467472,2.016997,88.366582,408,369,367,0.899510,0.333333,0.000000,1.727997,0.000000,0.000000,0.000000,0.000000,0.000000,354,0.867647,0.333333,0.932087,0.623808,7.685156
71,2576301492853,1,xfeat_star_coarse,stereo,21.184637,38.063071,3.931661,3.903828,0.000542,15.869936,15.866477,17.088725,1.385832,1.200457,600,600,38.355737,2.523455,0.749374,41.628566,384,380,380,0.989583,0.437500,0.000000,0.000000,0.000000,0.000000,0.000000,0.000000,0.000000,274,0.713542,0.416667,0.736805,0.182327,7.408864
71,2576301492853,1,xfeat_star_fine,stereo,21.184637,38.063071,3.931661,3.903828,0.000542,15.869936,15.866477,17.088725,1.385832,1.200457,600,600,38.355737,2.523455,0.247916,51.982676,379,379,378,0.997361,0.437500,0.000000,1.225006,10.855568,0.277375,0.000334,9.345070,1.232623,326,0.860158,0.437500,0.874922,0.421014,13.478190
71,2576301492853,1,orb_cpu,stereo,62.867536,64.389950,0.000000,0.000000,0.000000,0.000000,0.000000,0.000000,0.000000,0.000000,600,600,64.634533,20.094263,2.682163,87.410959,424,370,367,0.865566,0.333333,0.000000,1.727997,0.000000,0.000000,0.000000,0.000000,0.000000,350,0.825472,0.333333,0.929648,0.569531,7.980281
71,2576301492853,1,xfeat_guided,temporal,22.399968,21.184637,4.119577,3.931661,0.001042,0.000542,17.072351,15.866477,1.206665,1.385832,600,600,43.584605,5.417825,0.316166,49.318596,384,384,384,1.000000,0.479167,0.000000,nan,0.000000,0.000000,0.000000,0.000000,0.000000,0,0.000000,0.000000,nan,nan,0.000000
71,2576301492853,1,orb_cpu,temporal,64.945074,62.867536,0.000000,0.000000,0.000000,0.000000,0.000000,0.000000,0.000000,0.000000,600,600,127.812610,10.050735,0.699249,138.562594,522,516,516,0.988506,0.354167,0.000000,nan,0.000000,0.000000,0.000000,0.000000,0.000000,0,0.000000,0.000000,nan,nan,0.000000
80,2577201491645,1,xfeat_star_coarse,stereo,22.809634,39.962568,4.694243,4.591451,0.000875,16.725435,16.712268,17.421808,1.401956,1.223707,600,600,40.468442,2.025205,0.470749,42.964396,384,384,384,1.000000,0.479167,0.000000,0.000000,0.000000,0.000000,0.000000,0.000000,0.000000,278,0.723958,0.437500,0.728537,0.206266,28.608001
80,2577201491645,1,xfeat_star_fine,stereo,22.809634,39.962568,4.694243,4.591451,0.000875,16.725435,16.712268,17.421808,1.401956,1.223707,600,600,40.468442,2.025205,1.232040,56.913002,378,378,377,0.997354,0.458333,0.000000,1.256256,13.187315,0.571666,0.003125,9.392320,3.219579,323,0.854497,0.458333,0.882763,0.423642,22.462926
80,2577201491645,1,orb_cpu,stereo,65.347615,65.798698,0.000000,0.000000,0.000000,0.000000,0.000000,0.000000,0.000000,0.000000,600,600,66.013448,21.196011,3.264996,90.474455,408,363,361,0.884804,0.333333,0.000000,1.727997,0.000000,0.000000,0.000000,0.000000,0.000000,344,0.843137,0.333333,0.937758,0.611902,7.761322
81,2577291484020,1,xfeat_star_coarse,stereo,22.078469,39.099819,4.715410,4.648327,0.000834,15.979477,15.961227,17.248517,1.400748,1.223331,600,600,39.433318,2.014747,0.935874,42.383939,384,375,375,0.976562,0.458333,0.000000,0.000000,0.000000,0.000000,0.000000,0.000000,0.000000,271,0.705729,0.416667,0.729856,0.203421,12.360357
81,2577291484020,1,xfeat_star_fine,stereo,22.078469,39.099819,4.715410,4.648327,0.000834,15.979477,15.961227,17.248517,1.400748,1.223331,600,600,39.433318,2.014747,0.319541,52.708507,381,381,380,0.997375,0.479167,0.000000,1.221222,10.940901,0.364999,0.000667,9.337570,1.237290,322,0.845144,0.458333,0.879478,0.387400,10.614985
81,2577291484020,1,orb_cpu,stereo,65.372240,66.538905,0.000000,0.000000,0.000000,0.000000,0.000000,0.000000,0.000000,0.000000,600,600,66.761655,15.107812,1.901789,83.771256,404,359,358,0.886139,0.333333,0.000000,1.440002,0.000000,0.000000,0.000000,0.000000,0.000000,343,0.849010,0.333333,0.932020,0.618190,7.699197
81,2577291484020,1,xfeat_guided,temporal,22.809634,22.078469,4.694243,4.715410,0.000875,0.000834,16.712268,15.961227,1.401956,1.400748,600,600,44.888103,5.507118,0.312749,50.707970,384,384,384,1.000000,0.479167,0.000000,nan,0.000000,0.000000,0.000000,0.000000,0.000000,0,0.000000,0.000000,nan,nan,0.000000
81,2577291484020,1,orb_cpu,temporal,65.347615,65.372240,0.000000,0.000000,0.000000,0.000000,0.000000,0.000000,0.000000,0.000000,600,600,130.719855,10.029485,0.700957,141.450297,527,526,526,0.998102,0.354167,0.000000,nan,0.000000,0.000000,0.000000,0.000000,0.000000,0,0.000000,0.000000,nan,nan,0.000000
90,2578191503937,1,xfeat_star_coarse,stereo,39.069944,34.065868,4.552660,4.513036,17.328309,0.001041,15.866644,17.309975,1.322081,12.241566,600,600,39.467402,2.381371,1.114416,42.963189,384,370,370,0.963542,0.437500,0.000000,0.000000,0.000000,0.000000,0.000000,0.000000,0.000000,273,0.710938,0.416667,0.737848,0.232384,10.909776
90,2578191503937,1,xfeat_star_fine,stereo,39.069944,34.065868,4.552660,4.513036,17.328309,0.001041,15.866644,17.309975,1.322081,12.241566,600,600,39.467402,2.381371,0.317458,55.586754,380,380,379,0.997368,0.458333,0.000000,1.212051,13.420523,0.354208,0.000666,11.837358,1.227999,327,0.860526,0.458333,0.887107,0.440309,10.160069
90,2578191503937,1,orb_cpu,stereo,64.438367,65.837197,0.000000,0.000000,0.000000,0.000000,0.000000,0.000000,0.000000,0.000000,600,600,66.291281,20.429263,3.923244,90.643788,409,355,354,0.865526,0.333333,0.000000,1.727997,0.000000,0.000000,0.000000,0.000000,0.000000,339,0.828851,0.333333,0.926328,0.587117,7.701822
91,2578281501270,1,xfeat_star_coarse,stereo,38.459654,22.449052,4.102745,4.032703,17.106101,0.000625,15.887561,17.116726,1.363081,1.298665,600,600,38.736153,2.403997,0.673874,41.814024,384,384,384,1.000000,0.520833,0.000000,0.000000,0.000000,0.000000,0.000000,0.000000,0.000000,281,0.731771,0.479167,0.753291,0.195264,7.432156
91,2578281501270,1,xfeat_star_fine,stereo,38.459654,22.449052,4.102745,4.032703,17.106101,0.000625,15.887561,17.116726,1.363081,1.298665,600,600,38.736153,2.403997,0.670165,53.215216,381,381,380,0.997375,0.500000,0.000000,1.247139,11.404901,0.330708,0.000667,9.394069,1.679290,324,0.850394,0.479167,0.884009,0.417426,14.470813
91,2578281501270,1,orb_cpu,stereo,62.902411,65.802323,0.000000,0.000000,0.000000,0.000000,0.000000,0.000000,0.000000,0.000000,600,598,66.068864,14.505271,2.421163,82.995298,405,346,340,0.839506,0.333333,0.000000,1.727997,0.000000,0.000000,0.000000,0.000000,0.000000,325,0.802469,0.333333,0.929271,0.592413,6.678449
91,2578281501270,1,xfeat_guided,temporal,39.069944,38.459654,4.552660,4.102745,17.328309,17.106101,15.866644,15.887561,1.322081,1.363081,600,600,77.529598,5.358867,0.392083,83.280548,384,384,384,1.000000,0.500000,0.000000,nan,0.000000,0.000000,0.000000,0.000000,0.000000,0,0.000000,0.000000,nan,nan,0.000000
91,2578281501270,1,orb_cpu,temporal,64.438367,62.902411,0.000000,0.000000,0.000000,0.000000,0.000000,0.000000,0.000000,0.000000,600,600,127.340778,10.034652,0.786541,138.161971,525,522,522,0.994286,0.354167,0.000000,nan,0.000000,0.000000,0.000000,0.000000,0.000000,0,0.000000,0.000000,nan,nan,0.000000
100,2579271529354,1,xfeat_star_coarse,stereo,21.312636,38.130071,3.806703,3.812537,0.000959,16.050810,16.078268,17.066767,1.426373,1.199832,600,600,38.450278,2.021247,1.076290,41.547815,384,384,384,1.000000,0.458333,0.000000,0.000000,0.000000,0.000000,0.000000,0.000000,0.000000,277,0.721354,0.437500,0.715624,0.187607,11.567567
100,2579271529354,1,xfeat_star_fine,stereo,21.312636,38.130071,3.806703,3.812537,0.000959,16.050810,16.078268,17.066767,1.426373,1.199832,600,600,38.450278,2.021247,0.250500,51.685968,383,383,383,1.000000,0.458333,0.000000,1.223824,10.963943,0.380166,0.000833,9.319945,1.262707,327,0.853786,0.458333,0.878679,0.419524,14.143521
100,2579271529354,1,orb_cpu,stereo,63.649118,64.776950,0.000000,0.000000,0.000000,0.000000,0.000000,0.000000,0.000000,0.000000,598,598,65.066490,11.324776,1.678456,78.069722,389,350,350,0.899743,0.333333,0.000000,1.727997,0.000000,0.000000,0.000000,0.000000,0.000000,331,0.850900,0.333333,0.938090,0.572656,6.622490
101,2579361495313,1,xfeat_star_coarse,stereo,39.229653,22.223426,4.672869,4.604243,16.208477,0.000792,17.069601,16.186102,1.278373,1.431956,600,600,39.495569,2.058706,0.559499,42.113774,384,384,384,1.000000,0.500000,0.000000,0.000000,0.000000,0.000000,0.000000,0.000000,0.000000,277,0.721354,0.437500,0.726718,0.210701,7.350323
101,2579361495313,1,xfeat_star_fine,stereo,39.229653,22.223426,4.672869,4.604243,16.208477,0.000792,17.069601,16.186102,1.278373,1.431956,600,600,39.495569,2.058706,0.347083,53.008092,382,382,381,0.997382,0.500000,0.000000,1.235710,11.106734,0.267625,0.000500,9.572153,1.266206,319,0.835079,0.458333,0.874988,0.397670,8.937946
101,2579361495313,1,orb_cpu,stereo,62.513869,63.232910,0.000000,0.000000,0.000000,0.000000,0.000000,0.000000,0.000000,0.000000,598,600,63.486076,17.405267,1.777831,82.669174,401,360,358,0.892768,0.333333,0.000000,1.727997,0.000000,0.000000,0.000000,0.000000,0.000000,340,0.847880,0.333333,0.937004,0.608255,6.161658
101,2579361495313,1,xfeat_guided,temporal,21.312636,39.229653,3.806703,4.672869,0.000959,16.208477,16.078268,17.069601,1.426373,1.278373,600,600,60.542289,4.917785,0.372875,65.832949,384,384,384,1.000000,0.500000,0.000000,nan,0.000000,0.000000,0.000000,0.000000,0.000000,0,0.000000,0.000000,nan,nan,0.000000
101,2579361495313,1,orb_cpu,temporal,63.649118,62.513869,0.000000,0.000000,0.000000,0.000000,0.000000,0.000000,0.000000,0.000000,598,598,126.162987,10.030735,1.015624,137.209346,520,516,516,0.992308,0.354167,0.000000,nan,0.000000,0.000000,0.000000,0.000000,0.000000,0,0.000000,0.000000,nan,nan,0.000000
110,2580261503230,1,xfeat_star_coarse,stereo,21.251928,37.960446,3.839203,3.804536,0.000875,15.948186,15.931519,16.735434,1.480164,1.472165,600,600,38.261779,2.364455,0.673915,41.300149,384,375,375,0.976562,0.562500,0.000000,0.000000,0.000000,0.000000,0.000000,0.000000,0.000000,273,0.710938,0.520833,0.728035,0.226148,7.450281
110,2580261503230,1,xfeat_star_fine,stereo,21.251928,37.960446,3.839203,3.804536,0.000875,15.948186,15.931519,16.735434,1.480164,1.472165,600,600,38.261779,2.364455,0.336374,51.784718,382,382,382,1.000000,0.562500,0.000000,1.344105,10.822110,0.283416,0.000542,9.307945,1.230040,321,0.840314,0.541667,0.864940,0.387680,10.973151
110,2580261503230,1,orb_cpu,stereo,62.676619,64.985866,0.000000,0.000000,0.000000,0.000000,0.000000,0.000000,0.000000,0.000000,600,597,65.533157,14.028230,1.132915,80.694302,419,392,388,0.926014,0.333333,0.000000,1.440006,0.000000,0.000000,0.000000,0.000000,0.000000,374,0.892601,0.333333,0.938647,0.639990,6.733824
111,2580351508313,1,xfeat_star_coarse,stereo,20.620012,36.108282,3.863119,14.850062,0.000875,4.477160,15.485728,15.450395,1.270165,1.330498,600,600,36.407781,1.914289,0.567999,38.890069,384,384,384,1.000000,0.541667,0.000000,0.000000,0.000000,0.000000,0.000000,0.000000,0.000000,297,0.773438,0.520833,0.718259,0.220073,6.154575
111,2580351508313,1,xfeat_star_fine,stereo,20.620012,36.108282,3.863119,14.850062,0.000875,4.477160,15.485728,15.450395,1.270165,1.330498,600,600,36.407781,1.914289,0.384416,49.992012,383,383,383,1.000000,0.541667,0.000000,1.389374,11.285526,0.268958,0.000667,9.478903,1.536873,333,0.869452,0.520833,0.854164,0.437887,12.015441
111,2580351508313,1,orb_cpu,stereo,62.257287,63.053993,0.000000,0.000000,0.000000,0.000000,0.000000,0.000000,0.000000,0.000000,600,600,63.347243,14.530313,1.891580,79.769136,417,382,379,0.908873,0.354167,0.000000,1.727997,0.000000,0.000000,0.000000,0.000000,0.000000,370,0.887290,0.354167,0.950386,0.687922,8.024989
111,2580351508313,1,xfeat_guided,temporal,21.251928,20.620012,3.839203,3.863119,0.000875,0.000875,15.931519,15.485728,1.480164,1.270165,600,600,41.871940,4.916368,1.919664,48.707972,384,345,345,0.898438,0.541667,0.000000,nan,0.000000,0.000000,0.000000,0.000000,0.000000,0,0.000000,0.000000,nan,nan,0.000000
111,2580351508313,1,orb_cpu,temporal,62.676619,62.257287,0.000000,0.000000,0.000000,0.000000,0.000000,0.000000,0.000000,0.000000,600,600,124.933906,10.050611,3.118662,138.103179,427,363,363,0.850117,0.312500,1.440002,nan,0.000000,0.000000,0.000000,0.000000,0.000000,0,0.000000,0.000000,nan,nan,0.000000
120,2581341517064,1,xfeat_star_coarse,stereo,33.960701,38.931653,4.712576,4.650702,0.000625,16.965350,16.949559,15.885519,12.297691,1.429790,600,600,39.407610,1.960664,0.538457,41.906731,384,384,384,1.000000,0.500000,0.000000,0.000000,0.000000,0.000000,0.000000,0.000000,0.000000,293,0.763021,0.479167,0.753600,0.199986,17.882891
120,2581341517064,1,xfeat_star_fine,stereo,33.960701,38.931653,4.712576,4.650702,0.000625,16.965350,16.949559,15.885519,12.297691,1.429790,600,600,39.407610,1.960664,0.333333,52.956216,380,380,380,1.000000,0.479167,0.000000,1.305168,11.254609,0.578541,0.001250,9.428736,1.245457,319,0.839474,0.479167,0.893816,0.327812,13.286856
120,2581341517064,1,orb_cpu,stereo,65.709573,61.307954,0.000000,0.000000,0.000000,0.000000,0.000000,0.000000,0.000000,0.000000,600,598,65.940906,19.990472,1.671665,87.603043,414,377,377,0.910628,0.416667,0.000000,1.728004,0.000000,0.000000,0.000000,0.000000,0.000000,368,0.888889,0.416667,0.954952,0.662182,7.839113
121,2581431510480,1,xfeat_star_coarse,stereo,22.134260,38.817278,4.645993,4.571952,0.000541,16.089602,16.066061,16.628893,1.421498,1.526498,600,600,39.158611,1.897248,0.311958,41.367817,384,384,384,1.000000,0.479167,0.000000,0.000000,0.000000,0.000000,0.000000,0.000000,0.000000,291,0.757812,0.437500,0.769441,0.261387,6.959073
121,2581431510480,1,xfeat_star_fine,stereo,22.134260,38.817278,4.645993,4.571952,0.000541,16.089602,16.066061,16.628893,1.421498,1.526498,600,600,39.158611,1.897248,0.665666,55.976713,382,382,382,1.000000,0.479167,0.000000,1.333527,14.255188,0.448791,0.000917,10.792568,3.012787,317,0.829843,0.437500,0.902610,0.376749,9.010362
121,2581431510480,1,orb_cpu,stereo,65.506865,61.259537,0.000000,0.000000,0.000000,0.000000,0.000000,0.000000,0.000000,0.000000,600,598,65.767739,10.074611,1.728414,77.570764,410,369,362,0.882927,0.354167,0.000000,1.728004,0.000000,0.000000,0.000000,0.000000,0.000000,349,0.851220,0.354167,0.930139,0.611851,7.711739
121,2581431510480,1,xfeat_guided,temporal,33.960701,22.134260,4.712576,4.645993,0.000625,0.000541,16.949559,16.066061,12.297691,1.421498,600,600,56.094961,4.971951,1.161123,62.228035,384,362,362,0.942708,0.458333,0.000000,nan,0.000000,0.000000,0.000000,0.000000,0.000000,0,0.000000,0.000000,nan,nan,0.000000
121,2581431510480,1,orb_cpu,temporal,65.709573,65.506865,0.000000,0.000000,0.000000,0.000000,0.000000,0.000000,0.000000,0.000000,600,600,131.216438,10.028277,2.791454,144.036169,439,378,378,0.861048,0.312500,1.000000,nan,0.000000,0.000000,0.000000,0.000000,0.000000,0,0.000000,0.000000,nan,nan,0.000000
130,2582331513856,1,xfeat_star_coarse,stereo,33.540910,49.454721,14.029938,13.860897,0.000916,18.213349,18.194599,15.906811,1.315248,1.473497,600,600,49.979262,2.309789,0.388875,52.677926,384,383,383,0.997396,0.520833,0.000000,0.000000,0.000000,0.000000,0.000000,0.000000,0.000000,288,0.750000,0.458333,0.732166,0.142802,10.003152
130,2582331513856,1,xfeat_star_fine,stereo,33.540910,49.454721,14.029938,13.860897,0.000916,18.213349,18.194599,15.906811,1.315248,1.473497,600,600,49.979262,2.309789,0.248624,66.041530,378,378,378,1.000000,0.520833,0.000000,1.282967,13.503855,0.380999,0.000667,11.886858,1.235039,314,0.830688,0.458333,0.894468,0.320104,16.531852
130,2582331513856,1,orb_cpu,stereo,63.778617,65.818990,0.000000,0.000000,0.000000,0.000000,0.000000,0.000000,0.000000,0.000000,599,588,66.295114,20.325055,2.958412,89.578581,395,364,361,0.913924,0.416667,0.000000,1.727997,0.000000,0.000000,0.000000,0.000000,0.000000,350,0.886076,0.416667,0.943886,0.622508,8.483947
131,2582421519397,1,xfeat_star_coarse,stereo,21.202803,37.818947,3.861036,3.822245,0.000792,15.902811,15.889686,16.666060,1.451039,1.427748,600,600,38.136029,2.303872,2.150414,42.590315,384,348,348,0.906250,0.375000,0.000000,0.000000,0.000000,0.000000,0.000000,0.000000,0.000000,280,0.729167,0.375000,0.775468,0.252033,7.586530
131,2582421519397,1,xfeat_star_fine,stereo,21.202803,37.818947,3.861036,3.822245,0.000792,15.902811,15.889686,16.666060,1.451039,1.427748,600,600,38.136029,2.303872,0.255375,54.477798,382,382,382,1.000000,0.520833,0.000000,1.230682,13.782522,0.507457,0.001000,12.035108,1.238624,345,0.903141,0.520833,0.908166,0.528426,6.201116
131,2582421519397,1,orb_cpu,stereo,66.897821,63.311410,0.000000,0.000000,0.000000,0.000000,0.000000,0.000000,0.000000,0.000000,595,583,67.120571,8.754071,1.901456,77.776098,387,351,350,0.904393,0.395833,0.000000,1.727997,0.000000,0.000000,0.000000,0.000000,0.000000,341,0.881137,0.395833,0.945703,0.713940,7.396031
131,2582421519397,1,xfeat_guided,temporal,33.540910,21.202803,14.029938,3.861036,0.000916,0.000792,18.194599,15.889686,1.315248,1.451039,600,600,54.743713,4.723702,1.537040,61.004455,384,356,356,0.927083,0.500000,0.000000,nan,0.000000,0.000000,0.000000,0.000000,0.000000,0,0.000000,0.000000,nan,nan,0.000000
131,2582421519397,1,orb_cpu,temporal,63.778617,66.897821,0.000000,0.000000,0.000000,0.000000,0.000000,0.000000,0.000000,0.000000,599,595,130.676438,9.998028,2.185372,142.859838,404,359,359,0.888614,0.416667,0.000000,nan,0.000000,0.000000,0.000000,0.000000,0.000000,0,0.000000,0.000000,nan,nan,0.000000
140,2583321508481,1,xfeat_star_coarse,stereo,23.198551,39.206694,4.717160,4.672285,0.000792,17.242600,17.251433,15.882811,1.228999,1.408831,600,600,39.693318,8.492946,2.767955,50.954219,384,384,384,1.000000,0.541667,0.000000,0.000000,0.000000,0.000000,0.000000,0.000000,0.000000,313,0.815104,0.541667,0.800445,0.292805,28.854709
140,2583321508481,1,xfeat_star_fine,stereo,23.198551,39.206694,4.717160,4.672285,0.000792,17.242600,17.251433,15.882811,1.228999,1.408831,600,600,39.693318,8.492946,0.244750,59.615790,379,379,379,1.000000,0.541667,0.000000,1.239296,11.184776,0.558708,0.002583,9.382862,1.240040,338,0.891821,0.541667,0.914982,0.503872,23.248842
140,2583321508481,1,orb_cpu,stereo,67.495862,62.602161,0.000000,0.000000,0.000000,0.000000,0.000000,0.000000,0.000000,0.000000,597,593,67.727695,19.047973,1.117706,87.893374,390,367,365,0.935897,0.458333,0.000000,2.000000,0.000000,0.000000,0.000000,0.000000,0.000000,355,0.910256,0.458333,0.951619,0.648335,6.042450
141,2583411508940,1,xfeat_star_coarse,stereo,22.966176,38.977611,3.941703,3.912786,0.000917,17.800891,17.799349,15.896853,1.224082,1.366748,600,600,39.294069,2.645830,0.370957,42.310856,384,384,384,1.000000,0.458333,0.000000,0.000000,0.000000,0.000000,0.000000,0.000000,0.000000,304,0.791667,0.458333,0.801087,0.285742,7.385198
141,2583411508940,1,xfeat_star_fine,stereo,22.966176,38.977611,3.941703,3.912786,0.000917,17.800891,17.799349,15.896853,1.224082,1.366748,600,600,39.294069,2.645830,0.324874,53.063050,383,383,383,1.000000,0.458333,0.000000,1.234550,10.798277,0.239500,0.000375,9.307820,1.250415,341,0.890339,0.458333,0.923230,0.497788,12.139358
141,2583411508940,1,orb_cpu,stereo,64.146825,67.556695,0.000000,0.000000,0.000000,0.000000,0.000000,0.000000,0.000000,0.000000,600,591,67.782903,17.154642,1.150748,86.088293,375,353,351,0.936000,0.395833,0.000000,1.864006,0.000000,0.000000,0.000000,0.000000,0.000000,341,0.909333,0.395833,0.945084,0.716952,7.097823
141,2583411508940,1,xfeat_guided,temporal,23.198551,22.966176,4.717160,3.941703,0.000792,0.000917,17.251433,17.799349,1.228999,1.224082,600,600,46.164727,5.482533,0.787666,52.434926,384,376,376,0.979167,0.375000,0.000000,nan,0.000000,0.000000,0.000000,0.000000,0.000000,0,0.000000,0.000000,nan,nan,0.000000
141,2583411508940,1,orb_cpu,temporal,67.495862,64.146825,0.000000,0.000000,0.000000,0.000000,0.000000,0.000000,0.000000,0.000000,597,600,131.642687,9.992153,2.357913,143.992753,422,375,375,0.888626,0.395833,1.440002,nan,0.000000,0.000000,0.000000,0.000000,0.000000,0,0.000000,0.000000,nan,nan,0.000000
150,2584401515940,1,xfeat_star_coarse,stereo,22.529760,41.585733,4.330578,4.317911,0.000708,16.911434,16.921393,18.147683,1.276706,2.208455,600,600,42.079149,5.042243,1.661248,48.782640,384,375,375,0.976562,0.354167,0.000000,0.000000,0.000000,0.000000,0.000000,0.000000,0.000000,289,0.752604,0.354167,0.774146,0.151814,14.504021
150,2584401515940,1,xfeat_star_fine,stereo,22.529760,41.585733,4.330578,4.317911,0.000708,16.911434,16.921393,18.147683,1.276706,2.208455,600,600,42.079149,5.042243,0.314833,58.396543,377,377,377,1.000000,0.395833,0.000000,1.260834,10.960318,0.381125,0.000666,9.346112,1.232123,324,0.859416,0.354167,0.922497,0.397381,9.755527
150,2584401515940,1,orb_cpu,stereo,63.215702,65.119365,0.000000,0.000000,0.000000,0.000000,0.000000,0.000000,0.000000,0.000000,600,582,65.621073,18.256891,1.438373,85.316337,384,355,350,0.911458,0.395833,0.000000,2.000000,0.000000,0.000000,0.000000,0.000000,0.000000,343,0.893229,0.395833,0.947475,0.683199,7.312240
151,2584491539523,1,xfeat_star_coarse,stereo,22.487010,37.848821,4.181577,4.138952,0.001000,17.064767,17.041642,15.456020,1.262582,1.188790,600,600,38.141529,2.674830,0.757624,41.573983,384,384,384,1.000000,0.395833,0.000000,0.000000,0.000000,0.000000,0.000000,0.000000,0.000000,301,0.783854,0.375000,0.802887,0.213332,7.406781
151,2584491539523,1,xfeat_star_fine,stereo,22.487010,37.848821,4.181577,4.138952,0.001000,17.064767,17.041642,15.456020,1.262582,1.188790,600,600,38.141529,2.674830,0.322458,52.185801,380,380,380,1.000000,0.395833,0.000000,1.246526,11.046984,0.260458,0.000458,9.503195,1.282706,337,0.886842,0.375000,0.926554,0.472922,12.834982
151,2584491539523,1,orb_cpu,stereo,64.144741,66.583822,0.000000,0.000000,0.000000,0.000000,0.000000,0.000000,0.000000,0.000000,600,592,66.830905,12.463691,1.413539,80.708135,382,357,357,0.934555,0.437500,0.000000,2.000000,0.000000,0.000000,0.000000,0.000000,0.000000,345,0.903141,0.437500,0.946772,0.677901,7.330657
151,2584491539523,1,xfeat_guided,temporal,22.529760,22.487010,4.330578,4.181577,0.000708,0.001000,16.921393,17.041642,1.276706,1.262582,600,600,45.016770,5.678034,0.815082,51.509886,384,376,376,0.979167,0.395833,0.000000,nan,0.000000,0.000000,0.000000,0.000000,0.000000,0,0.000000,0.000000,nan,nan,0.000000
151,2584491539523,1,orb_cpu,temporal,63.215702,64.144741,0.000000,0.000000,0.000000,0.000000,0.000000,0.000000,0.000000,0.000000,600,600,127.360443,10.074528,2.121122,139.556093,412,369,369,0.895631,0.416667,0.000000,nan,0.000000,0.000000,0.000000,0.000000,0.000000,0,0.000000,0.000000,nan,nan,0.000000
160,2585391530899,1,xfeat_star_coarse,stereo,22.616134,40.370360,4.653160,4.559952,0.000916,16.580309,16.570477,18.023016,1.391414,1.206874,600,600,40.877567,2.118164,0.632749,43.628480,384,384,384,1.000000,0.520833,0.000000,0.000000,0.000000,0.000000,0.000000,0.000000,0.000000,281,0.731771,0.458333,0.756415,0.120230,11.455192
160,2585391530899,1,xfeat_star_fine,stereo,22.616134,40.370360,4.653160,4.559952,0.000916,16.580309,16.570477,18.023016,1.391414,1.206874,600,600,40.877567,2.118164,0.656624,55.231255,380,380,380,1.000000,0.520833,0.000000,1.332478,11.578900,0.380250,0.000917,9.351403,1.846039,312,0.821053,0.416667,0.882162,0.252488,14.127105
160,2585391530899,1,orb_cpu,stereo,59.283124,61.301663,0.000000,0.000000,0.000000,0.000000,0.000000,0.000000,0.000000,0.000000,600,592,61.526121,8.131572,1.849623,71.507316,362,320,315,0.870166,0.416667,0.000000,1.728004,0.000000,0.000000,0.000000,0.000000,0.000000,300,0.828729,0.416667,0.937992,0.576455,6.512407
161,2585481522149,1,xfeat_star_coarse,stereo,21.406678,37.101364,4.678619,4.602077,0.000750,15.479936,15.477853,15.594228,1.249206,1.424998,600,600,37.485238,1.994581,0.480791,39.960610,384,384,384,1.000000,0.500000,0.000000,0.000000,0.000000,0.000000,0.000000,0.000000,0.000000,279,0.726562,0.416667,0.745088,0.188198,7.168698
161,2585481522149,1,xfeat_star_fine,stereo,21.406678,37.101364,4.678619,4.602077,0.000750,15.479936,15.477853,15.594228,1.249206,1.424998,600,600,37.485238,1.994581,0.624790,54.041464,379,379,379,1.000000,0.500000,0.000000,1.356575,13.936855,0.268166,0.000791,10.704527,2.963204,308,0.812665,0.395833,0.872069,0.276405,7.381032
161,2585481522149,1,orb_cpu,stereo,64.919241,59.842832,0.000000,0.000000,0.000000,0.000000,0.000000,0.000000,0.000000,0.000000,599,592,65.150699,10.940526,2.090163,78.181388,367,328,327,0.891008,0.479167,0.000000,1.727997,0.000000,0.000000,0.000000,0.000000,0.000000,314,0.855586,0.479167,0.932674,0.573081,7.111199
161,2585481522149,1,xfeat_guided,temporal,22.616134,21.406678,4.653160,4.678619,0.000916,0.000750,16.570477,15.477853,1.391414,1.249206,600,600,44.022812,5.269410,0.887415,50.179637,384,372,372,0.968750,0.416667,0.000000,nan,0.000000,0.000000,0.000000,0.000000,0.000000,0,0.000000,0.000000,nan,nan,0.000000
161,2585481522149,1,orb_cpu,temporal,59.283124,64.919241,0.000000,0.000000,0.000000,0.000000,0.000000,0.000000,0.000000,0.000000,600,599,124.202365,10.074528,2.071164,136.348057,401,356,356,0.887781,0.375000,0.200012,nan,0.000000,0.000000,0.000000,0.000000,0.000000,0,0.000000,0.000000,nan,nan,0.000000
170,2586381516566,1,xfeat_star_coarse,stereo,33.532202,51.196969,13.127523,12.954899,0.000791,18.993431,18.980473,18.063558,1.423165,1.184831,600,600,51.817176,1.934747,0.631832,54.383755,384,384,384,1.000000,0.520833,0.000000,0.000000,0.000000,0.000000,0.000000,0.000000,0.000000,280,0.729167,0.479167,0.721692,0.038643,9.289029
170,2586381516566,1,xfeat_star_fine,stereo,33.532202,51.196969,13.127523,12.954899,0.000791,18.993431,18.980473,18.063558,1.423165,1.184831,600,600,51.817176,1.934747,0.249249,67.557945,381,381,381,1.000000,0.520833,0.000000,1.321491,13.556773,0.407000,0.001000,11.883858,1.264624,317,0.832021,0.500000,0.874889,0.290486,12.828899
170,2586381516566,1,orb_cpu,stereo,63.255577,65.487531,0.000000,0.000000,0.000000,0.000000,0.000000,0.000000,0.000000,0.000000,600,593,65.967239,22.519551,4.158827,92.645617,376,335,331,0.880319,0.395833,0.000000,2.000000,0.000000,0.000000,0.000000,0.000000,0.000000,315,0.837766,0.395833,0.936127,0.609075,7.970989
171,2586561521983,1,xfeat_star_coarse,stereo,21.189262,38.044696,3.930953,3.890828,0.000750,15.836186,15.842894,16.736601,1.414540,1.580956,600,600,38.410529,2.302621,0.600582,41.313732,384,384,384,1.000000,0.500000,0.000000,0.000000,0.000000,0.000000,0.000000,0.000000,0.000000,273,0.710938,0.437500,0.745489,0.103790,7.596156
171,2586561521983,1,xfeat_star_fine,stereo,21.189262,38.044696,3.930953,3.890828,0.000750,15.836186,15.842894,16.736601,1.414540,1.580956,600,600,38.410529,2.302621,0.485791,52.043800,379,379,378,0.997361,0.500000,0.000000,1.389540,10.844859,0.279374,0.000708,9.309362,1.255290,301,0.794195,0.458333,0.859169,0.256431,14.706062
171,2586561521983,1,orb_cpu,stereo,64.921032,67.218904,0.000000,0.000000,0.000000,0.000000,0.000000,0.000000,0.000000,0.000000,591,582,67.544112,14.720312,2.145705,84.410129,349,311,309,0.885387,0.354167,0.000000,1.728012,0.000000,0.000000,0.000000,0.000000,0.000000,295,0.845272,0.354167,0.937949,0.624554,6.721740
171,2586561521983,1,xfeat_guided,temporal,33.532202,21.189262,13.127523,3.930953,0.000791,0.000750,18.980473,15.842894,1.423165,1.414540,600,600,54.721464,4.819118,1.693747,61.234329,384,350,350,0.911458,0.395833,0.000000,nan,0.000000,0.000000,0.000000,0.000000,0.000000,0,0.000000,0.000000,nan,nan,0.000000
171,2586561521983,1,orb_cpu,temporal,63.255577,64.921032,0.000000,0.000000,0.000000,0.000000,0.000000,0.000000,0.000000,0.000000,600,591,128.176609,9.866236,3.764036,141.806881,370,304,304,0.821622,0.375000,1.000000,nan,0.000000,0.000000,0.000000,0.000000,0.000000,0,0.000000,0.000000,nan,nan,0.000000
180,2587461523650,1,xfeat_star_coarse,stereo,22.869967,40.594150,4.744410,4.619535,0.000917,16.654184,16.647351,18.050600,1.477081,1.269664,600,600,41.149566,1.867330,0.327500,43.344396,384,384,384,1.000000,0.583333,0.000000,0.000000,0.000000,0.000000,0.000000,0.000000,0.000000,282,0.734375,0.562500,0.745273,0.155919,21.670052
180,2587461523650,1,xfeat_star_fine,stereo,22.869967,40.594150,4.744410,4.619535,0.000917,16.654184,16.647351,18.050600,1.477081,1.269664,600,600,41.149566,1.867330,0.326541,56.975626,382,382,382,1.000000,0.583333,0.000000,1.365485,13.632189,0.397041,0.000708,12.002483,1.231665,315,0.824607,0.562500,0.866867,0.353044,6.091158
180,2587461523650,1,orb_cpu,stereo,65.795407,60.657663,0.000000,0.000000,0.000000,0.000000,0.000000,0.000000,0.000000,0.000000,595,589,66.024698,17.374850,4.186244,87.585792,356,300,297,0.834270,0.354167,0.000000,2.000000,0.000000,0.000000,0.000000,0.000000,0.000000,288,0.808989,0.354167,0.922628,0.592208,6.741865
181,2587551526650,1,xfeat_star_coarse,stereo,22.271343,39.219820,4.767368,4.695035,0.001000,16.049936,16.026811,17.274184,1.475914,1.200415,600,600,39.573068,2.120205,0.368333,42.061606,384,384,384,1.000000,0.562500,0.000000,0.000000,0.000000,0.000000,0.000000,0.000000,0.000000,275,0.716146,0.479167,0.750811,0.112255,7.419198
181,2587551526650,1,xfeat_star_fine,stereo,22.271343,39.219820,4.767368,4.695035,0.001000,16.049936,16.026811,17.274184,1.475914,1.200415,600,600,39.573068,2.120205,0.321499,53.072798,377,377,377,1.000000,0.541667,0.000000,1.410431,11.058026,0.271458,0.000625,9.535403,1.250373,298,0.790451,0.520833,0.866178,0.289562,12.146233
181,2587551526650,1,orb_cpu,stereo,59.052082,60.789538,0.000000,0.000000,0.000000,0.000000,0.000000,0.000000,0.000000,0.000000,600,591,61.030954,18.168724,2.270539,81.470217,339,293,292,0.861357,0.312500,0.000000,2.000000,0.000000,0.000000,0.000000,0.000000,0.000000,277,0.817109,0.312500,0.931037,0.617617,6.428866
181,2587551526650,1,xfeat_guided,temporal,22.869967,22.271343,4.744410,4.767368,0.000917,0.001000,16.647351,16.026811,1.477081,1.475914,600,600,45.141310,4.614702,1.714039,51.470051,384,352,352,0.916667,0.500000,0.000000,nan,0.000000,0.000000,0.000000,0.000000,0.000000,0,0.000000,0.000000,nan,nan,0.000000
181,2587551526650,1,orb_cpu,temporal,65.795407,59.052082,0.000000,0.000000,0.000000,0.000000,0.000000,0.000000,0.000000,0.000000,595,600,124.847489,9.988069,1.349498,136.185056,383,357,357,0.932115,0.395833,0.000000,nan,0.000000,0.000000,0.000000,0.000000,0.000000,0,0.000000,0.000000,nan,nan,0.000000
190,2588451552984,1,xfeat_star_coarse,stereo,22.722218,40.045985,4.614160,4.579244,0.000875,16.661935,16.646227,17.588642,1.460623,1.215998,600,600,40.398526,1.788789,0.319333,42.506648,384,384,384,1.000000,0.645833,0.000000,0.000000,0.000000,0.000000,0.000000,0.000000,0.000000,288,0.750000,0.645833,0.768098,0.142646,11.459776
190,2588451552984,1,xfeat_star_fine,stereo,22.722218,40.045985,4.614160,4.579244,0.000875,16.661935,16.646227,17.588642,1.460623,1.215998,600,600,40.398526,1.788789,0.330666,54.839880,380,380,380,1.000000,0.645833,0.000000,1.419188,12.321899,0.382958,0.000667,10.659610,1.278331,317,0.834211,0.645833,0.864837,0.300729,11.390942
190,2588451552984,1,orb_cpu,stereo,62.459162,65.423907,0.000000,0.000000,0.000000,0.000000,0.000000,0.000000,0.000000,0.000000,578,589,65.898573,19.061890,4.741326,89.701789,360,316,315,0.875000,0.437500,0.000000,2.073608,0.000000,0.000000,0.000000,0.000000,0.000000,302,0.838889,0.437500,0.934237,0.624032,10.896193
191,2588541527025,1,xfeat_star_coarse,stereo,38.507695,22.464593,4.174203,4.127786,17.042434,0.000833,15.885353,17.024517,1.405539,1.311248,600,600,38.889278,2.003830,0.293791,41.186899,384,384,384,1.000000,0.604167,0.000000,0.000000,0.000000,0.000000,0.000000,0.000000,0.000000,280,0.729167,0.583333,0.731475,0.139163,7.525281
191,2588541527025,1,xfeat_star_fine,stereo,38.507695,22.464593,4.174203,4.127786,17.042434,0.000833,15.885353,17.024517,1.405539,1.311248,600,600,38.889278,2.003830,0.324750,52.276467,379,379,379,1.000000,0.604167,0.000000,1.493244,11.058609,0.387999,0.000917,9.416028,1.253498,303,0.799472,0.562500,0.840072,0.188013,11.550608
191,2588541527025,1,orb_cpu,stereo,60.791289,63.890742,0.000000,0.000000,0.000000,0.000000,0.000000,0.000000,0.000000,0.000000,584,578,64.135367,9.588653,3.172495,76.896515,379,323,321,0.846966,0.395833,0.000000,2.073593,0.000000,0.000000,0.000000,0.000000,0.000000,310,0.817942,0.395833,0.938301,0.659506,7.167115
191,2588541527025,1,xfeat_guided,temporal,22.722218,38.507695,4.614160,4.174203,0.000875,17.042434,16.646227,15.885353,1.460623,1.405539,600,600,61.229913,4.739910,1.088540,67.058363,384,367,367,0.955729,0.562500,0.000000,nan,0.000000,0.000000,0.000000,0.000000,0.000000,0,0.000000,0.000000,nan,nan,0.000000
191,2588541527025,1,orb_cpu,temporal,62.459162,60.791289,0.000000,0.000000,0.000000,0.000000,0.000000,0.000000,0.000000,0.000000,578,584,123.250451,9.447403,2.648455,135.346309,379,337,337,0.889182,0.375000,1.439987,nan,0.000000,0.000000,0.000000,0.000000,0.000000,0,0.000000,0.000000,nan,nan,0.000000
200,2589531530568,1,xfeat_star_coarse,stereo,23.160925,39.084403,4.747576,4.670035,0.001084,17.142517,17.122600,15.884769,1.289415,1.386915,600,600,39.573777,7.060615,1.254374,47.888766,384,384,384,1.000000,0.500000,0.000000,0.000000,0.000000,0.000000,0.000000,0.000000,0.000000,298,0.776042,0.500000,0.752817,0.240631,29.113333
200,2589531530568,1,xfeat_star_fine,stereo,23.160925,39.084403,4.747576,4.670035,0.001084,17.142517,17.122600,15.884769,1.289415,1.386915,600,600,39.573777,7.060615,1.256748,59.351040,374,374,374,1.000000,0.500000,0.000000,1.612381,11.459900,0.583874,0.001250,9.411028,1.463206,314,0.839572,0.479167,0.862728,0.338310,23.508259
200,2589531530568,1,orb_cpu,stereo,63.314243,65.140241,0.000000,0.000000,0.000000,0.000000,0.000000,0.000000,0.000000,0.000000,594,592,65.405657,21.209303,4.531244,91.146204,366,315,313,0.855191,0.458333,0.000000,2.488312,0.000000,0.000000,0.000000,0.000000,0.000000,298,0.814208,0.458333,0.935221,0.510974,7.004490
201,2589621546568,1,xfeat_star_coarse,stereo,37.544197,21.438136,4.706743,4.659160,15.488062,0.000917,15.893852,15.470353,1.455165,1.307373,600,600,37.870946,2.143205,0.371041,40.385192,384,384,384,1.000000,0.500000,0.000000,0.000000,0.000000,0.000000,0.000000,0.000000,0.000000,311,0.809896,0.479167,0.783564,0.291429,7.435114
201,2589621546568,1,xfeat_star_fine,stereo,37.544197,21.438136,4.706743,4.659160,15.488062,0.000917,15.893852,15.470353,1.455165,1.307373,600,600,37.870946,2.143205,0.324499,51.180592,378,378,378,1.000000,0.500000,0.000000,1.430443,10.841942,0.274333,0.000500,9.308862,1.258081,340,0.899471,0.458333,0.913744,0.530743,9.969486
201,2589621546568,1,orb_cpu,stereo,61.735829,64.051534,0.000000,0.000000,0.000000,0.000000,0.000000,0.000000,0.000000,0.000000,583,581,64.305658,13.356481,1.963039,79.625178,355,318,316,0.890141,0.437500,0.000000,2.400002,0.000000,0.000000,0.000000,0.000000,0.000000,305,0.859155,0.437500,0.939852,0.681259,6.783741
201,2589621546568,1,xfeat_guided,temporal,23.160925,37.544197,4.747576,4.706743,0.001084,15.488062,17.122600,15.893852,1.289415,1.455165,600,600,60.705122,4.811910,1.487456,67.004488,384,355,355,0.924479,0.333333,0.000000,nan,0.000000,0.000000,0.000000,0.000000,0.000000,0,0.000000,0.000000,nan,nan,0.000000
201,2589621546568,1,orb_cpu,temporal,63.314243,61.735829,0.000000,0.000000,0.000000,0.000000,0.000000,0.000000,0.000000,0.000000,594,583,125.050072,9.671277,2.791913,137.513262,342,306,306,0.894737,0.437500,0.000000,nan,0.000000,0.000000,0.000000,0.000000,0.000000,0,0.000000,0.000000,nan,nan,0.000000
210,2590521622443,1,xfeat_star_coarse,stereo,33.736035,38.099446,3.988827,3.944245,0.000625,15.905061,15.879352,16.975976,13.867022,1.273956,600,600,38.394987,2.077789,0.421666,40.894442,384,384,384,1.000000,0.583333,0.000000,0.000000,0.000000,0.000000,0.000000,0.000000,0.000000,284,0.739583,0.562500,0.747835,0.145762,7.461948
210,2590521622443,1,xfeat_star_fine,stereo,33.736035,38.099446,3.988827,3.944245,0.000625,15.905061,15.879352,16.975976,13.867022,1.273956,600,600,38.394987,2.077789,0.323166,51.623302,374,374,374,1.000000,0.583333,0.000000,1.673186,10.827360,0.295208,0.000542,9.300445,1.230998,317,0.847594,0.583333,0.854766,0.310108,13.230565
210,2590521622443,1,orb_cpu,stereo,65.182282,61.180788,0.000000,0.000000,0.000000,0.000000,0.000000,0.000000,0.000000,0.000000,588,573,65.600365,18.179182,2.513663,86.293210,349,306,305,0.873926,0.500000,0.000000,2.488312,0.000000,0.000000,0.000000,0.000000,0.000000,291,0.833811,0.500000,0.930301,0.617368,6.609240
211,2590611631985,1,xfeat_star_coarse,stereo,21.257720,37.825113,3.935161,3.893828,0.000667,15.874644,15.857602,16.652018,1.464040,1.404373,600,600,38.126612,2.111122,0.378791,40.616525,384,384,384,1.000000,0.541667,0.000000,0.000000,0.000000,0.000000,0.000000,0.000000,0.000000,271,0.705729,0.500000,0.773857,0.044975,8.833988
211,2590611631985,1,xfeat_star_fine,stereo,21.257720,37.825113,3.935161,3.893828,0.000667,15.874644,15.857602,16.652018,1.464040,1.404373,600,600,38.126612,2.111122,0.318791,54.175964,374,374,374,1.000000,0.541667,0.000000,1.580650,13.619439,0.378082,0.000875,12.017858,1.222332,306,0.818182,0.500000,0.874357,0.265832,5.852325
211,2590611631985,1,orb_cpu,stereo,60.846831,63.426285,0.000000,0.000000,0.000000,0.000000,0.000000,0.000000,0.000000,0.000000,583,563,63.704701,10.638568,6.608658,80.951927,335,274,272,0.811940,0.500000,0.000000,2.639984,0.000000,0.000000,0.000000,0.000000,0.000000,262,0.782090,0.500000,0.921744,0.604997,6.409991
211,2590611631985,1,xfeat_guided,temporal,33.736035,21.257720,3.988827,3.935161,0.000625,0.000667,15.879352,15.857602,13.867022,1.464040,600,600,54.993755,4.809743,1.248332,61.051830,384,364,364,0.947917,0.395833,0.000000,nan,0.000000,0.000000,0.000000,0.000000,0.000000,0,0.000000,0.000000,nan,nan,0.000000
211,2590611631985,1,orb_cpu,temporal,65.182282,60.846831,0.000000,0.000000,0.000000,0.000000,0.000000,0.000000,0.000000,0.000000,588,583,126.029113,9.553445,3.512620,139.095178,387,324,324,0.837209,0.500000,2.000000,nan,0.000000,0.000000,0.000000,0.000000,0.000000,0,0.000000,0.000000,nan,nan,0.000000
220,2591511565568,1,xfeat_star_coarse,stereo,21.286970,38.005821,3.972995,3.938411,0.000584,15.877186,15.853977,16.900767,1.459123,1.289249,600,600,38.400487,3.884661,0.674958,42.960106,384,384,384,1.000000,0.645833,0.000000,0.000000,0.000000,0.000000,0.000000,0.000000,0.000000,288,0.750000,0.583333,0.768875,0.178069,20.151846
220,2591511565568,1,xfeat_star_fine,stereo,21.286970,38.005821,3.972995,3.938411,0.000584,15.877186,15.853977,16.900767,1.459123,1.289249,600,600,38.400487,3.884661,0.331083,53.831382,381,381,381,1.000000,0.645833,0.000000,1.549042,11.215151,0.586083,0.001417,9.397903,1.229165,301,0.790026,0.562500,0.855681,0.252678,22.619385
220,2591511565568,1,orb_cpu,stereo,64.255075,59.129833,0.000000,0.000000,0.000000,0.000000,0.000000,0.000000,0.000000,0.000000,542,498,64.488909,15.289561,4.838993,84.617463,283,245,243,0.858657,0.458333,0.000000,2.073593,0.000000,0.000000,0.000000,0.000000,0.000000,235,0.830389,0.458333,0.936827,0.649698,9.809611
221,2591691540444,1,xfeat_star_coarse,stereo,22.881801,39.595360,4.754744,4.679785,0.000875,16.605602,16.598059,17.050350,1.527873,1.259457,600,600,39.939777,3.252828,0.686374,43.878979,384,384,384,1.000000,0.645833,0.000000,0.000000,0.000000,0.000000,0.000000,0.000000,0.000000,284,0.739583,0.604167,0.707930,0.174317,14.713021
221,2591691540444,1,xfeat_star_fine,stereo,22.881801,39.595360,4.754744,4.679785,0.000875,16.605602,16.598059,17.050350,1.527873,1.259457,600,600,39.939777,3.252828,0.322916,54.604589,372,372,372,1.000000,0.645833,0.000000,1.757439,11.089068,0.535041,0.001375,9.319695,1.232623,307,0.825269,0.604167,0.846359,0.262027,12.192274
221,2591691540444,1,orb_cpu,stereo,61.281996,63.332326,0.000000,0.000000,0.000000,0.000000,0.000000,0.000000,0.000000,0.000000,544,511,63.586202,15.964103,4.960868,84.511173,298,262,260,0.872483,0.437500,0.000000,2.073601,0.000000,0.000000,0.000000,0.000000,0.000000,249,0.835570,0.437500,0.943925,0.650448,6.275449
221,2591691540444,1,xfeat_guided,temporal,21.286970,22.881801,3.972995,4.754744,0.000584,0.000875,15.853977,16.598059,1.459123,1.527873,600,600,44.168771,4.047661,4.290911,52.507343,361,293,293,0.811634,0.500000,0.000000,nan,0.000000,0.000000,0.000000,0.000000,0.000000,0,0.000000,0.000000,nan,nan,0.000000
221,2591691540444,1,orb_cpu,temporal,64.255075,61.281996,0.000000,0.000000,0.000000,0.000000,0.000000,0.000000,0.000000,0.000000,542,544,125.537071,8.279071,5.576909,139.393051,301,232,232,0.770764,0.333333,1.727997,nan,0.000000,0.000000,0.000000,0.000000,0.000000,0,0.000000,0.000000,nan,nan,0.000000
230,2592591563736,1,xfeat_star_coarse,stereo,22.515843,38.511779,4.009994,3.963369,0.000916,17.275268,17.255268,15.896977,1.249498,1.375915,600,600,38.818695,2.149497,0.371749,41.339941,384,384,384,1.000000,0.500000,0.000000,0.000000,0.000000,0.000000,0.000000,0.000000,0.000000,258,0.671875,0.458333,0.690237,0.153239,12.754649
230,2592591563736,1,xfeat_star_fine,stereo,22.515843,38.511779,4.009994,3.963369,0.000916,17.275268,17.255268,15.896977,1.249498,1.375915,600,600,38.818695,2.149497,0.333291,52.298217,380,380,380,1.000000,0.500000,0.000000,1.704521,10.996734,0.407874,0.001166,9.340904,1.246456,291,0.765789,0.500000,0.813557,0.176145,14.307688
230,2592591563736,1,orb_cpu,stereo,61.635329,64.106575,0.000000,0.000000,0.000000,0.000000,0.000000,0.000000,0.000000,0.000000,582,564,64.574659,18.386224,5.466576,88.427459,340,284,281,0.826471,0.437500,0.000000,2.073601,0.000000,0.000000,0.000000,0.000000,0.000000,264,0.776471,0.437500,0.919605,0.457842,6.426449
231,2592681564361,1,xfeat_star_coarse,stereo,22.881010,38.334071,4.674160,4.623619,0.000708,16.972559,16.954185,15.444728,1.251665,1.292915,600,600,38.639737,2.173664,0.390499,41.203900,384,384,384,1.000000,0.562500,0.000000,0.000000,0.000000,0.000000,0.000000,0.000000,0.000000,270,0.703125,0.479167,0.701897,0.084540,7.448906
231,2592681564361,1,xfeat_star_fine,stereo,22.881010,38.334071,4.674160,4.623619,0.000708,16.972559,16.954185,15.444728,1.251665,1.292915,600,600,38.639737,2.173664,0.489083,52.800010,381,381,381,1.000000,0.562500,0.000000,1.526718,11.497526,0.311208,0.000625,9.514820,1.670706,299,0.784777,0.500000,0.809532,0.243241,14.491521
231,2592681564361,1,orb_cpu,stereo,60.206914,63.018785,0.000000,0.000000,0.000000,0.000000,0.000000,0.000000,0.000000,0.000000,581,555,63.320493,15.067104,1.719164,80.106761,325,291,289,0.889231,0.375000,0.000000,2.073601,0.000000,0.000000,0.000000,0.000000,0.000000,278,0.855385,0.375000,0.933146,0.495622,4.976827
231,2592681564361,1,xfeat_guided,temporal,22.515843,22.881010,4.009994,4.674160,0.000916,0.000708,17.255268,16.954185,1.249498,1.251665,600,600,45.396853,4.194744,1.164249,50.755846,384,366,366,0.953125,0.520833,0.000000,nan,0.000000,0.000000,0.000000,0.000000,0.000000,0,0.000000,0.000000,nan,nan,0.000000
231,2592681564361,1,orb_cpu,temporal,61.635329,60.206914,0.000000,0.000000,0.000000,0.000000,0.000000,0.000000,0.000000,0.000000,582,581,121.842243,9.408195,2.469247,133.719685,390,335,335,0.858974,0.437500,0.000000,nan,0.000000,0.000000,0.000000,0.000000,0.000000,0,0.000000,0.000000,nan,nan,0.000000
240,2593581543194,1,xfeat_star_coarse,stereo,22.967926,38.921986,4.695993,4.601118,0.000959,16.928309,16.924434,15.907978,1.346290,1.484456,600,600,39.447527,1.734498,0.398208,41.580233,384,384,384,1.000000,0.645833,0.000000,0.000000,0.000000,0.000000,0.000000,0.000000,0.000000,280,0.729167,0.604167,0.725743,0.187806,8.206947
240,2593581543194,1,xfeat_star_fine,stereo,22.967926,38.921986,4.695993,4.601118,0.000959,16.928309,16.924434,15.907978,1.346290,1.484456,600,600,39.447527,1.734498,0.326666,55.124630,382,382,382,1.000000,0.645833,0.000000,1.326225,13.615939,0.363624,0.000667,12.013274,1.238082,310,0.811518,0.604167,0.888569,0.340558,6.047241
240,2593581543194,1,orb_cpu,stereo,63.232119,65.959490,0.000000,0.000000,0.000000,0.000000,0.000000,0.000000,0.000000,0.000000,600,599,66.224031,16.856851,1.705247,84.786129,365,327,325,0.890411,0.479167,0.000000,2.073578,0.000000,0.000000,0.000000,0.000000,0.000000,305,0.835616,0.479167,0.918046,0.506961,6.905490
241,2593671559611,1,xfeat_star_coarse,stereo,21.465302,37.135864,4.675035,4.631660,0.000584,15.519561,15.496769,15.704478,1.292623,1.279873,600,600,37.457447,3.946327,0.668457,42.072231,384,384,384,1.000000,0.562500,0.000000,0.000000,0.000000,0.000000,0.000000,0.000000,0.000000,262,0.682292,0.541667,0.699844,0.147877,14.598730
241,2593671559611,1,xfeat_star_fine,stereo,21.465302,37.135864,4.675035,4.631660,0.000584,15.519561,15.496769,15.704478,1.292623,1.279873,600,600,37.457447,3.946327,0.552916,52.915007,381,381,381,1.000000,0.562500,0.000000,1.319107,10.958317,0.377291,0.000708,9.340070,1.239873,312,0.818898,0.541667,0.864400,0.279069,14.608146
241,2593671559611,1,orb_cpu,stereo,60.733831,63.221077,0.000000,0.000000,0.000000,0.000000,0.000000,0.000000,0.000000,0.000000,600,600,63.495410,16.708643,2.313247,82.517300,370,326,324,0.875676,0.458333,0.000000,2.073578,0.000000,0.000000,0.000000,0.000000,0.000000,302,0.816216,0.437500,0.920026,0.492310,7.033990
241,2593671559611,1,xfeat_guided,temporal,22.967926,21.465302,4.695993,4.675035,0.000959,0.000584,16.924434,15.496769,1.346290,1.292623,600,600,44.433228,4.520118,0.974707,49.928053,384,369,369,0.960938,0.583333,0.000000,nan,0.000000,0.000000,0.000000,0.000000,0.000000,0,0.000000,0.000000,nan,nan,0.000000
241,2593671559611,1,orb_cpu,temporal,63.232119,60.733831,0.000000,0.000000,0.000000,0.000000,0.000000,0.000000,0.000000,0.000000,600,600,123.965950,10.015069,1.655290,135.636309,408,368,368,0.901961,0.500000,1.300003,nan,0.000000,0.000000,0.000000,0.000000,0.000000,0,0.000000,0.000000,nan,nan,0.000000
250,2594661566570,1,xfeat_star_coarse,stereo,54.960505,35.451116,14.873687,14.700146,19.486723,0.000792,18.246849,19.468514,2.352913,1.281331,600,600,55.396213,4.950827,0.488916,60.835956,384,384,384,1.000000,0.541667,0.000000,0.000000,0.000000,0.000000,0.000000,0.000000,0.000000,284,0.739583,0.541667,0.736214,0.160954,14.582312
250,2594661566570,1,xfeat_star_fine,stereo,54.960505,35.451116,14.873687,14.700146,19.486723,0.000792,18.246849,19.468514,2.352913,1.281331,600,600,55.396213,4.950827,0.323083,71.564482,383,383,383,1.000000,0.541667,0.000000,1.270782,10.894359,0.341624,0.000708,9.328487,1.223248,325,0.848564,0.541667,0.898281,0.350859,25.078964
250,2594661566570,1,orb_cpu,stereo,64.695242,67.869279,0.000000,0.000000,0.000000,0.000000,0.000000,0.000000,0.000000,0.000000,600,600,68.336445,21.707303,3.951661,93.995409,393,362,357,0.908397,0.500000,0.000000,1.728004,0.000000,0.000000,0.000000,0.000000,0.000000,344,0.875318,0.500000,0.929592,0.615839,8.387988
251,2594751555028,1,xfeat_star_coarse,stereo,22.658717,38.661445,4.347118,4.322993,0.000916,17.035642,17.035726,15.907603,1.274623,1.395040,600,600,38.966278,2.587954,0.662540,42.216772,384,377,377,0.981771,0.562500,0.000000,0.000000,0.000000,0.000000,0.000000,0.000000,0.000000,277,0.721354,0.458333,0.731657,0.160032,7.434323
251,2594751555028,1,xfeat_star_fine,stereo,22.658717,38.661445,4.347118,4.322993,0.000916,17.035642,17.035726,15.907603,1.274623,1.395040,600,600,38.966278,2.587954,0.325416,52.696133,380,380,380,1.000000,0.583333,0.000000,1.307281,10.816485,0.283583,0.000458,9.293404,1.238873,310,0.815789,0.520833,0.902287,0.297039,7.011198
251,2594751555028,1,orb_cpu,stereo,63.894201,67.127988,0.000000,0.000000,0.000000,0.000000,0.000000,0.000000,0.000000,0.000000,600,600,67.383446,10.080236,1.597915,79.061597,408,375,372,0.911765,0.541667,0.000000,1.764023,0.000000,0.000000,0.000000,0.000000,0.000000,356,0.872549,0.541667,0.937419,0.618318,7.708239
251,2594751555028,1,xfeat_guided,temporal,54.960505,22.658717,14.873687,4.347118,19.486723,0.000916,18.246849,17.035726,2.352913,1.274623,600,600,77.619222,5.537409,0.619749,83.776380,384,380,380,0.989583,0.520833,0.000000,nan,0.000000,0.000000,0.000000,0.000000,0.000000,0,0.000000,0.000000,nan,nan,0.000000
251,2594751555028,1,orb_cpu,temporal,64.695242,63.894201,0.000000,0.000000,0.000000,0.000000,0.000000,0.000000,0.000000,0.000000,600,600,128.589443,10.048152,2.312371,140.949966,428,375,375,0.876168,0.562500,1.000000,nan,0.000000,0.000000,0.000000,0.000000,0.000000,0,0.000000,0.000000,nan,nan,0.000000
260,2595651569362,1,xfeat_star_coarse,stereo,40.765901,36.242907,4.749577,4.639951,16.683851,0.000833,18.058724,16.685977,1.273624,14.915604,600,600,41.217566,1.998997,0.696165,43.912728,384,376,376,0.979167,0.604167,0.000000,0.000000,0.000000,0.000000,0.000000,0.000000,0.000000,251,0.653646,0.562500,0.659847,0.071856,9.352987
260,2595651569362,1,xfeat_star_fine,stereo,40.765901,36.242907,4.749577,4.639951,16.683851,0.000833,18.058724,16.685977,1.273624,14.915604,600,600,41.217566,1.998997,0.316250,56.579753,375,375,375,1.000000,0.687500,0.000000,1.296356,13.046940,0.368791,0.000708,11.430692,1.246457,310,0.826667,0.604167,0.862503,0.315903,13.420481
260,2595651569362,1,orb_cpu,stereo,64.731783,67.163363,0.000000,0.000000,0.000000,0.000000,0.000000,0.000000,0.000000,0.000000,600,600,67.399405,13.501689,1.447039,82.348133,401,377,374,0.932668,0.541667,0.000000,2.073586,0.000000,0.000000,0.000000,0.000000,0.000000,357,0.890274,0.520833,0.944257,0.604078,7.589698
261,2595741559945,1,xfeat_star_coarse,stereo,38.612946,22.123969,4.724202,4.653118,15.898519,0.001125,16.556018,15.878602,1.434040,1.590957,600,600,38.889486,2.529538,1.098623,42.517647,384,376,376,0.979167,0.562500,0.000000,0.000000,0.000000,0.000000,0.000000,0.000000,0.000000,266,0.692708,0.520833,0.706172,0.132063,7.447448
261,2595741559945,1,xfeat_star_fine,stereo,38.612946,22.123969,4.724202,4.653118,15.898519,0.001125,16.556018,15.878602,1.434040,1.590957,600,600,38.889486,2.529538,0.367041,52.748717,382,382,382,1.000000,0.583333,0.000000,1.286322,10.962652,0.252042,0.000625,9.532528,1.177249,319,0.835079,0.520833,0.869067,0.335246,7.422531
261,2595741559945,1,orb_cpu,stereo,66.365448,62.456786,0.000000,0.000000,0.000000,0.000000,0.000000,0.000000,0.000000,0.000000,600,600,66.610822,10.442527,1.698123,78.751472,389,357,356,0.915167,0.520833,0.000000,2.073608,0.000000,0.000000,0.000000,0.000000,0.000000,345,0.886889,0.520833,0.944475,0.624820,7.424739
261,2595741559945,1,xfeat_guided,temporal,40.765901,38.612946,4.749577,4.724202,16.683851,15.898519,18.058724,16.556018,1.273624,1.434040,600,600,79.378847,5.142118,0.782665,85.303630,368,356,356,0.967391,0.604167,0.000000,nan,0.000000,0.000000,0.000000,0.000000,0.000000,0,0.000000,0.000000,nan,nan,0.000000
261,2595741559945,1,orb_cpu,temporal,64.731783,66.365448,0.000000,0.000000,0.000000,0.000000,0.000000,0.000000,0.000000,0.000000,600,600,131.097231,10.038944,1.023665,142.159840,376,354,354,0.941489,0.562500,1.200005,nan,0.000000,0.000000,0.000000,0.000000,0.000000,0,0.000000,0.000000,nan,nan,0.000000
270,2596641604738,1,xfeat_star_coarse,stereo,37.546321,41.930565,4.476660,4.488827,0.000709,18.125600,18.181432,18.029599,14.887187,1.286373,600,600,42.249981,1.681123,0.926998,44.858102,384,367,367,0.955729,0.520833,0.000000,0.000000,0.000000,0.000000,0.000000,0.000000,0.000000,235,0.611979,0.479167,0.624688,0.045949,11.970358
270,2596641604738,1,xfeat_star_fine,stereo,37.546321,41.930565,4.476660,4.488827,0.000709,18.125600,18.181432,18.029599,14.887187,1.286373,600,600,42.249981,1.681123,0.317375,55.200755,381,381,381,1.000000,0.625000,0.000000,1.357491,10.952276,0.391916,0.000708,9.320237,1.239123,319,0.837270,0.562500,0.844038,0.273720,16.882601
270,2596641604738,1,orb_cpu,stereo,64.583909,67.173197,0.000000,0.000000,0.000000,0.000000,0.000000,0.000000,0.000000,0.000000,600,600,67.637195,22.918342,3.093579,93.649116,379,343,342,0.902375,0.458333,0.000000,2.488312,0.000000,0.000000,0.000000,0.000000,0.000000,335,0.883905,0.458333,0.932592,0.598243,7.254406
271,2596731559446,1,xfeat_star_coarse,stereo,22.803801,40.681317,4.546702,4.527702,0.000750,16.707477,16.722726,17.972599,1.533415,1.473373,600,600,41.004442,1.771997,0.474250,43.250689,384,384,384,1.000000,0.666667,0.000000,0.000000,0.000000,0.000000,0.000000,0.000000,0.000000,230,0.598958,0.625000,0.618235,0.037315,7.191781
271,2596731559446,1,xfeat_star_fine,stereo,22.803801,40.681317,4.546702,4.527702,0.000750,16.707477,16.722726,17.972599,1.533415,1.473373,600,600,41.004442,1.771997,0.660833,57.430752,383,383,382,0.997389,0.666667,0.000000,1.322123,13.993480,0.301916,0.000583,10.718943,2.971829,322,0.840731,0.625000,0.847300,0.367480,14.964478
271,2596731559446,1,orb_cpu,stereo,69.352318,70.444525,0.000000,0.000000,0.000000,0.000000,0.000000,0.000000,0.000000,0.000000,600,600,70.753482,11.351401,1.538664,83.643547,386,362,360,0.932642,0.541667,0.000000,2.488312,0.000000,0.000000,0.000000,0.000000,0.000000,345,0.893782,0.541667,0.929921,0.590727,7.379198
271,2596731559446,1,xfeat_guided,temporal,37.546321,22.803801,4.476660,4.546702,0.000709,0.000750,18.181432,16.722726,14.887187,1.533415,600,600,60.350122,4.545619,0.882957,65.778698,384,373,373,0.971354,0.645833,0.000000,nan,0.000000,0.000000,0.000000,0.000000,0.000000,0,0.000000,0.000000,nan,nan,0.000000
271,2596731559446,1,orb_cpu,temporal,64.583909,69.352318,0.000000,0.000000,0.000000,0.000000,0.000000,0.000000,0.000000,0.000000,600,600,133.936227,10.012695,2.778038,146.726960,387,327,327,0.844961,0.520833,1.440002,nan,0.000000,0.000000,0.000000,0.000000,0.000000,0,0.000000,0.000000,nan,nan,0.000000
280,2597721589446,1,xfeat_star_coarse,stereo,23.030092,40.218109,4.702285,4.598951,0.001000,16.774560,16.770476,17.540850,1.556164,1.303623,600,600,40.759817,1.820289,0.309707,42.889813,384,384,384,1.000000,0.583333,0.000000,0.000000,0.000000,0.000000,0.000000,0.000000,0.000000,245,0.638021,0.562500,0.619104,0.060908,10.423819
280,2597721589446,1,xfeat_star_fine,stereo,23.030092,40.218109,4.702285,4.598951,0.001000,16.774560,16.770476,17.540850,1.556164,1.303623,600,600,40.759817,1.820289,0.439541,56.947378,382,382,382,1.000000,0.583333,0.000000,1.448746,13.927731,0.576500,0.001292,12.093149,1.256124,325,0.850785,0.562500,0.859570,0.403018,14.818770
280,2597721589446,1,orb_cpu,stereo,66.955822,69.784818,0.000000,0.000000,0.000000,0.000000,0.000000,0.000000,0.000000,0.000000,600,600,70.064067,17.392475,2.503955,89.960497,382,344,343,0.897906,0.395833,0.000000,2.073593,0.000000,0.000000,0.000000,0.000000,0.000000,324,0.848168,0.375000,0.911105,0.496344,7.229948
281,2597811572530,1,xfeat_star_coarse,stereo,22.217718,38.730987,4.644243,4.572952,0.000666,16.037769,16.021603,16.584351,1.550872,1.535790,600,600,39.108861,1.612998,0.839624,41.561483,384,384,384,1.000000,0.750000,0.000000,0.000000,0.000000,0.000000,0.000000,0.000000,0.000000,242,0.630208,0.687500,0.613950,0.046969,7.564656
281,2597811572530,1,xfeat_star_fine,stereo,22.217718,38.730987,4.644243,4.572952,0.000666,16.037769,16.021603,16.584351,1.550872,1.535790,600,600,39.108861,1.612998,0.248958,54.831589,378,378,378,1.000000,0.750000,0.000000,1.448868,13.860772,0.610208,0.001041,12.014358,1.234915,320,0.846561,0.729167,0.878290,0.387153,6.017117
281,2597811572530,1,orb_cpu,stereo,67.458321,70.125651,0.000000,0.000000,0.000000,0.000000,0.000000,0.000000,0.000000,0.000000,600,600,70.391400,13.816855,3.384495,87.592750,373,331,325,0.871314,0.291667,0.000000,2.073593,0.000000,0.000000,0.000000,0.000000,0.000000,306,0.820375,0.291667,0.898230,0.504188,7.005490
281,2597811572530,1,xfeat_guided,temporal,23.030092,22.217718,4.702285,4.644243,0.001000,0.000666,16.770476,16.021603,1.556164,1.550872,600,600,45.247810,4.676369,2.335080,52.259259,375,329,329,0.877333,0.541667,0.000000,nan,0.000000,0.000000,0.000000,0.000000,0.000000,0,0.000000,0.000000,nan,nan,0.000000
281,2597811572530,1,orb_cpu,temporal,66.955822,67.458321,0.000000,0.000000,0.000000,0.000000,0.000000,0.000000,0.000000,0.000000,600,600,134.414143,8.753738,1.643206,144.811087,424,382,382,0.900943,0.333333,3.455994,nan,0.000000,0.000000,0.000000,0.000000,0.000000,0,0.000000,0.000000,nan,nan,0.000000
290,2598711564989,1,xfeat_star_coarse,stereo,21.429719,37.916113,3.890328,3.850036,0.000833,15.892435,15.869353,16.690685,1.668997,1.482790,600,600,38.225696,2.275039,0.781540,41.282275,384,384,384,1.000000,0.583333,0.000000,0.000000,0.000000,0.000000,0.000000,0.000000,0.000000,238,0.619792,0.541667,0.602525,0.074932,8.034280
290,2598711564989,1,xfeat_star_fine,stereo,21.429719,37.916113,3.890328,3.850036,0.000833,15.892435,15.869353,16.690685,1.668997,1.482790,600,600,38.225696,2.275039,0.327083,54.497757,383,383,383,1.000000,0.583333,0.000000,1.426437,13.669939,0.394958,0.000792,12.019525,1.254373,335,0.874674,0.541667,0.868473,0.483744,6.208616
290,2598711564989,1,orb_cpu,stereo,65.998407,68.790236,0.000000,0.000000,0.000000,0.000000,0.000000,0.000000,0.000000,0.000000,600,600,69.254360,15.499061,2.163955,86.917376,406,364,360,0.886700,0.375000,0.000000,2.073608,0.000000,0.000000,0.000000,0.000000,0.000000,339,0.834975,0.375000,0.920416,0.482796,7.633323
291,2598801568989,1,xfeat_star_coarse,stereo,39.177819,23.075133,3.941578,3.902577,17.875683,0.001041,15.840936,17.856558,1.519289,1.314623,600,600,39.466611,2.322080,0.769708,42.558399,384,384,384,1.000000,0.645833,0.000000,0.000000,0.000000,0.000000,0.000000,0.000000,0.000000,236,0.614583,0.604167,0.581928,0.072540,7.487406
291,2598801568989,1,xfeat_star_fine,stereo,39.177819,23.075133,3.941578,3.902577,17.875683,0.001041,15.840936,17.856558,1.519289,1.314623,600,600,39.466611,2.322080,0.336958,52.902051,377,377,377,1.000000,0.625000,0.000000,1.424667,10.776402,0.250333,0.000500,9.284987,1.240457,316,0.838196,0.583333,0.865602,0.287041,14.463938
291,2598801568989,1,orb_cpu,stereo,63.414577,66.183323,0.000000,0.000000,0.000000,0.000000,0.000000,0.000000,0.000000,0.000000,600,600,66.441156,18.788807,1.637831,86.867794,393,359,346,0.880407,0.354167,0.000000,2.073608,0.000000,0.000000,0.000000,0.000000,0.000000,331,0.842239,0.354167,0.922075,0.578490,7.463323
291,2598801568989,1,xfeat_guided,temporal,21.429719,39.177819,3.890328,3.941578,0.000833,17.875683,15.869353,15.840936,1.668997,1.519289,600,600,60.607538,5.105076,0.881999,66.594613,384,373,373,0.971354,0.541667,0.000000,nan,0.000000,0.000000,0.000000,0.000000,0.000000,0,0.000000,0.000000,nan,nan,0.000000
291,2598801568989,1,orb_cpu,temporal,65.998407,63.414577,0.000000,0.000000,0.000000,0.000000,0.000000,0.000000,0.000000,0.000000,600,600,129.412984,10.025819,1.663539,141.102342,434,395,395,0.910138,0.354167,1.000000,nan,0.000000,0.000000,0.000000,0.000000,0.000000,0,0.000000,0.000000,nan,nan,0.000000
300,2599701567739,1,xfeat_star_coarse,stereo,23.114259,39.142111,4.649994,4.585660,0.000750,17.072393,17.055310,15.888935,1.408039,1.594956,600,600,39.620027,2.330539,1.219582,43.170148,384,384,384,1.000000,0.541667,0.000000,0.000000,0.000000,0.000000,0.000000,0.000000,0.000000,248,0.645833,0.458333,0.631000,0.124015,21.607386
300,2599701567739,1,xfeat_star_fine,stereo,23.114259,39.142111,4.649994,4.585660,0.000750,17.072393,17.055310,15.888935,1.408039,1.594956,600,600,39.620027,2.330539,0.323916,53.499383,379,379,379,1.000000,0.520833,0.000000,1.413422,11.224901,0.596166,0.001250,9.387820,1.238999,321,0.846966,0.458333,0.869321,0.351838,11.063443
300,2599701567739,1,orb_cpu,stereo,65.435824,67.747446,0.000000,0.000000,0.000000,0.000000,0.000000,0.000000,0.000000,0.000000,600,600,68.035153,11.840317,2.080705,81.956175,413,371,371,0.898305,0.333333,0.000000,2.000000,0.000000,0.000000,0.000000,0.000000,0.000000,356,0.861985,0.333333,0.916168,0.544632,7.809322
301,2599881589447,1,xfeat_star_coarse,stereo,22.493426,39.340944,4.710618,4.620660,0.000959,16.237686,16.220977,17.195225,1.560539,1.287207,600,600,39.693527,1.785831,0.404916,41.884274,384,384,384,1.000000,0.604167,0.000000,0.000000,0.000000,0.000000,0.000000,0.000000,0.000000,239,0.622396,0.541667,0.621902,0.125083,8.267822
301,2599881589447,1,xfeat_star_fine,stereo,22.493426,39.340944,4.710618,4.620660,0.000959,16.237686,16.220977,17.195225,1.560539,1.287207,600,600,39.693527,1.785831,0.315375,55.541255,375,375,375,1.000000,0.604167,0.000000,1.447960,13.746522,0.391583,0.000917,12.095983,1.257706,318,0.848000,0.541667,0.850911,0.350823,6.166824
301,2599881589447,1,orb_cpu,stereo,61.501204,63.576868,0.000000,0.000000,0.000000,0.000000,0.000000,0.000000,0.000000,0.000000,600,600,63.850743,12.666107,3.749036,80.265886,404,358,356,0.881188,0.354167,0.000000,2.073593,0.000000,0.000000,0.000000,0.000000,0.000000,336,0.831683,0.354167,0.913687,0.542916,7.647740
301,2599881589447,1,xfeat_guided,temporal,23.114259,22.493426,4.649994,4.710618,0.000750,0.000959,17.055310,16.220977,1.408039,1.560539,600,600,45.607685,4.945035,0.961915,51.514635,384,373,373,0.971354,0.500000,0.000000,nan,0.000000,0.000000,0.000000,0.000000,0.000000,0,0.000000,0.000000,nan,nan,0.000000
301,2599881589447,1,orb_cpu,temporal,65.435824,61.501204,0.000000,0.000000,0.000000,0.000000,0.000000,0.000000,0.000000,0.000000,600,600,126.937028,10.086027,2.216872,139.239927,430,387,387,0.900000,0.333333,0.000000,nan,0.000000,0.000000,0.000000,0.000000,0.000000,0,0.000000,0.000000,nan,nan,0.000000
310,2600781575823,1,xfeat_star_coarse,stereo,35.027659,50.925095,14.403896,14.229897,0.001042,19.269639,19.253347,15.862228,1.369207,1.563123,600,600,51.619677,2.045955,0.571291,54.236923,384,384,384,1.000000,0.666667,0.000000,0.000000,0.000000,0.000000,0.000000,0.000000,0.000000,243,0.632812,0.583333,0.622536,0.071550,11.716400
310,2600781575823,1,xfeat_star_fine,stereo,35.027659,50.925095,14.403896,14.229897,0.001042,19.269639,19.253347,15.862228,1.369207,1.563123,600,600,51.619677,2.045955,0.659290,65.966531,381,381,380,0.997375,0.666667,0.000000,1.547768,11.641609,0.405583,0.000792,9.753570,1.481331,309,0.811024,0.666667,0.848791,0.280097,14.616938
310,2600781575823,1,orb_cpu,stereo,66.322156,68.775902,0.000000,0.000000,0.000000,0.000000,0.000000,0.000000,0.000000,0.000000,600,600,69.311152,17.253434,2.188580,88.753166,407,365,364,0.894349,0.312500,0.000000,2.073601,0.000000,0.000000,0.000000,0.000000,0.000000,343,0.842752,0.312500,0.925482,0.569362,7.643989
311,2600871572490,1,xfeat_star_coarse,stereo,22.976593,40.455942,4.678744,4.621451,0.000875,16.734310,16.727101,17.583808,1.569623,1.516206,600,600,40.818401,1.493456,0.497250,42.809107,384,384,384,1.000000,0.625000,0.000000,0.000000,0.000000,0.000000,0.000000,0.000000,0.000000,253,0.658854,0.583333,0.664808,-0.006706,7.512906
311,2600871572490,1,xfeat_star_fine,stereo,22.976593,40.455942,4.678744,4.621451,0.000875,16.734310,16.727101,17.583808,1.569623,1.516206,600,600,40.818401,1.493456,0.326416,53.956257,379,379,378,0.997361,0.625000,0.000000,1.532013,11.317984,0.341041,0.000542,9.729236,1.246998,311,0.820580,0.604167,0.858867,0.305334,6.979240
311,2600871572490,1,orb_cpu,stereo,64.724033,68.119737,0.000000,0.000000,0.000000,0.000000,0.000000,0.000000,0.000000,0.000000,600,600,68.378028,10.244277,2.365288,80.987593,427,380,380,0.889930,0.333333,0.000000,2.000000,0.000000,0.000000,0.000000,0.000000,0.000000,360,0.843091,0.333333,0.924316,0.546897,8.012114
311,2600871572490,1,xfeat_guided,temporal,35.027659,22.976593,14.403896,4.678744,0.001042,0.000875,19.253347,16.727101,1.369207,1.569623,600,600,58.004252,4.601286,1.712289,64.317827,384,357,357,0.929688,0.562500,0.000000,nan,0.000000,0.000000,0.000000,0.000000,0.000000,0,0.000000,0.000000,nan,nan,0.000000
311,2600871572490,1,orb_cpu,temporal,66.322156,64.724033,0.000000,0.000000,0.000000,0.000000,0.000000,0.000000,0.000000,0.000000,600,600,131.046189,10.074652,4.005952,145.126793,422,344,344,0.815166,0.312500,1.199997,nan,0.000000,0.000000,0.000000,0.000000,0.000000,0,0.000000,0.000000,nan,nan,0.000000
320,2601771586323,1,xfeat_star_coarse,stereo,40.397318,23.065801,4.704702,4.630702,16.811393,0.001125,17.500850,16.776976,1.380123,1.656748,600,600,40.871859,1.720581,0.310292,42.902732,384,384,384,1.000000,0.645833,0.000000,0.000000,0.000000,0.000000,0.000000,0.000000,0.000000,233,0.606771,0.583333,0.596227,0.115691,22.103510
320,2601771586323,1,xfeat_star_fine,stereo,40.397318,23.065801,4.704702,4.630702,16.811393,0.001125,17.500850,16.776976,1.380123,1.656748,600,600,40.871859,1.720581,0.317916,56.569129,379,379,379,1.000000,0.625000,0.000000,1.501495,13.658773,0.410250,0.001042,11.991025,1.256123,329,0.868074,0.604167,0.848155,0.431665,6.015950
320,2601771586323,1,orb_cpu,stereo,64.792700,67.700112,0.000000,0.000000,0.000000,0.000000,0.000000,0.000000,0.000000,0.000000,600,600,67.972654,12.525315,3.668828,84.166797,423,383,381,0.900709,0.333333,0.000000,2.073608,0.000000,0.000000,0.000000,0.000000,0.000000,365,0.862884,0.333333,0.910973,0.554606,9.431820
321,2601861564115,1,xfeat_star_coarse,stereo,22.370177,39.043194,4.736285,4.687243,0.001042,16.115019,16.095394,16.745310,1.536956,1.495122,600,600,39.396027,2.064705,0.477041,41.937773,384,384,384,1.000000,0.666667,0.000000,0.000000,0.000000,0.000000,0.000000,0.000000,0.000000,238,0.619792,0.604167,0.602360,0.106305,7.430614
321,2601861564115,1,xfeat_star_fine,stereo,22.370177,39.043194,4.736285,4.687243,0.001042,16.115019,16.095394,16.745310,1.536956,1.495122,600,600,39.396027,2.064705,0.381916,52.940841,382,382,382,1.000000,0.645833,0.000000,1.557747,11.098193,0.412750,0.000667,9.421278,1.263290,325,0.850785,0.604167,0.848095,0.405606,7.442198
321,2601861564115,1,orb_cpu,stereo,62.009954,64.643575,0.000000,0.000000,0.000000,0.000000,0.000000,0.000000,0.000000,0.000000,600,600,64.934533,15.783477,2.157705,82.875715,419,369,365,0.871122,0.333333,0.000000,2.399994,0.000000,0.000000,0.000000,0.000000,0.000000,335,0.799523,0.333333,0.908705,0.474777,7.901947
321,2601861564115,1,xfeat_guided,temporal,40.397318,22.370177,4.704702,4.736285,16.811393,0.001042,17.500850,16.095394,1.380123,1.536956,600,600,62.767495,5.061117,0.973790,68.802402,384,367,367,0.955729,0.583333,0.000000,nan,0.000000,0.000000,0.000000,0.000000,0.000000,0,0.000000,0.000000,nan,nan,0.000000
321,2601861564115,1,orb_cpu,temporal,64.792700,62.009954,0.000000,0.000000,0.000000,0.000000,0.000000,0.000000,0.000000,0.000000,600,600,126.802654,10.056778,2.603830,139.463262,458,397,397,0.866812,0.333333,0.000000,nan,0.000000,0.000000,0.000000,0.000000,0.000000,0,0.000000,0.000000,nan,nan,0.000000
330,2602851578699,1,xfeat_star_coarse,stereo,46.357309,50.708386,12.940356,12.791106,0.000958,18.773932,18.759974,17.835892,14.655604,1.307331,600,600,51.233427,1.898539,0.313999,53.445965,384,384,384,1.000000,0.666667,0.000000,0.000000,0.000000,0.000000,0.000000,0.000000,0.000000,232,0.604167,0.604167,0.575553,0.102090,10.938985
330,2602851578699,1,xfeat_star_fine,stereo,46.357309,50.708386,12.940356,12.791106,0.000958,18.773932,18.759974,17.835892,14.655604,1.307331,600,600,51.233427,1.898539,0.317750,66.240031,380,380,379,0.997368,0.645833,0.000000,1.506805,12.790315,0.376541,0.001041,11.176651,1.235790,323,0.850000,0.562500,0.825396,0.432641,11.429692
330,2602851578699,1,orb_cpu,stereo,66.181739,68.924569,0.000000,0.000000,0.000000,0.000000,0.000000,0.000000,0.000000,0.000000,600,600,69.356110,10.251819,3.310954,82.918883,397,334,334,0.841310,0.312500,0.000000,2.399998,0.000000,0.000000,0.000000,0.000000,0.000000,315,0.793451,0.312500,0.882511,0.499661,7.434531
331,2602941576366,1,xfeat_star_coarse,stereo,38.656237,22.656718,4.171077,4.127952,17.169559,0.000750,15.883061,17.155560,1.432332,1.372123,600,600,38.998736,2.321247,0.373250,41.693233,384,384,384,1.000000,0.625000,0.000000,0.000000,0.000000,0.000000,0.000000,0.000000,0.000000,248,0.645833,0.583333,0.612739,0.166828,7.436573
331,2602941576366,1,xfeat_star_fine,stereo,38.656237,22.656718,4.171077,4.127952,17.169559,0.000750,15.883061,17.155560,1.432332,1.372123,600,600,38.998736,2.321247,0.245333,52.414551,377,377,377,1.000000,0.604167,0.000000,1.457039,10.849235,0.231000,0.000459,9.383695,1.233873,335,0.888594,0.562500,0.846411,0.477393,6.910032
331,2602941576366,1,orb_cpu,stereo,65.997323,62.210370,0.000000,0.000000,0.000000,0.000000,0.000000,0.000000,0.000000,0.000000,600,600,66.245823,10.137110,2.655497,79.038430,394,341,338,0.857868,0.312500,0.000000,2.400000,0.000000,0.000000,0.000000,0.000000,0.000000,311,0.789340,0.312500,0.882721,0.448995,7.375906
331,2602941576366,1,xfeat_guided,temporal,46.357309,38.656237,12.940356,4.171077,0.000958,17.169559,18.759974,15.883061,14.655604,1.432332,600,600,85.013546,5.441034,0.869207,91.323787,384,371,371,0.966146,0.562500,0.000000,nan,0.000000,0.000000,0.000000,0.000000,0.000000,0,0.000000,0.000000,nan,nan,0.000000
331,2602941576366,1,orb_cpu,temporal,66.181739,65.997323,0.000000,0.000000,0.000000,0.000000,0.000000,0.000000,0.000000,0.000000,600,600,132.179062,10.007236,1.802540,143.988838,464,423,423,0.911638,0.312500,0.000000,nan,0.000000,0.000000,0.000000,0.000000,0.000000,0,0.000000,0.000000,nan,nan,0.000000
340,2603841603324,1,xfeat_star_coarse,stereo,23.240258,39.197944,4.652743,4.568243,0.000708,17.295850,17.287392,15.902603,1.299248,1.431081,600,600,39.719443,2.142747,0.635791,42.497981,384,376,376,0.979167,0.437500,0.000000,0.000000,0.000000,0.000000,0.000000,0.000000,0.000000,235,0.611979,0.437500,0.613246,0.123575,13.152523
340,2603841603324,1,xfeat_star_fine,stereo,23.240258,39.197944,4.652743,4.568243,0.000708,17.295850,17.287392,15.902603,1.299248,1.431081,600,600,39.719443,2.142747,0.660833,63.324660,381,381,381,1.000000,0.500000,0.000000,1.435791,20.801637,0.596499,0.000709,14.527646,5.676450,332,0.871391,0.479167,0.850860,0.448807,14.403563
340,2603841603324,1,orb_cpu,stereo,66.246031,68.528861,0.000000,0.000000,0.000000,0.000000,0.000000,0.000000,0.000000,0.000000,600,600,68.795319,20.294430,4.301286,93.391035,399,350,349,0.874687,0.270833,0.000000,2.400002,0.000000,0.000000,0.000000,0.000000,0.000000,325,0.814536,0.270833,0.913807,0.419434,7.436698
341,2603931574908,1,xfeat_star_coarse,stereo,36.982073,21.505053,4.689618,4.639494,15.526561,0.001000,15.462562,15.500812,1.303165,1.363581,600,600,37.314239,1.902706,0.721874,39.938819,384,378,378,0.984375,0.437500,0.000000,0.000000,0.000000,0.000000,0.000000,0.000000,0.000000,233,0.606771,0.416667,0.602016,0.102605,10.233194
341,2603931574908,1,xfeat_star_fine,stereo,36.982073,21.505053,4.689618,4.639494,15.526561,0.001000,15.462562,15.500812,1.303165,1.363581,600,600,37.314239,1.902706,0.349374,51.856635,380,380,380,1.000000,0.479167,0.000000,1.473148,12.290316,0.552541,0.001292,10.493652,1.242498,336,0.884211,0.479167,0.859205,0.465721,10.701860
341,2603931574908,1,orb_cpu,stereo,65.465241,68.261362,0.000000,0.000000,0.000000,0.000000,0.000000,0.000000,0.000000,0.000000,600,600,68.532736,19.802264,2.714371,91.049371,404,351,350,0.866337,0.270833,0.000000,2.400002,0.000000,0.000000,0.000000,0.000000,0.000000,326,0.806931,0.270833,0.913557,0.462581,7.594073
341,2603931574908,1,xfeat_guided,temporal,23.240258,36.982073,4.652743,4.689618,0.000708,15.526561,17.287392,15.462562,1.299248,1.303165,600,600,60.222331,5.579992,0.669999,66.472322,384,382,382,0.994792,0.479167,0.000000,nan,0.000000,0.000000,0.000000,0.000000,0.000000,0,0.000000,0.000000,nan,nan,0.000000
341,2603931574908,1,orb_cpu,temporal,66.246031,65.465241,0.000000,0.000000,0.000000,0.000000,0.000000,0.000000,0.000000,0.000000,600,600,131.711272,10.029402,2.782746,144.523420,442,384,384,0.868778,0.291667,0.000000,nan,0.000000,0.000000,0.000000,0.000000,0.000000,0,0.000000,0.000000,nan,nan,0.000000
350,2604831605908,1,xfeat_star_coarse,stereo,48.308390,32.066621,12.197900,12.030691,18.729473,0.000917,15.883728,18.710182,1.497122,1.324498,600,600,48.700973,2.195455,0.287666,51.184094,384,384,384,1.000000,0.479167,0.000000,0.000000,0.000000,0.000000,0.000000,0.000000,0.000000,220,0.572917,0.458333,0.584047,-0.025059,10.657652
350,2604831605908,1,xfeat_star_fine,stereo,48.308390,32.066621,12.197900,12.030691,18.729473,0.000917,15.883728,18.710182,1.497122,1.324498,600,600,48.700973,2.195455,0.322375,63.876160,379,379,379,1.000000,0.479167,0.000000,1.424774,12.657357,0.371583,0.000833,11.043401,1.241248,295,0.778364,0.437500,0.843301,0.209400,8.862529
350,2604831605908,1,orb_cpu,stereo,65.339158,68.235403,0.000000,0.000000,0.000000,0.000000,0.000000,0.000000,0.000000,0.000000,600,600,68.709320,21.993177,4.702743,95.405240,395,331,330,0.835443,0.187500,0.000000,2.000000,0.000000,0.000000,0.000000,0.000000,0.000000,306,0.774684,0.187500,0.840164,0.420039,7.349240
351,2605011594408,1,xfeat_star_coarse,stereo,22.716634,38.691862,3.983536,4.009328,0.000750,17.385851,17.433059,15.866019,1.298956,1.430498,600,600,38.999444,2.064539,0.778291,41.842274,384,384,384,1.000000,0.520833,0.000000,0.000000,0.000000,0.000000,0.000000,0.000000,0.000000,196,0.510417,0.416667,0.513392,0.051937,7.355240
351,2605011594408,1,xfeat_star_fine,stereo,22.716634,38.691862,3.983536,4.009328,0.000750,17.385851,17.433059,15.866019,1.298956,1.430498,600,600,38.999444,2.064539,0.326416,52.498175,378,378,378,1.000000,0.520833,0.000000,1.462515,11.107776,0.493249,0.000833,9.325403,1.287999,296,0.783069,0.437500,0.809809,0.253125,13.707022
351,2605011594408,1,orb_cpu,stereo,66.074990,62.489787,0.000000,0.000000,0.000000,0.000000,0.000000,0.000000,0.000000,0.000000,600,600,66.322322,10.183402,2.488330,78.994054,403,352,349,0.866005,0.270833,0.000000,2.000000,0.000000,0.000000,0.000000,0.000000,0.000000,319,0.791563,0.270833,0.878872,0.477837,7.574364
351,2605011594408,1,xfeat_guided,temporal,48.308390,22.716634,12.197900,3.983536,18.729473,0.000750,15.883728,17.433059,1.497122,1.298956,600,600,71.025024,4.908076,1.724997,77.658097,378,351,351,0.928571,0.354167,0.000000,nan,0.000000,0.000000,0.000000,0.000000,0.000000,0,0.000000,0.000000,nan,nan,0.000000
351,2605011594408,1,orb_cpu,temporal,65.339158,66.074990,0.000000,0.000000,0.000000,0.000000,0.000000,0.000000,0.000000,0.000000,600,600,131.414148,10.008444,3.686162,145.108754,390,320,320,0.820513,0.145833,1.199997,nan,0.000000,0.000000,0.000000,0.000000,0.000000,0,0.000000,0.000000,nan,nan,0.000000
360,2605911594867,1,xfeat_star_coarse,stereo,35.733825,40.036985,4.670744,4.599827,0.001334,16.709060,16.689351,17.463808,14.372230,1.264040,600,600,40.565693,7.566906,1.234873,49.367472,384,384,384,1.000000,0.604167,0.000000,0.000000,0.000000,0.000000,0.000000,0.000000,0.000000,217,0.565104,0.520833,0.555411,-0.111474,20.018597
360,2605911594867,1,xfeat_star_fine,stereo,35.733825,40.036985,4.670744,4.599827,0.001334,16.709060,16.689351,17.463808,14.372230,1.264040,600,600,40.565693,7.566906,0.328082,59.507999,379,379,379,1.000000,0.604167,0.000000,1.552124,11.047318,0.435624,0.000958,9.326487,1.283915,307,0.810026,0.520833,0.820904,0.322765,11.538526
360,2605911594867,1,orb_cpu,stereo,70.740442,66.530031,0.000000,0.000000,0.000000,0.000000,0.000000,0.000000,0.000000,0.000000,600,600,70.953274,18.828306,3.132496,92.914076,384,334,333,0.867188,0.416667,0.000000,2.400009,0.000000,0.000000,0.000000,0.000000,0.000000,315,0.820312,0.395833,0.914149,0.530115,7.255990
361,2606001629450,1,xfeat_star_coarse,stereo,22.169427,38.893278,4.755077,4.704868,0.000666,15.924227,15.905144,16.770310,1.508373,1.493706,600,600,39.264111,1.734289,0.317957,41.316357,384,384,384,1.000000,0.437500,0.000000,0.000000,0.000000,0.000000,0.000000,0.000000,0.000000,223,0.580729,0.437500,0.579940,0.052647,6.801491
361,2606001629450,1,xfeat_star_fine,stereo,22.169427,38.893278,4.755077,4.704868,0.000666,15.924227,15.905144,16.770310,1.508373,1.493706,600,600,39.264111,1.734289,0.489291,55.458754,381,381,381,1.000000,0.437500,0.000000,1.499786,13.971063,0.288041,0.000792,10.696860,2.985245,325,0.853018,0.416667,0.824616,0.425850,14.529896
361,2606001629450,1,orb_cpu,stereo,72.966397,68.057529,0.000000,0.000000,0.000000,0.000000,0.000000,0.000000,0.000000,0.000000,600,600,73.202854,13.418689,2.443830,89.065373,383,334,334,0.872063,0.333333,0.000000,2.488312,0.000000,0.000000,0.000000,0.000000,0.000000,321,0.838120,0.333333,0.926171,0.561142,7.225823
361,2606001629450,1,xfeat_guided,temporal,35.733825,22.169427,4.670744,4.755077,0.001334,0.000666,16.689351,15.905144,14.372230,1.508373,600,600,57.903252,4.854493,0.994832,63.752577,384,369,369,0.960938,0.583333,0.000000,nan,0.000000,0.000000,0.000000,0.000000,0.000000,0,0.000000,0.000000,nan,nan,0.000000
361,2606001629450,1,orb_cpu,temporal,70.740442,72.966397,0.000000,0.000000,0.000000,0.000000,0.000000,0.000000,0.000000,0.000000,600,600,143.706839,10.053861,2.763746,156.524446,402,344,344,0.855721,0.416667,1.199989,nan,0.000000,0.000000,0.000000,0.000000,0.000000,0,0.000000,0.000000,nan,nan,0.000000
370,2606901590826,1,xfeat_star_coarse,stereo,34.340785,42.531481,3.937203,3.893994,0.000750,17.276518,17.255934,18.991806,13.146648,2.368955,600,600,42.879397,4.367369,1.788955,49.035721,384,375,375,0.976562,0.520833,0.000000,0.000000,0.000000,0.000000,0.000000,0.000000,0.000000,229,0.596354,0.500000,0.609819,0.044091,14.632813
370,2606901590826,1,xfeat_star_fine,stereo,34.340785,42.531481,3.937203,3.893994,0.000750,17.276518,17.255934,18.991806,13.146648,2.368955,600,600,42.879397,4.367369,0.473166,58.908624,381,381,381,1.000000,0.541667,0.000000,1.385742,11.188692,0.370457,0.000667,9.336570,1.480456,340,0.892388,0.541667,0.846123,0.501980,14.501938
370,2606901590826,1,orb_cpu,stereo,68.391362,70.939483,0.000000,0.000000,0.000000,0.000000,0.000000,0.000000,0.000000,0.000000,600,600,71.360233,20.203888,5.009201,96.573322,374,325,322,0.860963,0.250000,0.000000,2.399994,0.000000,0.000000,0.000000,0.000000,0.000000,313,0.836898,0.250000,0.920193,0.541949,6.990490
371,2606991578576,1,xfeat_star_coarse,stereo,39.993110,22.654260,4.674077,4.624702,16.528352,0.000833,17.423975,16.508227,1.366540,1.520206,600,600,40.276568,1.878081,0.849624,43.004273,384,374,374,0.973958,0.562500,0.000000,0.000000,0.000000,0.000000,0.000000,0.000000,0.000000,219,0.570312,0.562500,0.590746,0.030741,6.041533
371,2606991578576,1,xfeat_star_fine,stereo,39.993110,22.654260,4.674077,4.624702,16.528352,0.000833,17.423975,16.508227,1.366540,1.520206,600,600,40.276568,1.878081,0.368291,53.776799,379,379,379,1.000000,0.625000,0.000000,1.428993,11.253859,0.229458,0.000500,9.474820,1.548914,335,0.883905,0.625000,0.832616,0.486375,12.236858
371,2606991578576,1,orb_cpu,stereo,73.265980,69.662652,0.000000,0.000000,0.000000,0.000000,0.000000,0.000000,0.000000,0.000000,600,600,73.499354,10.177860,2.968370,86.645584,374,318,311,0.831551,0.270833,0.000000,2.399994,0.000000,0.000000,0.000000,0.000000,0.000000,299,0.799465,0.270833,0.914281,0.471063,7.015407
371,2606991578576,1,xfeat_guided,temporal,34.340785,39.993110,3.937203,4.674077,0.000750,16.528352,17.255934,17.423975,13.146648,1.366540,600,600,74.333895,5.065910,0.507707,79.907512,384,382,382,0.994792,0.562500,0.000000,nan,0.000000,0.000000,0.000000,0.000000,0.000000,0,0.000000,0.000000,nan,nan,0.000000
371,2606991578576,1,orb_cpu,temporal,68.391362,73.265980,0.000000,0.000000,0.000000,0.000000,0.000000,0.000000,0.000000,0.000000,600,600,141.657342,9.992569,1.722248,153.372159,427,385,385,0.901639,0.291667,0.000000,nan,0.000000,0.000000,0.000000,0.000000,0.000000,0,0.000000,0.000000,nan,nan,0.000000
380,2607981583576,1,xfeat_star_coarse,stereo,23.047384,40.902484,4.714701,4.658493,0.000917,16.846934,16.841476,18.079808,1.490040,1.317082,600,600,41.429483,6.230491,2.512205,50.172179,384,377,377,0.981771,0.500000,0.000000,0.000000,0.000000,0.000000,0.000000,0.000000,0.000000,230,0.598958,0.500000,0.629903,-0.134273,28.842917
380,2607981583576,1,xfeat_star_fine,stereo,23.047384,40.902484,4.714701,4.658493,0.000917,16.846934,16.841476,18.079808,1.490040,1.317082,600,600,41.429483,6.230491,0.311000,59.230041,379,379,379,1.000000,0.562500,0.000000,1.401978,11.259067,0.632082,0.001208,9.382403,1.242790,307,0.810026,0.541667,0.829479,0.300728,28.186918
380,2607981583576,1,orb_cpu,stereo,68.302237,70.564817,0.000000,0.000000,0.000000,0.000000,0.000000,0.000000,0.000000,0.000000,600,600,70.818358,21.882177,4.744035,97.444570,376,328,323,0.859043,0.375000,0.000000,2.400024,0.000000,0.000000,0.000000,0.000000,0.000000,309,0.821809,0.375000,0.922470,0.583016,8.943946
381,2608071593160,1,xfeat_star_coarse,stereo,37.058948,21.453928,4.730160,4.664077,15.531644,0.000708,15.528020,15.507603,1.268832,1.281207,600,600,37.356530,1.551123,0.827499,39.735152,384,376,376,0.979167,0.500000,0.000000,0.000000,0.000000,0.000000,0.000000,0.000000,0.000000,226,0.588542,0.479167,0.618517,-0.145126,7.374031
381,2608071593160,1,xfeat_star_fine,stereo,37.058948,21.453928,4.730160,4.664077,15.531644,0.000708,15.528020,15.507603,1.268832,1.281207,600,600,37.356530,1.551123,0.329042,50.462721,382,382,382,1.000000,0.541667,0.000000,1.426819,11.226026,0.281083,0.000542,9.678445,1.265790,318,0.832461,0.520833,0.830646,0.294347,12.311690
381,2608071593160,1,orb_cpu,stereo,74.243936,70.229401,0.000000,0.000000,0.000000,0.000000,0.000000,0.000000,0.000000,0.000000,600,600,74.506687,19.157182,2.725162,96.389031,359,309,301,0.838440,0.375000,0.000000,2.399994,0.000000,0.000000,0.000000,0.000000,0.000000,287,0.799443,0.375000,0.925332,0.515797,6.759824
381,2608071593160,1,xfeat_guided,temporal,23.047384,37.058948,4.714701,4.730160,0.000917,15.531644,16.841476,15.528020,1.490040,1.268832,600,600,60.106332,4.611410,0.632416,65.350158,384,383,383,0.997396,0.520833,0.000000,nan,0.000000,0.000000,0.000000,0.000000,0.000000,0,0.000000,0.000000,nan,nan,0.000000
381,2608071593160,1,orb_cpu,temporal,68.302237,74.243936,0.000000,0.000000,0.000000,0.000000,0.000000,0.000000,0.000000,0.000000,600,600,142.546173,10.099444,2.484204,155.129821,447,395,395,0.883669,0.375000,0.000000,nan,0.000000,0.000000,0.000000,0.000000,0.000000,0,0.000000,0.000000,nan,nan,0.000000
390,2608971591952,1,xfeat_star_coarse,stereo,24.754590,41.364983,4.670577,4.615452,0.001084,18.635557,18.615682,16.799227,1.467039,1.314581,600,600,41.688524,1.928331,0.760957,44.377812,384,384,384,1.000000,0.541667,0.000000,0.000000,0.000000,0.000000,0.000000,0.000000,0.000000,222,0.578125,0.541667,0.590541,-0.174131,7.617781
390,2608971591952,1,xfeat_star_fine,stereo,24.754590,41.364983,4.670577,4.615452,0.001084,18.635557,18.615682,16.799227,1.467039,1.314581,600,600,41.688524,1.928331,0.313208,57.541419,383,383,383,1.000000,0.541667,0.000000,1.489532,13.611356,0.413874,0.000834,11.984899,1.211499,313,0.817232,0.541667,0.816249,0.290452,6.085533
390,2608971591952,1,orb_cpu,stereo,71.135275,74.351853,0.000000,0.000000,0.000000,0.000000,0.000000,0.000000,0.000000,0.000000,600,600,74.823352,14.441729,2.375663,91.640744,353,309,304,0.861190,0.354167,0.000000,2.800026,0.000000,0.000000,0.000000,0.000000,0.000000,294,0.832861,0.354167,0.915724,0.542350,6.655449
391,2609061609910,1,xfeat_star_coarse,stereo,22.630176,40.275151,4.405786,4.384577,0.000584,16.785601,16.781726,17.835183,1.441664,1.269623,600,600,40.563984,1.621831,0.482124,42.667939,384,384,384,1.000000,0.520833,0.000000,0.000000,0.000000,0.000000,0.000000,0.000000,0.000000,210,0.546875,0.479167,0.572605,-0.192582,6.727116
391,2609061609910,1,xfeat_star_fine,stereo,22.630176,40.275151,4.405786,4.384577,0.000584,16.785601,16.781726,17.835183,1.441664,1.269623,600,600,40.563984,1.621831,0.340708,53.847757,380,380,380,1.000000,0.500000,0.000000,1.484024,11.321234,0.260624,0.000667,9.815778,1.244040,311,0.818421,0.500000,0.824986,0.306174,5.960783
391,2609061609910,1,orb_cpu,stereo,69.418902,72.083356,0.000000,0.000000,0.000000,0.000000,0.000000,0.000000,0.000000,0.000000,600,600,72.332064,15.457645,1.962039,89.751748,346,311,305,0.881503,0.375000,0.000000,2.880005,0.000000,0.000000,0.000000,0.000000,0.000000,294,0.849711,0.375000,0.928758,0.595772,6.529157
391,2609061609910,1,xfeat_guided,temporal,24.754590,22.630176,4.670577,4.405786,0.001084,0.000584,18.615682,16.781726,1.467039,1.441664,600,600,47.384766,4.899743,0.699791,52.984300,384,380,380,0.989583,0.479167,0.000000,nan,0.000000,0.000000,0.000000,0.000000,0.000000,0,0.000000,0.000000,nan,nan,0.000000
391,2609061609910,1,orb_cpu,temporal,71.135275,69.418902,0.000000,0.000000,0.000000,0.000000,0.000000,0.000000,0.000000,0.000000,600,600,140.554177,10.027153,3.272912,153.854242,443,373,373,0.841986,0.333333,1.199997,nan,0.000000,0.000000,0.000000,0.000000,0.000000,0,0.000000,0.000000,nan,nan,0.000000
400,2609961605702,1,xfeat_star_coarse,stereo,42.192982,22.915385,4.736077,4.676160,16.961017,0.000958,18.238141,16.941684,2.257497,1.296374,600,600,42.743773,1.475415,0.764207,44.983395,384,375,375,0.976562,0.583333,0.000000,0.000000,0.000000,0.000000,0.000000,0.000000,0.000000,211,0.549479,0.541667,0.565807,-0.148830,10.558986
400,2609961605702,1,xfeat_star_fine,stereo,42.192982,22.915385,4.736077,4.676160,16.961017,0.000958,18.238141,16.941684,2.257497,1.296374,600,600,42.743773,1.475415,0.437583,56.500088,378,378,378,1.000000,0.583333,0.000000,1.465927,11.843317,0.418000,0.000667,10.168777,1.255540,298,0.788360,0.583333,0.814685,0.197485,14.418479
400,2609961605702,1,orb_cpu,stereo,71.981357,74.467270,0.000000,0.000000,0.000000,0.000000,0.000000,0.000000,0.000000,0.000000,600,600,74.851561,12.684357,2.288580,89.824498,352,307,302,0.857955,0.395833,0.000000,3.000000,0.000000,0.000000,0.000000,0.000000,0.000000,294,0.835227,0.395833,0.933556,0.532016,6.629282
401,2610051594786,1,xfeat_star_coarse,stereo,22.220177,39.074195,4.729577,4.730618,0.000709,16.019227,16.046602,17.031226,1.442956,1.292957,600,600,39.445361,1.864206,1.037165,42.346732,384,369,369,0.960938,0.562500,0.000000,0.000000,0.000000,0.000000,0.000000,0.000000,0.000000,192,0.500000,0.500000,0.531098,-0.155844,7.410948
401,2610051594786,1,xfeat_star_fine,stereo,22.220177,39.074195,4.729577,4.730618,0.000709,16.019227,16.046602,17.031226,1.442956,1.292957,600,600,39.445361,1.864206,0.335083,52.667718,382,382,382,1.000000,0.625000,0.000000,1.464310,11.023068,0.478833,0.000709,9.288153,1.255207,302,0.790576,0.583333,0.767493,0.242433,13.100148
401,2610051594786,1,orb_cpu,stereo,72.048273,68.424737,0.000000,0.000000,0.000000,0.000000,0.000000,0.000000,0.000000,0.000000,600,600,72.325815,17.930683,2.874913,93.131411,328,282,278,0.847561,0.416667,0.000000,3.000000,0.000000,0.000000,0.000000,0.000000,0.000000,270,0.823171,0.416667,0.919100,0.497973,6.206033
401,2610051594786,1,xfeat_guided,temporal,42.192982,22.220177,4.736077,4.729577,16.961017,0.000709,18.238141,16.046602,2.257497,1.442956,600,600,64.413159,4.783744,0.884457,70.081360,384,379,379,0.986979,0.583333,0.000000,nan,0.000000,0.000000,0.000000,0.000000,0.000000,0,0.000000,0.000000,nan,nan,0.000000
401,2610051594786,1,orb_cpu,temporal,71.981357,72.048273,0.000000,0.000000,0.000000,0.000000,0.000000,0.000000,0.000000,0.000000,600,600,144.029630,10.033986,3.890370,157.953986,417,351,351,0.841727,0.395833,1.727997,nan,0.000000,0.000000,0.000000,0.000000,0.000000,0,0.000000,0.000000,nan,nan,0.000000
410,2611041611078,1,xfeat_star_coarse,stereo,28.017210,40.104110,3.938161,3.896286,0.000792,18.111017,18.089349,16.685684,5.988783,1.410998,600,600,40.551776,1.671581,0.485791,42.709148,384,384,384,1.000000,0.729167,0.000000,0.000000,0.000000,0.000000,0.000000,0.000000,0.000000,195,0.507812,0.666667,0.506536,-0.184913,10.863693
410,2611041611078,1,xfeat_star_fine,stereo,28.017210,40.104110,3.938161,3.896286,0.000792,18.111017,18.089349,16.685684,5.988783,1.410998,600,600,40.551776,1.671581,0.325958,55.041630,376,376,376,1.000000,0.708333,0.000000,1.574280,12.492315,0.412707,0.000709,10.829068,1.249456,293,0.779255,0.666667,0.757313,0.186967,13.789438
410,2611041611078,1,orb_cpu,stereo,72.112898,74.726228,0.000000,0.000000,0.000000,0.000000,0.000000,0.000000,0.000000,0.000000,600,600,75.179436,18.150224,3.946244,97.275904,356,298,293,0.823034,0.520833,0.000000,3.000000,0.000000,0.000000,0.000000,0.000000,0.000000,286,0.803371,0.520833,0.929908,0.542301,6.784199
411,2611131593328,1,xfeat_star_coarse,stereo,22.699759,40.172318,4.671493,4.632410,0.000709,16.621935,16.601226,17.593641,1.425998,1.323998,600,600,40.465276,1.455748,0.553291,42.474315,384,384,384,1.000000,0.666667,0.000000,0.000000,0.000000,0.000000,0.000000,0.000000,0.000000,201,0.523438,0.604167,0.515491,-0.195195,7.166907
411,2611131593328,1,xfeat_star_fine,stereo,22.699759,40.172318,4.671493,4.632410,0.000709,16.621935,16.601226,17.593641,1.425998,1.323998,600,600,40.465276,1.455748,0.317208,53.563133,379,379,379,1.000000,0.666667,0.000000,1.625702,11.324901,0.291541,0.000667,9.771028,1.261540,290,0.765172,0.645833,0.750396,0.117005,5.941491
411,2611131593328,1,orb_cpu,stereo,76.169684,72.668605,0.000000,0.000000,0.000000,0.000000,0.000000,0.000000,0.000000,0.000000,600,600,76.393600,9.513653,2.968996,88.876249,355,302,302,0.850704,0.541667,0.000000,3.144012,0.000000,0.000000,0.000000,0.000000,0.000000,292,0.822535,0.541667,0.925538,0.486040,6.692699
411,2611131593328,1,xfeat_guided,temporal,28.017210,22.699759,3.938161,4.671493,0.000792,0.000709,18.089349,16.601226,5.988783,1.425998,600,600,50.716969,4.538701,0.701416,55.957086,384,380,380,0.989583,0.625000,0.000000,nan,0.000000,0.000000,0.000000,0.000000,0.000000,0,0.000000,0.000000,nan,nan,0.000000
411,2611131593328,1,orb_cpu,temporal,72.112898,76.169684,0.000000,0.000000,0.000000,0.000000,0.000000,0.000000,0.000000,0.000000,600,600,148.282582,10.062944,2.284413,160.629939,456,410,410,0.899123,0.520833,0.000000,nan,0.000000,0.000000,0.000000,0.000000,0.000000,0,0.000000,0.000000,nan,nan,0.000000
420,2612031624287,1,xfeat_star_coarse,stereo,22.770468,40.598692,4.681869,4.621451,0.001042,16.675602,16.650768,18.074849,1.436498,1.226665,600,600,41.090859,1.453831,4.383202,46.927892,384,362,362,0.942708,0.666667,0.000000,0.000000,0.000000,0.000000,0.000000,0.000000,0.000000,188,0.489583,0.645833,0.521505,-0.237125,27.701044
420,2612031624287,1,xfeat_star_fine,stereo,22.770468,40.598692,4.681869,4.621451,0.001042,16.675602,16.650768,18.074849,1.436498,1.226665,600,600,41.090859,1.453831,0.324375,56.532545,371,371,371,1.000000,0.687500,0.000000,1.543854,13.663480,0.410041,0.000750,12.005525,1.246831,264,0.711590,0.666667,0.734678,-0.020402,5.913450
420,2612031624287,1,orb_cpu,stereo,72.781230,74.762311,0.000000,0.000000,0.000000,0.000000,0.000000,0.000000,0.000000,0.000000,600,600,75.007311,15.523186,8.666571,99.197068,348,282,276,0.793103,0.520833,0.000000,3.455994,0.000000,0.000000,0.000000,0.000000,0.000000,265,0.761494,0.520833,0.916574,0.481715,8.438863
421,2612121617578,1,xfeat_star_coarse,stereo,37.588614,21.454720,4.816827,4.716077,15.463687,0.000792,15.897977,15.464186,1.409957,1.273415,600,600,37.871530,2.531872,1.267748,41.671150,384,379,379,0.986979,0.645833,0.000000,0.000000,0.000000,0.000000,0.000000,0.000000,0.000000,188,0.489583,0.625000,0.500837,-0.243831,14.708354
421,2612121617578,1,xfeat_star_fine,stereo,37.588614,21.454720,4.816827,4.716077,15.463687,0.000792,15.897977,15.464186,1.409957,1.273415,600,600,37.871530,2.531872,0.310042,51.669262,377,377,377,1.000000,0.666667,0.000000,1.608215,10.955818,0.394291,0.000916,9.312612,1.247707,266,0.705570,0.645833,0.734933,0.045934,14.141688
421,2612121617578,1,orb_cpu,stereo,73.780063,75.876893,0.000000,0.000000,0.000000,0.000000,0.000000,0.000000,0.000000,0.000000,600,600,76.143017,18.173141,2.847454,97.163612,360,305,302,0.838889,0.541667,0.000000,3.399994,0.000000,0.000000,0.000000,0.000000,0.000000,289,0.802778,0.541667,0.920472,0.522237,6.802741
421,2612121617578,1,xfeat_guided,temporal,22.770468,37.588614,4.681869,4.816827,0.001042,15.463687,16.650768,15.897977,1.436498,1.409957,600,600,60.359082,4.677118,0.317083,65.353283,384,384,384,1.000000,0.687500,0.000000,nan,0.000000,0.000000,0.000000,0.000000,0.000000,0,0.000000,0.000000,nan,nan,0.000000
421,2612121617578,1,orb_cpu,temporal,72.781230,73.780063,0.000000,0.000000,0.000000,0.000000,0.000000,0.000000,0.000000,0.000000,600,600,146.561293,12.054567,3.062788,161.678648,445,382,382,0.858427,0.541667,1.199997,nan,0.000000,0.000000,0.000000,0.000000,0.000000,0,0.000000,0.000000,nan,nan,0.000000
430,2613021602579,1,xfeat_star_coarse,stereo,34.292535,39.233236,4.062036,4.091494,0.000833,17.858225,17.913350,15.896686,12.316066,1.386664,600,600,39.550069,1.772747,1.332123,42.654939,384,384,384,1.000000,0.645833,0.000000,0.000000,0.000000,0.000000,0.000000,0.000000,0.000000,199,0.518229,0.604167,0.516074,-0.248339,9.422195
430,2613021602579,1,xfeat_star_fine,stereo,34.292535,39.233236,4.062036,4.091494,0.000833,17.858225,17.913350,15.896686,12.316066,1.386664,600,600,39.550069,1.772747,0.334750,55.319213,380,380,380,1.000000,0.645833,0.000000,1.641251,13.661647,0.426124,0.000917,12.002316,1.231957,245,0.644737,0.604167,0.681100,-0.016113,6.010158
430,2613021602579,1,orb_cpu,stereo,71.375149,73.743646,0.000000,0.000000,0.000000,0.000000,0.000000,0.000000,0.000000,0.000000,600,600,74.014271,14.237397,4.202744,92.454412,335,281,275,0.820896,0.479167,0.000000,3.599991,0.000000,0.000000,0.000000,0.000000,0.000000,262,0.782090,0.479167,0.905740,0.499481,6.398325
431,2613201601995,1,xfeat_star_coarse,stereo,20.603054,36.007282,3.940494,3.881369,0.000750,15.446854,15.425020,15.450728,1.236582,1.228206,600,600,36.315824,1.864081,0.684457,38.864362,384,384,384,1.000000,0.666667,0.000000,0.000000,0.000000,0.000000,0.000000,0.000000,0.000000,178,0.463542,0.625000,0.455621,-0.272636,7.505365
431,2613201601995,1,xfeat_star_fine,stereo,20.603054,36.007282,3.940494,3.881369,0.000750,15.446854,15.425020,15.450728,1.236582,1.228206,600,600,36.315824,1.864081,0.651874,50.233013,381,381,381,1.000000,0.666667,0.000000,1.631805,11.401234,0.355582,0.000792,9.404862,1.639831,242,0.635171,0.666667,0.661302,-0.038855,14.609562
431,2613201601995,1,orb_cpu,stereo,74.988394,77.296432,0.000000,0.000000,0.000000,0.000000,0.000000,0.000000,0.000000,0.000000,600,600,77.539932,10.181735,4.171328,91.892995,325,265,259,0.796923,0.416667,0.000000,3.799988,0.000000,0.000000,0.000000,0.000000,0.000000,248,0.763077,0.416667,0.891612,0.394815,6.151574
431,2613201601995,1,xfeat_guided,temporal,34.292535,20.603054,4.062036,3.940494,0.000833,0.000750,17.913350,15.425020,12.316066,1.236582,600,600,54.895589,4.443410,0.783582,60.122581,384,379,379,0.986979,0.562500,0.000000,nan,0.000000,0.000000,0.000000,0.000000,0.000000,0,0.000000,0.000000,nan,nan,0.000000
431,2613201601995,1,orb_cpu,temporal,71.375149,74.988394,0.000000,0.000000,0.000000,0.000000,0.000000,0.000000,0.000000,0.000000,600,600,146.363543,10.048111,4.747285,161.158939,419,336,336,0.801909,0.458333,1.200005,nan,0.000000,0.000000,0.000000,0.000000,0.000000,0,0.000000,0.000000,nan,nan,0.000000
440,2614101615246,1,xfeat_star_coarse,stereo,22.915592,38.868737,4.715201,4.600494,0.000750,16.979017,16.961309,15.826770,1.238165,1.462331,600,600,39.478652,1.344623,0.766041,41.589316,384,384,384,1.000000,0.625000,0.000000,0.000000,0.000000,0.000000,0.000000,0.000000,0.000000,197,0.513021,0.562500,0.531254,-0.228262,15.004520
440,2614101615246,1,xfeat_star_fine,stereo,22.915592,38.868737,4.715201,4.600494,0.000750,16.979017,16.961309,15.826770,1.238165,1.462331,600,600,39.478652,1.344623,0.923999,52.941092,377,377,377,1.000000,0.625000,0.000000,1.679684,11.193818,0.595583,0.001125,9.352237,1.244332,243,0.644562,0.583333,0.691067,-0.063868,22.449343
440,2614101615246,1,orb_cpu,stereo,72.045690,74.628020,0.000000,0.000000,0.000000,0.000000,0.000000,0.000000,0.000000,0.000000,600,600,74.855103,20.154805,7.481739,102.491647,324,252,244,0.753086,0.479167,0.000000,4.000000,0.000000,0.000000,0.000000,0.000000,0.000000,234,0.722222,0.479167,0.892424,0.453566,6.248533
441,2614191603579,1,xfeat_star_coarse,stereo,21.433470,37.460572,4.691827,4.625868,0.001375,15.517144,15.500686,15.859478,1.239249,1.457873,600,600,37.800530,1.384623,0.311583,39.496736,384,384,384,1.000000,0.625000,0.000000,0.000000,0.000000,0.000000,0.000000,0.000000,0.000000,217,0.565104,0.604167,0.578170,-0.176520,10.304277
441,2614191603579,1,xfeat_star_fine,stereo,21.433470,37.460572,4.691827,4.625868,0.001375,15.517144,15.500686,15.859478,1.239249,1.457873,600,600,37.800530,1.384623,0.316458,51.701927,373,373,373,1.000000,0.604167,0.000000,1.629944,12.200316,0.419499,0.000833,10.531693,1.247957,250,0.670241,0.604167,0.703797,-0.037905,9.589445
441,2614191603579,1,orb_cpu,stereo,72.090940,75.853685,0.000000,0.000000,0.000000,0.000000,0.000000,0.000000,0.000000,0.000000,600,600,76.110934,20.060221,6.499158,102.670313,336,261,259,0.770833,0.437500,0.000000,4.000008,0.000000,0.000000,0.000000,0.000000,0.000000,253,0.752976,0.437500,0.880494,0.407808,6.471532
441,2614191603579,1,xfeat_guided,temporal,22.915592,21.433470,4.715201,4.691827,0.000750,0.001375,16.961309,15.500686,1.238165,1.239249,600,600,44.349062,4.350536,0.596291,49.295889,384,383,383,0.997396,0.562500,0.000000,nan,0.000000,0.000000,0.000000,0.000000,0.000000,0,0.000000,0.000000,nan,nan,0.000000
441,2614191603579,1,orb_cpu,temporal,72.045690,72.090940,0.000000,0.000000,0.000000,0.000000,0.000000,0.000000,0.000000,0.000000,600,600,144.136630,10.271527,3.346912,157.755069,463,400,400,0.863931,0.500000,1.200012,nan,0.000000,0.000000,0.000000,0.000000,0.000000,0,0.000000,0.000000,nan,nan,0.000000
450,2615091610705,1,xfeat_star_coarse,stereo,40.461276,22.741343,4.612702,4.572910,16.712851,0.000875,17.915683,16.690393,1.219665,1.476790,600,600,40.786025,1.487290,0.320083,42.593398,378,378,378,1.000000,0.645833,0.000000,0.000000,0.000000,0.000000,0.000000,0.000000,0.000000,193,0.510582,0.583333,0.507585,-0.223395,9.151279
450,2615091610705,1,xfeat_star_fine,stereo,40.461276,22.741343,4.612702,4.572910,16.712851,0.000875,17.915683,16.690393,1.219665,1.476790,600,600,40.786025,1.487290,0.319000,56.094629,366,366,366,1.000000,0.645833,0.000000,1.951401,13.502314,0.409166,0.000708,11.858400,1.233748,222,0.606557,0.562500,0.632703,-0.084358,7.499239
450,2615091610705,1,orb_cpu,stereo,68.172863,71.523441,0.000000,0.000000,0.000000,0.000000,0.000000,0.000000,0.000000,0.000000,600,600,71.996482,22.745385,13.251857,107.993724,332,236,232,0.698795,0.416667,0.287994,4.799988,0.000000,0.000000,0.000000,0.000000,0.000000,220,0.662651,0.416667,0.877940,0.406371,6.310741
451,2615181614371,1,xfeat_star_coarse,stereo,22.374302,38.463529,4.394410,4.349285,0.001000,16.794518,16.777476,16.017602,1.201124,1.301832,600,600,38.810528,1.795080,0.396791,41.002399,384,384,384,1.000000,0.562500,0.000000,0.000000,0.000000,0.000000,0.000000,0.000000,0.000000,194,0.505208,0.500000,0.511084,-0.296368,7.464448
451,2615181614371,1,xfeat_star_fine,stereo,22.374302,38.463529,4.394410,4.349285,0.001000,16.794518,16.777476,16.017602,1.201124,1.301832,600,600,38.810528,1.795080,0.246333,51.666550,377,377,377,1.000000,0.562500,0.000000,2.413483,10.814609,0.298666,0.000667,9.271403,1.243665,205,0.543767,0.562500,0.598534,-0.220716,12.520982
451,2615181614371,1,orb_cpu,stereo,70.653525,72.039107,0.000000,0.000000,0.000000,0.000000,0.000000,0.000000,0.000000,0.000000,600,600,72.333690,10.164527,8.776113,91.274330,323,236,223,0.690402,0.416667,0.000000,4.800003,0.000000,0.000000,0.000000,0.000000,0.000000,215,0.665635,0.395833,0.892069,0.393415,6.126158
451,2615181614371,1,xfeat_guided,temporal,40.461276,22.374302,4.612702,4.394410,16.712851,0.001000,17.915683,16.777476,1.219665,1.201124,600,600,62.835578,4.444577,1.075457,68.355612,384,371,371,0.966146,0.625000,0.000000,nan,0.000000,0.000000,0.000000,0.000000,0.000000,0,0.000000,0.000000,nan,nan,0.000000
451,2615181614371,1,orb_cpu,temporal,68.172863,70.653525,0.000000,0.000000,0.000000,0.000000,0.000000,0.000000,0.000000,0.000000,600,600,138.826388,10.101902,3.984911,152.913201,442,375,375,0.848416,0.458333,2.000000,nan,0.000000,0.000000,0.000000,0.000000,0.000000,0,0.000000,0.000000,nan,nan,0.000000
460,2616171608872,1,xfeat_star_coarse,stereo,40.070985,35.571283,4.722327,4.664368,16.756143,0.001083,17.423933,16.735810,1.168457,14.169855,600,600,40.488151,1.444873,0.317000,42.250024,378,378,378,1.000000,0.604167,0.000000,8.000000,0.000000,0.000000,0.000000,0.000000,0.000000,196,0.518519,0.583333,0.527861,-0.180350,6.231283
460,2616171608872,1,xfeat_star_fine,stereo,40.070985,35.571283,4.722327,4.664368,16.756143,0.001083,17.423933,16.735810,1.168457,14.169855,600,600,40.488151,1.444873,0.325541,55.874463,365,365,365,1.000000,0.604167,0.000000,7.319839,13.615898,0.419583,0.000708,11.963275,1.232040,206,0.564384,0.604167,0.577239,-0.247877,5.785076
460,2616171608872,1,orb_cpu,stereo,69.291027,70.668150,0.000000,0.000000,0.000000,0.000000,0.000000,0.000000,0.000000,0.000000,600,600,70.919774,16.958060,13.371815,101.249649,303,211,209,0.689769,0.458333,0.288002,4.976654,0.000000,0.000000,0.000000,0.000000,0.000000,202,0.666667,0.458333,0.865533,0.321887,5.754367
461,2616261654247,1,xfeat_star_coarse,stereo,22.129385,38.721737,4.747285,4.745452,0.000708,15.981435,16.004853,16.674227,1.376164,1.320498,600,600,39.039737,1.396790,0.356416,40.792943,371,371,371,1.000000,0.625000,0.000000,8.000000,0.000000,0.000000,0.000000,0.000000,0.000000,177,0.477089,0.562500,0.474125,-0.168633,7.111032
461,2616261654247,1,xfeat_star_fine,stereo,22.129385,38.721737,4.747285,4.745452,0.000708,15.981435,16.004853,16.674227,1.376164,1.320498,600,600,39.039737,1.396790,0.326166,52.108635,351,351,350,0.997151,0.625000,0.000000,7.487686,11.345942,0.285166,0.000667,9.798986,1.260957,176,0.501425,0.583333,0.503842,-0.212975,6.239575
461,2616261654247,1,orb_cpu,stereo,70.320609,71.626107,0.000000,0.000000,0.000000,0.000000,0.000000,0.000000,0.000000,0.000000,600,600,71.897066,17.417476,16.503102,105.817644,291,193,187,0.642612,0.375000,0.576004,5.183990,0.000000,0.000000,0.000000,0.000000,0.000000,175,0.601375,0.375000,0.876210,0.368045,5.570908
461,2616261654247,1,xfeat_guided,temporal,40.070985,22.129385,4.722327,4.747285,16.756143,0.000708,17.423933,16.004853,1.168457,1.376164,600,600,62.200370,4.250744,1.199749,67.650863,384,365,365,0.950521,0.583333,0.000000,nan,0.000000,0.000000,0.000000,0.000000,0.000000,0,0.000000,0.000000,nan,nan,0.000000
461,2616261654247,1,orb_cpu,temporal,69.291027,70.320609,0.000000,0.000000,0.000000,0.000000,0.000000,0.000000,0.000000,0.000000,600,600,139.611636,9.839902,3.450162,152.901700,434,357,357,0.822581,0.520833,3.000000,nan,0.000000,0.000000,0.000000,0.000000,0.000000,0,0.000000,0.000000,nan,nan,0.000000
470,2617161630789,1,xfeat_star_coarse,stereo,38.387529,33.788702,3.947786,3.904869,16.703476,0.000708,16.434769,16.685727,1.301373,13.197273,600,600,38.659363,1.938080,0.383041,40.980484,384,384,384,1.000000,0.625000,0.000000,8.000000,0.000000,0.000000,0.000000,0.000000,0.000000,187,0.486979,0.583333,0.487013,-0.181155,7.541906
470,2617161630789,1,xfeat_star_fine,stereo,38.387529,33.788702,3.947786,3.904869,16.703476,0.000708,16.434769,16.685727,1.301373,13.197273,600,600,38.659363,1.938080,0.322333,51.686428,373,373,373,1.000000,0.625000,0.000000,8.253693,10.766652,0.250458,0.000500,9.268029,1.247540,192,0.514745,0.583333,0.522092,-0.160853,11.184151
470,2617161630789,1,orb_cpu,stereo,70.577484,72.931731,0.000000,0.000000,0.000000,0.000000,0.000000,0.000000,0.000000,0.000000,600,600,73.392938,17.921391,16.849310,108.163639,292,194,191,0.654110,0.437500,0.959995,5.183990,0.000000,0.000000,0.000000,0.000000,0.000000,182,0.623288,0.437500,0.883723,0.221555,5.609909
471,2617251651414,1,xfeat_star_coarse,stereo,38.421321,22.296218,4.183661,4.139160,16.979393,0.000916,15.863853,16.962560,1.394248,1.193373,600,600,38.704862,1.852456,0.387625,40.944943,384,384,384,1.000000,0.604167,0.000000,8.000000,0.000000,0.000000,0.000000,0.000000,0.000000,200,0.520833,0.562500,0.531348,-0.170839,7.552072
471,2617251651414,1,xfeat_star_fine,stereo,38.421321,22.296218,4.183661,4.139160,16.979393,0.000916,15.863853,16.962560,1.394248,1.193373,600,600,38.704862,1.852456,0.322999,51.840844,373,373,373,1.000000,0.604167,0.000000,8.174896,10.960527,0.435750,0.000833,9.267279,1.256540,198,0.530831,0.583333,0.569988,-0.238680,11.995567
471,2617251651414,1,orb_cpu,stereo,69.381319,71.582149,0.000000,0.000000,0.000000,0.000000,0.000000,0.000000,0.000000,0.000000,600,600,71.832440,10.204111,30.050916,112.087467,272,168,152,0.558824,0.375000,0.586586,4.976654,0.000000,0.000000,0.000000,0.000000,0.000000,144,0.529412,0.375000,0.884830,0.082483,5.189410
471,2617251651414,1,xfeat_guided,temporal,38.387529,38.421321,3.947786,4.183661,16.703476,16.979393,16.434769,15.863853,1.301373,1.394248,600,600,76.808850,4.691701,0.635625,82.136176,384,378,378,0.984375,0.562500,0.000000,nan,0.000000,0.000000,0.000000,0.000000,0.000000,0,0.000000,0.000000,nan,nan,0.000000
471,2617251651414,1,orb_cpu,temporal,70.577484,69.381319,0.000000,0.000000,0.000000,0.000000,0.000000,0.000000,0.000000,0.000000,600,600,139.958803,8.028447,4.689244,152.676494,410,323,323,0.787805,0.458333,1.727997,nan,0.000000,0.000000,0.000000,0.000000,0.000000,0,0.000000,0.000000,nan,nan,0.000000
480,2618151625790,1,xfeat_star_coarse,stereo,22.733801,39.874277,4.712618,4.586660,0.000708,16.728602,16.734893,17.429475,1.285457,1.129290,600,600,40.487610,1.998289,0.318249,42.804148,384,384,384,1.000000,0.437500,0.000000,8.000000,0.000000,0.000000,0.000000,0.000000,0.000000,220,0.572917,0.395833,0.584698,-0.121067,7.084782
480,2618151625790,1,xfeat_star_fine,stereo,22.733801,39.874277,4.712618,4.586660,0.000708,16.728602,16.734893,17.429475,1.285457,1.129290,600,600,40.487610,1.998289,0.318791,59.995416,373,373,373,1.000000,0.437500,0.000000,8.478027,17.190726,0.590583,0.001333,15.344979,1.253206,213,0.571046,0.416667,0.602894,-0.219730,17.376226
480,2618151625790,1,orb_cpu,stereo,66.254574,66.518864,0.000000,0.000000,0.000000,0.000000,0.000000,0.000000,0.000000,0.000000,600,600,66.769322,20.086722,14.540771,101.396815,301,209,202,0.671096,0.333333,0.000000,5.760010,0.000000,0.000000,0.000000,0.000000,0.000000,192,0.637874,0.333333,0.878957,0.006579,5.686658
481,2618331621415,1,xfeat_star_coarse,stereo,36.797698,21.257970,4.765076,4.692202,15.461270,0.000833,15.430478,15.435812,1.140582,1.128915,600,600,37.110781,2.306246,0.667166,40.084193,384,384,384,1.000000,0.479167,0.000000,8.000000,0.000000,0.000000,0.000000,0.000000,0.000000,197,0.513021,0.458333,0.520815,-0.187165,7.428573
481,2618331621415,1,xfeat_star_fine,stereo,36.797698,21.257970,4.765076,4.692202,15.461270,0.000833,15.430478,15.435812,1.140582,1.128915,600,600,37.110781,2.306246,0.325041,50.513970,376,376,376,1.000000,0.479167,0.000000,8.438812,10.771902,0.246625,0.000500,9.283862,1.240707,205,0.545213,0.437500,0.571099,-0.164719,6.809449
481,2618331621415,1,orb_cpu,stereo,74.998603,68.131112,0.000000,0.000000,0.000000,0.000000,0.000000,0.000000,0.000000,0.000000,600,600,75.264269,10.081111,16.775143,102.120523,287,190,188,0.655052,0.375000,0.400009,5.760010,0.000000,0.000000,0.000000,0.000000,0.000000,175,0.609756,0.375000,0.876059,0.280386,5.470742
481,2618331621415,1,xfeat_guided,temporal,22.733801,36.797698,4.712618,4.765076,0.000708,15.461270,16.734893,15.430478,1.285457,1.140582,600,600,59.531499,4.646035,0.470541,64.648075,361,357,357,0.988920,0.583333,0.000000,nan,0.000000,0.000000,0.000000,0.000000,0.000000,0,0.000000,0.000000,nan,nan,0.000000
481,2618331621415,1,orb_cpu,temporal,66.254574,74.998603,0.000000,0.000000,0.000000,0.000000,0.000000,0.000000,0.000000,0.000000,600,600,141.253177,8.087322,2.628121,151.968620,428,375,375,0.876168,0.416667,1.000000,nan,0.000000,0.000000,0.000000,0.000000,0.000000,0,0.000000,0.000000,nan,nan,0.000000
490,2619231633707,1,xfeat_star_coarse,stereo,24.899257,41.922858,4.661327,4.607577,0.000750,18.927932,18.907307,17.231601,1.329623,1.155498,600,600,42.230773,1.690915,0.672166,44.593854,384,384,384,1.000000,0.583333,0.000000,8.000000,0.000000,0.000000,0.000000,0.000000,0.000000,258,0.671875,0.583333,0.688977,-0.022661,14.661062
490,2619231633707,1,xfeat_star_fine,stereo,24.899257,41.922858,4.661327,4.607577,0.000750,18.927932,18.907307,17.231601,1.329623,1.155498,600,600,42.230773,1.690915,0.658291,55.812463,377,377,377,1.000000,0.583333,0.000000,8.553558,11.232484,0.386125,0.000917,9.304154,1.540997,253,0.671088,0.583333,0.710416,-0.038044,14.405313
490,2619231633707,1,orb_cpu,stereo,74.360062,75.910810,0.000000,0.000000,0.000000,0.000000,0.000000,0.000000,0.000000,0.000000,600,600,76.337851,20.073013,11.018234,107.429098,273,198,197,0.721612,0.437500,0.000000,4.788773,0.000000,0.000000,0.000000,0.000000,0.000000,182,0.666667,0.437500,0.870881,0.395277,5.248993
491,2619321627082,1,xfeat_star_coarse,stereo,22.980718,40.059276,4.668535,4.622868,0.000583,16.710643,16.721227,17.539183,1.590206,1.186415,600,600,40.397526,1.735289,0.329874,42.462689,384,384,384,1.000000,0.604167,0.000000,8.000000,0.000000,0.000000,0.000000,0.000000,0.000000,252,0.656250,0.583333,0.644929,-0.074811,7.210282
491,2619321627082,1,xfeat_star_fine,stereo,22.980718,40.059276,4.668535,4.622868,0.000583,16.710643,16.721227,17.539183,1.590206,1.186415,600,600,40.397526,1.735289,0.649207,56.839544,376,376,375,0.997340,0.604167,0.000000,8.196014,14.057522,0.376499,0.000583,10.684068,2.996163,236,0.627660,0.562500,0.668658,-0.116882,11.118235
491,2619321627082,1,orb_cpu,stereo,74.801895,76.695975,0.000000,0.000000,0.000000,0.000000,0.000000,0.000000,0.000000,0.000000,600,600,76.973224,8.251614,10.972860,96.197698,278,194,193,0.694245,0.416667,0.000000,4.780823,0.000000,0.000000,0.000000,0.000000,0.000000,188,0.676259,0.416667,0.874116,0.421387,5.337367
491,2619321627082,1,xfeat_guided,temporal,24.899257,22.980718,4.661327,4.668535,0.000750,0.000583,18.907307,16.721227,1.329623,1.590206,600,600,47.879975,4.420785,2.033330,54.334090,372,325,325,0.873656,0.541667,0.000000,nan,0.000000,0.000000,0.000000,0.000000,0.000000,0,0.000000,0.000000,nan,nan,0.000000
491,2619321627082,1,orb_cpu,temporal,74.360062,74.801895,0.000000,0.000000,0.000000,0.000000,0.000000,0.000000,0.000000,0.000000,600,600,149.161957,10.040986,2.706955,161.909898,390,336,336,0.861538,0.458333,1.727997,nan,0.000000,0.000000,0.000000,0.000000,0.000000,0,0.000000,0.000000,nan,nan,0.000000
500,2620221624874,0,xfeat_star_coarse,stereo,22.669176,38.520529,4.720826,4.664952,0.001000,16.724185,16.707101,15.873853,1.240040,1.257331,600,600,38.999112,1.506997,0.313292,40.819401,384,384,384,1.000000,0.666667,0.000000,8.000000,0.000000,0.000000,0.000000,0.000000,0.000000,224,0.583333,0.604167,0.583530,-0.038695,6.003866
500,2620221624874,0,xfeat_star_fine,stereo,22.669176,38.520529,4.720826,4.664952,0.001000,16.724185,16.707101,15.873853,1.240040,1.257331,600,600,38.999112,1.506997,0.658958,54.716048,374,374,374,1.000000,0.666667,0.000000,8.457142,13.550981,0.273666,0.000459,10.290610,2.986121,225,0.601604,0.604167,0.625350,-0.084356,20.292930
500,2620221624874,0,orb_cpu,stereo,75.747685,76.561808,0.000000,0.000000,0.000000,0.000000,0.000000,0.000000,0.000000,0.000000,600,600,76.835475,17.888141,9.984111,104.707727,252,179,179,0.710317,0.458333,0.000000,5.971985,0.000000,0.000000,0.000000,0.000000,0.000000,167,0.662698,0.458333,0.854942,0.073154,4.835701
501,2620311640082,0,xfeat_star_coarse,stereo,21.637761,38.897237,4.817243,15.772061,0.001166,4.492285,15.465604,17.486892,1.353331,1.145874,600,600,39.217569,1.598498,0.310791,41.126858,384,384,384,1.000000,0.604167,0.000000,8.000000,0.000000,0.000000,0.000000,0.000000,0.000000,224,0.583333,0.541667,0.590001,-0.033166,6.351574
501,2620311640082,0,xfeat_star_fine,stereo,21.637761,38.897237,4.817243,15.772061,0.001166,4.492285,15.465604,17.486892,1.353331,1.145874,600,600,39.217569,1.598498,0.470291,55.296172,379,379,379,1.000000,0.604167,0.000000,8.250252,14.009814,0.269208,0.000583,10.685277,3.054579,235,0.620053,0.541667,0.631359,-0.051029,14.654396
501,2620311640082,0,orb_cpu,stereo,74.681520,76.039809,0.000000,0.000000,0.000000,0.000000,0.000000,0.000000,0.000000,0.000000,600,600,76.269767,14.504188,16.480435,107.254390,240,158,155,0.645833,0.416667,0.345589,5.184006,0.000000,0.000000,0.000000,0.000000,0.000000,150,0.625000,0.416667,0.852683,0.160102,4.595202
501,2620311640082,0,xfeat_guided,temporal,22.669176,21.637761,4.720826,4.817243,0.001000,0.001166,16.707101,15.465604,1.240040,1.353331,600,600,44.306937,4.024286,2.971663,51.302886,370,315,315,0.851351,0.645833,0.000000,nan,0.000000,0.000000,0.000000,0.000000,0.000000,0,0.000000,0.000000,nan,nan,0.000000
501,2620311640082,0,orb_cpu,temporal,75.747685,74.681520,0.000000,0.000000,0.000000,0.000000,0.000000,0.000000,0.000000,0.000000,600,600,150.429205,9.954486,3.606870,163.990561,384,308,308,0.802083,0.583333,1.000000,nan,0.000000,0.000000,0.000000,0.000000,0.000000,0,0.000000,0.000000,nan,nan,0.000000
510,2621211645708,0,xfeat_star_coarse,stereo,45.395020,50.270388,13.887856,13.724898,0.000958,19.327931,19.309306,15.908769,12.196733,1.308540,600,600,50.822929,2.125914,0.885791,53.834634,384,384,384,1.000000,0.666667,0.000000,8.000000,0.000000,0.000000,0.000000,0.000000,0.000000,221,0.575521,0.562500,0.577754,-0.069591,11.357151
510,2621211645708,0,xfeat_star_fine,stereo,45.395020,50.270388,13.887856,13.724898,0.000958,19.327931,19.309306,15.908769,12.196733,1.308540,600,600,50.822929,2.125914,0.318124,65.815449,374,374,374,1.000000,0.645833,0.000000,8.626541,12.548482,0.412708,0.000959,10.914568,1.219956,228,0.609626,0.583333,0.623587,-0.078776,13.830897
510,2621211645708,0,orb_cpu,stereo,67.281364,70.223234,0.000000,0.000000,0.000000,0.000000,0.000000,0.000000,0.000000,0.000000,600,600,70.725192,22.795052,10.515610,104.035854,298,216,212,0.711409,0.354167,0.000000,4.800003,0.000000,0.000000,0.000000,0.000000,0.000000,193,0.647651,0.354167,0.878307,0.363561,5.784409
511,2621391656083,0,xfeat_star_coarse,stereo,22.796384,38.493070,3.987369,4.080661,0.000833,17.342559,17.455767,15.815144,1.352123,1.254498,600,600,38.809821,2.060622,0.371666,41.242109,384,384,384,1.000000,0.604167,0.000000,8.000000,0.000000,0.000000,0.000000,0.000000,0.000000,222,0.578125,0.520833,0.585684,-0.062405,7.512532
511,2621391656083,0,xfeat_star_fine,stereo,22.796384,38.493070,3.987369,4.080661,0.000833,17.342559,17.455767,15.815144,1.352123,1.254498,600,600,38.809821,2.060622,0.321583,51.991969,376,376,375,0.997340,0.604167,0.000000,8.458191,10.799943,0.277958,0.000542,9.273403,1.247874,229,0.609043,0.541667,0.632406,-0.049605,14.273438
511,2621391656083,0,orb_cpu,stereo,69.521735,72.448981,0.000000,0.000000,0.000000,0.000000,0.000000,0.000000,0.000000,0.000000,600,600,72.705356,14.636688,8.641613,95.983657,297,217,213,0.717172,0.354167,0.000000,4.561951,0.000000,0.000000,0.000000,0.000000,0.000000,205,0.690236,0.354167,0.883510,0.228373,5.588992
511,2621391656083,0,xfeat_guided,temporal,45.395020,22.796384,13.887856,3.987369,0.000958,0.000833,19.309306,17.455767,12.196733,1.352123,600,600,68.191404,4.182494,1.874081,74.247979,370,336,336,0.908108,0.541667,0.000000,nan,0.000000,0.000000,0.000000,0.000000,0.000000,0,0.000000,0.000000,nan,nan,0.000000
511,2621391656083,0,orb_cpu,temporal,67.281364,69.521735,0.000000,0.000000,0.000000,0.000000,0.000000,0.000000,0.000000,0.000000,600,600,136.803099,10.014527,6.293366,153.110992,373,283,283,0.758713,0.395833,1.000000,nan,0.000000,0.000000,0.000000,0.000000,0.000000,0,0.000000,0.000000,nan,nan,0.000000
520,2622291640458,0,xfeat_star_coarse,stereo,22.681760,38.546571,4.708868,4.588452,0.000917,16.808018,16.804934,15.872311,1.166749,1.277665,600,600,39.116986,1.465957,0.405000,40.987943,384,384,384,1.000000,0.645833,0.000000,8.000000,0.000000,0.000000,0.000000,0.000000,0.000000,221,0.575521,0.583333,0.574882,-0.101598,16.612310
520,2622291640458,0,xfeat_star_fine,stereo,22.681760,38.546571,4.708868,4.588452,0.000917,16.808018,16.804934,15.872311,1.166749,1.277665,600,600,39.116986,1.465957,0.323417,52.159802,372,372,372,1.000000,0.645833,0.000000,8.216339,11.253442,0.608082,0.001208,9.390779,1.252831,234,0.629032,0.562500,0.669763,-0.130919,18.638932
520,2622291640458,0,orb_cpu,stereo,68.848403,71.066816,0.000000,0.000000,0.000000,0.000000,0.000000,0.000000,0.000000,0.000000,600,600,71.349566,18.007724,6.642699,95.999989,310,237,234,0.754839,0.270833,0.000000,4.319992,0.000000,0.000000,0.000000,0.000000,0.000000,222,0.716129,0.270833,0.862986,0.157129,5.816825
521,2622381647208,0,xfeat_star_coarse,stereo,22.044302,38.820279,4.780868,4.716660,0.000875,15.926436,15.913394,16.993184,1.348956,1.183832,600,600,39.174736,1.427081,0.317541,40.919358,384,384,384,1.000000,0.604167,0.000000,8.000000,0.000000,0.000000,0.000000,0.000000,0.000000,223,0.580729,0.479167,0.580774,-0.038741,7.003240
521,2622381647208,0,xfeat_star_fine,stereo,22.044302,38.820279,4.780868,4.716660,0.000875,15.926436,15.913394,16.993184,1.348956,1.183832,600,600,39.174736,1.427081,0.659083,55.224006,380,380,380,1.000000,0.604167,0.000000,8.311096,13.963106,0.288125,0.000792,10.679777,2.994204,240,0.631579,0.479167,0.663978,-0.064309,14.575854
521,2622381647208,0,orb_cpu,stereo,71.493233,67.464697,0.000000,0.000000,0.000000,0.000000,0.000000,0.000000,0.000000,0.000000,600,600,71.727566,12.800941,6.168825,90.697332,324,249,246,0.759259,0.291667,0.000000,4.147186,0.000000,0.000000,0.000000,0.000000,0.000000,228,0.703704,0.291667,0.852914,0.362040,6.061075
521,2622381647208,0,xfeat_guided,temporal,22.681760,22.044302,4.708868,4.780868,0.000917,0.000875,16.804934,15.913394,1.166749,1.348956,600,600,44.726062,4.279452,1.274248,50.279762,384,361,361,0.940104,0.625000,0.000000,nan,0.000000,0.000000,0.000000,0.000000,0.000000,0,0.000000,0.000000,nan,nan,0.000000
521,2622381647208,0,orb_cpu,temporal,68.848403,71.493233,0.000000,0.000000,0.000000,0.000000,0.000000,0.000000,0.000000,0.000000,600,600,140.341636,10.023194,4.258077,154.622907,360,290,290,0.805556,0.312500,1.439972,nan,0.000000,0.000000,0.000000,0.000000,0.000000,0,0.000000,0.000000,nan,nan,0.000000
530,2623281631334,0,xfeat_star_coarse,stereo,37.924030,21.545637,4.002286,3.960453,15.890686,0.000625,16.660976,15.868311,1.369874,1.716165,600,600,38.188654,1.811081,0.371583,40.371318,384,384,384,1.000000,0.604167,0.000000,8.000000,0.000000,0.000000,0.000000,0.000000,0.000000,230,0.598958,0.583333,0.593376,-0.030133,8.040072
530,2623281631334,0,xfeat_star_fine,stereo,37.924030,21.545637,4.002286,3.960453,15.890686,0.000625,16.660976,15.868311,1.369874,1.716165,600,600,38.188654,1.811081,0.350958,53.930924,382,382,382,1.000000,0.604167,0.000000,8.383560,13.580231,0.348458,0.000709,11.988649,1.242165,239,0.625654,0.583333,0.667283,-0.120271,6.018449
530,2623281631334,0,orb_cpu,stereo,66.672365,69.084277,0.000000,0.000000,0.000000,0.000000,0.000000,0.000000,0.000000,0.000000,600,600,69.598193,16.723685,20.570055,106.891933,296,207,199,0.672297,0.270833,0.319992,4.888321,0.000000,0.000000,0.000000,0.000000,0.000000,188,0.635135,0.270833,0.822029,-0.065878,5.566533
531,2623371634875,0,xfeat_star_coarse,stereo,22.676218,40.628901,4.715618,4.651494,0.000541,16.594894,16.582477,18.089974,1.377373,1.292373,600,600,40.964525,1.482957,0.244916,42.692398,384,384,384,1.000000,0.645833,0.000000,8.000000,0.000000,0.000000,0.000000,0.000000,0.000000,207,0.539062,0.583333,0.558030,-0.176506,6.956365
531,2623371634875,0,xfeat_star_fine,stereo,22.676218,40.628901,4.715618,4.651494,0.000541,16.594894,16.582477,18.089974,1.377373,1.292373,600,600,40.964525,1.482957,0.328541,54.142424,382,382,382,1.000000,0.645833,0.000000,8.378296,11.366401,0.403624,0.000792,9.715028,1.246790,226,0.591623,0.583333,0.628280,-0.210252,6.028867
531,2623371634875,0,orb_cpu,stereo,68.721153,71.551607,0.000000,0.000000,0.000000,0.000000,0.000000,0.000000,0.000000,0.000000,600,600,71.828898,15.840269,12.375275,100.044442,288,201,174,0.604167,0.270833,0.288006,5.000000,0.000000,0.000000,0.000000,0.000000,0.000000,159,0.552083,0.270833,0.851144,-0.016960,5.520825
531,2623371634875,0,xfeat_guided,temporal,37.924030,22.676218,4.002286,4.715618,15.890686,0.000541,16.660976,16.582477,1.369874,1.377373,600,600,60.600248,4.627910,1.261457,66.489615,384,364,364,0.947917,0.541667,0.000000,nan,0.000000,0.000000,0.000000,0.000000,0.000000,0,0.000000,0.000000,nan,nan,0.000000
531,2623371634875,0,orb_cpu,temporal,66.672365,68.721153,0.000000,0.000000,0.000000,0.000000,0.000000,0.000000,0.000000,0.000000,600,600,135.393518,9.993778,3.964952,149.352248,372,307,307,0.825269,0.312500,2.540169,nan,0.000000,0.000000,0.000000,0.000000,0.000000,0,0.000000,0.000000,nan,nan,0.000000
540,2624361630126,1,xfeat_star_coarse,stereo,40.083152,22.681927,4.720660,4.653744,16.749768,0.000667,17.442517,16.697768,1.169915,1.329582,600,600,40.575485,1.603331,0.319917,42.498733,384,384,384,1.000000,0.520833,0.000000,8.000000,0.000000,0.000000,0.000000,0.000000,0.000000,271,0.705729,0.520833,0.699254,0.112830,8.544821
540,2624361630126,1,xfeat_star_fine,stereo,40.083152,22.681927,4.720660,4.653744,16.749768,0.000667,17.442517,16.697768,1.169915,1.329582,600,600,40.575485,1.603331,0.327166,58.318334,380,380,380,1.000000,0.520833,0.000000,8.652771,15.812352,0.579749,0.001250,14.002480,1.228248,260,0.684211,0.500000,0.725940,-0.038008,19.207515
540,2624361630126,1,orb_cpu,stereo,69.767235,71.240983,0.000000,0.000000,0.000000,0.000000,0.000000,0.000000,0.000000,0.000000,600,600,71.510400,20.052430,7.443073,99.005903,289,215,212,0.733564,0.250000,0.000000,5.971985,0.000000,0.000000,0.000000,0.000000,0.000000,197,0.681661,0.250000,0.887351,0.196796,5.463326
541,2624451647501,1,xfeat_star_coarse,stereo,21.890636,38.486154,4.701036,4.623452,0.001167,15.856645,15.855311,16.737810,1.332789,1.268081,600,600,38.960820,1.643915,0.329917,40.934652,384,384,384,1.000000,0.604167,0.000000,8.000000,0.000000,0.000000,0.000000,0.000000,0.000000,253,0.658854,0.583333,0.677285,0.092492,6.783740
541,2624451647501,1,xfeat_star_fine,stereo,21.890636,38.486154,4.701036,4.623452,0.001167,15.856645,15.855311,16.737810,1.332789,1.268081,600,600,38.960820,1.643915,0.322250,54.472091,382,382,381,0.997382,0.604167,0.000000,8.644806,13.545106,0.411166,0.001042,11.883316,1.249290,258,0.675393,0.562500,0.711364,-0.009486,6.011741
541,2624451647501,1,orb_cpu,stereo,68.884028,70.525067,0.000000,0.000000,0.000000,0.000000,0.000000,0.000000,0.000000,0.000000,600,600,70.787984,18.466641,4.869868,94.124493,285,224,220,0.771930,0.250000,0.000000,5.971970,0.000000,0.000000,0.000000,0.000000,0.000000,193,0.677193,0.250000,0.884906,0.078337,5.377451
541,2624451647501,1,xfeat_guided,temporal,40.083152,21.890636,4.720660,4.701036,16.749768,0.001167,17.442517,15.855311,1.169915,1.332789,600,600,61.973788,4.935952,1.648373,68.558113,384,352,352,0.916667,0.520833,0.000000,nan,0.000000,0.000000,0.000000,0.000000,0.000000,0,0.000000,0.000000,nan,nan,0.000000
541,2624451647501,1,orb_cpu,temporal,69.767235,68.884028,0.000000,0.000000,0.000000,0.000000,0.000000,0.000000,0.000000,0.000000,600,600,138.651263,10.160153,6.768407,155.579823,372,282,282,0.758065,0.208333,2.399994,nan,0.000000,0.000000,0.000000,0.000000,0.000000,0,0.000000,0.000000,nan,nan,0.000000
550,2625351641793,1,xfeat_star_coarse,stereo,23.359092,39.131653,4.002453,3.962327,0.000875,17.993725,17.976641,15.869144,1.378581,1.305832,600,600,39.438361,2.065997,0.378375,41.882733,384,384,384,1.000000,0.625000,0.000000,8.000000,0.000000,0.000000,0.000000,0.000000,0.000000,294,0.765625,0.604167,0.755237,0.182825,13.472814
550,2625351641793,1,xfeat_star_fine,stereo,23.359092,39.131653,4.002453,3.962327,0.000875,17.993725,17.976641,15.869144,1.378581,1.305832,600,600,39.438361,2.065997,0.322166,52.753842,383,383,383,1.000000,0.625000,0.000000,8.986877,10.927318,0.393499,0.001042,9.293736,1.238749,277,0.723238,0.604167,0.753104,0.214009,11.969900
550,2625351641793,1,orb_cpu,stereo,71.812399,73.317855,0.000000,0.000000,0.000000,0.000000,0.000000,0.000000,0.000000,0.000000,600,600,73.798979,20.587679,7.313573,101.700231,315,246,244,0.774603,0.291667,0.000000,2.000000,0.000000,0.000000,0.000000,0.000000,0.000000,229,0.726984,0.291667,0.874914,0.298262,5.913159
551,2625441641585,1,xfeat_star_coarse,stereo,21.164053,37.707030,3.926244,3.988411,0.001125,15.759520,15.843311,16.589518,1.393123,1.369456,600,600,38.011113,2.015622,0.601958,40.628693,384,384,384,1.000000,0.604167,0.000000,8.000000,0.000000,0.000000,0.000000,0.000000,0.000000,291,0.757812,0.562500,0.774922,0.214585,7.619572
551,2625441641585,1,xfeat_star_fine,stereo,21.164053,37.707030,3.926244,3.988411,0.001125,15.759520,15.843311,16.589518,1.393123,1.369456,600,600,38.011113,2.015622,0.253958,51.246011,380,380,380,1.000000,0.604167,0.000000,9.079849,10.965318,0.432208,0.000709,9.297570,1.234665,267,0.702632,0.562500,0.748276,0.161875,10.577110
551,2625441641585,1,orb_cpu,stereo,70.038485,71.730857,0.000000,0.000000,0.000000,0.000000,0.000000,0.000000,0.000000,0.000000,600,600,71.994607,12.199150,4.795410,88.989167,338,270,267,0.789941,0.270833,0.000000,2.000000,0.000000,0.000000,0.000000,0.000000,0.000000,252,0.745562,0.250000,0.892662,0.336049,6.318241
551,2625441641585,1,xfeat_guided,temporal,23.359092,21.164053,4.002453,3.926244,0.000875,0.001125,17.976641,15.843311,1.378581,1.393123,600,600,44.523145,4.701493,1.648497,50.873135,384,362,362,0.942708,0.583333,0.000000,nan,0.000000,0.000000,0.000000,0.000000,0.000000,0,0.000000,0.000000,nan,nan,0.000000
551,2625441641585,1,orb_cpu,temporal,71.812399,70.038485,0.000000,0.000000,0.000000,0.000000,0.000000,0.000000,0.000000,0.000000,600,600,141.850884,10.002111,4.057578,155.910573,376,306,306,0.813830,0.333333,1.200012,nan,0.000000,0.000000,0.000000,0.000000,0.000000,0,0.000000,0.000000,nan,nan,0.000000
560,2626341651877,1,xfeat_star_coarse,stereo,38.912237,33.962286,4.741118,4.660869,17.062143,0.000584,15.821102,17.044767,1.287707,12.255900,600,600,39.345611,2.185830,0.892707,42.424148,384,384,384,1.000000,0.666667,0.000000,8.000000,0.000000,0.000000,0.000000,0.000000,0.000000,308,0.802083,0.645833,0.781075,0.309334,28.886126
560,2626341651877,1,xfeat_star_fine,stereo,38.912237,33.962286,4.741118,4.660869,17.062143,0.000584,15.821102,17.044767,1.287707,12.255900,600,600,39.345611,2.185830,0.316416,53.001216,383,383,383,1.000000,0.666667,0.000000,9.007690,11.153359,0.565083,0.001208,9.361987,1.224456,317,0.827676,0.645833,0.823175,0.285261,23.406176
560,2626341651877,1,orb_cpu,stereo,70.816817,72.317106,0.000000,0.000000,0.000000,0.000000,0.000000,0.000000,0.000000,0.000000,587,586,72.594356,7.773073,7.730031,88.097460,327,257,255,0.779817,0.333333,0.000000,2.000000,0.000000,0.000000,0.000000,0.000000,0.000000,245,0.749235,0.333333,0.889629,0.336264,9.417611
561,2626521639835,1,xfeat_star_coarse,stereo,22.076427,38.006280,4.676493,4.611410,0.000750,16.181727,16.164394,15.853978,1.234498,1.358998,600,600,38.446571,1.827164,0.370791,40.644526,384,384,384,1.000000,0.604167,0.000000,8.000000,0.000000,0.000000,0.000000,0.000000,0.000000,335,0.872396,0.583333,0.802736,0.393116,7.440906
561,2626521639835,1,xfeat_star_fine,stereo,22.076427,38.006280,4.676493,4.611410,0.000750,16.181727,16.164394,15.853978,1.234498,1.358998,600,600,38.446571,1.827164,0.311041,51.341636,383,383,383,1.000000,0.583333,0.000000,9.055222,10.756860,0.267167,0.000500,9.258987,1.230040,312,0.814621,0.562500,0.812172,0.270840,12.998815
561,2626521639835,1,orb_cpu,stereo,73.978979,68.861612,0.000000,0.000000,0.000000,0.000000,0.000000,0.000000,0.000000,0.000000,565,565,74.211729,18.020683,6.488782,98.721194,299,237,236,0.789298,0.312500,0.000000,7.166351,0.000000,0.000000,0.000000,0.000000,0.000000,225,0.752508,0.312500,0.905417,0.330303,5.689284
561,2626521639835,1,xfeat_guided,temporal,38.912237,22.076427,4.741118,4.676493,17.062143,0.000750,15.821102,16.164394,1.287707,1.234498,600,600,60.988664,3.610661,5.639367,70.238692,278,216,216,0.776978,0.479167,0.000000,nan,0.000000,0.000000,0.000000,0.000000,0.000000,0,0.000000,0.000000,nan,nan,0.000000
561,2626521639835,1,orb_cpu,temporal,70.816817,73.978979,0.000000,0.000000,0.000000,0.000000,0.000000,0.000000,0.000000,0.000000,587,565,144.795796,10.652193,15.107603,170.555592,215,142,142,0.660465,0.312500,3.583191,nan,0.000000,0.000000,0.000000,0.000000,0.000000,0,0.000000,0.000000,nan,nan,0.000000
570,2627421649586,1,xfeat_star_coarse,stereo,22.873301,40.130735,4.471661,4.432160,0.001250,16.814393,16.781351,17.526017,1.618706,1.357831,600,600,40.412609,1.985539,0.884749,43.282897,384,384,384,1.000000,0.625000,0.000000,8.000000,0.000000,0.000000,0.000000,0.000000,0.000000,272,0.708333,0.541667,0.712572,0.170576,14.666396
570,2627421649586,1,xfeat_star_fine,stereo,22.873301,40.130735,4.471661,4.432160,0.001250,16.814393,16.781351,17.526017,1.618706,1.357831,600,600,40.412609,1.985539,0.670833,54.709256,374,374,374,1.000000,0.625000,0.000000,9.239624,11.640275,0.391625,0.000667,9.289070,1.958580,238,0.636364,0.562500,0.645714,-0.000755,19.494139
570,2627421649586,1,orb_cpu,stereo,59.224125,61.012831,0.000000,0.000000,0.000000,0.000000,0.000000,0.000000,0.000000,0.000000,502,492,61.464788,14.245355,2.674079,78.384222,291,265,265,0.910653,0.416667,0.000000,8.639999,0.000000,0.000000,0.000000,0.000000,0.000000,256,0.879725,0.416667,0.903576,0.541626,7.643406
571,2627511643836,1,xfeat_star_coarse,stereo,38.495280,22.456135,4.352161,4.299661,16.862601,0.001125,15.869394,16.853434,1.410957,1.301665,600,600,38.842696,1.759247,0.379166,40.981109,384,384,384,1.000000,0.583333,0.000000,8.000000,0.000000,0.000000,0.000000,0.000000,0.000000,276,0.718750,0.562500,0.752426,0.134420,7.542448
571,2627511643836,1,xfeat_star_fine,stereo,38.495280,22.456135,4.352161,4.299661,16.862601,0.001125,15.869394,16.853434,1.410957,1.301665,600,600,38.842696,1.759247,0.481374,52.017219,379,379,379,1.000000,0.583333,0.000000,9.342468,10.933902,0.259500,0.000375,9.496820,1.177082,250,0.659631,0.520833,0.689178,-0.004546,14.598896
571,2627511643836,1,orb_cpu,stereo,62.369495,63.785536,0.000000,0.000000,0.000000,0.000000,0.000000,0.000000,0.000000,0.000000,507,480,64.038576,7.127865,1.788414,72.954855,285,259,259,0.908772,0.416667,0.000000,9.465591,0.000000,0.000000,0.000000,0.000000,0.000000,247,0.866667,0.416667,0.904236,0.527776,5.366159
571,2627511643836,1,xfeat_guided,temporal,22.873301,38.495280,4.471661,4.352161,0.001250,16.862601,16.781351,15.869394,1.618706,1.410957,600,600,61.368581,4.432077,7.917823,73.718481,384,288,288,0.750000,0.500000,0.000000,nan,0.000000,0.000000,0.000000,0.000000,0.000000,0,0.000000,0.000000,nan,nan,0.000000
571,2627511643836,1,orb_cpu,temporal,59.224125,62.369495,0.000000,0.000000,0.000000,0.000000,0.000000,0.000000,0.000000,0.000000,502,507,121.593620,7.185490,3.458495,132.237605,301,248,248,0.823920,0.354167,3.456001,nan,0.000000,0.000000,0.000000,0.000000,0.000000,0,0.000000,0.000000,nan,nan,0.000000
580,2628411645336,1,xfeat_star_coarse,stereo,39.011778,22.814301,4.697076,4.632244,17.031226,0.001125,15.896769,17.013726,1.386540,1.167040,600,600,39.469903,1.466539,0.248125,41.184567,384,384,384,1.000000,0.520833,0.000000,8.000000,0.000000,0.000000,0.000000,0.000000,0.000000,214,0.557292,0.458333,0.571959,0.072101,25.163548
580,2628411645336,1,xfeat_star_fine,stereo,39.011778,22.814301,4.697076,4.632244,17.031226,0.001125,15.896769,17.013726,1.386540,1.167040,600,600,39.469903,1.466539,0.324083,52.388342,378,378,378,1.000000,0.520833,0.000000,9.902893,11.127817,0.654124,0.000417,9.233070,1.240123,284,0.751323,0.520833,0.785742,0.107676,25.793464
580,2628411645336,1,orb_cpu,stereo,63.768327,64.665492,0.000000,0.000000,0.000000,0.000000,0.000000,0.000000,0.000000,0.000000,509,502,64.920575,14.844313,2.817246,82.582134,292,265,264,0.904110,0.416667,0.000000,11.000000,0.000000,0.000000,0.000000,0.000000,0.000000,250,0.856164,0.416667,0.908278,0.515118,10.655485
581,2628501648336,1,xfeat_star_coarse,stereo,22.729010,39.433153,4.727118,4.675827,0.001000,16.636143,16.613602,16.846143,1.386998,1.274707,600,600,39.791486,1.489331,0.319958,41.600775,384,384,384,1.000000,0.541667,0.000000,8.000000,0.000000,0.000000,0.000000,0.000000,0.000000,215,0.559896,0.541667,0.534816,-0.009981,7.209073
581,2628501648336,1,xfeat_star_fine,stereo,22.729010,39.433153,4.727118,4.675827,0.001000,16.636143,16.613602,16.846143,1.386998,1.274707,600,600,39.791486,1.489331,0.671874,55.914254,380,380,380,1.000000,0.541667,0.000000,10.135071,13.961563,0.248999,0.000500,10.680151,3.031704,271,0.713158,0.500000,0.743759,0.140887,14.460021
581,2628501648336,1,orb_cpu,stereo,65.283200,66.039865,0.000000,0.000000,0.000000,0.000000,0.000000,0.000000,0.000000,0.000000,519,513,66.286324,14.968187,1.790998,83.045509,291,262,261,0.896907,0.395833,0.000000,11.971970,0.000000,0.000000,0.000000,0.000000,0.000000,245,0.841924,0.395833,0.899509,0.480941,5.481700
581,2628501648336,1,xfeat_guided,temporal,39.011778,22.729010,4.697076,4.727118,17.031226,0.001000,15.896769,16.613602,1.386540,1.386998,600,600,61.740788,4.451743,4.786077,70.978608,384,311,311,0.809896,0.395833,0.000000,nan,0.000000,0.000000,0.000000,0.000000,0.000000,0,0.000000,0.000000,nan,nan,0.000000
581,2628501648336,1,orb_cpu,temporal,63.768327,65.283200,0.000000,0.000000,0.000000,0.000000,0.000000,0.000000,0.000000,0.000000,509,519,129.051527,7.492323,5.550075,142.093925,300,232,232,0.773333,0.312500,2.399994,nan,0.000000,0.000000,0.000000,0.000000,0.000000,0,0.000000,0.000000,nan,nan,0.000000
590,2629401658545,1,xfeat_star_coarse,stereo,23.281218,39.123528,3.969828,4.119744,0.001125,17.829100,18.006891,15.822895,1.303082,1.351623,600,600,39.453027,1.888414,0.374541,41.715982,384,384,384,1.000000,0.500000,0.000000,24.000000,0.000000,0.000000,0.000000,0.000000,0.000000,187,0.486979,0.437500,0.480663,-0.093586,13.510939
590,2629401658545,1,xfeat_star_fine,stereo,23.281218,39.123528,3.969828,4.119744,0.001125,17.829100,18.006891,15.822895,1.303082,1.351623,600,600,39.453027,1.888414,0.329917,52.614426,376,376,376,1.000000,0.500000,0.000000,24.579437,10.943068,0.417707,0.000750,9.312362,1.211915,208,0.553191,0.458333,0.554560,-0.023624,9.897902
590,2629401658545,1,orb_cpu,stereo,64.764826,66.067157,0.000000,0.000000,0.000000,0.000000,0.000000,0.000000,0.000000,0.000000,523,514,66.555782,16.351852,1.068582,83.976216,254,237,237,0.933071,0.416667,0.000000,13.200005,0.000000,0.000000,0.000000,0.000000,0.000000,230,0.905512,0.416667,0.908119,0.571829,4.789493
591,2629581652920,1,xfeat_star_coarse,stereo,21.160803,37.691197,3.949578,3.886328,0.000833,15.846561,15.826020,16.604769,1.384039,1.353289,600,600,37.996988,1.790872,0.386082,40.173942,384,384,384,1.000000,0.479167,0.000000,16.000000,0.000000,0.000000,0.000000,0.000000,0.000000,178,0.463542,0.458333,0.461682,-0.132132,7.537782
591,2629581652920,1,xfeat_star_fine,stereo,21.160803,37.691197,3.949578,3.886328,0.000833,15.846561,15.826020,16.604769,1.384039,1.353289,600,600,37.996988,1.790872,0.446458,51.099427,378,378,378,1.000000,0.479167,0.000000,16.980179,10.865109,0.291124,0.000625,9.284945,1.288248,178,0.470899,0.458333,0.476953,-0.111696,7.406490
591,2629581652920,1,orb_cpu,stereo,66.334532,67.687196,0.000000,0.000000,0.000000,0.000000,0.000000,0.000000,0.000000,0.000000,530,521,67.945822,13.085607,1.941289,82.972718,280,247,244,0.871429,0.500000,0.000000,13.823990,0.000000,0.000000,0.000000,0.000000,0.000000,231,0.825000,0.500000,0.908114,0.487320,5.386742
591,2629581652920,1,xfeat_guided,temporal,23.281218,21.160803,3.969828,3.949578,0.001125,0.000833,18.006891,15.826020,1.303082,1.384039,600,600,44.442021,3.914995,56.483629,104.840645,329,182,182,0.553191,0.354167,8.000000,nan,0.000000,0.000000,0.000000,0.000000,0.000000,0,0.000000,0.000000,nan,nan,0.000000
591,2629581652920,1,orb_cpu,temporal,64.764826,66.334532,0.000000,0.000000,0.000000,0.000000,0.000000,0.000000,0.000000,0.000000,523,530,131.099358,6.228783,3.981911,141.310052,227,176,176,0.775330,0.395833,2.880005,nan,0.000000,0.000000,0.000000,0.000000,0.000000,0,0.000000,0.000000,nan,nan,0.000000
600,2630481650920,1,xfeat_star_coarse,stereo,23.199509,39.037112,4.713619,4.595993,0.000750,17.225476,17.236351,15.886519,1.248623,1.328999,600,600,39.749153,1.560039,0.316083,41.625275,384,384,384,1.000000,0.500000,0.000000,16.000000,0.000000,0.000000,0.000000,0.000000,0.000000,287,0.747396,0.500000,0.711339,0.238643,17.471434
600,2630481650920,1,xfeat_star_fine,stereo,23.199509,39.037112,4.713619,4.595993,0.000750,17.225476,17.236351,15.886519,1.248623,1.328999,600,600,39.749153,1.560039,0.680499,55.049298,380,380,380,1.000000,0.500000,0.000000,17.386997,13.059607,0.593124,0.001291,10.855319,1.609289,316,0.831579,0.500000,0.809040,0.331785,14.413938
600,2630481650920,1,orb_cpu,stereo,62.680162,63.772452,0.000000,0.000000,0.000000,0.000000,0.000000,0.000000,0.000000,0.000000,555,523,64.036660,16.505019,3.964744,84.506423,289,252,251,0.868512,0.375000,0.000000,17.915909,0.000000,0.000000,0.000000,0.000000,0.000000,235,0.813149,0.375000,0.913154,0.577050,7.334115
601,2630571658754,1,xfeat_star_coarse,stereo,22.398760,38.446613,4.679869,4.638619,0.000875,16.531102,16.514976,15.905602,1.202790,1.371165,600,600,38.794320,1.529373,0.312333,40.636026,384,384,384,1.000000,0.562500,0.000000,16.000000,0.000000,0.000000,0.000000,0.000000,0.000000,266,0.692708,0.520833,0.665753,0.260921,13.515981
601,2630571658754,1,xfeat_star_fine,stereo,22.398760,38.446613,4.679869,4.638619,0.000875,16.531102,16.514976,15.905602,1.202790,1.371165,600,600,38.794320,1.529373,0.328000,51.870260,381,381,381,1.000000,0.562500,0.000000,17.723953,11.218567,0.561457,0.001209,9.395320,1.260248,309,0.811024,0.520833,0.802379,0.289976,12.915898
601,2630571658754,1,orb_cpu,stereo,62.394079,63.773868,0.000000,0.000000,0.000000,0.000000,0.000000,0.000000,0.000000,0.000000,534,522,64.041077,8.623238,1.883872,74.548187,282,254,254,0.900709,0.395833,0.000000,18.662399,0.000000,0.000000,0.000000,0.000000,0.000000,239,0.847518,0.395833,0.911494,0.504841,8.715654
601,2630571658754,1,xfeat_guided,temporal,23.199509,22.398760,4.713619,4.679869,0.000750,0.000875,17.236351,16.514976,1.248623,1.202790,600,600,45.598269,6.000659,25.636839,77.235767,384,244,244,0.635417,0.437500,0.000000,nan,0.000000,0.000000,0.000000,0.000000,0.000000,0,0.000000,0.000000,nan,nan,0.000000
601,2630571658754,1,orb_cpu,temporal,62.680162,62.394079,0.000000,0.000000,0.000000,0.000000,0.000000,0.000000,0.000000,0.000000,555,534,125.074241,8.396322,5.115868,138.586431,305,237,237,0.777049,0.291667,2.400024,nan,0.000000,0.000000,0.000000,0.000000,0.000000,0,0.000000,0.000000,nan,nan,0.000000
610,2631471649421,1,xfeat_star_coarse,stereo,22.726677,40.154735,4.665244,4.718118,0.000958,16.605727,16.677560,17.569683,1.382665,1.261082,600,600,40.458526,1.554165,0.325958,42.338649,376,376,376,1.000000,0.583333,0.000000,32.000000,0.000000,0.000000,0.000000,0.000000,0.000000,227,0.603723,0.562500,0.617011,0.040819,11.637525
610,2631471649421,1,xfeat_star_fine,stereo,22.726677,40.154735,4.665244,4.718118,0.000958,16.605727,16.677560,17.569683,1.382665,1.261082,600,600,40.458526,1.554165,0.490291,54.180382,366,366,366,1.000000,0.583333,0.000000,32.148476,11.677400,0.403458,0.000833,9.321237,1.951497,258,0.704918,0.541667,0.707643,0.124147,14.042397
610,2631471649421,1,orb_cpu,stereo,61.590705,63.240494,0.000000,0.000000,0.000000,0.000000,0.000000,0.000000,0.000000,0.000000,582,567,63.762160,18.460433,4.418618,86.641211,283,235,234,0.826855,0.437500,0.000000,28.800003,0.000000,0.000000,0.000000,0.000000,0.000000,227,0.802120,0.437500,0.924577,0.457594,5.333659
611,2631561670921,1,xfeat_star_coarse,stereo,22.648677,38.575029,4.128369,4.083411,0.000792,17.302559,17.284434,15.844520,1.234915,1.344331,600,600,39.016862,1.828122,0.365749,41.210733,350,350,350,1.000000,0.541667,0.000000,32.000000,0.000000,0.000000,0.000000,0.000000,0.000000,200,0.571429,0.500000,0.562107,-0.028631,6.878907
611,2631561670921,1,xfeat_star_fine,stereo,22.648677,38.575029,4.128369,4.083411,0.000792,17.302559,17.284434,15.844520,1.234915,1.344331,600,600,39.016862,1.828122,0.635541,52.909884,342,342,342,1.000000,0.541667,0.000000,32.759094,11.429359,0.273291,0.000583,9.494320,1.660998,198,0.578947,0.500000,0.593421,-0.004211,13.405981
611,2631561670921,1,orb_cpu,stereo,67.533447,62.318204,0.000000,0.000000,0.000000,0.000000,0.000000,0.000000,0.000000,0.000000,595,586,67.782322,18.394599,4.603493,90.780414,304,243,242,0.796053,0.479167,0.000000,28.800003,0.000000,0.000000,0.000000,0.000000,0.000000,231,0.759868,0.479167,0.903190,0.334935,5.759076
611,2631561670921,1,xfeat_guided,temporal,22.726677,22.648677,4.665244,4.128369,0.000958,0.000792,16.677560,17.284434,1.382665,1.234915,600,600,45.375354,4.506911,5.662325,55.544590,384,302,302,0.786458,0.437500,0.000000,nan,0.000000,0.000000,0.000000,0.000000,0.000000,0,0.000000,0.000000,nan,nan,0.000000
611,2631561670921,1,orb_cpu,temporal,61.590705,67.533447,0.000000,0.000000,0.000000,0.000000,0.000000,0.000000,0.000000,0.000000,582,595,129.124152,9.707861,3.254453,142.086466,373,313,313,0.839142,0.375000,2.880005,nan,0.000000,0.000000,0.000000,0.000000,0.000000,0,0.000000,0.000000,nan,nan,0.000000
620,2632551758046,1,xfeat_star_coarse,stereo,22.775051,39.913111,4.699993,4.619994,0.000958,16.695018,16.673227,17.407392,1.400706,1.190540,600,600,40.394027,1.479706,0.299958,42.173691,369,369,369,1.000000,0.541667,0.000000,32.000000,0.000000,0.000000,0.000000,0.000000,0.000000,214,0.579946,0.520833,0.590739,0.056961,14.764063
620,2632551758046,1,xfeat_star_fine,stereo,22.775051,39.913111,4.699993,4.619994,0.000958,16.695018,16.673227,17.407392,1.400706,1.190540,600,600,40.394027,1.479706,0.325500,57.265587,362,362,362,1.000000,0.541667,0.000000,32.812515,15.066354,0.565875,0.001166,13.320857,1.177831,221,0.610497,0.541667,0.613098,0.083605,17.241767
620,2632551758046,1,orb_cpu,stereo,64.760076,65.125491,0.000000,0.000000,0.000000,0.000000,0.000000,0.000000,0.000000,0.000000,597,585,65.373449,19.608348,6.031449,91.013246,321,257,257,0.800623,0.458333,0.000000,30.000000,0.000000,0.000000,0.000000,0.000000,0.000000,245,0.763240,0.458333,0.925768,0.454466,6.061534
621,2632641665630,1,xfeat_star_coarse,stereo,21.437595,36.876740,4.755910,4.707035,0.000917,15.489603,15.450978,15.457437,1.229498,1.222457,600,600,37.229281,3.296662,0.640749,41.166692,350,350,350,1.000000,0.541667,0.000000,32.000000,0.000000,0.000000,0.000000,0.000000,0.000000,209,0.597143,0.520833,0.604544,0.049514,13.387189
621,2632641665630,1,xfeat_star_fine,stereo,21.437595,36.876740,4.755910,4.707035,0.000917,15.489603,15.450978,15.457437,1.229498,1.222457,600,600,37.229281,3.296662,0.648374,52.625426,342,342,342,1.000000,0.541667,0.000000,32.705299,11.451109,0.502999,0.001083,9.293320,1.653373,216,0.631579,0.520833,0.637082,0.090366,13.076565
621,2632641665630,1,orb_cpu,stereo,65.296533,59.387375,0.000000,0.000000,0.000000,0.000000,0.000000,0.000000,0.000000,0.000000,597,590,65.553658,19.704431,5.880867,91.138956,317,262,262,0.826498,0.416667,0.000000,29.859848,0.000000,0.000000,0.000000,0.000000,0.000000,247,0.779180,0.416667,0.926118,0.473919,5.964742
621,2632641665630,1,xfeat_guided,temporal,22.775051,21.437595,4.699993,4.755910,0.000958,0.000917,16.673227,15.450978,1.400706,1.229498,600,600,44.212646,4.818826,0.306333,49.337805,384,384,384,1.000000,0.520833,0.000000,nan,0.000000,0.000000,0.000000,0.000000,0.000000,0,0.000000,0.000000,nan,nan,0.000000
621,2632641665630,1,orb_cpu,temporal,64.760076,65.296533,0.000000,0.000000,0.000000,0.000000,0.000000,0.000000,0.000000,0.000000,597,597,130.056609,9.992569,0.771165,140.820343,525,520,520,0.990476,0.479167,0.000000,nan,0.000000,0.000000,0.000000,0.000000,0.000000,0,0.000000,0.000000,nan,nan,0.000000
630,2633541655214,1,xfeat_star_coarse,stereo,39.021779,21.173471,3.945453,3.905120,15.897061,0.000958,16.955893,15.877020,2.223122,1.390123,600,600,39.356695,3.272703,0.481333,43.110731,354,354,354,1.000000,0.541667,0.000000,32.000000,0.000000,0.000000,0.000000,0.000000,0.000000,223,0.629944,0.479167,0.617472,0.051826,13.502439
630,2633541655214,1,xfeat_star_fine,stereo,39.021779,21.173471,3.945453,3.905120,15.897061,0.000958,16.955893,15.877020,2.223122,1.390123,600,600,39.356695,3.272703,0.553958,53.999549,348,348,348,1.000000,0.541667,0.000000,32.748787,10.816193,0.340625,0.000833,9.313112,1.161332,225,0.646552,0.500000,0.654746,0.082357,13.288481
630,2633541655214,1,orb_cpu,stereo,63.525161,64.632743,0.000000,0.000000,0.000000,0.000000,0.000000,0.000000,0.000000,0.000000,596,587,65.071659,20.421638,6.970157,92.463454,320,261,259,0.809375,0.437500,0.000000,29.859833,0.000000,0.000000,0.000000,0.000000,0.000000,245,0.765625,0.437500,0.917174,0.429544,6.044367
631,2633631673172,1,xfeat_star_coarse,stereo,22.382218,37.863072,4.675868,4.627202,0.001042,16.482768,16.457393,15.484312,1.247540,1.268415,600,600,38.158279,1.804248,0.273708,40.236235,353,353,353,1.000000,0.562500,0.000000,32.000000,0.000000,0.000000,0.000000,0.000000,0.000000,206,0.583569,0.479167,0.585485,0.007064,7.042199
631,2633631673172,1,xfeat_star_fine,stereo,22.382218,37.863072,4.675868,4.627202,0.001042,16.482768,16.457393,15.484312,1.247540,1.268415,600,600,38.158279,1.804248,0.315041,51.211803,341,341,341,1.000000,0.541667,0.000000,32.720825,10.934235,0.426791,0.000750,9.374195,1.132332,212,0.621701,0.520833,0.621058,0.075146,12.874107
631,2633631673172,1,orb_cpu,stereo,66.109907,59.224416,0.000000,0.000000,0.000000,0.000000,0.000000,0.000000,0.000000,0.000000,597,582,66.361281,17.038768,7.639365,91.039414,310,234,231,0.745161,0.416667,0.000000,30.000000,0.000000,0.000000,0.000000,0.000000,0.000000,217,0.700000,0.416667,0.922771,0.472752,5.927075
631,2633631673172,1,xfeat_guided,temporal,39.021779,22.382218,3.945453,4.675868,15.897061,0.001042,16.955893,16.457393,2.223122,1.247540,600,600,61.403997,4.895535,0.310249,66.609781,384,384,384,1.000000,0.541667,0.000000,nan,0.000000,0.000000,0.000000,0.000000,0.000000,0,0.000000,0.000000,nan,nan,0.000000
631,2633631673172,1,orb_cpu,temporal,63.525161,66.109907,0.000000,0.000000,0.000000,0.000000,0.000000,0.000000,0.000000,0.000000,596,597,129.635068,9.962028,0.586124,140.183220,534,531,531,0.994382,0.479167,0.000000,nan,0.000000,0.000000,0.000000,0.000000,0.000000,0,0.000000,0.000000,nan,nan,0.000000
640,2634531667381,1,xfeat_star_coarse,stereo,23.039384,39.027695,3.960244,3.914453,0.001000,17.876183,17.858475,15.889144,1.219415,1.347707,600,600,39.332361,1.521332,0.470375,41.324068,344,344,344,1.000000,0.562500,0.000000,32.000000,0.000000,0.000000,0.000000,0.000000,0.000000,209,0.607558,0.500000,0.599370,0.057629,5.684825
640,2634531667381,1,xfeat_star_fine,stereo,23.039384,39.027695,3.960244,3.914453,0.001000,17.876183,17.858475,15.889144,1.219415,1.347707,600,600,39.332361,1.521332,1.189873,62.175163,332,332,332,1.000000,0.541667,0.000000,32.708824,20.131597,0.361458,0.000833,14.480021,5.288993,213,0.641566,0.520833,0.647069,0.114309,16.872560
640,2634531667381,1,orb_cpu,stereo,60.098915,60.450207,0.000000,0.000000,0.000000,0.000000,0.000000,0.000000,0.000000,0.000000,599,588,60.753706,19.810722,5.311784,85.876212,316,259,259,0.819620,0.458333,0.000000,29.859848,0.000000,0.000000,0.000000,0.000000,0.000000,248,0.784810,0.458333,0.915283,0.458767,6.011367
641,2634621663297,1,xfeat_star_coarse,stereo,22.264261,39.041820,4.689410,4.621160,0.001250,16.078311,16.069811,17.058642,1.503581,1.283332,600,600,39.419903,1.451498,0.295042,41.166443,339,339,339,1.000000,0.562500,0.000000,32.000000,0.000000,0.000000,0.000000,0.000000,0.000000,213,0.628319,0.500000,0.614194,-0.004815,5.271659
641,2634621663297,1,xfeat_star_fine,stereo,22.264261,39.041820,4.689410,4.621160,0.001250,16.078311,16.069811,17.058642,1.503581,1.283332,600,600,39.419903,1.451498,0.624124,54.597423,330,330,330,1.000000,0.541667,0.000000,32.687561,13.101898,0.229249,0.000500,10.296152,2.575830,214,0.648485,0.520833,0.681712,0.049583,12.678733
641,2634621663297,1,orb_cpu,stereo,61.069248,61.852288,0.000000,0.000000,0.000000,0.000000,0.000000,0.000000,0.000000,0.000000,596,584,62.120080,16.683852,3.529412,82.333344,311,256,255,0.819936,0.479167,0.000000,30.000000,0.000000,0.000000,0.000000,0.000000,0.000000,241,0.774920,0.479167,0.922621,0.422953,5.911283
641,2634621663297,1,xfeat_guided,temporal,23.039384,22.264261,3.960244,4.689410,0.001000,0.001250,17.858475,16.069811,1.219415,1.503581,600,600,45.303645,4.880285,0.300916,50.484846,384,384,384,1.000000,0.520833,0.000000,nan,0.000000,0.000000,0.000000,0.000000,0.000000,0,0.000000,0.000000,nan,nan,0.000000
641,2634621663297,1,orb_cpu,temporal,60.098915,61.069248,0.000000,0.000000,0.000000,0.000000,0.000000,0.000000,0.000000,0.000000,599,596,121.168163,9.991153,0.653499,131.812815,529,525,525,0.992439,0.479167,0.000000,nan,0.000000,0.000000,0.000000,0.000000,0.000000,0,0.000000,0.000000,nan,nan,0.000000
