frame_index,stamp_ns,tracking_state,method,pair_type,extract_a_ms,extract_b_ms,preprocess_a_ms,preprocess_b_ms,bpu_queue_a_ms,bpu_queue_b_ms,bpu_a_ms,bpu_b_ms,postprocess_a_ms,postprocess_b_ms,keypoints_a,keypoints_b,extraction_wall_ms,match_ms,geometry_ms,end_to_end_pair_ms,matches,ransac_inliers,strict_inliers,strict_inlier_ratio,strict_grid_coverage,median_vertical_error_px,median_disparity_px,fine_total_ms,fine_preprocess_ms,fine_bpu_queue_ms,fine_bpu_ms,fine_postprocess_ms,photometric_inliers,photometric_inlier_ratio,photometric_grid_coverage,patch_ncc_median,patch_ncc_p10,photometric_ms
0,2569011476808,-1,xfeat_star_coarse,stereo,47.271564,30.863320,11.206817,11.114984,18.179874,0.001041,16.029161,18.151374,1.855129,1.595296,600,600,47.619857,1.382670,0.441876,49.444403,334,334,334,1.000000,0.979167,0.000000,0.000000,0.000000,0.000000,0.000000,0.000000,0.000000,168,0.502994,0.750000,0.520672,-0.389721,22.950385
0,2569011476808,-1,xfeat_star_fine,stereo,47.271564,30.863320,11.206817,11.114984,18.179874,0.001041,16.029161,18.151374,1.855129,1.595296,600,600,47.619857,1.382670,0.306542,60.876262,321,321,318,0.990654,0.958333,0.000000,1.627930,11.567193,0.863794,0.001333,9.603939,1.097377,183,0.570093,0.750000,0.637557,-0.091691,19.912337
0,2569011476808,-1,orb_cpu,stereo,69.198864,63.985310,0.000000,0.000000,0.000000,0.000000,0.000000,0.000000,0.000000,0.000000,599,600,69.431614,25.562099,2.269714,97.263427,379,333,332,0.875989,0.354167,0.000000,1.727997,0.000000,0.000000,0.000000,0.000000,0.000000,318,0.839050,0.354167,0.929630,0.575860,7.259933
1,2569101470849,-1,xfeat_star_coarse,stereo,21.635882,38.234836,4.440052,5.489638,0.001250,14.658241,15.754035,15.986661,1.440253,2.100046,600,600,38.724837,3.057341,0.603627,42.385805,335,335,335,1.000000,1.000000,0.000000,0.000000,0.000000,0.000000,0.000000,0.000000,0.000000,168,0.501493,0.770833,0.519717,-0.323354,13.147196
1,2569101470849,-1,xfeat_star_fine,stereo,21.635882,38.234836,4.440052,5.489638,0.001250,14.658241,15.754035,15.986661,1.440253,2.100046,600,600,38.724837,3.057341,0.307292,52.878161,328,328,325,0.990854,0.979167,0.000000,1.562164,10.788691,0.365001,0.001375,9.342729,1.079294,192,0.585366,0.750000,0.626042,-0.082277,11.371484
1,2569101470849,-1,orb_cpu,stereo,70.312283,62.707933,0.000000,0.000000,0.000000,0.000000,0.000000,0.000000,0.000000,0.000000,600,598,70.544408,20.076504,2.172588,92.793500,386,342,341,0.883420,0.333333,0.000000,1.728003,0.000000,0.000000,0.000000,0.000000,0.000000,322,0.834197,0.312500,0.934296,0.577358,7.323725
1,2569101470849,-1,xfeat_guided,temporal,47.271564,21.635882,11.206817,4.440052,18.179874,0.001250,16.029161,15.754035,1.855129,1.440253,600,600,68.907446,3.646092,0.677043,73.230581,384,383,383,0.997396,1.000000,0.000000,nan,0.000000,0.000000,0.000000,0.000000,0.000000,0,0.000000,0.000000,nan,nan,0.000000
1,2569101470849,-1,orb_cpu,temporal,69.198864,70.312283,0.000000,0.000000,0.000000,0.000000,0.000000,0.000000,0.000000,0.000000,599,600,139.511147,11.474151,0.712376,151.697674,519,517,517,0.996146,0.375000,0.000000,nan,0.000000,0.000000,0.000000,0.000000,0.000000,0,0.000000,0.000000,nan,nan,0.000000
10,2570001461725,-1,xfeat_star_coarse,stereo,23.041760,38.698586,4.084134,4.057675,0.001083,17.119830,17.116747,15.858744,1.839629,1.662170,600,600,39.020921,1.686920,0.363209,41.071050,345,345,345,1.000000,0.979167,0.000000,0.000000,0.000000,0.000000,0.000000,0.000000,0.000000,160,0.463768,0.750000,0.464637,-0.340827,6.944932
10,2570001461725,-1,xfeat_star_fine,stereo,23.041760,38.698586,4.084134,4.057675,0.001083,17.119830,17.116747,15.858744,1.839629,1.662170,600,600,39.020921,1.686920,0.304917,51.738115,334,334,333,0.997006,0.979167,0.000000,1.649307,10.725357,0.286542,0.000750,9.311979,1.125919,181,0.541916,0.791667,0.584545,-0.094201,11.013400
10,2570001461725,-1,orb_cpu,stereo,67.351234,62.965433,0.000000,0.000000,0.000000,0.000000,0.000000,0.000000,0.000000,0.000000,599,600,67.722860,20.291879,2.064505,90.079244,371,333,331,0.892183,0.312500,0.000000,1.727997,0.000000,0.000000,0.000000,0.000000,0.000000,316,0.851752,0.312500,0.935809,0.614560,7.006432
11,2570181473058,-1,xfeat_star_coarse,stereo,22.733426,38.762962,3.978009,3.956967,0.001083,17.301039,17.306497,15.874160,1.447420,1.630629,600,600,39.180505,1.649504,0.464376,41.294385,332,332,332,1.000000,0.979167,0.000000,0.000000,0.000000,0.000000,0.000000,0.000000,0.000000,157,0.472892,0.750000,0.474767,-0.374532,6.618140
11,2570181473058,-1,xfeat_star_fine,stereo,22.733426,38.762962,3.978009,3.956967,0.001083,17.301039,17.306497,15.874160,1.447420,1.630629,600,600,39.180505,1.649504,0.624210,53.430663,324,324,322,0.993827,0.979167,0.000000,1.717194,11.976444,0.273292,0.000875,9.757814,1.944296,179,0.552469,0.770833,0.604594,-0.140693,12.564445
11,2570181473058,-1,orb_cpu,stereo,66.503274,68.572570,0.000000,0.000000,0.000000,0.000000,0.000000,0.000000,0.000000,0.000000,600,600,68.822738,18.940293,2.601006,90.364037,371,322,320,0.862534,0.312500,0.000000,1.727997,0.000000,0.000000,0.000000,0.000000,0.000000,305,0.822102,0.291667,0.938222,0.607757,7.041849
11,2570181473058,-1,xfeat_guided,temporal,23.041760,22.733426,4.084134,3.978009,0.001083,0.001083,17.116747,17.306497,1.839629,1.447420,600,600,45.775186,3.658217,0.699960,50.133363,384,378,378,0.984375,1.000000,0.000000,nan,0.000000,0.000000,0.000000,0.000000,0.000000,0,0.000000,0.000000,nan,nan,0.000000
11,2570181473058,-1,orb_cpu,temporal,67.351234,66.503274,0.000000,0.000000,0.000000,0.000000,0.000000,0.000000,0.000000,0.000000,599,600,133.854508,10.029189,0.578793,144.462490,521,517,517,0.992322,0.375000,0.000000,nan,0.000000,0.000000,0.000000,0.000000,0.000000,0,0.000000,0.000000,nan,nan,0.000000
20,2571081465434,-1,xfeat_star_coarse,stereo,45.510769,29.247357,10.623274,10.435398,17.339539,0.000750,15.908369,17.321997,1.639421,1.489045,600,600,46.035561,4.393468,0.851502,51.280531,349,349,349,1.000000,0.979167,0.000000,0.000000,0.000000,0.000000,0.000000,0.000000,0.000000,160,0.458453,0.687500,0.469977,-0.271686,20.872797
20,2571081465434,-1,xfeat_star_fine,stereo,45.510769,29.247357,10.623274,10.435398,17.339539,0.000750,15.908369,17.321997,1.639421,1.489045,600,600,46.035561,4.393468,0.306834,63.670559,332,332,332,1.000000,0.979167,0.000000,1.647209,12.934696,0.358501,0.001041,11.439901,1.134961,184,0.554217,0.687500,0.605430,-0.070339,16.973496
20,2571081465434,-1,orb_cpu,stereo,65.152854,67.057525,0.000000,0.000000,0.000000,0.000000,0.000000,0.000000,0.000000,0.000000,600,599,67.289900,20.128087,3.022340,90.440327,395,361,361,0.913924,0.333333,0.000000,1.727997,0.000000,0.000000,0.000000,0.000000,0.000000,345,0.873418,0.333333,0.936223,0.642194,7.707851
21,2571171462517,-1,xfeat_star_coarse,stereo,22.284175,38.884837,4.721803,4.664719,0.000958,15.894243,15.871327,16.663329,1.689879,1.662337,600,600,39.386296,1.357087,0.395001,41.138384,340,340,340,1.000000,0.979167,0.000000,0.000000,0.000000,0.000000,0.000000,0.000000,0.000000,165,0.485294,0.791667,0.502018,-0.231287,8.879770
21,2571171462517,-1,xfeat_star_fine,stereo,22.284175,38.884837,4.721803,4.664719,0.000958,15.894243,15.871327,16.663329,1.689879,1.662337,600,600,39.386296,1.357087,0.304709,53.849537,328,328,326,0.993902,0.979167,0.000000,1.570930,12.801445,0.356376,0.000792,11.323692,1.120294,191,0.582317,0.854167,0.606577,-0.018250,11.729943
21,2571171462517,-1,orb_cpu,stereo,67.638068,62.247181,0.000000,0.000000,0.000000,0.000000,0.000000,0.000000,0.000000,0.000000,599,600,67.869402,19.574294,2.301588,89.745284,403,357,356,0.883375,0.333333,0.000000,1.440002,0.000000,0.000000,0.000000,0.000000,0.000000,338,0.838710,0.333333,0.934257,0.557285,7.676267
21,2571171462517,-1,xfeat_guided,temporal,45.510769,22.284175,10.623274,4.721803,17.339539,0.000958,15.908369,15.871327,1.639421,1.689879,600,600,67.794944,3.562425,0.871377,72.228746,384,377,377,0.981771,1.000000,0.000000,nan,0.000000,0.000000,0.000000,0.000000,0.000000,0,0.000000,0.000000,nan,nan,0.000000
21,2571171462517,-1,orb_cpu,temporal,65.152854,67.638068,0.000000,0.000000,0.000000,0.000000,0.000000,0.000000,0.000000,0.000000,600,599,132.790922,10.065981,0.699377,143.556280,526,525,525,0.998099,0.354167,0.000000,nan,0.000000,0.000000,0.000000,0.000000,0.000000,0,0.000000,0.000000,nan,nan,0.000000
30,2572071470309,1,xfeat_star_coarse,stereo,21.502882,38.038293,3.936718,3.955092,0.000959,15.859994,15.898535,16.550995,1.666379,1.672087,600,600,38.395086,1.669170,0.370418,40.434674,346,346,346,1.000000,0.979167,0.000000,0.000000,0.000000,0.000000,0.000000,0.000000,0.000000,176,0.508671,0.812500,0.523143,-0.196436,6.784390
30,2572071470309,1,xfeat_star_fine,stereo,21.502882,38.038293,3.936718,3.955092,0.000959,15.859994,15.898535,16.550995,1.666379,1.672087,600,600,38.395086,1.669170,0.803460,51.926741,338,338,334,0.988166,0.979167,0.000000,1.597679,11.059025,0.248584,0.000708,9.314354,1.495212,197,0.582840,0.770833,0.609856,-0.033123,12.956779
30,2572071470309,1,orb_cpu,stereo,64.047185,65.613314,0.000000,0.000000,0.000000,0.000000,0.000000,0.000000,0.000000,0.000000,600,600,66.027231,17.199330,2.274921,85.501482,395,353,352,0.891139,0.333333,0.000000,1.727997,0.000000,0.000000,0.000000,0.000000,0.000000,333,0.843038,0.333333,0.933896,0.573164,7.599684
31,2572161479393,1,xfeat_star_coarse,stereo,38.688878,22.726759,3.971842,3.929509,17.259372,0.000875,15.860994,17.238831,1.596462,1.557336,600,600,38.990128,1.671420,0.371125,41.032673,354,354,354,1.000000,0.979167,0.000000,0.000000,0.000000,0.000000,0.000000,0.000000,0.000000,180,0.508475,0.812500,0.523514,-0.151457,7.077725
31,2572161479393,1,xfeat_star_fine,stereo,38.688878,22.726759,3.971842,3.929509,17.259372,0.000875,15.860994,17.238831,1.596462,1.557336,600,600,38.990128,1.671420,0.309084,51.730073,348,348,347,0.997126,0.979167,0.000000,1.537720,10.759441,0.292376,0.000625,9.302312,1.164003,206,0.591954,0.854167,0.621587,0.020228,7.889226
31,2572161479393,1,orb_cpu,stereo,61.613679,64.638436,0.000000,0.000000,0.000000,0.000000,0.000000,0.000000,0.000000,0.000000,600,600,64.886186,10.352482,2.276255,77.514923,411,365,364,0.885645,0.333333,0.000000,1.727997,0.000000,0.000000,0.000000,0.000000,0.000000,347,0.844282,0.333333,0.932741,0.609955,7.895393
31,2572161479393,1,xfeat_guided,temporal,21.502882,38.688878,3.936718,3.971842,0.000959,17.259372,15.898535,15.860994,1.666379,1.596462,600,600,60.191760,3.445007,0.873877,64.510644,384,379,379,0.986979,1.000000,0.000000,nan,0.000000,0.000000,0.000000,0.000000,0.000000,0,0.000000,0.000000,nan,nan,0.000000
31,2572161479393,1,orb_cpu,temporal,64.047185,61.613679,0.000000,0.000000,0.000000,0.000000,0.000000,0.000000,0.000000,0.000000,600,600,125.660864,10.084231,1.138795,136.883890,546,540,540,0.989011,0.354167,0.000000,nan,0.000000,0.000000,0.000000,0.000000,0.000000,0,0.000000,0.000000,nan,nan,0.000000
40,2573151513851,1,xfeat_star_coarse,stereo,23.508719,39.489671,4.746760,4.639885,0.001333,17.308831,17.299206,15.859243,1.461253,1.681087,600,600,40.038381,1.386128,0.310125,41.734634,346,346,346,1.000000,0.979167,0.000000,0.000000,0.000000,0.000000,0.000000,0.000000,0.000000,169,0.488439,0.729167,0.500234,-0.185046,11.277776
40,2573151513851,1,xfeat_star_fine,stereo,23.508719,39.489671,4.746760,4.639885,0.001333,17.308831,17.299206,15.859243,1.461253,1.681087,600,600,40.038381,1.386128,0.305709,54.072454,329,329,326,0.990881,0.979167,0.000000,1.542080,12.342236,0.551709,0.001208,10.617441,1.171336,195,0.592705,0.770833,0.648499,-0.045372,16.976788
40,2573151513851,1,orb_cpu,stereo,63.716017,64.770228,0.000000,0.000000,0.000000,0.000000,0.000000,0.000000,0.000000,0.000000,600,600,65.018354,20.178503,3.524091,88.720948,407,354,353,0.867322,0.333333,0.000000,1.520004,0.000000,0.000000,0.000000,0.000000,0.000000,338,0.830467,0.333333,0.935424,0.588273,7.736226
41,2573241482810,1,xfeat_star_coarse,stereo,21.875424,37.305791,4.763094,4.690218,0.000917,15.651410,15.630243,15.466493,1.480920,1.497378,600,600,37.676459,1.612962,0.364376,39.653797,354,354,354,1.000000,0.979167,0.000000,0.000000,0.000000,0.000000,0.000000,0.000000,0.000000,174,0.491525,0.770833,0.505437,-0.253288,6.924974
41,2573241482810,1,xfeat_star_fine,stereo,21.875424,37.305791,4.763094,4.690218,0.000917,15.651410,15.630243,15.466493,1.480920,1.497378,600,600,37.676459,1.612962,0.306501,50.550779,342,342,339,0.991228,0.979167,0.000000,1.433502,10.954857,0.264250,0.000709,9.527562,1.162086,195,0.570175,0.812500,0.633217,-0.064643,7.844059
41,2573241482810,1,orb_cpu,stereo,65.378687,59.952800,0.000000,0.000000,0.000000,0.000000,0.000000,0.000000,0.000000,0.000000,600,600,65.650313,19.721253,2.741339,88.112905,404,354,354,0.876238,0.333333,0.000000,1.440002,0.000000,0.000000,0.000000,0.000000,0.000000,338,0.836634,0.333333,0.934649,0.617072,7.693268
41,2573241482810,1,xfeat_guided,temporal,23.508719,21.875424,4.746760,4.763094,0.001333,0.000917,17.299206,15.630243,1.461253,1.480920,600,600,45.384143,3.539800,0.682793,49.606736,384,381,381,0.992188,1.000000,0.000000,nan,0.000000,0.000000,0.000000,0.000000,0.000000,0,0.000000,0.000000,nan,nan,0.000000
41,2573241482810,1,orb_cpu,temporal,63.716017,65.378687,0.000000,0.000000,0.000000,0.000000,0.000000,0.000000,0.000000,0.000000,600,600,129.094704,10.122147,0.787668,140.004519,526,520,520,0.988593,0.354167,0.000000,nan,0.000000,0.000000,0.000000,0.000000,0.000000,0,0.000000,0.000000,nan,nan,0.000000
50,2574141488394,1,xfeat_star_coarse,stereo,21.481964,38.244085,3.933175,3.896384,0.000833,15.896786,15.880078,16.761245,1.667628,1.689587,600,600,38.569878,1.743420,0.286126,40.599424,354,354,354,1.000000,0.979167,0.000000,0.000000,0.000000,0.000000,0.000000,0.000000,0.000000,184,0.519774,0.729167,0.549691,-0.169293,7.044849
50,2574141488394,1,xfeat_star_fine,stereo,21.481964,38.244085,3.933175,3.896384,0.000833,15.896786,15.880078,16.761245,1.667628,1.689587,600,600,38.569878,1.743420,0.473793,51.500740,348,348,346,0.994253,0.979167,0.000000,1.476913,10.713649,0.273418,0.000458,9.292146,1.147419,216,0.620690,0.750000,0.661864,-0.047453,13.393696
50,2574141488394,1,orb_cpu,stereo,63.404183,64.804811,0.000000,0.000000,0.000000,0.000000,0.000000,0.000000,0.000000,0.000000,600,600,65.321187,15.092826,2.128213,82.542226,408,366,362,0.887255,0.333333,0.000000,1.440002,0.000000,0.000000,0.000000,0.000000,0.000000,346,0.848039,0.333333,0.937371,0.592056,7.841059
51,2574231483935,1,xfeat_star_coarse,stereo,39.133420,23.097093,4.013259,3.968259,17.636872,0.000750,15.873619,17.617581,1.609420,1.510337,600,600,39.418671,1.666921,0.358418,41.444010,343,343,343,1.000000,0.979167,0.000000,0.000000,0.000000,0.000000,0.000000,0.000000,0.000000,168,0.489796,0.687500,0.504836,-0.161671,6.786848
51,2574231483935,1,xfeat_star_fine,stereo,39.133420,23.097093,4.013259,3.968259,17.636872,0.000750,15.873619,17.617581,1.609420,1.510337,600,600,39.418671,1.666921,0.246833,52.055365,334,334,334,1.000000,0.979167,0.000000,1.551804,10.722940,0.286375,0.000583,9.284896,1.150877,194,0.580838,0.812500,0.630529,-0.048668,12.079444
51,2574231483935,1,orb_cpu,stereo,62.950557,57.996296,0.000000,0.000000,0.000000,0.000000,0.000000,0.000000,0.000000,0.000000,600,600,63.170974,10.693941,1.617796,75.482711,411,377,377,0.917275,0.333333,0.000000,1.727997,0.000000,0.000000,0.000000,0.000000,0.000000,360,0.875912,0.333333,0.934620,0.618671,7.862059
51,2574231483935,1,xfeat_guided,temporal,21.481964,39.133420,3.933175,4.013259,0.000833,17.636872,15.880078,15.873619,1.667628,1.609420,600,600,60.615384,3.534508,0.791085,64.940977,384,380,380,0.989583,1.000000,0.000000,nan,0.000000,0.000000,0.000000,0.000000,0.000000,0,0.000000,0.000000,nan,nan,0.000000
51,2574231483935,1,orb_cpu,temporal,63.404183,62.950557,0.000000,0.000000,0.000000,0.000000,0.000000,0.000000,0.000000,0.000000,600,600,126.354740,10.121022,0.678835,137.154597,523,518,518,0.990440,0.354167,0.000000,nan,0.000000,0.000000,0.000000,0.000000,0.000000,0,0.000000,0.000000,nan,nan,0.000000
60,2575131484561,1,xfeat_star_coarse,stereo,22.770259,38.716878,4.696052,4.619594,0.001000,16.575995,16.562745,15.871202,1.510212,1.649921,600,600,39.361546,1.419878,0.302667,41.084091,349,349,349,1.000000,0.979167,0.000000,0.000000,0.000000,0.000000,0.000000,0.000000,0.000000,183,0.524355,0.750000,0.545719,-0.124783,25.140931
60,2575131484561,1,xfeat_star_fine,stereo,22.770259,38.716878,4.696052,4.619594,0.001000,16.575995,16.562745,15.871202,1.510212,1.649921,600,600,39.361546,1.419878,0.315543,52.181784,338,338,335,0.991124,0.979167,0.000000,1.535706,11.084817,0.551502,0.001459,9.395562,1.135628,197,0.582840,0.812500,0.652918,-0.010025,23.953928
60,2575131484561,1,orb_cpu,stereo,65.029020,66.348023,0.000000,0.000000,0.000000,0.000000,0.000000,0.000000,0.000000,0.000000,600,596,66.597648,20.118045,4.957928,91.673621,417,365,344,0.824940,0.333333,0.000000,1.727997,0.000000,0.000000,0.000000,0.000000,0.000000,333,0.798561,0.333333,0.933839,0.590659,10.192856
61,2575221484144,1,xfeat_star_coarse,stereo,22.336342,38.764419,4.754553,4.658427,0.001083,15.877827,15.853160,16.538162,1.727213,1.689795,600,600,39.164171,1.392586,0.387542,40.944299,349,349,349,1.000000,0.979167,0.000000,0.000000,0.000000,0.000000,0.000000,0.000000,0.000000,172,0.492837,0.791667,0.514684,-0.188070,5.497054
61,2575221484144,1,xfeat_star_fine,stereo,22.336342,38.764419,4.754553,4.658427,0.001083,15.877827,15.853160,16.538162,1.727213,1.689795,600,600,39.164171,1.392586,0.613668,54.478455,335,335,334,0.997015,0.979167,0.000000,1.470192,13.308030,0.239251,0.000625,10.304898,2.763089,187,0.558209,0.812500,0.625235,-0.030575,12.937362
61,2575221484144,1,orb_cpu,stereo,64.112476,65.440396,0.000000,0.000000,0.000000,0.000000,0.000000,0.000000,0.000000,0.000000,600,600,65.671188,17.080788,2.056337,84.808313,413,373,372,0.900726,0.333333,0.000000,1.727997,0.000000,0.000000,0.000000,0.000000,0.000000,359,0.869249,0.333333,0.935457,0.602736,7.854768
61,2575221484144,1,xfeat_guided,temporal,22.770259,22.336342,4.696052,4.754553,0.001000,0.001083,16.562745,15.853160,1.510212,1.727213,600,600,45.106601,3.506716,0.595585,49.208902,384,382,382,0.994792,1.000000,0.000000,nan,0.000000,0.000000,0.000000,0.000000,0.000000,0,0.000000,0.000000,nan,nan,0.000000
61,2575221484144,1,orb_cpu,temporal,65.029020,64.112476,0.000000,0.000000,0.000000,0.000000,0.000000,0.000000,0.000000,0.000000,600,600,129.141496,10.040939,0.804794,139.987229,526,518,518,0.984791,0.354167,0.000000,nan,0.000000,0.000000,0.000000,0.000000,0.000000,0,0.000000,0.000000,nan,nan,0.000000
70,2576211494853,1,xfeat_star_coarse,stereo,33.861284,49.838277,15.091325,14.927950,0.001083,17.316580,17.296497,15.900410,1.472087,1.692920,600,600,50.386070,1.627920,0.269084,52.283074,343,343,343,1.000000,0.979167,0.000000,0.000000,0.000000,0.000000,0.000000,0.000000,0.000000,171,0.498542,0.750000,0.525115,-0.205548,7.001474
70,2576211494853,1,xfeat_star_fine,stereo,33.861284,49.838277,15.091325,14.927950,0.001083,17.316580,17.296497,15.900410,1.472087,1.692920,600,600,50.386070,1.627920,0.299709,65.814729,331,331,329,0.993958,0.979167,0.000000,1.504028,13.501030,0.364543,0.000875,12.006360,1.128919,193,0.583082,0.812500,0.644339,-0.052252,5.289220
70,2576211494853,1,orb_cpu,stereo,63.971850,65.737646,0.000000,0.000000,0.000000,0.000000,0.000000,0.000000,0.000000,0.000000,600,599,66.172689,9.070187,2.059838,77.302714,408,369,367,0.899510,0.333333,0.000000,1.727997,0.000000,0.000000,0.000000,0.000000,0.000000,354,0.867647,0.333333,0.932087,0.623808,7.757267
71,2576301492853,1,xfeat_star_coarse,stereo,39.320670,23.228926,4.656510,4.604635,17.142455,0.000875,15.872077,17.125872,1.649503,1.497336,600,600,39.655755,1.622753,0.273459,41.551967,349,349,349,1.000000,0.958333,0.000000,0.000000,0.000000,0.000000,0.000000,0.000000,0.000000,165,0.472779,0.708333,0.493194,-0.188361,6.849348
71,2576301492853,1,xfeat_star_fine,stereo,39.320670,23.228926,4.656510,4.604635,17.142455,0.000875,15.872077,17.125872,1.649503,1.497336,600,600,39.655755,1.622753,0.351876,52.327158,340,340,339,0.997059,0.958333,0.000000,1.466553,10.696774,0.243751,0.000709,9.305687,1.146461,195,0.573529,0.812500,0.611790,-0.070094,6.679098
71,2576301492853,1,orb_cpu,stereo,59.212964,60.839635,0.000000,0.000000,0.000000,0.000000,0.000000,0.000000,0.000000,0.000000,600,600,61.157135,11.996402,2.718256,75.871793,424,370,367,0.865566,0.333333,0.000000,1.727997,0.000000,0.000000,0.000000,0.000000,0.000000,350,0.825472,0.333333,0.929648,0.569531,8.103393
71,2576301492853,1,xfeat_guided,temporal,33.861284,39.320670,15.091325,4.656510,0.001083,17.142455,17.296497,15.872077,1.472087,1.649503,600,600,73.181954,3.558800,0.768460,77.509214,384,379,379,0.986979,1.000000,0.000000,nan,0.000000,0.000000,0.000000,0.000000,0.000000,0,0.000000,0.000000,nan,nan,0.000000
71,2576301492853,1,orb_cpu,temporal,63.971850,59.212964,0.000000,0.000000,0.000000,0.000000,0.000000,0.000000,0.000000,0.000000,600,600,123.184814,10.255315,0.660376,134.100505,522,516,516,0.988506,0.354167,0.000000,nan,0.000000,0.000000,0.000000,0.000000,0.000000,0,0.000000,0.000000,nan,nan,0.000000
80,2577201491645,1,xfeat_star_coarse,stereo,23.171676,39.097545,4.720010,4.656719,0.001167,16.954912,16.967413,15.864327,1.482836,1.621337,600,600,39.677005,5.664054,1.607671,46.948730,350,350,350,1.000000,0.979167,0.000000,0.000000,0.000000,0.000000,0.000000,0.000000,0.000000,187,0.534286,0.770833,0.540686,-0.115206,26.277016
80,2577201491645,1,xfeat_star_fine,stereo,23.171676,39.097545,4.720010,4.656719,0.001167,16.954912,16.967413,15.864327,1.482836,1.621337,600,600,39.677005,5.664054,0.302543,56.726752,337,337,335,0.994065,0.979167,0.000000,1.538574,11.083150,0.558460,0.001208,9.384021,1.138919,203,0.602374,0.812500,0.650341,0.037145,24.779846
80,2577201491645,1,orb_cpu,stereo,66.011605,65.637520,0.000000,0.000000,0.000000,0.000000,0.000000,0.000000,0.000000,0.000000,600,600,66.272480,21.981340,4.017717,92.271537,408,363,361,0.884804,0.333333,0.000000,1.727997,0.000000,0.000000,0.000000,0.000000,0.000000,344,0.843137,0.333333,0.937758,0.611902,8.731769
81,2577291484020,1,xfeat_star_coarse,stereo,39.066211,22.322674,4.824760,4.705927,15.862911,0.001291,16.690162,15.897494,1.688253,1.717670,600,600,39.377046,1.364337,0.296334,41.037717,335,335,335,1.000000,0.979167,0.000000,0.000000,0.000000,0.000000,0.000000,0.000000,0.000000,178,0.531343,0.729167,0.566930,-0.190701,5.295053
81,2577291484020,1,xfeat_star_fine,stereo,39.066211,22.322674,4.824760,4.705927,15.862911,0.001291,16.690162,15.897494,1.688253,1.717670,600,600,39.377046,1.364337,0.618793,54.521997,326,326,323,0.990798,0.979167,0.000000,1.501465,13.161821,0.234334,0.000459,10.306356,2.620422,185,0.567485,0.750000,0.646663,-0.080822,11.698359
81,2577291484020,1,orb_cpu,stereo,63.963100,65.250812,0.000000,0.000000,0.000000,0.000000,0.000000,0.000000,0.000000,0.000000,600,600,65.544145,8.076518,1.537711,75.158374,404,359,358,0.886139,0.333333,0.000000,1.440002,0.000000,0.000000,0.000000,0.000000,0.000000,343,0.849010,0.333333,0.932020,0.618190,7.293600
81,2577291484020,1,xfeat_guided,temporal,23.171676,39.066211,4.720010,4.824760,0.001167,15.862911,16.967413,16.690162,1.482836,1.688253,600,600,62.237887,3.563633,0.683835,66.485355,384,382,382,0.994792,1.000000,0.000000,nan,0.000000,0.000000,0.000000,0.000000,0.000000,0,0.000000,0.000000,nan,nan,0.000000
81,2577291484020,1,orb_cpu,temporal,66.011605,63.963100,0.000000,0.000000,0.000000,0.000000,0.000000,0.000000,0.000000,0.000000,600,600,129.974705,10.092356,0.708834,140.775895,527,526,526,0.998102,0.354167,0.000000,nan,0.000000,0.000000,0.000000,0.000000,0.000000,0,0.000000,0.000000,nan,nan,0.000000
90,2578191503937,1,xfeat_star_coarse,stereo,21.407797,37.969834,3.846258,3.802842,0.000958,15.910994,15.889286,16.608203,1.671045,1.647670,600,600,38.376210,1.599796,0.356459,40.332465,337,337,337,1.000000,0.979167,0.000000,0.000000,0.000000,0.000000,0.000000,0.000000,0.000000,173,0.513353,0.750000,0.553901,-0.147601,6.816640
90,2578191503937,1,xfeat_star_fine,stereo,21.407797,37.969834,3.846258,3.802842,0.000958,15.910994,15.889286,16.608203,1.671045,1.647670,600,600,38.376210,1.599796,0.359542,54.169412,326,326,325,0.996933,0.979167,0.000000,1.435394,13.833864,0.373710,0.001083,12.106277,1.352544,188,0.576687,0.812500,0.639895,-0.025440,6.415723
90,2578191503937,1,orb_cpu,stereo,63.474807,65.449728,0.000000,0.000000,0.000000,0.000000,0.000000,0.000000,0.000000,0.000000,600,600,65.949146,17.022663,2.887965,85.859774,409,355,354,0.865526,0.333333,0.000000,1.727997,0.000000,0.000000,0.000000,0.000000,0.000000,339,0.828851,0.333333,0.926328,0.587117,7.720975
91,2578281501270,1,xfeat_star_coarse,stereo,22.931175,39.101795,4.618968,4.579177,0.001083,16.858287,16.836829,15.897161,1.474003,1.766962,600,600,39.417754,1.616421,0.357542,41.391717,337,337,337,1.000000,0.979167,0.000000,0.000000,0.000000,0.000000,0.000000,0.000000,0.000000,175,0.519288,0.770833,0.571406,-0.154788,6.635723
91,2578281501270,1,xfeat_star_fine,stereo,22.931175,39.101795,4.618968,4.579177,0.001083,16.858287,16.836829,15.897161,1.474003,1.766962,600,600,39.417754,1.616421,0.361292,52.115532,328,328,325,0.990854,0.979167,0.000000,1.445236,10.720065,0.256376,0.000709,9.326187,1.136627,198,0.603659,0.791667,0.661303,0.029564,6.476223
91,2578281501270,1,orb_cpu,stereo,59.326923,61.054927,0.000000,0.000000,0.000000,0.000000,0.000000,0.000000,0.000000,0.000000,600,598,61.344220,17.143622,2.978756,81.466598,405,346,340,0.839506,0.333333,0.000000,1.727997,0.000000,0.000000,0.000000,0.000000,0.000000,325,0.802469,0.333333,0.929271,0.592413,7.777934
91,2578281501270,1,xfeat_guided,temporal,21.407797,22.931175,3.846258,4.618968,0.000958,0.001083,15.889286,16.836829,1.671045,1.474003,600,600,44.338972,3.562842,1.050794,48.952608,384,373,373,0.971354,1.000000,0.000000,nan,0.000000,0.000000,0.000000,0.000000,0.000000,0,0.000000,0.000000,nan,nan,0.000000
91,2578281501270,1,orb_cpu,temporal,63.474807,59.326923,0.000000,0.000000,0.000000,0.000000,0.000000,0.000000,0.000000,0.000000,600,600,122.801730,9.058228,0.619043,132.479001,525,522,522,0.994286,0.354167,0.000000,nan,0.000000,0.000000,0.000000,0.000000,0.000000,0,0.000000,0.000000,nan,nan,0.000000
100,2579271529354,1,xfeat_star_coarse,stereo,23.071676,38.424043,4.747219,4.661969,0.000958,16.848328,16.835162,15.453701,1.488170,1.459920,600,600,38.981044,5.515720,1.180211,45.676975,345,345,345,1.000000,0.979167,0.000000,0.000000,0.000000,0.000000,0.000000,0.000000,0.000000,179,0.518841,0.812500,0.539377,-0.184531,25.956765
100,2579271529354,1,xfeat_star_fine,stereo,23.071676,38.424043,4.747219,4.661969,0.000958,16.848328,16.835162,15.453701,1.488170,1.459920,600,600,38.981044,5.515720,0.314667,55.861039,337,337,336,0.997033,0.979167,0.000000,1.430025,11.049608,0.549293,0.001375,9.369229,1.129211,203,0.602374,0.812500,0.655474,-0.030036,19.996503
100,2579271529354,1,orb_cpu,stereo,64.432851,65.386269,0.000000,0.000000,0.000000,0.000000,0.000000,0.000000,0.000000,0.000000,598,598,65.648770,20.261503,4.100759,90.011032,389,350,350,0.899743,0.333333,0.000000,1.727997,0.000000,0.000000,0.000000,0.000000,0.000000,331,0.850900,0.333333,0.938090,0.572656,12.412069
101,2579361495313,1,xfeat_star_coarse,stereo,22.601550,39.203129,4.690469,4.650344,0.000792,16.228619,16.229286,16.635453,1.680670,1.688546,600,600,39.566379,1.613212,0.363042,41.542633,350,350,350,1.000000,0.979167,0.000000,0.000000,0.000000,0.000000,0.000000,0.000000,0.000000,180,0.514286,0.791667,0.545375,-0.180332,6.834682
101,2579361495313,1,xfeat_star_fine,stereo,22.601550,39.203129,4.690469,4.650344,0.000792,16.228619,16.229286,16.635453,1.680670,1.688546,600,600,39.566379,1.613212,0.305709,52.602575,339,339,337,0.994100,0.979167,0.000000,1.548573,11.117275,0.273376,0.000792,9.657521,1.185420,196,0.578171,0.812500,0.650831,-0.071988,9.919522
101,2579361495313,1,orb_cpu,stereo,68.043484,62.694681,0.000000,0.000000,0.000000,0.000000,0.000000,0.000000,0.000000,0.000000,598,600,68.261526,20.126670,4.314677,92.702873,401,360,358,0.892768,0.333333,0.000000,1.727997,0.000000,0.000000,0.000000,0.000000,0.000000,340,0.847880,0.333333,0.937004,0.608255,9.517312
101,2579361495313,1,xfeat_guided,temporal,23.071676,22.601550,4.747219,4.690469,0.000958,0.000792,16.835162,16.229286,1.488170,1.680670,600,600,45.673226,3.525299,0.819502,50.018027,384,379,379,0.986979,1.000000,0.000000,nan,0.000000,0.000000,0.000000,0.000000,0.000000,0,0.000000,0.000000,nan,nan,0.000000
101,2579361495313,1,orb_cpu,temporal,64.432851,68.043484,0.000000,0.000000,0.000000,0.000000,0.000000,0.000000,0.000000,0.000000,598,598,132.476335,10.030939,0.973294,143.480568,520,516,516,0.992308,0.354167,0.000000,nan,0.000000,0.000000,0.000000,0.000000,0.000000,0,0.000000,0.000000,nan,nan,0.000000
110,2580261503230,1,xfeat_star_coarse,stereo,23.064634,40.184297,4.674593,4.633677,0.001083,16.670078,16.647453,17.418956,1.741171,1.461253,600,600,40.524757,1.467378,0.314543,42.306678,358,358,358,1.000000,1.000000,0.000000,0.000000,0.000000,0.000000,0.000000,0.000000,0.000000,208,0.581006,0.812500,0.657577,-0.059978,6.653140
110,2580261503230,1,xfeat_star_fine,stereo,23.064634,40.184297,4.674593,4.633677,0.001083,16.670078,16.647453,17.418956,1.741171,1.461253,600,600,40.524757,1.467378,0.618043,56.380917,355,355,355,1.000000,1.000000,0.000000,1.503242,13.770739,0.260126,0.000958,10.697273,2.812215,234,0.659155,0.833333,0.729860,-0.063331,13.520614
110,2580261503230,1,orb_cpu,stereo,62.630014,64.966810,0.000000,0.000000,0.000000,0.000000,0.000000,0.000000,0.000000,0.000000,600,597,65.424894,20.430836,2.733964,88.589694,419,392,388,0.926014,0.333333,0.000000,1.440006,0.000000,0.000000,0.000000,0.000000,0.000000,374,0.892601,0.333333,0.938647,0.639990,7.894060
111,2580351508313,1,xfeat_star_coarse,stereo,22.999093,40.177838,4.558719,4.493884,0.001166,16.742496,16.715371,17.463663,1.723587,1.477670,600,600,40.509298,1.468129,0.309293,42.286720,355,355,355,1.000000,1.000000,0.000000,0.000000,0.000000,0.000000,0.000000,0.000000,0.000000,209,0.588732,0.895833,0.576636,-0.021939,6.842140
111,2580351508313,1,xfeat_star_fine,stereo,22.999093,40.177838,4.558719,4.493884,0.001166,16.742496,16.715371,17.463663,1.723587,1.477670,600,600,40.509298,1.468129,0.325626,53.828079,345,345,343,0.994203,1.000000,0.000000,1.649689,11.525026,0.316126,0.000917,10.111897,1.095920,208,0.602899,0.875000,0.656738,-0.032962,5.529928
111,2580351508313,1,orb_cpu,stereo,61.773636,57.914419,0.000000,0.000000,0.000000,0.000000,0.000000,0.000000,0.000000,0.000000,600,600,62.018804,9.778063,1.885587,73.682454,417,382,379,0.908873,0.354167,0.000000,1.727997,0.000000,0.000000,0.000000,0.000000,0.000000,370,0.887290,0.354167,0.950386,0.687922,7.989226
111,2580351508313,1,xfeat_guided,temporal,23.064634,22.999093,4.674593,4.558719,0.001083,0.001166,16.647453,16.715371,1.741171,1.723587,600,600,46.063727,3.354716,7.998268,57.416711,362,272,272,0.751381,0.895833,0.000000,nan,0.000000,0.000000,0.000000,0.000000,0.000000,0,0.000000,0.000000,nan,nan,0.000000
111,2580351508313,1,orb_cpu,temporal,62.630014,61.773636,0.000000,0.000000,0.000000,0.000000,0.000000,0.000000,0.000000,0.000000,600,600,124.403650,10.067356,3.160173,137.631179,427,363,363,0.850117,0.312500,1.440002,nan,0.000000,0.000000,0.000000,0.000000,0.000000,0,0.000000,0.000000,nan,nan,0.000000
120,2581341517064,1,xfeat_star_coarse,stereo,23.286468,39.413254,4.685885,4.606844,0.001083,17.155663,17.135079,15.906327,1.464254,1.744170,600,600,39.927421,1.425628,0.305626,41.658675,336,336,336,1.000000,1.000000,0.000000,0.000000,0.000000,0.000000,0.000000,0.000000,0.000000,199,0.592262,0.854167,0.637090,-0.148476,16.733703
120,2581341517064,1,xfeat_star_fine,stereo,23.286468,39.413254,4.685885,4.606844,0.001083,17.155663,17.135079,15.906327,1.464254,1.744170,600,600,39.927421,1.425628,0.303626,52.679241,331,331,331,1.000000,1.000000,0.000000,1.808273,11.022566,0.548501,0.001375,9.369021,1.103127,212,0.640483,0.937500,0.694503,0.006072,14.475615
120,2581341517064,1,orb_cpu,stereo,62.252845,57.756461,0.000000,0.000000,0.000000,0.000000,0.000000,0.000000,0.000000,0.000000,600,598,62.476429,20.809796,3.252299,86.538524,414,377,377,0.910628,0.416667,0.000000,1.728004,0.000000,0.000000,0.000000,0.000000,0.000000,368,0.888889,0.416667,0.954952,0.662182,10.251439
121,2581431510480,1,xfeat_star_coarse,stereo,22.287800,38.830919,4.715719,4.664719,0.000917,15.927910,15.907410,16.602537,1.663504,1.635503,600,600,39.193629,1.602920,0.620168,41.416717,351,351,351,1.000000,1.000000,0.000000,0.000000,0.000000,0.000000,0.000000,0.000000,0.000000,186,0.529915,0.812500,0.561928,-0.173192,13.299654
121,2581431510480,1,xfeat_star_fine,stereo,22.287800,38.830919,4.715719,4.664719,0.000917,15.927910,15.907410,16.602537,1.663504,1.635503,600,600,39.193629,1.602920,0.312126,52.080533,345,345,345,1.000000,1.000000,0.000000,1.810791,10.971858,0.487709,0.000958,9.331104,1.151795,210,0.608696,0.895833,0.659585,-0.031211,9.418271
121,2581431510480,1,orb_cpu,stereo,61.221844,63.150931,0.000000,0.000000,0.000000,0.000000,0.000000,0.000000,0.000000,0.000000,600,598,63.415556,20.145919,3.288966,86.850441,410,369,362,0.882927,0.354167,0.000000,1.728004,0.000000,0.000000,0.000000,0.000000,0.000000,349,0.851220,0.354167,0.930139,0.611851,8.304518
121,2581431510480,1,xfeat_guided,temporal,23.286468,22.287800,4.685885,4.715719,0.001083,0.000917,17.135079,15.907410,1.464254,1.663504,600,600,45.574268,3.202632,7.129140,55.906040,341,258,258,0.756598,0.875000,0.000000,nan,0.000000,0.000000,0.000000,0.000000,0.000000,0,0.000000,0.000000,nan,nan,0.000000
121,2581431510480,1,orb_cpu,temporal,62.252845,61.221844,0.000000,0.000000,0.000000,0.000000,0.000000,0.000000,0.000000,0.000000,600,600,123.474689,10.066564,2.423547,135.964800,439,378,378,0.861048,0.312500,1.000000,nan,0.000000,0.000000,0.000000,0.000000,0.000000,0,0.000000,0.000000,nan,nan,0.000000
130,2582331513856,1,xfeat_star_coarse,stereo,38.426126,21.424006,3.933717,3.893175,15.852285,0.000875,16.918912,15.832160,1.720879,1.697546,600,600,38.818211,1.663379,0.467918,40.949508,345,345,345,1.000000,1.000000,0.000000,0.000000,0.000000,0.000000,0.000000,0.000000,0.000000,161,0.466667,0.770833,0.479772,-0.271085,6.818807
130,2582331513856,1,xfeat_star_fine,stereo,38.426126,21.424006,3.933717,3.893175,15.852285,0.000875,16.918912,15.832160,1.720879,1.697546,600,600,38.818211,1.663379,0.306626,51.500489,328,328,327,0.996951,1.000000,0.000000,1.657410,10.712273,0.274875,0.000667,9.290229,1.146377,193,0.588415,0.895833,0.612198,-0.041389,12.051318
130,2582331513856,1,orb_cpu,stereo,62.820764,65.169852,0.000000,0.000000,0.000000,0.000000,0.000000,0.000000,0.000000,0.000000,599,588,65.617686,16.782037,1.551753,83.951476,395,364,361,0.913924,0.416667,0.000000,1.727997,0.000000,0.000000,0.000000,0.000000,0.000000,350,0.886076,0.416667,0.943886,0.622508,9.623313
131,2582421519397,1,xfeat_star_coarse,stereo,20.824921,36.957164,3.840967,3.801591,0.001000,15.481659,15.464575,15.874160,1.518254,1.799629,600,600,37.276791,1.574045,0.275417,39.126253,357,357,357,1.000000,0.979167,0.000000,0.000000,0.000000,0.000000,0.000000,0.000000,0.000000,188,0.526611,0.833333,0.579096,-0.256007,7.527934
131,2582421519397,1,xfeat_star_fine,stereo,20.824921,36.957164,3.840967,3.801591,0.001000,15.481659,15.464575,15.874160,1.518254,1.799629,600,600,37.276791,1.574045,0.375501,53.096825,350,350,350,1.000000,0.979167,0.000000,1.623749,13.870488,0.388209,0.000917,12.054859,1.426253,216,0.617143,0.895833,0.697846,0.039494,8.936020
131,2582421519397,1,orb_cpu,stereo,67.457024,68.785484,0.000000,0.000000,0.000000,0.000000,0.000000,0.000000,0.000000,0.000000,595,583,69.175694,17.630788,1.896129,88.702611,387,351,350,0.904393,0.395833,0.000000,1.727997,0.000000,0.000000,0.000000,0.000000,0.000000,341,0.881137,0.395833,0.945703,0.713940,7.481475
131,2582421519397,1,xfeat_guided,temporal,38.426126,20.824921,3.933717,3.840967,15.852285,0.001000,16.918912,15.464575,1.720879,1.518254,600,600,59.251047,2.973007,8.044643,70.268697,328,240,240,0.731707,0.875000,0.000000,nan,0.000000,0.000000,0.000000,0.000000,0.000000,0,0.000000,0.000000,nan,nan,0.000000
131,2582421519397,1,orb_cpu,temporal,62.820764,67.457024,0.000000,0.000000,0.000000,0.000000,0.000000,0.000000,0.000000,0.000000,599,595,130.277788,8.343851,2.173546,140.795185,404,359,359,0.888614,0.416667,0.000000,nan,0.000000,0.000000,0.000000,0.000000,0.000000,0,0.000000,0.000000,nan,nan,0.000000
140,2583321508481,1,xfeat_star_coarse,stereo,23.386718,39.384587,4.740844,4.635927,0.001083,17.166913,17.153913,15.882410,1.490628,1.699170,600,600,39.945713,1.360419,0.301334,41.607466,357,357,357,1.000000,1.000000,0.000000,0.000000,0.000000,0.000000,0.000000,0.000000,0.000000,199,0.557423,0.833333,0.573364,-0.188980,15.555284
140,2583321508481,1,xfeat_star_fine,stereo,23.386718,39.384587,4.740844,4.635927,0.001083,17.166913,17.153913,15.882410,1.490628,1.699170,600,600,39.945713,1.360419,0.244376,55.099413,351,351,350,0.997151,1.000000,0.000000,1.642323,13.548905,0.387001,0.000791,11.997860,1.162961,218,0.621083,0.895833,0.663026,0.002114,5.601637
140,2583321508481,1,orb_cpu,stereo,67.176731,61.534844,0.000000,0.000000,0.000000,0.000000,0.000000,0.000000,0.000000,0.000000,597,593,67.398481,14.486032,2.460089,84.344602,390,367,365,0.935897,0.458333,0.000000,2.000000,0.000000,0.000000,0.000000,0.000000,0.000000,355,0.910256,0.458333,0.951619,0.648335,7.430516
141,2583411508940,1,xfeat_star_coarse,stereo,37.738958,21.626131,4.716594,4.661885,15.475618,0.001000,15.929118,15.454617,1.617420,1.508295,600,600,38.063292,1.364545,0.297084,39.724921,359,359,359,1.000000,0.979167,0.000000,0.000000,0.000000,0.000000,0.000000,0.000000,0.000000,195,0.543175,0.791667,0.575490,-0.205580,6.945099
141,2583411508940,1,xfeat_star_fine,stereo,37.738958,21.626131,4.716594,4.661885,15.475618,0.001000,15.929118,15.454617,1.617420,1.508295,600,600,38.063292,1.364545,0.650710,53.885869,352,352,352,1.000000,0.979167,0.000000,1.665401,13.807322,0.266292,0.000666,10.703024,2.837173,223,0.633523,0.875000,0.717651,-0.047792,14.857616
141,2583411508940,1,orb_cpu,stereo,59.827881,61.266968,0.000000,0.000000,0.000000,0.000000,0.000000,0.000000,0.000000,0.000000,600,591,61.524510,10.168147,1.142044,72.834701,375,353,351,0.936000,0.395833,0.000000,1.864006,0.000000,0.000000,0.000000,0.000000,0.000000,341,0.909333,0.395833,0.945084,0.716952,7.154974
141,2583411508940,1,xfeat_guided,temporal,23.386718,37.738958,4.740844,4.716594,0.001083,15.475618,17.153913,15.929118,1.490628,1.617420,600,600,61.125676,3.172673,7.219266,71.517615,356,272,272,0.764045,0.895833,0.000000,nan,0.000000,0.000000,0.000000,0.000000,0.000000,0,0.000000,0.000000,nan,nan,0.000000
141,2583411508940,1,orb_cpu,temporal,67.176731,59.827881,0.000000,0.000000,0.000000,0.000000,0.000000,0.000000,0.000000,0.000000,597,600,127.004612,10.040689,2.314088,139.359389,422,375,375,0.888626,0.395833,1.440002,nan,0.000000,0.000000,0.000000,0.000000,0.000000,0,0.000000,0.000000,nan,nan,0.000000
150,2584401515940,1,xfeat_star_coarse,stereo,47.837772,31.583069,12.636862,12.468902,17.642372,0.001042,15.890702,17.626372,1.667420,1.486586,600,600,48.247148,1.764170,0.584251,50.595569,344,344,344,1.000000,0.979167,0.000000,0.000000,0.000000,0.000000,0.000000,0.000000,0.000000,167,0.485465,0.770833,0.500923,-0.150127,6.763431
150,2584401515940,1,xfeat_star_fine,stereo,47.837772,31.583069,12.636862,12.468902,17.642372,0.001042,15.890702,17.626372,1.667420,1.486586,600,600,48.247148,1.764170,0.527085,61.246927,334,334,333,0.997006,0.979167,0.000000,1.702438,10.708524,0.253834,0.000583,9.321979,1.131919,194,0.580838,0.854167,0.620455,-0.028128,12.846236
150,2584401515940,1,orb_cpu,stereo,62.614596,64.791601,0.000000,0.000000,0.000000,0.000000,0.000000,0.000000,0.000000,0.000000,600,582,65.244018,18.425624,1.451711,85.121353,384,355,350,0.911458,0.395833,0.000000,2.000000,0.000000,0.000000,0.000000,0.000000,0.000000,343,0.893229,0.395833,0.947475,0.683199,7.358808
151,2584491539523,1,xfeat_star_coarse,stereo,21.566339,38.190542,3.914342,3.853216,0.001041,15.881452,15.867077,16.906870,1.783670,1.548879,600,600,38.524626,1.596421,0.374792,40.495839,334,334,334,1.000000,1.000000,0.000000,0.000000,0.000000,0.000000,0.000000,0.000000,0.000000,168,0.502994,0.812500,0.557924,-0.245387,6.678932
151,2584491539523,1,xfeat_star_fine,stereo,21.566339,38.190542,3.914342,3.853216,0.001041,15.881452,15.867077,16.906870,1.783670,1.548879,600,600,38.524626,1.596421,0.304834,51.143613,324,324,324,1.000000,1.000000,0.000000,1.800789,10.717732,0.305168,0.000666,9.283021,1.128627,185,0.570988,0.875000,0.659442,-0.070132,9.885230
151,2584491539523,1,orb_cpu,stereo,58.442837,60.870467,0.000000,0.000000,0.000000,0.000000,0.000000,0.000000,0.000000,0.000000,600,592,61.127426,10.912065,1.425878,73.465369,382,357,357,0.934555,0.437500,0.000000,2.000000,0.000000,0.000000,0.000000,0.000000,0.000000,345,0.903141,0.437500,0.946772,0.677901,7.353599
151,2584491539523,1,xfeat_guided,temporal,47.837772,21.566339,12.636862,3.914342,17.642372,0.001041,15.890702,15.867077,1.667420,1.783670,600,600,69.404111,2.961090,11.240692,83.605893,329,234,234,0.711246,0.854167,0.000000,nan,0.000000,0.000000,0.000000,0.000000,0.000000,0,0.000000,0.000000,nan,nan,0.000000
151,2584491539523,1,orb_cpu,temporal,62.614596,58.442837,0.000000,0.000000,0.000000,0.000000,0.000000,0.000000,0.000000,0.000000,600,600,121.057433,10.096814,2.083338,133.237585,412,369,369,0.895631,0.416667,0.000000,nan,0.000000,0.000000,0.000000,0.000000,0.000000,0,0.000000,0.000000,nan,nan,0.000000
160,2585391530899,1,xfeat_star_coarse,stereo,22.951508,38.376334,4.760218,4.729510,0.000916,16.608537,16.636995,15.471575,1.553170,1.566545,600,600,38.896293,1.348961,0.305209,40.550463,361,361,361,1.000000,1.000000,0.000000,0.000000,0.000000,0.000000,0.000000,0.000000,0.000000,174,0.481994,0.791667,0.484560,-0.254409,5.707304
160,2585391530899,1,xfeat_star_fine,stereo,22.951508,38.376334,4.760218,4.729510,0.000916,16.608537,16.636995,15.471575,1.553170,1.566545,600,600,38.896293,1.348961,0.643793,54.286868,350,350,347,0.991429,1.000000,0.000000,1.831100,13.397821,0.238584,0.000459,10.312939,2.845714,192,0.548571,0.875000,0.621162,-0.052967,13.225029
160,2585391530899,1,orb_cpu,stereo,65.338644,65.646436,0.000000,0.000000,0.000000,0.000000,0.000000,0.000000,0.000000,0.000000,600,592,65.890562,8.013017,1.838963,75.742542,362,320,315,0.870166,0.416667,0.000000,1.728004,0.000000,0.000000,0.000000,0.000000,0.000000,300,0.828729,0.416667,0.937992,0.576455,6.612389
161,2585481522149,1,xfeat_star_coarse,stereo,22.215382,38.991294,4.668386,4.618302,0.000666,15.895535,15.875952,16.620703,1.670128,1.856546,600,600,39.413795,2.790381,0.663751,42.867927,370,370,370,1.000000,1.000000,0.000000,0.000000,0.000000,0.000000,0.000000,0.000000,0.000000,182,0.491892,0.729167,0.519905,-0.200275,10.037189
161,2585481522149,1,xfeat_star_fine,stereo,22.215382,38.991294,4.668386,4.618302,0.000666,15.895535,15.875952,16.620703,1.670128,1.856546,600,600,39.413795,2.790381,0.641376,56.303707,358,358,357,0.997207,1.000000,0.000000,1.610474,13.458155,0.273918,0.000792,10.260105,2.923132,199,0.555866,0.791667,0.620944,-0.012568,13.737947
161,2585481522149,1,orb_cpu,stereo,64.909393,66.324062,0.000000,0.000000,0.000000,0.000000,0.000000,0.000000,0.000000,0.000000,599,592,66.615604,19.275459,2.045796,87.936859,367,328,327,0.891008,0.479167,0.000000,1.727997,0.000000,0.000000,0.000000,0.000000,0.000000,314,0.855586,0.479167,0.932674,0.573081,7.011807
161,2585481522149,1,xfeat_guided,temporal,22.951508,22.215382,4.760218,4.668386,0.000916,0.000666,16.636995,15.875952,1.553170,1.670128,600,600,45.166890,3.057840,9.406645,57.631375,351,255,255,0.726496,0.854167,0.000000,nan,0.000000,0.000000,0.000000,0.000000,0.000000,0,0.000000,0.000000,nan,nan,0.000000
161,2585481522149,1,orb_cpu,temporal,65.338644,64.909393,0.000000,0.000000,0.000000,0.000000,0.000000,0.000000,0.000000,0.000000,600,599,130.248037,10.079563,2.064254,142.391854,401,356,356,0.887781,0.375000,0.200012,nan,0.000000,0.000000,0.000000,0.000000,0.000000,0,0.000000,0.000000,nan,nan,0.000000
170,2586381516566,1,xfeat_star_coarse,stereo,21.451047,38.263793,3.860758,3.826550,0.000916,15.902785,15.893535,16.718287,1.695546,1.815879,600,600,38.595251,1.600837,0.362418,40.558506,355,355,355,1.000000,1.000000,0.000000,8.000000,0.000000,0.000000,0.000000,0.000000,0.000000,177,0.498592,0.875000,0.543198,-0.275566,7.650767
170,2586381516566,1,xfeat_star_fine,stereo,21.451047,38.263793,3.860758,3.826550,0.000916,15.902785,15.893535,16.718287,1.695546,1.815879,600,600,38.595251,1.600837,0.306334,54.069785,346,346,344,0.994220,1.000000,0.000000,7.689454,13.567363,0.399793,0.000958,11.989360,1.177002,198,0.572254,0.937500,0.658672,-0.129835,5.539970
170,2586381516566,1,orb_cpu,stereo,63.089805,65.443268,0.000000,0.000000,0.000000,0.000000,0.000000,0.000000,0.000000,0.000000,600,593,65.929520,9.210687,2.142213,77.282420,376,335,331,0.880319,0.395833,0.000000,2.000000,0.000000,0.000000,0.000000,0.000000,0.000000,315,0.837766,0.395833,0.936127,0.609075,7.143849
171,2586561521983,1,xfeat_star_coarse,stereo,36.410871,20.892671,3.927884,3.883550,15.497992,0.000750,15.485742,15.471700,1.499003,1.536504,600,600,36.680997,1.635796,0.379168,38.695961,346,346,346,1.000000,0.979167,0.000000,8.000000,0.000000,0.000000,0.000000,0.000000,0.000000,178,0.514451,0.812500,0.512810,-0.266467,7.078932
171,2586561521983,1,xfeat_star_fine,stereo,36.410871,20.892671,3.927884,3.883550,15.497992,0.000750,15.485742,15.471700,1.499003,1.536504,600,600,36.680997,1.635796,0.317000,49.385650,340,340,340,1.000000,0.979167,0.000000,8.448608,10.751857,0.243542,0.000792,9.334562,1.172794,200,0.588235,0.833333,0.621719,-0.108546,6.869390
171,2586561521983,1,orb_cpu,stereo,58.641753,61.043467,0.000000,0.000000,0.000000,0.000000,0.000000,0.000000,0.000000,0.000000,591,582,61.359468,9.718521,2.154921,73.232910,349,311,309,0.885387,0.354167,0.000000,1.728012,0.000000,0.000000,0.000000,0.000000,0.000000,295,0.845272,0.354167,0.937949,0.624554,6.667390
171,2586561521983,1,xfeat_guided,temporal,21.451047,36.410871,3.860758,3.927884,0.000916,15.497992,15.893535,15.485742,1.695546,1.499003,600,600,57.861918,3.112173,8.247227,69.221318,315,236,236,0.749206,0.812500,0.000000,nan,0.000000,0.000000,0.000000,0.000000,0.000000,0,0.000000,0.000000,nan,nan,0.000000
171,2586561521983,1,orb_cpu,temporal,63.089805,58.641753,0.000000,0.000000,0.000000,0.000000,0.000000,0.000000,0.000000,0.000000,600,591,121.731558,10.022522,3.782592,135.536672,370,304,304,0.821622,0.375000,1.000000,nan,0.000000,0.000000,0.000000,0.000000,0.000000,0,0.000000,0.000000,nan,nan,0.000000
180,2587461523650,1,xfeat_star_coarse,stereo,40.700547,22.880550,4.707927,4.619094,16.603911,0.000667,17.970831,16.581536,1.417628,1.679087,600,600,41.248715,2.432297,0.649626,44.330638,350,350,350,1.000000,1.000000,0.000000,8.000000,0.000000,0.000000,0.000000,0.000000,0.000000,202,0.577143,0.895833,0.632810,-0.250240,18.541624
180,2587461523650,1,xfeat_star_fine,stereo,40.700547,22.880550,4.707927,4.619094,16.603911,0.000667,17.970831,16.581536,1.417628,1.679087,600,600,41.248715,2.432297,0.306959,55.101246,339,339,337,0.994100,1.000000,0.000000,8.148884,11.113275,0.574627,0.001583,9.381021,1.155461,214,0.631268,0.916667,0.698178,0.021103,21.983006
180,2587461523650,1,orb_cpu,stereo,63.464764,64.924517,0.000000,0.000000,0.000000,0.000000,0.000000,0.000000,0.000000,0.000000,595,589,65.170434,19.754669,5.389220,90.314323,356,300,297,0.834270,0.354167,0.000000,2.000000,0.000000,0.000000,0.000000,0.000000,0.000000,288,0.808989,0.354167,0.922628,0.592208,6.753556
181,2587551526650,1,xfeat_star_coarse,stereo,22.353923,39.001752,4.693343,4.642885,0.000958,15.941077,15.918993,16.817995,1.740295,1.599420,600,600,39.401878,1.395836,0.301168,41.098882,351,351,351,1.000000,1.000000,0.000000,8.000000,0.000000,0.000000,0.000000,0.000000,0.000000,191,0.544160,0.791667,0.616187,-0.215040,5.453762
181,2587551526650,1,xfeat_star_fine,stereo,22.353923,39.001752,4.693343,4.642885,0.000958,15.941077,15.918993,16.817995,1.740295,1.599420,600,600,39.401878,1.395836,0.315501,52.411198,340,340,340,1.000000,1.000000,0.000000,8.201187,11.297983,0.290167,0.000708,9.863688,1.143253,208,0.611765,0.875000,0.694959,0.032308,5.389679
181,2587551526650,1,orb_cpu,stereo,63.397597,64.991934,0.000000,0.000000,0.000000,0.000000,0.000000,0.000000,0.000000,0.000000,600,591,65.277184,14.368240,2.274796,81.920220,339,293,292,0.861357,0.312500,0.000000,2.000000,0.000000,0.000000,0.000000,0.000000,0.000000,277,0.817109,0.312500,0.931037,0.617617,6.506306
181,2587551526650,1,xfeat_guided,temporal,40.700547,22.353923,4.707927,4.693343,16.603911,0.000958,17.970831,15.918993,1.417628,1.740295,600,600,63.054470,3.133340,8.632519,74.820329,321,236,236,0.735202,0.791667,0.000000,nan,0.000000,0.000000,0.000000,0.000000,0.000000,0,0.000000,0.000000,nan,nan,0.000000
181,2587551526650,1,orb_cpu,temporal,63.464764,63.397597,0.000000,0.000000,0.000000,0.000000,0.000000,0.000000,0.000000,0.000000,595,600,126.862361,9.962355,1.319212,138.143928,383,357,357,0.932115,0.395833,0.000000,nan,0.000000,0.000000,0.000000,0.000000,0.000000,0,0.000000,0.000000,nan,nan,0.000000
190,2588451552984,1,xfeat_star_coarse,stereo,33.785782,49.791025,14.304240,14.155947,0.000750,17.998497,17.997748,15.931077,1.482836,1.705295,600,600,50.364693,1.719296,0.367418,52.451407,355,355,355,1.000000,1.000000,0.000000,8.000000,0.000000,0.000000,0.000000,0.000000,0.000000,228,0.642254,0.875000,0.699809,0.018442,7.067015
190,2588451552984,1,xfeat_star_fine,stereo,33.785782,49.791025,14.304240,14.155947,0.000750,17.998497,17.997748,15.931077,1.482836,1.705295,600,600,50.364693,1.719296,0.491835,63.863266,346,346,344,0.994220,1.000000,0.000000,8.870071,11.287442,0.302126,0.000583,9.313271,1.671337,222,0.641618,0.916667,0.734572,-0.019070,13.336946
190,2588451552984,1,orb_cpu,stereo,61.592342,64.805516,0.000000,0.000000,0.000000,0.000000,0.000000,0.000000,0.000000,0.000000,578,589,65.308685,18.566374,2.392297,86.267356,360,316,315,0.875000,0.437500,0.000000,2.073608,0.000000,0.000000,0.000000,0.000000,0.000000,302,0.838889,0.437500,0.934237,0.624032,6.910140
191,2588541527025,1,xfeat_star_coarse,stereo,38.480626,22.938550,4.653802,4.612302,16.872412,0.001083,15.495659,16.848287,1.458587,1.476753,600,600,38.792834,1.702795,0.604085,41.099714,349,349,349,1.000000,1.000000,0.000000,8.000000,0.000000,0.000000,0.000000,0.000000,0.000000,223,0.638968,0.895833,0.679145,-0.113072,6.832515
191,2588541527025,1,xfeat_star_fine,stereo,38.480626,22.938550,4.653802,4.612302,16.872412,0.001083,15.495659,16.848287,1.458587,1.476753,600,600,38.792834,1.702795,0.239876,51.540529,337,337,337,1.000000,1.000000,0.000000,8.612640,10.805024,0.263709,0.000667,9.389395,1.151128,217,0.643917,0.895833,0.742517,-0.118440,6.348847
191,2588541527025,1,orb_cpu,stereo,60.118506,62.702887,0.000000,0.000000,0.000000,0.000000,0.000000,0.000000,0.000000,0.000000,584,578,62.961012,9.567730,3.137507,75.666249,379,323,321,0.846966,0.395833,0.000000,2.073593,0.000000,0.000000,0.000000,0.000000,0.000000,310,0.817942,0.395833,0.938301,0.659506,7.229474
191,2588541527025,1,xfeat_guided,temporal,33.785782,38.480626,14.304240,4.653802,0.000750,16.872412,17.997748,15.495659,1.482836,1.458587,600,600,72.266408,3.366132,6.733848,82.366388,356,274,274,0.769663,0.875000,0.000000,nan,0.000000,0.000000,0.000000,0.000000,0.000000,0,0.000000,0.000000,nan,nan,0.000000
191,2588541527025,1,orb_cpu,temporal,61.592342,60.118506,0.000000,0.000000,0.000000,0.000000,0.000000,0.000000,0.000000,0.000000,578,584,121.710848,9.484979,2.646797,133.842624,379,337,337,0.889182,0.375000,1.439987,nan,0.000000,0.000000,0.000000,0.000000,0.000000,0,0.000000,0.000000,nan,nan,0.000000
200,2589531530568,1,xfeat_star_coarse,stereo,39.455586,23.271884,4.705218,4.621260,17.154996,0.000750,15.883159,17.136954,1.711921,1.512629,600,600,40.050129,1.337003,0.303917,41.691049,359,359,359,1.000000,1.000000,0.000000,8.000000,0.000000,0.000000,0.000000,0.000000,0.000000,213,0.593315,0.895833,0.620257,-0.160490,8.307810
200,2589531530568,1,xfeat_star_fine,stereo,39.455586,23.271884,4.705218,4.621260,17.154996,0.000750,15.883159,17.136954,1.711921,1.512629,600,600,40.050129,1.337003,0.313209,55.294079,345,345,340,0.985507,1.000000,0.000000,8.912872,13.593738,0.376376,0.001083,12.006943,1.209003,230,0.666667,0.937500,0.761737,-0.038852,5.555012
200,2589531530568,1,orb_cpu,stereo,62.298094,64.385057,0.000000,0.000000,0.000000,0.000000,0.000000,0.000000,0.000000,0.000000,594,592,64.647766,12.194901,4.399510,81.242177,366,315,313,0.855191,0.458333,0.000000,2.488312,0.000000,0.000000,0.000000,0.000000,0.000000,298,0.814208,0.458333,0.935221,0.510974,6.935598
201,2589621546568,1,xfeat_star_coarse,stereo,22.376841,39.138210,4.723052,4.662927,0.000958,15.911868,15.897785,16.807662,1.754629,1.755587,600,600,39.504877,3.021465,0.648376,43.174718,361,361,361,1.000000,1.000000,0.000000,8.000000,0.000000,0.000000,0.000000,0.000000,0.000000,231,0.639889,0.937500,0.668510,0.017784,13.585655
201,2589621546568,1,xfeat_star_fine,stereo,22.376841,39.138210,4.723052,4.662927,0.000958,15.911868,15.897785,16.807662,1.754629,1.755587,600,600,39.504877,3.021465,0.240001,53.698908,343,343,340,0.991254,1.000000,0.000000,8.769470,10.932565,0.371584,0.001084,9.365229,1.194377,250,0.728863,0.895833,0.800043,0.138918,12.482069
201,2589621546568,1,orb_cpu,stereo,59.663380,62.221719,0.000000,0.000000,0.000000,0.000000,0.000000,0.000000,0.000000,0.000000,583,581,62.455302,18.776957,1.985588,83.217847,355,318,316,0.890141,0.437500,0.000000,2.400002,0.000000,0.000000,0.000000,0.000000,0.000000,305,0.859155,0.437500,0.939852,0.681259,6.886223
201,2589621546568,1,xfeat_guided,temporal,39.455586,22.376841,4.705218,4.723052,17.154996,0.000958,15.883159,15.897785,1.711921,1.754629,600,600,61.832427,3.277507,8.682019,73.791953,348,256,256,0.735632,0.812500,0.000000,nan,0.000000,0.000000,0.000000,0.000000,0.000000,0,0.000000,0.000000,nan,nan,0.000000
201,2589621546568,1,orb_cpu,temporal,62.298094,59.663380,0.000000,0.000000,0.000000,0.000000,0.000000,0.000000,0.000000,0.000000,594,583,121.961474,9.698397,2.775714,134.435585,342,306,306,0.894737,0.437500,0.000000,nan,0.000000,0.000000,0.000000,0.000000,0.000000,0,0.000000,0.000000,nan,nan,0.000000
210,2590521622443,1,xfeat_star_coarse,stereo,49.307815,33.044322,14.171239,14.009156,17.537413,0.000625,15.908368,17.522080,1.690628,1.512295,600,600,49.840359,1.691295,0.371793,51.903447,348,348,348,1.000000,1.000000,0.000000,8.000000,0.000000,0.000000,0.000000,0.000000,0.000000,204,0.586207,0.875000,0.635824,-0.283915,6.839139
210,2590521622443,1,xfeat_star_fine,stereo,49.307815,33.044322,14.171239,14.009156,17.537413,0.000625,15.908368,17.522080,1.690628,1.512295,600,600,49.840359,1.691295,0.315626,62.511594,336,336,335,0.997024,1.000000,0.000000,8.952484,10.664314,0.262208,0.000666,9.255146,1.146210,226,0.672619,0.895833,0.733650,-0.236622,12.853236
210,2590521622443,1,orb_cpu,stereo,61.501801,64.350265,0.000000,0.000000,0.000000,0.000000,0.000000,0.000000,0.000000,0.000000,588,573,64.840266,19.342792,2.535964,86.719022,349,306,305,0.873926,0.500000,0.000000,2.488312,0.000000,0.000000,0.000000,0.000000,0.000000,291,0.833811,0.500000,0.930301,0.617368,6.786931
211,2590611631985,1,xfeat_star_coarse,stereo,38.757417,22.686924,4.049758,3.995758,17.201454,0.001250,15.878451,17.194912,1.627587,1.494670,600,600,39.066085,1.632004,0.366209,41.064298,345,345,345,1.000000,1.000000,0.000000,8.000000,0.000000,0.000000,0.000000,0.000000,0.000000,188,0.544928,0.895833,0.599944,-0.246816,6.885974
211,2590611631985,1,xfeat_star_fine,stereo,38.757417,22.686924,4.049758,3.995758,17.201454,0.001250,15.878451,17.194912,1.627587,1.494670,600,600,39.066085,1.632004,0.362459,52.039239,338,338,337,0.997041,1.000000,0.000000,8.924225,10.978691,0.286126,0.000666,9.525938,1.165794,214,0.633136,0.895833,0.720396,-0.203461,6.717556
211,2590611631985,1,orb_cpu,stereo,59.580505,61.934301,0.000000,0.000000,0.000000,0.000000,0.000000,0.000000,0.000000,0.000000,583,563,62.183552,9.298437,3.911050,75.393039,335,274,272,0.811940,0.500000,0.000000,2.639984,0.000000,0.000000,0.000000,0.000000,0.000000,262,0.782090,0.500000,0.921744,0.604997,6.442222
211,2590611631985,1,xfeat_guided,temporal,49.307815,38.757417,14.171239,4.049758,17.537413,17.201454,15.908368,15.878451,1.690628,1.627587,600,600,88.065232,3.409007,11.831234,103.305473,346,245,245,0.708092,0.791667,0.000000,nan,0.000000,0.000000,0.000000,0.000000,0.000000,0,0.000000,0.000000,nan,nan,0.000000
211,2590611631985,1,orb_cpu,temporal,61.501801,59.580505,0.000000,0.000000,0.000000,0.000000,0.000000,0.000000,0.000000,0.000000,588,583,121.082306,9.618438,3.204716,133.905460,387,324,324,0.837209,0.500000,2.000000,nan,0.000000,0.000000,0.000000,0.000000,0.000000,0,0.000000,0.000000,nan,nan,0.000000
220,2591511565568,1,xfeat_star_coarse,stereo,21.615380,37.949541,3.953425,3.976009,0.000750,15.908035,15.946618,16.586869,1.714462,1.478503,600,600,38.316458,5.670470,0.880752,44.867680,337,337,337,1.000000,1.000000,0.000000,8.000000,0.000000,0.000000,0.000000,0.000000,0.000000,201,0.596439,0.979167,0.632000,-0.007162,13.296737
220,2591511565568,1,xfeat_star_fine,stereo,21.615380,37.949541,3.953425,3.976009,0.000750,15.908035,15.946618,16.586869,1.714462,1.478503,600,600,38.316458,5.670470,0.601959,57.782874,327,327,327,1.000000,1.000000,0.000000,8.875488,13.193987,0.258209,0.000750,10.277147,2.657714,207,0.633028,0.979167,0.699175,-0.007599,12.740361
220,2591511565568,1,orb_cpu,stereo,59.918589,61.958468,0.000000,0.000000,0.000000,0.000000,0.000000,0.000000,0.000000,0.000000,542,498,62.265761,13.892322,2.439297,78.597380,283,245,243,0.858657,0.458333,0.000000,2.073593,0.000000,0.000000,0.000000,0.000000,0.000000,235,0.830389,0.458333,0.936827,0.649698,5.391053
221,2591691540444,1,xfeat_star_coarse,stereo,22.373174,38.975001,4.781094,4.744094,0.000917,15.918243,15.902701,16.624286,1.688296,1.688212,600,600,39.350877,1.545087,0.358126,41.254090,355,355,355,1.000000,1.000000,0.000000,8.000000,0.000000,0.000000,0.000000,0.000000,0.000000,214,0.602817,0.916667,0.640961,-0.036606,6.869307
221,2591691540444,1,xfeat_star_fine,stereo,22.373174,38.975001,4.781094,4.744094,0.000917,15.918243,15.902701,16.624286,1.688296,1.688212,600,600,39.350877,1.545087,0.310917,52.417905,346,346,344,0.994220,1.000000,0.000000,9.565048,11.211024,0.276000,0.000500,9.746188,1.188128,233,0.673410,0.937500,0.727806,0.039825,11.354942
221,2591691540444,1,orb_cpu,stereo,59.528546,61.494966,0.000000,0.000000,0.000000,0.000000,0.000000,0.000000,0.000000,0.000000,544,511,61.757093,16.051159,2.930048,80.738300,298,262,260,0.872483,0.437500,0.000000,2.073601,0.000000,0.000000,0.000000,0.000000,0.000000,249,0.835570,0.437500,0.943925,0.650448,5.781846
221,2591691540444,1,xfeat_guided,temporal,21.615380,22.373174,3.953425,4.781094,0.000750,0.000917,15.946618,15.902701,1.714462,1.688296,600,600,43.988554,3.223215,13.346612,60.558381,293,201,201,0.686007,0.729167,0.000000,nan,0.000000,0.000000,0.000000,0.000000,0.000000,0,0.000000,0.000000,nan,nan,0.000000
221,2591691540444,1,orb_cpu,temporal,59.918589,59.528546,0.000000,0.000000,0.000000,0.000000,0.000000,0.000000,0.000000,0.000000,542,544,119.447135,8.304852,5.928805,133.680792,301,232,232,0.770764,0.333333,1.727997,nan,0.000000,0.000000,0.000000,0.000000,0.000000,0,0.000000,0.000000,nan,nan,0.000000
230,2592591563736,1,xfeat_star_coarse,stereo,22.982341,40.264671,4.494010,4.447843,0.001000,16.770370,16.746869,17.545830,1.740212,1.500378,600,600,40.596171,1.394337,0.317000,42.307508,336,336,336,1.000000,0.979167,0.000000,8.000000,0.000000,0.000000,0.000000,0.000000,0.000000,162,0.482143,0.791667,0.495615,-0.061315,6.494139
230,2592591563736,1,xfeat_star_fine,stereo,22.982341,40.264671,4.494010,4.447843,0.001000,16.770370,16.746869,17.545830,1.740212,1.500378,600,600,40.596171,1.394337,0.294251,53.419950,317,317,317,1.000000,0.979167,0.000000,8.745224,11.135191,0.269459,0.000750,9.771480,1.093294,183,0.577287,0.833333,0.627829,-0.017672,5.435387
230,2592591563736,1,orb_cpu,stereo,60.697674,63.332554,0.000000,0.000000,0.000000,0.000000,0.000000,0.000000,0.000000,0.000000,582,564,63.828680,9.083437,3.125798,76.037915,340,284,281,0.826471,0.437500,0.000000,2.073601,0.000000,0.000000,0.000000,0.000000,0.000000,264,0.776471,0.437500,0.919605,0.457842,6.555431
231,2592681564361,1,xfeat_star_coarse,stereo,22.926299,38.933959,3.990258,4.002175,0.000958,17.346996,17.404663,15.865826,1.529878,1.718837,600,600,39.279627,1.588545,0.496752,41.364924,350,350,350,1.000000,1.000000,0.000000,0.000000,0.000000,0.000000,0.000000,0.000000,0.000000,168,0.480000,0.854167,0.486807,-0.010263,7.220307
231,2592681564361,1,xfeat_star_fine,stereo,22.926299,38.933959,3.990258,4.002175,0.000958,17.346996,17.404663,15.865826,1.529878,1.718837,600,600,39.279627,1.588545,0.304876,51.921363,334,334,329,0.985030,1.000000,0.000000,1.801208,10.748315,0.285792,0.000875,9.297562,1.163878,193,0.577844,0.895833,0.620669,0.027829,6.784681
231,2592681564361,1,orb_cpu,stereo,59.206754,61.115091,0.000000,0.000000,0.000000,0.000000,0.000000,0.000000,0.000000,0.000000,581,555,61.390633,9.140645,2.085462,72.616740,325,291,289,0.889231,0.375000,0.000000,2.073601,0.000000,0.000000,0.000000,0.000000,0.000000,278,0.855385,0.375000,0.933146,0.495622,6.201014
231,2592681564361,1,xfeat_guided,temporal,22.982341,22.926299,4.494010,3.990258,0.001000,0.000958,16.746869,17.404663,1.740212,1.529878,600,600,45.908640,2.911298,4.523760,53.343698,310,249,249,0.803226,0.958333,0.000000,nan,0.000000,0.000000,0.000000,0.000000,0.000000,0,0.000000,0.000000,nan,nan,0.000000
231,2592681564361,1,orb_cpu,temporal,60.697674,59.206754,0.000000,0.000000,0.000000,0.000000,0.000000,0.000000,0.000000,0.000000,582,581,119.904428,9.545396,2.494089,131.943913,390,335,335,0.858974,0.437500,0.000000,nan,0.000000,0.000000,0.000000,0.000000,0.000000,0,0.000000,0.000000,nan,nan,0.000000
240,2593581543194,1,xfeat_star_coarse,stereo,23.067967,39.078502,4.702719,4.614844,0.001125,16.856203,16.850453,15.880034,1.513545,1.727296,600,600,39.633378,1.305919,0.308209,41.247506,361,361,361,1.000000,1.000000,0.000000,0.000000,0.000000,0.000000,0.000000,0.000000,0.000000,225,0.623269,0.895833,0.649210,-0.026007,11.962276
240,2593581543194,1,xfeat_star_fine,stereo,23.067967,39.078502,4.702719,4.614844,0.001125,16.856203,16.850453,15.880034,1.513545,1.727296,600,600,39.633378,1.305919,0.319126,52.161697,354,354,354,1.000000,1.000000,0.000000,2.909546,10.903274,0.385543,0.001042,9.349145,1.167253,242,0.683616,0.895833,0.771654,0.020605,15.317616
240,2593581543194,1,orb_cpu,stereo,63.195220,66.101435,0.000000,0.000000,0.000000,0.000000,0.000000,0.000000,0.000000,0.000000,600,599,66.379519,20.315461,2.734672,89.429652,365,327,325,0.890411,0.479167,0.000000,2.073578,0.000000,0.000000,0.000000,0.000000,0.000000,305,0.835616,0.479167,0.918046,0.506961,6.911265
241,2593671559611,1,xfeat_star_coarse,stereo,39.147126,22.626965,4.716260,4.667677,16.212618,0.000833,16.577411,16.191785,1.640545,1.766462,600,600,39.558252,1.326878,0.531959,41.417089,366,366,366,1.000000,1.000000,0.000000,0.000000,0.000000,0.000000,0.000000,0.000000,0.000000,222,0.606557,0.916667,0.675796,-0.016432,10.807107
241,2593671559611,1,xfeat_star_fine,stereo,39.147126,22.626965,4.716260,4.667677,16.212618,0.000833,16.577411,16.191785,1.640545,1.766462,600,600,39.558252,1.326878,0.476168,53.254907,358,358,357,0.997207,1.000000,0.000000,1.620155,11.893609,0.553876,0.001208,9.827771,1.510420,248,0.692737,0.937500,0.790979,0.016754,14.062947
241,2593671559611,1,orb_cpu,stereo,65.067391,67.607938,0.000000,0.000000,0.000000,0.000000,0.000000,0.000000,0.000000,0.000000,600,600,67.877063,17.498955,2.291297,87.667315,370,326,324,0.875676,0.458333,0.000000,2.073578,0.000000,0.000000,0.000000,0.000000,0.000000,302,0.816216,0.437500,0.920026,0.492310,7.063099
241,2593671559611,1,xfeat_guided,temporal,23.067967,39.147126,4.702719,4.716260,0.001125,16.212618,16.850453,16.577411,1.513545,1.640545,600,600,62.215093,3.195673,4.078050,69.488816,347,283,283,0.815562,0.916667,0.000000,nan,0.000000,0.000000,0.000000,0.000000,0.000000,0,0.000000,0.000000,nan,nan,0.000000
241,2593671559611,1,orb_cpu,temporal,63.195220,65.067391,0.000000,0.000000,0.000000,0.000000,0.000000,0.000000,0.000000,0.000000,600,600,128.262611,10.039730,1.652545,139.954886,408,368,368,0.901961,0.500000,1.300003,nan,0.000000,0.000000,0.000000,0.000000,0.000000,0,0.000000,0.000000,nan,nan,0.000000
250,2594661566570,1,xfeat_star_coarse,stereo,49.494107,33.278739,14.659782,14.494615,17.317704,0.001042,15.900784,17.301121,1.615587,1.481836,600,600,49.907775,1.592462,0.496459,51.996696,364,364,364,1.000000,1.000000,0.000000,0.000000,0.000000,0.000000,0.000000,0.000000,0.000000,209,0.574176,0.895833,0.634282,-0.011645,6.629889
250,2594661566570,1,xfeat_star_fine,stereo,49.494107,33.278739,14.659782,14.494615,17.317704,0.001042,15.900784,17.301121,1.615587,1.481836,600,600,49.907775,1.592462,0.278126,63.056596,356,356,355,0.997191,1.000000,0.000000,1.426819,11.278233,0.322626,0.000833,9.450062,1.504587,242,0.679775,0.937500,0.764811,0.124432,7.143224
250,2594661566570,1,orb_cpu,stereo,63.032470,66.363060,0.000000,0.000000,0.000000,0.000000,0.000000,0.000000,0.000000,0.000000,600,600,66.840936,15.223908,2.059962,84.124806,393,362,357,0.908397,0.500000,0.000000,1.728004,0.000000,0.000000,0.000000,0.000000,0.000000,344,0.875318,0.500000,0.929592,0.615839,7.503767
251,2594751555028,1,xfeat_star_coarse,stereo,38.084999,21.524213,3.927966,3.889592,15.891868,0.000875,16.577369,15.870159,1.687587,1.763337,600,600,38.386083,1.623795,0.278417,40.288295,371,371,371,1.000000,1.000000,0.000000,0.000000,0.000000,0.000000,0.000000,0.000000,0.000000,233,0.628032,0.958333,0.652721,0.008337,7.477308
251,2594751555028,1,xfeat_star_fine,stereo,38.084999,21.524213,3.927966,3.889592,15.891868,0.000875,16.577369,15.870159,1.687587,1.763337,600,600,38.386083,1.623795,0.648251,52.569530,361,361,358,0.991690,1.000000,0.000000,1.343500,11.911401,0.294334,0.000500,9.608187,2.008213,267,0.739612,0.958333,0.766589,0.143846,14.220281
251,2594751555028,1,orb_cpu,stereo,66.613353,69.353234,0.000000,0.000000,0.000000,0.000000,0.000000,0.000000,0.000000,0.000000,600,600,69.645401,10.215564,1.599920,81.460885,408,375,372,0.911765,0.541667,0.000000,1.764023,0.000000,0.000000,0.000000,0.000000,0.000000,356,0.872549,0.541667,0.937419,0.618318,7.756475
251,2594751555028,1,xfeat_guided,temporal,49.494107,38.084999,14.659782,3.927966,17.317704,15.891868,15.900784,16.577369,1.615587,1.687587,600,600,87.579106,3.435924,2.097422,93.112452,379,343,343,0.905013,0.979167,0.000000,nan,0.000000,0.000000,0.000000,0.000000,0.000000,0,0.000000,0.000000,nan,nan,0.000000
251,2594751555028,1,orb_cpu,temporal,63.032470,66.613353,0.000000,0.000000,0.000000,0.000000,0.000000,0.000000,0.000000,0.000000,600,600,129.645823,10.110271,2.274172,142.030266,428,375,375,0.876168,0.562500,1.000000,nan,0.000000,0.000000,0.000000,0.000000,0.000000,0,0.000000,0.000000,nan,nan,0.000000
260,2595651569362,1,xfeat_star_coarse,stereo,40.236671,23.025883,4.732885,4.666427,16.709953,0.000791,17.381454,16.685787,1.411962,1.672461,600,600,40.801255,1.454128,0.716210,42.971593,372,372,372,1.000000,1.000000,0.000000,0.000000,0.000000,0.000000,0.000000,0.000000,0.000000,207,0.556452,0.937500,0.592483,-0.055518,23.817385
260,2595651569362,1,xfeat_star_fine,stereo,40.236671,23.025883,4.732885,4.666427,16.709953,0.000791,17.381454,16.685787,1.411962,1.672461,600,600,40.801255,1.454128,0.309751,56.168955,361,361,361,1.000000,1.000000,0.000000,1.436035,13.603821,0.410001,0.001000,11.980692,1.211878,235,0.650970,0.916667,0.711790,0.034779,5.871971
260,2595651569362,1,orb_cpu,stereo,67.974814,64.018055,0.000000,0.000000,0.000000,0.000000,0.000000,0.000000,0.000000,0.000000,600,600,68.215189,17.480413,2.810298,88.505900,401,377,374,0.932668,0.541667,0.000000,2.073586,0.000000,0.000000,0.000000,0.000000,0.000000,357,0.890274,0.520833,0.944257,0.604078,10.607189
261,2595741559945,1,xfeat_star_coarse,stereo,39.021626,22.246507,4.717636,4.678385,15.907993,0.001000,16.713202,15.892535,1.682587,1.674337,600,600,39.346169,1.417461,0.548918,41.312548,384,384,384,1.000000,1.000000,0.000000,0.000000,0.000000,0.000000,0.000000,0.000000,0.000000,211,0.549479,0.895833,0.581796,-0.061489,6.482139
261,2595741559945,1,xfeat_star_fine,stereo,39.021626,22.246507,4.717636,4.678385,15.907993,0.001000,16.713202,15.892535,1.682587,1.674337,600,600,39.346169,1.417461,0.662168,55.536037,375,375,373,0.994667,1.000000,0.000000,1.391205,14.110239,0.401418,0.000875,10.719732,2.988006,248,0.661333,0.937500,0.714640,0.060679,14.177156
261,2595741559945,1,orb_cpu,stereo,65.533267,68.168106,0.000000,0.000000,0.000000,0.000000,0.000000,0.000000,0.000000,0.000000,600,600,68.438982,10.292148,1.709712,80.440842,389,357,356,0.915167,0.520833,0.000000,2.073608,0.000000,0.000000,0.000000,0.000000,0.000000,345,0.886889,0.520833,0.944475,0.624820,7.403516
261,2595741559945,1,xfeat_guided,temporal,40.236671,39.021626,4.732885,4.717636,16.709953,15.907993,17.381454,16.713202,1.411962,1.682587,600,600,79.258297,3.281507,4.188925,86.728729,340,277,277,0.814706,0.979167,0.000000,nan,0.000000,0.000000,0.000000,0.000000,0.000000,0,0.000000,0.000000,nan,nan,0.000000
261,2595741559945,1,orb_cpu,temporal,67.974814,65.533267,0.000000,0.000000,0.000000,0.000000,0.000000,0.000000,0.000000,0.000000,600,600,133.508081,10.057939,1.028502,144.594522,376,354,354,0.941489,0.562500,1.200005,nan,0.000000,0.000000,0.000000,0.000000,0.000000,0,0.000000,0.000000,nan,nan,0.000000
270,2596641604738,1,xfeat_star_coarse,stereo,30.903900,46.780685,12.244235,12.074610,0.000917,17.178996,17.159370,15.924867,1.499212,1.601921,600,600,47.429061,1.741379,0.289667,49.460107,384,384,384,1.000000,1.000000,0.000000,0.000000,0.000000,0.000000,0.000000,0.000000,0.000000,225,0.585938,0.937500,0.576876,0.003278,7.736642
270,2596641604738,1,xfeat_star_fine,stereo,30.903900,46.780685,12.244235,12.074610,0.000917,17.178996,17.159370,15.924867,1.499212,1.601921,600,600,47.429061,1.741379,0.312001,63.160971,373,373,373,1.000000,1.000000,0.000000,1.508987,13.678530,0.422918,0.000833,11.989151,1.265336,266,0.713137,0.958333,0.768265,0.120348,6.117846
270,2596641604738,1,orb_cpu,stereo,64.995974,67.777896,0.000000,0.000000,0.000000,0.000000,0.000000,0.000000,0.000000,0.000000,600,600,68.230522,16.743786,1.776795,86.751103,379,343,342,0.902375,0.458333,0.000000,2.488312,0.000000,0.000000,0.000000,0.000000,0.000000,335,0.883905,0.458333,0.932592,0.598243,7.233766
271,2596731559446,1,xfeat_star_coarse,stereo,23.130384,39.129209,4.668969,4.632551,0.001167,16.969995,16.955453,15.885035,1.504629,1.641378,600,600,39.456002,1.711795,0.390667,41.558464,384,384,384,1.000000,0.979167,0.000000,0.000000,0.000000,0.000000,0.000000,0.000000,0.000000,216,0.562500,0.937500,0.589376,-0.038296,7.728850
271,2596731559446,1,xfeat_star_fine,stereo,23.130384,39.129209,4.668969,4.632551,0.001167,16.969995,16.955453,15.885035,1.504629,1.641378,600,600,39.456002,1.711795,0.382375,52.700946,375,375,372,0.992000,0.979167,0.000000,1.441681,11.150774,0.313709,0.000666,9.588688,1.247586,270,0.720000,0.958333,0.745317,0.106410,7.486933
271,2596731559446,1,orb_cpu,stereo,62.058092,64.897598,0.000000,0.000000,0.000000,0.000000,0.000000,0.000000,0.000000,0.000000,600,600,65.190141,10.244647,1.516295,76.951083,386,362,360,0.932642,0.541667,0.000000,2.488312,0.000000,0.000000,0.000000,0.000000,0.000000,345,0.893782,0.541667,0.929921,0.590727,7.330266
271,2596731559446,1,xfeat_guided,temporal,30.903900,23.130384,12.244235,4.668969,0.000917,0.001167,17.159370,16.955453,1.499212,1.504629,600,600,54.034284,3.216256,2.737714,59.988254,352,303,303,0.860795,0.979167,0.000000,nan,0.000000,0.000000,0.000000,0.000000,0.000000,0,0.000000,0.000000,nan,nan,0.000000
271,2596731559446,1,orb_cpu,temporal,64.995974,62.058092,0.000000,0.000000,0.000000,0.000000,0.000000,0.000000,0.000000,0.000000,600,600,127.054066,10.003396,2.849048,139.906510,387,327,327,0.844961,0.520833,1.440002,nan,0.000000,0.000000,0.000000,0.000000,0.000000,0,0.000000,0.000000,nan,nan,0.000000
280,2597721589446,1,xfeat_star_coarse,stereo,39.531251,23.341009,4.715468,4.687510,17.139995,0.001042,15.911118,17.122453,1.764378,1.529754,600,600,40.021169,5.457012,0.937294,46.415475,384,384,384,1.000000,1.000000,0.000000,0.000000,0.000000,0.000000,0.000000,0.000000,0.000000,210,0.546875,0.875000,0.566215,-0.023734,28.470603
280,2597721589446,1,xfeat_star_fine,stereo,39.531251,23.341009,4.715468,4.687510,17.139995,0.001042,15.911118,17.122453,1.764378,1.529754,600,600,40.021169,5.457012,1.218669,58.518459,368,368,368,1.000000,1.000000,0.000000,1.676308,11.821609,0.597501,0.001542,9.392853,1.829171,250,0.679348,0.958333,0.722718,0.166663,28.126686
280,2597721589446,1,orb_cpu,stereo,62.562885,65.543641,0.000000,0.000000,0.000000,0.000000,0.000000,0.000000,0.000000,0.000000,600,600,65.796767,22.037964,2.517756,90.352487,382,344,343,0.897906,0.395833,0.000000,2.073593,0.000000,0.000000,0.000000,0.000000,0.000000,324,0.848168,0.375000,0.911105,0.496344,7.331474
281,2597811572530,1,xfeat_star_coarse,stereo,37.170372,21.635089,4.685052,4.611635,15.554534,0.000875,15.485241,15.530450,1.445212,1.491795,600,600,37.500289,1.430253,0.397460,39.328002,383,383,383,1.000000,1.000000,0.000000,0.000000,0.000000,0.000000,0.000000,0.000000,0.000000,201,0.524804,0.916667,0.547320,0.035979,7.256765
281,2597811572530,1,xfeat_star_fine,stereo,37.170372,21.635089,4.685052,4.611635,15.554534,0.000875,15.485241,15.530450,1.445212,1.491795,600,600,37.500289,1.430253,0.651793,53.664115,363,363,363,1.000000,1.000000,0.000000,1.564209,14.081780,0.312625,0.000750,10.705773,3.062465,264,0.727273,0.937500,0.803648,0.209569,10.762815
281,2597811572530,1,orb_cpu,stereo,66.532519,68.638148,0.000000,0.000000,0.000000,0.000000,0.000000,0.000000,0.000000,0.000000,600,600,68.921024,8.518393,1.967879,79.407296,373,331,325,0.871314,0.291667,0.000000,2.073593,0.000000,0.000000,0.000000,0.000000,0.000000,306,0.820375,0.291667,0.898230,0.504188,7.022515
281,2597811572530,1,xfeat_guided,temporal,39.531251,37.170372,4.715468,4.685052,17.139995,15.554534,15.911118,15.485241,1.764378,1.445212,600,600,76.701623,3.378382,9.317812,89.397817,322,233,233,0.723602,0.895833,0.000000,nan,0.000000,0.000000,0.000000,0.000000,0.000000,0,0.000000,0.000000,nan,nan,0.000000
281,2597811572530,1,orb_cpu,temporal,62.562885,66.532519,0.000000,0.000000,0.000000,0.000000,0.000000,0.000000,0.000000,0.000000,600,600,129.095404,9.521854,1.615337,140.232595,424,382,382,0.900943,0.333333,3.455994,nan,0.000000,0.000000,0.000000,0.000000,0.000000,0,0.000000,0.000000,nan,nan,0.000000
290,2598711564989,1,xfeat_star_coarse,stereo,38.829375,22.977049,4.143925,4.097759,17.095537,0.000917,15.893701,17.077620,1.695920,1.800420,600,600,39.142959,1.693587,0.380792,41.217338,376,376,376,1.000000,1.000000,0.000000,0.000000,0.000000,0.000000,0.000000,0.000000,0.000000,200,0.531915,0.854167,0.551796,0.055357,7.538100
290,2598711564989,1,xfeat_star_fine,stereo,38.829375,22.977049,4.143925,4.097759,17.095537,0.000917,15.893701,17.077620,1.695920,1.800420,600,600,39.142959,1.693587,0.327168,51.995612,362,362,362,1.000000,1.000000,0.000000,1.695587,10.831898,0.281459,0.000833,9.316478,1.233003,242,0.668508,0.937500,0.725781,0.160410,14.064488
290,2598711564989,1,orb_cpu,stereo,65.343766,68.100021,0.000000,0.000000,0.000000,0.000000,0.000000,0.000000,0.000000,0.000000,600,600,68.540398,19.100957,2.129880,89.771235,406,364,360,0.886700,0.375000,0.000000,2.073608,0.000000,0.000000,0.000000,0.000000,0.000000,339,0.834975,0.375000,0.920416,0.482796,7.668933
291,2598801568989,1,xfeat_star_coarse,stereo,38.926250,22.767882,3.942633,3.900967,17.387496,0.000916,15.897451,17.370621,1.698420,1.495128,600,600,39.222293,1.678087,0.374876,41.275256,365,365,365,1.000000,1.000000,0.000000,0.000000,0.000000,0.000000,0.000000,0.000000,0.000000,188,0.515068,0.916667,0.532695,0.013272,7.505808
291,2598801568989,1,xfeat_star_fine,stereo,38.926250,22.767882,3.942633,3.900967,17.387496,0.000916,15.897451,17.370621,1.698420,1.495128,600,600,39.222293,1.678087,0.311042,51.973528,353,353,352,0.997167,1.000000,0.000000,1.641602,10.762106,0.269209,0.000708,9.301104,1.190877,228,0.645892,0.916667,0.715634,0.067547,12.715319
291,2598801568989,1,orb_cpu,stereo,61.920300,64.461514,0.000000,0.000000,0.000000,0.000000,0.000000,0.000000,0.000000,0.000000,600,600,64.779056,18.876916,1.648003,85.303975,393,359,346,0.880407,0.354167,0.000000,2.073608,0.000000,0.000000,0.000000,0.000000,0.000000,331,0.842239,0.354167,0.922075,0.578490,7.443225
291,2598801568989,1,xfeat_guided,temporal,38.829375,38.926250,4.143925,3.942633,17.095537,17.387496,15.893701,15.897451,1.695920,1.698420,600,600,77.755625,3.171090,5.009010,85.935725,384,311,311,0.809896,0.854167,0.000000,nan,0.000000,0.000000,0.000000,0.000000,0.000000,0,0.000000,0.000000,nan,nan,0.000000
291,2598801568989,1,orb_cpu,temporal,65.343766,61.920300,0.000000,0.000000,0.000000,0.000000,0.000000,0.000000,0.000000,0.000000,600,600,127.264066,10.061814,1.652170,138.978050,434,395,395,0.910138,0.354167,1.000000,nan,0.000000,0.000000,0.000000,0.000000,0.000000,0,0.000000,0.000000,nan,nan,0.000000
300,2599701567739,1,xfeat_star_coarse,stereo,23.173133,40.434545,4.695677,4.635343,0.001041,16.820203,16.794537,17.479496,1.681711,1.499253,600,600,40.930630,1.350544,0.308417,42.589591,372,372,372,1.000000,1.000000,0.000000,0.000000,0.000000,0.000000,0.000000,0.000000,0.000000,212,0.569892,0.979167,0.609920,0.030230,12.536361
300,2599701567739,1,xfeat_star_fine,stereo,23.173133,40.434545,4.695677,4.635343,0.001041,16.820203,16.794537,17.479496,1.681711,1.499253,600,600,40.930630,1.350544,0.310459,54.080949,357,357,353,0.988796,0.979167,0.000000,1.623016,11.489316,0.594459,0.001541,9.651354,1.241503,246,0.689076,0.958333,0.735307,0.088043,17.892663
300,2599701567739,1,orb_cpu,stereo,66.035559,68.731689,0.000000,0.000000,0.000000,0.000000,0.000000,0.000000,0.000000,0.000000,600,600,68.978107,20.197377,2.462380,91.637864,413,371,371,0.898305,0.333333,0.000000,2.000000,0.000000,0.000000,0.000000,0.000000,0.000000,356,0.861985,0.333333,0.916168,0.544632,7.777267
301,2599881589447,1,xfeat_star_coarse,stereo,39.299751,22.257006,4.676594,4.626385,15.964534,0.001125,17.244370,15.941617,1.414003,1.687712,600,600,39.626919,2.154088,0.628002,42.409009,365,365,365,1.000000,1.000000,0.000000,0.000000,0.000000,0.000000,0.000000,0.000000,0.000000,197,0.539726,0.916667,0.576199,0.063284,13.953238
301,2599881589447,1,xfeat_star_fine,stereo,39.299751,22.257006,4.676594,4.626385,15.964534,0.001125,17.244370,15.941617,1.414003,1.687712,600,600,39.626919,2.154088,0.306000,53.127280,351,351,349,0.994302,1.000000,0.000000,1.733887,11.040273,0.494501,0.001125,9.326145,1.218252,242,0.689459,0.937500,0.719203,0.129932,10.673190
301,2599881589447,1,orb_cpu,stereo,66.850560,69.327732,0.000000,0.000000,0.000000,0.000000,0.000000,0.000000,0.000000,0.000000,600,600,69.578858,20.475002,2.608463,92.662323,404,358,356,0.881188,0.354167,0.000000,2.073593,0.000000,0.000000,0.000000,0.000000,0.000000,336,0.831683,0.354167,0.913687,0.542916,7.666725
301,2599881589447,1,xfeat_guided,temporal,23.173133,39.299751,4.695677,4.676594,0.001041,15.964534,16.794537,17.244370,1.681711,1.414003,600,600,62.472884,3.254090,3.106798,68.833772,352,300,300,0.852273,0.937500,0.000000,nan,0.000000,0.000000,0.000000,0.000000,0.000000,0,0.000000,0.000000,nan,nan,0.000000
301,2599881589447,1,orb_cpu,temporal,66.035559,66.850560,0.000000,0.000000,0.000000,0.000000,0.000000,0.000000,0.000000,0.000000,600,600,132.886119,10.026688,2.221838,145.134645,430,387,387,0.900000,0.333333,0.000000,nan,0.000000,0.000000,0.000000,0.000000,0.000000,0,0.000000,0.000000,nan,nan,0.000000
310,2600781575823,1,xfeat_star_coarse,stereo,47.014143,31.291318,12.446819,12.276485,17.539788,0.000917,15.523367,17.517579,1.503878,1.496087,600,600,47.426227,1.687045,0.283834,49.397106,366,366,366,1.000000,1.000000,0.000000,0.000000,0.000000,0.000000,0.000000,0.000000,0.000000,201,0.549180,0.958333,0.574680,-0.054987,7.332266
310,2600781575823,1,xfeat_star_fine,stereo,47.014143,31.291318,12.446819,12.276485,17.539788,0.000917,15.523367,17.517579,1.503878,1.496087,600,600,47.426227,1.687045,0.315459,60.630963,352,352,349,0.991477,1.000000,0.000000,1.861877,11.202232,0.274292,0.000667,9.727687,1.199419,233,0.661932,0.979167,0.712912,0.095481,9.158645
310,2600781575823,1,orb_cpu,stereo,65.347599,68.065521,0.000000,0.000000,0.000000,0.000000,0.000000,0.000000,0.000000,0.000000,600,600,68.561439,13.273237,2.182546,84.017222,407,365,364,0.894349,0.312500,0.000000,2.073601,0.000000,0.000000,0.000000,0.000000,0.000000,343,0.842752,0.312500,0.925482,0.569362,7.695558
311,2600871572490,1,xfeat_star_coarse,stereo,21.541171,38.334165,3.992425,3.946467,0.000875,15.896576,15.877242,16.813494,1.670420,1.677420,600,600,38.650416,1.616962,0.375168,40.642546,368,368,368,1.000000,0.979167,0.000000,0.000000,0.000000,0.000000,0.000000,0.000000,0.000000,201,0.546196,0.937500,0.588848,0.014196,7.135557
311,2600871572490,1,xfeat_star_fine,stereo,21.541171,38.334165,3.992425,3.946467,0.000875,15.896576,15.877242,16.813494,1.670420,1.677420,600,600,38.650416,1.616962,0.284001,51.623986,358,358,357,0.997207,0.979167,0.000000,1.825653,11.072607,0.298042,0.000583,9.284645,1.489170,231,0.645251,0.937500,0.707621,0.099048,7.037265
311,2600871572490,1,orb_cpu,stereo,63.563678,65.588266,0.000000,0.000000,0.000000,0.000000,0.000000,0.000000,0.000000,0.000000,600,600,65.886474,10.184771,2.361381,78.432626,427,380,380,0.889930,0.333333,0.000000,2.000000,0.000000,0.000000,0.000000,0.000000,0.000000,360,0.843091,0.333333,0.924316,0.546897,8.055767
311,2600871572490,1,xfeat_guided,temporal,47.014143,21.541171,12.446819,3.992425,17.539788,0.000875,15.523367,15.877242,1.503878,1.670420,600,600,68.555314,3.359507,4.225259,76.140080,384,313,313,0.815104,0.895833,0.000000,nan,0.000000,0.000000,0.000000,0.000000,0.000000,0,0.000000,0.000000,nan,nan,0.000000
311,2600871572490,1,orb_cpu,temporal,65.347599,63.563678,0.000000,0.000000,0.000000,0.000000,0.000000,0.000000,0.000000,0.000000,600,600,128.911277,10.068063,4.026509,143.005849,422,344,344,0.815166,0.312500,1.199997,nan,0.000000,0.000000,0.000000,0.000000,0.000000,0,0.000000,0.000000,nan,nan,0.000000
320,2601771586323,1,xfeat_star_coarse,stereo,23.296675,39.267626,4.661968,4.568510,0.000750,17.153870,17.136453,15.876450,1.497254,1.668629,600,600,39.894085,2.423255,0.664710,42.982050,369,369,369,1.000000,1.000000,0.000000,0.000000,0.000000,0.000000,0.000000,0.000000,0.000000,199,0.539295,0.895833,0.545193,-0.052076,14.099114
320,2601771586323,1,xfeat_star_fine,stereo,23.296675,39.267626,4.661968,4.568510,0.000750,17.153870,17.136453,15.876450,1.497254,1.668629,600,600,39.894085,2.423255,0.314084,53.543447,356,356,355,0.997191,0.958333,0.000000,2.080948,10.912023,0.385126,0.000917,9.329019,1.196711,242,0.679775,0.937500,0.711660,0.031416,11.271441
320,2601771586323,1,orb_cpu,stereo,65.545099,68.321730,0.000000,0.000000,0.000000,0.000000,0.000000,0.000000,0.000000,0.000000,600,600,68.600272,20.505085,1.903213,91.008570,423,383,381,0.900709,0.333333,0.000000,2.073608,0.000000,0.000000,0.000000,0.000000,0.000000,365,0.862884,0.333333,0.910973,0.554606,7.930309
321,2601861564115,1,xfeat_star_coarse,stereo,22.667590,39.553834,4.703177,4.684885,0.000833,16.287702,16.298660,17.064620,1.664670,1.516461,600,600,39.932835,1.446253,0.247209,41.626297,384,384,384,1.000000,1.000000,0.000000,8.000000,0.000000,0.000000,0.000000,0.000000,0.000000,224,0.583333,0.958333,0.618712,0.082202,11.838317
321,2601861564115,1,xfeat_star_fine,stereo,22.667590,39.553834,4.703177,4.684885,0.000833,16.287702,16.298660,17.064620,1.664670,1.516461,600,600,39.932835,1.446253,0.332501,52.991821,373,373,372,0.997319,1.000000,0.000000,7.742065,11.280232,0.601001,0.001333,9.396062,1.281544,260,0.697051,0.979167,0.742161,0.163315,14.846532
321,2601861564115,1,orb_cpu,stereo,65.312015,61.407048,0.000000,0.000000,0.000000,0.000000,0.000000,0.000000,0.000000,0.000000,600,600,65.567557,16.934911,2.200546,84.703014,419,369,365,0.871122,0.333333,0.000000,2.399994,0.000000,0.000000,0.000000,0.000000,0.000000,335,0.799523,0.333333,0.908705,0.474777,7.939017
321,2601861564115,1,xfeat_guided,temporal,23.296675,22.667590,4.661968,4.703177,0.000750,0.000833,17.136453,16.298660,1.497254,1.664670,600,600,45.964265,3.715799,2.626256,52.306320,384,335,335,0.872396,0.958333,0.000000,nan,0.000000,0.000000,0.000000,0.000000,0.000000,0,0.000000,0.000000,nan,nan,0.000000
321,2601861564115,1,orb_cpu,temporal,65.545099,65.312015,0.000000,0.000000,0.000000,0.000000,0.000000,0.000000,0.000000,0.000000,600,600,130.857114,10.062105,2.606423,143.525642,458,397,397,0.866812,0.333333,0.000000,nan,0.000000,0.000000,0.000000,0.000000,0.000000,0,0.000000,0.000000,nan,nan,0.000000
330,2602851578699,1,xfeat_star_coarse,stereo,38.161207,23.539467,4.030300,3.943883,15.866284,0.000709,16.589786,15.864575,1.674712,3.730050,600,600,38.457833,1.816337,0.382960,40.657130,378,378,378,1.000000,1.000000,0.000000,8.000000,0.000000,0.000000,0.000000,0.000000,0.000000,205,0.542328,0.916667,0.550949,0.015540,7.383099
330,2602851578699,1,xfeat_star_fine,stereo,38.161207,23.539467,4.030300,3.943883,15.866284,0.000709,16.589786,15.864575,1.674712,3.730050,600,600,38.457833,1.816337,0.327792,51.414485,372,372,367,0.986559,1.000000,0.000000,8.053558,10.812523,0.276542,0.000500,9.305978,1.229336,245,0.658602,0.937500,0.717323,0.146578,10.868065
330,2602851578699,1,orb_cpu,stereo,65.932308,68.497438,0.000000,0.000000,0.000000,0.000000,0.000000,0.000000,0.000000,0.000000,600,600,68.967564,20.516544,3.332591,92.816699,397,334,334,0.841310,0.312500,0.000000,2.399998,0.000000,0.000000,0.000000,0.000000,0.000000,315,0.793451,0.312500,0.882511,0.499661,7.470266
331,2602941576366,1,xfeat_star_coarse,stereo,23.244717,39.406334,4.641010,4.579677,0.000917,17.160704,17.150911,15.859075,1.451712,1.806712,600,600,39.756377,1.705837,0.273500,41.735714,367,367,367,1.000000,1.000000,0.000000,8.000000,0.000000,0.000000,0.000000,0.000000,0.000000,198,0.539510,0.895833,0.557851,0.015669,7.424225
331,2602941576366,1,xfeat_star_fine,stereo,23.244717,39.406334,4.641010,4.579677,0.000917,17.160704,17.150911,15.859075,1.451712,1.806712,600,600,39.756377,1.705837,0.316875,52.548904,362,362,362,1.000000,1.000000,0.000000,8.121101,10.769815,0.270709,0.000834,9.310311,1.187586,246,0.679558,0.937500,0.720971,0.146138,12.015318
331,2602941576366,1,orb_cpu,stereo,65.918099,62.382675,0.000000,0.000000,0.000000,0.000000,0.000000,0.000000,0.000000,0.000000,600,600,66.153350,10.451356,2.687506,79.292212,394,341,338,0.857868,0.312500,0.000000,2.400000,0.000000,0.000000,0.000000,0.000000,0.000000,311,0.789340,0.312500,0.882721,0.448995,7.300974
331,2602941576366,1,xfeat_guided,temporal,38.161207,23.244717,4.030300,4.641010,15.866284,0.000917,16.589786,17.150911,1.674712,1.451712,600,600,61.405924,2.942131,3.104882,67.452937,384,321,321,0.835938,0.875000,0.000000,nan,0.000000,0.000000,0.000000,0.000000,0.000000,0,0.000000,0.000000,nan,nan,0.000000
331,2602941576366,1,orb_cpu,temporal,65.932308,65.918099,0.000000,0.000000,0.000000,0.000000,0.000000,0.000000,0.000000,0.000000,600,600,131.850407,9.244853,1.826712,142.921972,464,423,423,0.911638,0.312500,0.000000,nan,0.000000,0.000000,0.000000,0.000000,0.000000,0,0.000000,0.000000,nan,nan,0.000000
340,2603841603324,1,xfeat_star_coarse,stereo,23.152133,40.740170,4.754677,4.633343,0.001167,16.726911,16.721952,17.897122,1.674129,1.482586,600,600,41.311589,1.411878,0.314542,43.038009,372,372,372,1.000000,1.000000,0.000000,8.000000,0.000000,0.000000,0.000000,0.000000,0.000000,191,0.513441,0.916667,0.534010,-0.030462,17.893122
340,2603841603324,1,xfeat_star_fine,stereo,23.152133,40.740170,4.754677,4.633343,0.001167,16.726911,16.721952,17.897122,1.674129,1.482586,600,600,41.311589,1.411878,0.315001,55.465994,362,362,359,0.991713,1.000000,0.000000,8.001129,12.427526,0.412167,0.000750,10.808982,1.205252,240,0.662983,0.916667,0.694418,0.075480,13.835571
340,2603841603324,1,orb_cpu,stereo,64.582055,66.650601,0.000000,0.000000,0.000000,0.000000,0.000000,0.000000,0.000000,0.000000,600,600,66.905268,18.282497,2.303671,87.491436,399,350,349,0.874687,0.270833,0.000000,2.400002,0.000000,0.000000,0.000000,0.000000,0.000000,325,0.814536,0.270833,0.913807,0.419434,7.504516
341,2603931574908,1,xfeat_star_coarse,stereo,22.306715,39.053667,4.710552,4.655551,0.001125,15.925368,15.903992,16.809577,1.690796,1.663046,600,600,39.449251,1.666587,0.357834,41.473672,361,361,361,1.000000,0.979167,0.000000,8.000000,0.000000,0.000000,0.000000,0.000000,0.000000,195,0.540166,0.895833,0.536464,-0.027421,7.194307
341,2603931574908,1,xfeat_star_fine,stereo,22.306715,39.053667,4.710552,4.655551,0.001125,15.925368,15.903992,16.809577,1.690796,1.663046,600,600,39.449251,1.666587,0.318251,52.631779,352,352,351,0.997159,0.979167,0.000000,8.346771,11.197690,0.418876,0.000917,9.596312,1.181419,221,0.627841,0.895833,0.629460,0.019926,10.461064
341,2603931574908,1,orb_cpu,stereo,66.231933,68.504355,0.000000,0.000000,0.000000,0.000000,0.000000,0.000000,0.000000,0.000000,600,600,68.741689,12.976319,2.708631,84.426639,404,351,350,0.866337,0.270833,0.000000,2.400002,0.000000,0.000000,0.000000,0.000000,0.000000,326,0.806931,0.270833,0.913557,0.462581,7.618058
341,2603931574908,1,xfeat_guided,temporal,23.152133,22.306715,4.754677,4.710552,0.001167,0.001125,16.721952,15.903992,1.674129,1.690796,600,600,45.458848,3.403882,1.575045,50.437775,384,355,355,0.924479,1.000000,0.000000,nan,0.000000,0.000000,0.000000,0.000000,0.000000,0,0.000000,0.000000,nan,nan,0.000000
341,2603931574908,1,orb_cpu,temporal,64.582055,66.231933,0.000000,0.000000,0.000000,0.000000,0.000000,0.000000,0.000000,0.000000,600,600,130.813988,10.047605,2.764297,143.625890,442,384,384,0.868778,0.291667,0.000000,nan,0.000000,0.000000,0.000000,0.000000,0.000000,0,0.000000,0.000000,nan,nan,0.000000
350,2604831605908,1,xfeat_star_coarse,stereo,21.530963,37.977914,3.935384,3.891133,0.000666,15.913867,15.890243,16.572702,1.704420,1.599962,600,600,38.407957,1.710253,0.366501,40.484711,354,354,354,1.000000,0.979167,0.000000,8.000000,0.000000,0.000000,0.000000,0.000000,0.000000,189,0.533898,0.895833,0.540490,-0.015921,7.155307
350,2604831605908,1,xfeat_star_fine,stereo,21.530963,37.977914,3.935384,3.891133,0.000666,15.913867,15.890243,16.572702,1.704420,1.599962,600,600,38.407957,1.710253,0.313875,51.240608,348,348,348,1.000000,0.979167,0.000000,8.022232,10.808523,0.325126,0.000750,9.312228,1.170252,212,0.609195,0.895833,0.654455,0.059417,10.484564
350,2604831605908,1,orb_cpu,stereo,67.531394,63.940053,0.000000,0.000000,0.000000,0.000000,0.000000,0.000000,0.000000,0.000000,600,600,68.005104,11.997609,3.322840,83.325553,395,331,330,0.835443,0.187500,0.000000,2.000000,0.000000,0.000000,0.000000,0.000000,0.000000,306,0.774684,0.187500,0.840164,0.420039,7.405933
351,2605011594408,1,xfeat_star_coarse,stereo,22.868466,38.793916,3.977009,4.020217,0.001208,17.284204,17.356079,15.876325,1.533795,1.612920,600,600,39.141083,1.659462,0.378584,41.179129,374,374,374,1.000000,1.000000,0.000000,0.000000,0.000000,0.000000,0.000000,0.000000,0.000000,195,0.521390,0.875000,0.525085,-0.005543,7.604850
351,2605011594408,1,xfeat_star_fine,stereo,22.868466,38.793916,3.977009,4.020217,0.001208,17.284204,17.356079,15.876325,1.533795,1.612920,600,600,39.141083,1.659462,0.244167,51.895777,365,365,365,1.000000,1.000000,0.000000,2.011650,10.851065,0.320126,0.000583,9.300229,1.230002,243,0.665753,0.875000,0.697677,0.116167,6.811556
351,2605011594408,1,orb_cpu,stereo,68.103604,64.683846,0.000000,0.000000,0.000000,0.000000,0.000000,0.000000,0.000000,0.000000,600,600,68.332729,11.613442,2.491422,82.437593,403,352,349,0.866005,0.270833,0.000000,2.000000,0.000000,0.000000,0.000000,0.000000,0.000000,319,0.791563,0.270833,0.878872,0.477837,7.672225
351,2605011594408,1,xfeat_guided,temporal,21.530963,22.868466,3.935384,3.977009,0.000666,0.001208,15.890243,17.356079,1.704420,1.533795,600,600,44.399429,2.928090,2.666547,49.994066,297,253,253,0.851852,1.000000,0.000000,nan,0.000000,0.000000,0.000000,0.000000,0.000000,0,0.000000,0.000000,nan,nan,0.000000
351,2605011594408,1,orb_cpu,temporal,67.531394,68.103604,0.000000,0.000000,0.000000,0.000000,0.000000,0.000000,0.000000,0.000000,600,600,135.634998,10.052063,3.754341,149.441402,390,320,320,0.820513,0.145833,1.199997,nan,0.000000,0.000000,0.000000,0.000000,0.000000,0,0.000000,0.000000,nan,nan,0.000000
360,2605911594867,1,xfeat_star_coarse,stereo,23.218925,39.159584,4.716552,4.608468,0.001084,16.995369,17.000744,15.919576,1.500337,1.635962,600,600,39.749543,1.407337,0.316834,41.473714,384,384,384,1.000000,1.000000,0.000000,0.000000,0.000000,0.000000,0.000000,0.000000,0.000000,208,0.541667,0.937500,0.529018,-0.032329,14.979241
360,2605911594867,1,xfeat_star_fine,stereo,23.218925,39.159584,4.716552,4.608468,0.001084,16.995369,17.000744,15.919576,1.500337,1.635962,600,600,39.749543,1.407337,0.249751,55.116452,379,379,376,0.992084,1.000000,0.000000,1.834834,13.709821,0.449584,0.000875,12.017359,1.241628,259,0.683377,0.937500,0.687738,0.104657,6.169346
360,2605911594867,1,orb_cpu,stereo,68.978355,71.304985,0.000000,0.000000,0.000000,0.000000,0.000000,0.000000,0.000000,0.000000,600,600,71.590111,17.124870,3.686925,92.401906,384,334,333,0.867188,0.416667,0.000000,2.400009,0.000000,0.000000,0.000000,0.000000,0.000000,315,0.820312,0.395833,0.914149,0.530115,7.282682
361,2606001629450,1,xfeat_star_coarse,stereo,22.847548,39.131625,4.710385,4.678677,0.000792,16.131534,16.136534,16.675869,1.999379,1.645378,600,600,39.537001,1.397462,0.302834,41.237297,371,371,371,1.000000,0.979167,0.000000,0.000000,0.000000,0.000000,0.000000,0.000000,0.000000,189,0.509434,0.875000,0.519246,-0.000436,7.311891
361,2606001629450,1,xfeat_star_fine,stereo,22.847548,39.131625,4.710385,4.678677,0.000792,16.131534,16.136534,16.675869,1.999379,1.645378,600,600,39.537001,1.397462,0.651918,56.087871,364,364,364,1.000000,0.979167,0.000000,1.819416,14.501490,0.293626,0.000666,11.253566,2.953465,228,0.626374,0.916667,0.686325,0.083137,14.193530
361,2606001629450,1,orb_cpu,stereo,65.308639,67.259268,0.000000,0.000000,0.000000,0.000000,0.000000,0.000000,0.000000,0.000000,600,600,67.538769,17.013911,2.444339,86.997019,383,334,334,0.872063,0.333333,0.000000,2.488312,0.000000,0.000000,0.000000,0.000000,0.000000,321,0.838120,0.333333,0.926171,0.561142,7.244807
361,2606001629450,1,xfeat_guided,temporal,23.218925,22.847548,4.716552,4.710385,0.001084,0.000792,17.000744,16.136534,1.500337,1.999379,600,600,46.066473,3.318215,2.229129,51.613817,334,289,289,0.865269,1.000000,0.000000,nan,0.000000,0.000000,0.000000,0.000000,0.000000,0,0.000000,0.000000,nan,nan,0.000000
361,2606001629450,1,orb_cpu,temporal,68.978355,65.308639,0.000000,0.000000,0.000000,0.000000,0.000000,0.000000,0.000000,0.000000,600,600,134.286994,10.033272,2.783089,147.103355,402,344,344,0.855721,0.416667,1.199989,nan,0.000000,0.000000,0.000000,0.000000,0.000000,0,0.000000,0.000000,nan,nan,0.000000
370,2606901590826,1,xfeat_star_coarse,stereo,40.561795,23.443716,4.589844,4.542384,17.042828,0.000834,17.424204,17.024036,1.504586,1.876212,600,600,40.852379,1.532920,0.765376,43.150675,369,369,369,1.000000,1.000000,0.000000,0.000000,0.000000,0.000000,0.000000,0.000000,0.000000,210,0.569106,0.875000,0.585464,0.029630,6.846723
370,2606901590826,1,xfeat_star_fine,stereo,40.561795,23.443716,4.589844,4.542384,17.042828,0.000834,17.424204,17.024036,1.504586,1.876212,600,600,40.852379,1.532920,0.655418,56.929205,366,366,364,0.994536,1.000000,0.000000,1.580298,13.888488,0.253584,0.000583,10.761356,2.872715,268,0.732240,0.916667,0.786542,0.199366,14.331947
370,2606901590826,1,orb_cpu,stereo,67.941478,70.733900,0.000000,0.000000,0.000000,0.000000,0.000000,0.000000,0.000000,0.000000,600,600,71.160027,20.269377,2.939923,94.369327,374,325,322,0.860963,0.250000,0.000000,2.399994,0.000000,0.000000,0.000000,0.000000,0.000000,313,0.836898,0.250000,0.920193,0.541949,7.054598
371,2606991578576,1,xfeat_star_coarse,stereo,23.241174,38.848833,4.663801,4.594093,0.000708,17.072828,17.050162,15.524950,1.526211,1.656795,600,600,39.190125,1.809754,0.388459,41.388338,384,384,384,1.000000,1.000000,0.000000,0.000000,0.000000,0.000000,0.000000,0.000000,0.000000,222,0.578125,0.895833,0.612451,0.000018,7.751767
371,2606991578576,1,xfeat_star_fine,stereo,23.241174,38.848833,4.663801,4.594093,0.000708,17.072828,17.050162,15.524950,1.526211,1.656795,600,600,39.190125,1.809754,0.332542,52.314778,378,378,378,1.000000,1.000000,0.000000,1.595978,10.982357,0.408709,0.000875,9.299811,1.272795,291,0.769841,0.937500,0.778629,0.101273,13.325820
371,2606991578576,1,orb_cpu,stereo,69.632898,72.765530,0.000000,0.000000,0.000000,0.000000,0.000000,0.000000,0.000000,0.000000,600,600,73.034323,10.216063,3.006839,86.257225,374,318,311,0.831551,0.270833,0.000000,2.399994,0.000000,0.000000,0.000000,0.000000,0.000000,299,0.799465,0.270833,0.914281,0.471063,7.022849
371,2606991578576,1,xfeat_guided,temporal,40.561795,23.241174,4.589844,4.663801,17.042828,0.000708,17.424204,17.050162,1.504586,1.526211,600,600,63.802969,3.395091,1.126502,68.324562,356,337,337,0.946629,1.000000,0.000000,nan,0.000000,0.000000,0.000000,0.000000,0.000000,0,0.000000,0.000000,nan,nan,0.000000
371,2606991578576,1,orb_cpu,temporal,67.941478,69.632898,0.000000,0.000000,0.000000,0.000000,0.000000,0.000000,0.000000,0.000000,600,600,137.574376,10.053480,1.717004,149.344860,427,385,385,0.901639,0.291667,0.000000,nan,0.000000,0.000000,0.000000,0.000000,0.000000,0,0.000000,0.000000,nan,nan,0.000000
380,2607981583576,1,xfeat_star_coarse,stereo,23.066174,39.100042,4.585885,4.510718,0.001208,16.958536,16.959245,15.920368,1.519711,1.710212,600,600,39.653335,1.397003,0.308959,41.359297,362,362,362,1.000000,1.000000,0.000000,0.000000,0.000000,0.000000,0.000000,0.000000,0.000000,203,0.560773,0.937500,0.571539,-0.080129,12.274359
380,2607981583576,1,xfeat_star_fine,stereo,23.066174,39.100042,4.585885,4.510718,0.001208,16.958536,16.959245,15.920368,1.519711,1.710212,600,600,39.653335,1.397003,0.646252,52.616863,357,357,355,0.994398,1.000000,0.000000,1.610199,10.920273,0.380334,0.000833,9.339895,1.198836,247,0.691877,0.958333,0.736802,0.147070,14.116196
380,2607981583576,1,orb_cpu,stereo,70.788734,73.510073,0.000000,0.000000,0.000000,0.000000,0.000000,0.000000,0.000000,0.000000,600,600,73.807699,16.607036,2.434339,92.849074,376,328,323,0.859043,0.375000,0.000000,2.400024,0.000000,0.000000,0.000000,0.000000,0.000000,309,0.821809,0.375000,0.922470,0.583016,7.146765
381,2608071593160,1,xfeat_star_coarse,stereo,39.353625,22.598340,4.710802,4.658010,16.210118,0.000875,16.771327,16.186868,1.660962,1.752337,600,600,39.709334,1.474712,0.308751,41.492797,367,367,367,1.000000,1.000000,0.000000,0.000000,0.000000,0.000000,0.000000,0.000000,0.000000,200,0.544959,0.937500,0.559258,-0.147109,6.983764
381,2608071593160,1,xfeat_star_fine,stereo,39.353625,22.598340,4.710802,4.658010,16.210118,0.000875,16.771327,16.186868,1.660962,1.752337,600,600,39.709334,1.474712,0.652918,55.854452,362,362,361,0.997238,1.000000,0.000000,1.659790,14.017488,0.398043,0.000750,10.696856,2.921673,235,0.649171,0.937500,0.703786,0.073461,14.139238
381,2608071593160,1,orb_cpu,stereo,70.803150,72.994489,0.000000,0.000000,0.000000,0.000000,0.000000,0.000000,0.000000,0.000000,600,600,73.301864,17.718704,2.738965,93.759533,359,309,301,0.838440,0.375000,0.000000,2.399994,0.000000,0.000000,0.000000,0.000000,0.000000,287,0.799443,0.375000,0.925332,0.515797,6.806431
381,2608071593160,1,xfeat_guided,temporal,23.066174,39.353625,4.585885,4.710802,0.001208,16.210118,16.959245,16.771327,1.519711,1.660962,600,600,62.419799,3.394799,2.925714,68.740312,384,332,332,0.864583,0.875000,0.000000,nan,0.000000,0.000000,0.000000,0.000000,0.000000,0,0.000000,0.000000,nan,nan,0.000000
381,2608071593160,1,orb_cpu,temporal,70.788734,70.803150,0.000000,0.000000,0.000000,0.000000,0.000000,0.000000,0.000000,0.000000,600,600,141.591884,10.068313,2.505172,154.165369,447,395,395,0.883669,0.375000,0.000000,nan,0.000000,0.000000,0.000000,0.000000,0.000000,0,0.000000,0.000000,nan,nan,0.000000
390,2608971591952,1,xfeat_star_coarse,stereo,22.003047,38.292498,3.938925,3.941800,0.000958,16.137159,16.160368,16.570619,1.902671,1.642795,600,600,38.624040,1.799713,0.371917,40.795670,367,367,367,1.000000,1.000000,0.000000,0.000000,0.000000,0.000000,0.000000,0.000000,0.000000,199,0.542234,0.958333,0.553687,-0.109088,7.433433
390,2608971591952,1,xfeat_star_fine,stereo,22.003047,38.292498,3.938925,3.941800,0.000958,16.137159,16.160368,16.570619,1.902671,1.642795,600,600,38.624040,1.799713,0.313043,51.542694,359,359,359,1.000000,1.000000,0.000000,1.730145,10.805898,0.302417,0.000667,9.300103,1.202586,254,0.707521,0.958333,0.709233,0.095887,10.247438
390,2608971591952,1,orb_cpu,stereo,70.264274,73.547615,0.000000,0.000000,0.000000,0.000000,0.000000,0.000000,0.000000,0.000000,600,600,74.049699,13.416029,2.405713,89.871441,353,309,304,0.861190,0.354167,0.000000,2.800026,0.000000,0.000000,0.000000,0.000000,0.000000,294,0.832861,0.354167,0.915724,0.542350,6.765223
391,2609061609910,1,xfeat_star_coarse,stereo,21.519546,38.032955,3.942425,6.829472,0.001833,12.969861,15.880617,16.561160,1.694421,1.672212,600,600,38.391706,1.763295,0.369959,40.524960,363,363,363,1.000000,1.000000,0.000000,0.000000,0.000000,0.000000,0.000000,0.000000,0.000000,190,0.523416,0.979167,0.553742,-0.107642,7.365474
391,2609061609910,1,xfeat_star_fine,stereo,21.519546,38.032955,3.942425,6.829472,0.001833,12.969861,15.880617,16.561160,1.694421,1.672212,600,600,38.391706,1.763295,0.318751,51.654234,356,356,355,0.997191,1.000000,0.000000,1.652412,11.180482,0.304792,0.000625,9.684688,1.190169,251,0.705056,1.000000,0.731558,0.112839,10.337064
391,2609061609910,1,orb_cpu,stereo,73.483489,76.075745,0.000000,0.000000,0.000000,0.000000,0.000000,0.000000,0.000000,0.000000,600,600,76.361954,12.159984,1.986254,90.508192,346,311,305,0.881503,0.375000,0.000000,2.880005,0.000000,0.000000,0.000000,0.000000,0.000000,294,0.849711,0.375000,0.928758,0.595772,6.576014
391,2609061609910,1,xfeat_guided,temporal,22.003047,21.519546,3.938925,3.942425,0.000958,0.001833,16.160368,15.880617,1.902671,1.694421,600,600,43.522593,3.433882,3.522882,50.479357,384,323,323,0.841146,0.958333,0.000000,nan,0.000000,0.000000,0.000000,0.000000,0.000000,0,0.000000,0.000000,nan,nan,0.000000
391,2609061609910,1,orb_cpu,temporal,70.264274,73.483489,0.000000,0.000000,0.000000,0.000000,0.000000,0.000000,0.000000,0.000000,600,600,143.747763,10.071814,3.253840,157.073417,443,373,373,0.841986,0.333333,1.199997,nan,0.000000,0.000000,0.000000,0.000000,0.000000,0,0.000000,0.000000,nan,nan,0.000000
400,2609961605702,1,xfeat_star_coarse,stereo,23.113715,39.159208,4.654093,4.581301,0.001375,16.999286,16.980411,15.853117,1.477586,1.725087,600,600,39.739293,1.452670,0.308292,41.500255,356,356,356,1.000000,1.000000,0.000000,0.000000,0.000000,0.000000,0.000000,0.000000,0.000000,176,0.494382,0.937500,0.499215,-0.006467,19.910917
400,2609961605702,1,xfeat_star_fine,stereo,23.113715,39.159208,4.654093,4.581301,0.001375,16.999286,16.980411,15.853117,1.477586,1.725087,600,600,39.739293,1.452670,1.203461,54.565409,349,349,348,0.997135,1.000000,0.000000,1.680115,12.169985,0.574877,0.001750,9.404061,2.188797,243,0.696275,0.979167,0.697615,0.137428,22.590381
400,2609961605702,1,orb_cpu,stereo,71.056692,74.205032,0.000000,0.000000,0.000000,0.000000,0.000000,0.000000,0.000000,0.000000,600,600,74.474491,26.144930,2.283755,102.903176,352,307,302,0.857955,0.395833,0.000000,3.000000,0.000000,0.000000,0.000000,0.000000,0.000000,294,0.835227,0.395833,0.933556,0.532016,6.751931
401,2610051594786,1,xfeat_star_coarse,stereo,37.790830,21.676380,4.704593,4.640010,15.552617,0.001250,15.901908,15.532241,1.631504,1.502545,600,600,38.129830,1.737670,0.469584,40.337084,352,352,352,1.000000,0.979167,0.000000,0.000000,0.000000,0.000000,0.000000,0.000000,0.000000,172,0.488636,0.875000,0.476165,-0.099986,7.245557
401,2610051594786,1,xfeat_star_fine,stereo,37.790830,21.676380,4.704593,4.640010,15.552617,0.001250,15.901908,15.532241,1.631504,1.502545,600,600,38.129830,1.737670,0.267250,50.973940,346,346,343,0.991329,0.979167,0.000000,1.740448,10.839190,0.268126,0.000792,9.428520,1.141586,222,0.641618,0.937500,0.696508,0.014727,12.795028
401,2610051594786,1,orb_cpu,stereo,67.870186,70.516150,0.000000,0.000000,0.000000,0.000000,0.000000,0.000000,0.000000,0.000000,600,600,70.782192,11.401524,2.857589,85.041305,328,282,278,0.847561,0.416667,0.000000,3.000000,0.000000,0.000000,0.000000,0.000000,0.000000,270,0.823171,0.416667,0.919100,0.497973,10.454231
401,2610051594786,1,xfeat_guided,temporal,23.113715,37.790830,4.654093,4.704593,0.001375,15.552617,16.980411,15.901908,1.477586,1.631504,600,600,60.904545,4.424593,3.150923,68.480061,384,326,326,0.848958,0.916667,0.000000,nan,0.000000,0.000000,0.000000,0.000000,0.000000,0,0.000000,0.000000,nan,nan,0.000000
401,2610051594786,1,orb_cpu,temporal,71.056692,67.870186,0.000000,0.000000,0.000000,0.000000,0.000000,0.000000,0.000000,0.000000,600,600,138.926878,10.041438,3.847883,152.816199,417,351,351,0.841727,0.395833,1.727997,nan,0.000000,0.000000,0.000000,0.000000,0.000000,0,0.000000,0.000000,nan,nan,0.000000
410,2611041611078,1,xfeat_star_coarse,stereo,40.438752,23.080633,4.482676,4.439635,16.931453,0.000875,17.576037,16.909327,1.448378,1.730671,600,600,40.737753,1.585462,0.324917,42.648132,352,352,352,1.000000,1.000000,0.000000,0.000000,0.000000,0.000000,0.000000,0.000000,0.000000,173,0.491477,1.000000,0.488082,-0.126808,6.676806
410,2611041611078,1,xfeat_star_fine,stereo,40.438752,23.080633,4.482676,4.439635,16.931453,0.000875,17.576037,16.909327,1.448378,1.730671,600,600,40.737753,1.585462,0.315292,53.827197,344,344,342,0.994186,1.000000,0.000000,1.834923,11.188690,0.272167,0.000541,9.763396,1.152419,221,0.642442,0.979167,0.671397,0.037393,5.647429
410,2611041611078,1,orb_cpu,stereo,73.107821,75.935994,0.000000,0.000000,0.000000,0.000000,0.000000,0.000000,0.000000,0.000000,600,600,76.357912,9.632812,3.953675,89.944399,356,298,293,0.823034,0.520833,0.000000,3.000000,0.000000,0.000000,0.000000,0.000000,0.000000,286,0.803371,0.520833,0.929908,0.542301,6.768639
411,2611131593328,1,xfeat_star_coarse,stereo,36.427911,20.862878,3.953675,3.908550,15.461407,0.000834,15.473033,15.434907,1.539587,1.518379,600,600,36.734702,1.729754,0.387334,38.851790,378,378,378,1.000000,1.000000,0.000000,0.000000,0.000000,0.000000,0.000000,0.000000,0.000000,201,0.531746,0.958333,0.524298,-0.068423,7.711016
411,2611131593328,1,xfeat_star_fine,stereo,36.427911,20.862878,3.953675,3.908550,15.461407,0.000834,15.473033,15.434907,1.539587,1.518379,600,600,36.734702,1.729754,0.413959,49.903605,370,370,369,0.997297,1.000000,0.000000,1.880280,11.025190,0.290417,0.000708,9.572187,1.161711,249,0.672973,0.979167,0.665586,0.069893,14.461948
411,2611131593328,1,orb_cpu,stereo,74.682325,77.547414,0.000000,0.000000,0.000000,0.000000,0.000000,0.000000,0.000000,0.000000,600,600,77.856332,10.251021,2.981131,91.088484,355,302,302,0.850704,0.541667,0.000000,3.144012,0.000000,0.000000,0.000000,0.000000,0.000000,292,0.822535,0.541667,0.925538,0.486040,6.718347
411,2611131593328,1,xfeat_guided,temporal,40.438752,36.427911,4.482676,3.953675,16.931453,15.461407,17.576037,15.473033,1.448378,1.539587,600,600,76.866663,3.470132,1.977754,82.314549,384,347,347,0.903646,1.000000,0.000000,nan,0.000000,0.000000,0.000000,0.000000,0.000000,0,0.000000,0.000000,nan,nan,0.000000
411,2611131593328,1,orb_cpu,temporal,73.107821,74.682325,0.000000,0.000000,0.000000,0.000000,0.000000,0.000000,0.000000,0.000000,600,600,147.790146,10.049396,2.272380,160.111922,456,410,410,0.899123,0.520833,0.000000,nan,0.000000,0.000000,0.000000,0.000000,0.000000,0,0.000000,0.000000,nan,nan,0.000000
420,2612031624287,1,xfeat_star_coarse,stereo,23.047965,40.781212,4.690884,4.605302,0.001084,16.638743,16.636118,18.019788,1.719629,1.517254,600,600,41.330254,1.342628,0.244876,42.917758,384,384,384,1.000000,1.000000,0.000000,0.000000,0.000000,0.000000,0.000000,0.000000,0.000000,179,0.466146,0.916667,0.463083,-0.171728,6.273097
420,2612031624287,1,xfeat_star_fine,stereo,23.047965,40.781212,4.690884,4.605302,0.001084,16.638743,16.636118,18.019788,1.719629,1.517254,600,600,41.330254,1.342628,0.326543,56.666954,377,377,376,0.997347,1.000000,0.000000,1.666718,13.667529,0.420793,0.001125,11.995442,1.249877,237,0.628647,0.958333,0.637343,-0.015327,6.160971
420,2612031624287,1,orb_cpu,stereo,72.628028,74.720825,0.000000,0.000000,0.000000,0.000000,0.000000,0.000000,0.000000,0.000000,600,600,74.972534,14.897532,4.377468,94.247534,348,282,276,0.793103,0.520833,0.000000,3.455994,0.000000,0.000000,0.000000,0.000000,0.000000,265,0.761494,0.520833,0.916574,0.481715,6.614847
421,2612121617578,1,xfeat_star_coarse,stereo,37.268579,21.611462,4.686344,4.629093,15.470658,0.000667,15.537408,15.453616,1.574003,1.527753,600,600,37.625413,1.338670,0.478709,39.442792,368,368,368,1.000000,1.000000,0.000000,0.000000,0.000000,0.000000,0.000000,0.000000,0.000000,167,0.453804,0.916667,0.440603,-0.227223,7.365558
421,2612121617578,1,xfeat_star_fine,stereo,37.268579,21.611462,4.686344,4.629093,15.470658,0.000667,15.537408,15.453616,1.574003,1.527753,600,600,37.625413,1.338670,0.377251,53.537697,360,360,359,0.997222,1.000000,0.000000,1.760315,14.196363,0.322667,0.000667,11.898817,1.974045,211,0.586111,0.958333,0.639992,-0.101523,7.223390
421,2612121617578,1,orb_cpu,stereo,70.714566,72.362903,0.000000,0.000000,0.000000,0.000000,0.000000,0.000000,0.000000,0.000000,600,600,72.650320,10.502314,2.876298,86.028932,360,305,302,0.838889,0.541667,0.000000,3.399994,0.000000,0.000000,0.000000,0.000000,0.000000,289,0.802778,0.541667,0.920472,0.522237,6.827348
421,2612121617578,1,xfeat_guided,temporal,23.047965,37.268579,4.690884,4.686344,0.001084,15.470658,16.636118,15.537408,1.719629,1.574003,600,600,60.316544,3.540715,1.892754,65.750013,384,348,348,0.906250,0.958333,0.000000,nan,0.000000,0.000000,0.000000,0.000000,0.000000,0,0.000000,0.000000,nan,nan,0.000000
421,2612121617578,1,orb_cpu,temporal,72.628028,70.714566,0.000000,0.000000,0.000000,0.000000,0.000000,0.000000,0.000000,0.000000,600,600,143.342594,10.033813,2.969465,156.345872,445,382,382,0.858427,0.541667,1.199997,nan,0.000000,0.000000,0.000000,0.000000,0.000000,0,0.000000,0.000000,nan,nan,0.000000
430,2613021602579,1,xfeat_star_coarse,stereo,23.438132,40.799002,4.559051,4.531009,0.001541,16.974952,16.969828,17.784996,1.907462,1.507878,600,600,41.171337,1.286419,0.317418,42.775174,348,348,348,1.000000,1.000000,0.000000,0.000000,0.000000,0.000000,0.000000,0.000000,0.000000,156,0.448276,0.854167,0.441846,-0.243068,6.415305
430,2613021602579,1,xfeat_star_fine,stereo,23.438132,40.799002,4.559051,4.531009,0.001541,16.974952,16.969828,17.784996,1.907462,1.507878,600,600,41.171337,1.286419,0.308834,53.969864,337,337,334,0.991098,1.000000,0.000000,1.920670,11.203274,0.285584,0.000709,9.753104,1.163752,182,0.540059,0.875000,0.550451,-0.098727,5.483386
430,2613021602579,1,orb_cpu,stereo,71.258026,73.770531,0.000000,0.000000,0.000000,0.000000,0.000000,0.000000,0.000000,0.000000,600,600,74.015615,9.261519,3.198174,86.475308,335,281,275,0.820896,0.479167,0.000000,3.599991,0.000000,0.000000,0.000000,0.000000,0.000000,262,0.782090,0.479167,0.905740,0.499481,6.408055
431,2613201601995,1,xfeat_star_coarse,stereo,22.839090,38.895582,3.969925,4.056217,0.001709,17.232787,17.340411,15.871575,1.526712,1.734670,600,600,39.222749,1.619295,0.374293,41.216337,346,346,346,1.000000,1.000000,0.000000,0.000000,0.000000,0.000000,0.000000,0.000000,0.000000,164,0.473988,0.895833,0.478148,-0.132723,7.307765
431,2613201601995,1,xfeat_star_fine,stereo,22.839090,38.895582,3.969925,4.056217,0.001709,17.232787,17.340411,15.871575,1.526712,1.734670,600,600,39.222749,1.619295,0.314668,51.860568,334,334,332,0.994012,1.000000,0.000000,2.109856,10.703856,0.287293,0.000875,9.279728,1.135794,192,0.574850,0.937500,0.604529,-0.028010,13.066652
431,2613201601995,1,orb_cpu,stereo,68.341644,70.502899,0.000000,0.000000,0.000000,0.000000,0.000000,0.000000,0.000000,0.000000,600,600,70.858899,10.327939,4.209884,85.396722,325,265,259,0.796923,0.416667,0.000000,3.799988,0.000000,0.000000,0.000000,0.000000,0.000000,248,0.763077,0.416667,0.891612,0.394815,6.380222
431,2613201601995,1,xfeat_guided,temporal,23.438132,22.839090,4.559051,3.969925,0.001541,0.001709,16.969828,17.340411,1.907462,1.526712,600,600,46.277222,3.054007,2.827381,52.158610,357,305,305,0.854342,0.937500,0.000000,nan,0.000000,0.000000,0.000000,0.000000,0.000000,0,0.000000,0.000000,nan,nan,0.000000
431,2613201601995,1,orb_cpu,temporal,71.258026,68.341644,0.000000,0.000000,0.000000,0.000000,0.000000,0.000000,0.000000,0.000000,600,600,139.599670,10.104188,4.553759,154.257617,419,336,336,0.801909,0.458333,1.200005,nan,0.000000,0.000000,0.000000,0.000000,0.000000,0,0.000000,0.000000,nan,nan,0.000000
440,2614101615246,1,xfeat_star_coarse,stereo,39.228708,23.200840,4.701926,4.671051,16.939578,0.000792,15.860741,16.917202,1.726296,1.611462,600,600,39.735501,4.667135,1.239294,45.641930,356,356,356,1.000000,1.000000,0.000000,4.000000,0.000000,0.000000,0.000000,0.000000,0.000000,155,0.435393,0.854167,0.432512,-0.134045,27.391391
440,2614101615246,1,xfeat_star_fine,stereo,39.228708,23.200840,4.701926,4.671051,16.939578,0.000792,15.860741,16.917202,1.726296,1.611462,600,600,39.735501,4.667135,0.313293,55.841119,351,351,350,0.997151,1.000000,0.000000,3.136688,11.125190,0.589751,0.001583,9.369145,1.164211,190,0.541311,0.937500,0.552554,-0.068012,17.731245
440,2614101615246,1,orb_cpu,stereo,73.319405,75.569242,0.000000,0.000000,0.000000,0.000000,0.000000,0.000000,0.000000,0.000000,600,600,75.838827,28.501977,10.008855,114.349659,324,252,244,0.753086,0.479167,0.000000,4.000000,0.000000,0.000000,0.000000,0.000000,0.000000,234,0.722222,0.479167,0.892424,0.453566,6.236096
441,2614191603579,1,xfeat_star_coarse,stereo,39.131499,22.320005,4.708135,4.661134,15.851242,0.000833,17.041161,15.828075,1.530628,1.829671,600,600,39.490375,1.245877,0.296125,41.032377,343,343,343,1.000000,1.000000,0.000000,0.000000,0.000000,0.000000,0.000000,0.000000,0.000000,171,0.498542,0.854167,0.499786,-0.154113,8.654810
441,2614191603579,1,xfeat_star_fine,stereo,39.131499,22.320005,4.708135,4.661134,15.851242,0.000833,17.041161,15.828075,1.530628,1.829671,600,600,39.490375,1.245877,0.308500,54.267364,337,337,335,0.994065,0.979167,0.000000,2.314072,13.222612,0.374001,0.000791,11.719275,1.128253,199,0.590504,0.916667,0.592703,-0.029583,12.035776
441,2614191603579,1,orb_cpu,stereo,74.226323,76.646453,0.000000,0.000000,0.000000,0.000000,0.000000,0.000000,0.000000,0.000000,600,600,76.909746,19.373458,6.281722,102.564926,336,261,259,0.770833,0.437500,0.000000,4.000008,0.000000,0.000000,0.000000,0.000000,0.000000,253,0.752976,0.437500,0.880494,0.407808,6.574472
441,2614191603579,1,xfeat_guided,temporal,39.228708,39.131499,4.701926,4.708135,16.939578,15.851242,15.860741,17.041161,1.726296,1.530628,600,600,78.360207,3.042715,1.946838,83.349760,384,345,345,0.898438,1.000000,0.000000,nan,0.000000,0.000000,0.000000,0.000000,0.000000,0,0.000000,0.000000,nan,nan,0.000000
441,2614191603579,1,orb_cpu,temporal,73.319405,74.226323,0.000000,0.000000,0.000000,0.000000,0.000000,0.000000,0.000000,0.000000,600,600,147.545728,10.103729,3.368549,161.018006,463,400,400,0.863931,0.500000,1.200012,nan,0.000000,0.000000,0.000000,0.000000,0.000000,0,0.000000,0.000000,nan,nan,0.000000
450,2615091610705,1,xfeat_star_coarse,stereo,23.132965,38.902582,4.089509,4.049050,0.000917,17.286828,17.268036,15.859991,1.774295,1.706546,600,600,39.320291,1.493795,0.371376,41.185462,346,346,346,1.000000,1.000000,0.000000,8.000000,0.000000,0.000000,0.000000,0.000000,0.000000,153,0.442197,0.833333,0.444890,-0.112640,7.063014
450,2615091610705,1,xfeat_star_fine,stereo,23.132965,38.902582,4.089509,4.049050,0.000917,17.286828,17.268036,15.859991,1.774295,1.706546,600,600,39.320291,1.493795,0.384292,51.899442,341,341,341,1.000000,1.000000,0.000000,8.061813,10.701064,0.305959,0.000708,9.257270,1.137002,173,0.507331,0.875000,0.520219,-0.072361,13.544487
450,2615091610705,1,orb_cpu,stereo,71.522234,74.696532,0.000000,0.000000,0.000000,0.000000,0.000000,0.000000,0.000000,0.000000,600,600,75.171700,10.239313,11.142024,96.553037,332,236,232,0.698795,0.416667,0.287994,4.799988,0.000000,0.000000,0.000000,0.000000,0.000000,220,0.662651,0.416667,0.877940,0.406371,6.322596
451,2615181614371,1,xfeat_star_coarse,stereo,22.756464,38.718790,4.294342,4.268926,0.001167,16.905827,16.897494,15.850033,1.563211,1.693879,600,600,39.048541,1.524128,0.369209,40.941878,352,352,352,1.000000,1.000000,0.000000,8.000000,0.000000,0.000000,0.000000,0.000000,0.000000,150,0.426136,0.875000,0.402295,-0.137521,7.131848
451,2615181614371,1,xfeat_star_fine,stereo,22.756464,38.718790,4.294342,4.268926,0.001167,16.905827,16.897494,15.850033,1.563211,1.693879,600,600,39.048541,1.524128,0.316834,51.868735,343,343,340,0.991254,1.000000,0.000000,7.942837,10.979232,0.420668,0.000959,9.404311,1.153086,177,0.516035,0.916667,0.521058,-0.101983,7.011848
451,2615181614371,1,orb_cpu,stereo,66.143098,68.791936,0.000000,0.000000,0.000000,0.000000,0.000000,0.000000,0.000000,0.000000,600,600,69.089395,10.281272,8.779852,88.150519,323,236,223,0.690402,0.416667,0.000000,4.800003,0.000000,0.000000,0.000000,0.000000,0.000000,215,0.665635,0.395833,0.892069,0.393415,6.173763
451,2615181614371,1,xfeat_guided,temporal,23.132965,22.756464,4.089509,4.294342,0.000917,0.001167,17.268036,16.897494,1.774295,1.563211,600,600,45.889429,3.092506,3.621175,52.603110,368,308,308,0.836957,0.937500,0.000000,nan,0.000000,0.000000,0.000000,0.000000,0.000000,0,0.000000,0.000000,nan,nan,0.000000
451,2615181614371,1,orb_cpu,temporal,71.522234,66.143098,0.000000,0.000000,0.000000,0.000000,0.000000,0.000000,0.000000,0.000000,600,600,137.665332,10.057521,3.786675,151.509528,442,375,375,0.848416,0.458333,2.000000,nan,0.000000,0.000000,0.000000,0.000000,0.000000,0,0.000000,0.000000,nan,nan,0.000000
460,2616171608872,1,xfeat_star_coarse,stereo,39.235665,22.997256,4.737593,4.649635,16.829410,0.000667,15.868492,16.811868,1.800003,1.534878,600,600,39.755250,1.292503,0.298792,41.346545,351,351,351,1.000000,1.000000,0.000000,8.000000,0.000000,0.000000,0.000000,0.000000,0.000000,180,0.512821,0.854167,0.517311,-0.086258,15.120157
460,2616171608872,1,xfeat_star_fine,stereo,39.235665,22.997256,4.737593,4.649635,16.829410,0.000667,15.868492,16.811868,1.800003,1.534878,600,600,39.755250,1.292503,0.309167,55.879451,336,336,333,0.991071,1.000000,0.000000,8.229645,14.522531,0.617668,0.001250,12.720069,1.183002,192,0.571429,0.875000,0.560109,-0.139735,15.951242
460,2616171608872,1,orb_cpu,stereo,70.349815,72.250860,0.000000,0.000000,0.000000,0.000000,0.000000,0.000000,0.000000,0.000000,600,600,72.518778,20.441335,13.965737,106.925850,303,211,209,0.689769,0.458333,0.288002,4.976654,0.000000,0.000000,0.000000,0.000000,0.000000,202,0.666667,0.458333,0.865533,0.321887,5.867971
461,2616261654247,1,xfeat_star_coarse,stereo,22.289338,39.332083,4.710593,4.659968,0.001041,15.893991,15.871825,17.151036,1.705587,1.626754,600,600,39.738667,1.278336,0.309751,41.326754,340,340,340,1.000000,1.000000,0.000000,8.000000,0.000000,0.000000,0.000000,0.000000,0.000000,161,0.473529,0.916667,0.479259,-0.138024,6.257013
461,2616261654247,1,xfeat_star_fine,stereo,22.289338,39.332083,4.710593,4.659968,0.001041,15.893991,15.871825,17.151036,1.705587,1.626754,600,600,39.738667,1.278336,0.632376,55.240116,328,328,327,0.996951,1.000000,0.000000,8.195778,13.590737,0.263250,0.000750,10.661522,2.665048,168,0.512195,0.916667,0.524543,-0.107076,13.022653
461,2616261654247,1,orb_cpu,stereo,67.699184,69.062603,0.000000,0.000000,0.000000,0.000000,0.000000,0.000000,0.000000,0.000000,600,600,69.310604,19.429916,16.483784,105.224304,291,193,187,0.642612,0.375000,0.576004,5.183990,0.000000,0.000000,0.000000,0.000000,0.000000,175,0.601375,0.375000,0.876210,0.368045,5.567179
461,2616261654247,1,xfeat_guided,temporal,39.235665,22.289338,4.737593,4.710593,16.829410,0.001041,15.868492,15.871825,1.800003,1.705587,600,600,61.525003,3.115340,3.561965,68.202308,351,289,289,0.823362,0.916667,0.000000,nan,0.000000,0.000000,0.000000,0.000000,0.000000,0,0.000000,0.000000,nan,nan,0.000000
461,2616261654247,1,orb_cpu,temporal,70.349815,67.699184,0.000000,0.000000,0.000000,0.000000,0.000000,0.000000,0.000000,0.000000,600,600,138.048999,10.898273,3.536965,152.484237,434,357,357,0.822581,0.520833,3.000000,nan,0.000000,0.000000,0.000000,0.000000,0.000000,0,0.000000,0.000000,nan,nan,0.000000
470,2617161630789,1,xfeat_star_coarse,stereo,38.969081,23.211298,4.067258,3.993216,17.433828,0.000666,15.851783,17.441579,1.616045,1.775628,600,600,39.283500,1.664878,0.358126,41.306504,341,341,341,1.000000,1.000000,0.000000,8.000000,0.000000,0.000000,0.000000,0.000000,0.000000,172,0.504399,0.916667,0.512408,-0.149128,6.947514
470,2617161630789,1,xfeat_star_fine,stereo,38.969081,23.211298,4.067258,3.993216,17.433828,0.000666,15.851783,17.441579,1.616045,1.775628,600,600,39.283500,1.664878,0.304042,51.910610,324,324,324,1.000000,1.000000,0.000000,8.706032,10.658190,0.262168,0.000667,9.281853,1.113336,172,0.530864,0.895833,0.561251,-0.091846,8.938102
470,2617161630789,1,orb_cpu,stereo,69.747021,72.061234,0.000000,0.000000,0.000000,0.000000,0.000000,0.000000,0.000000,0.000000,600,600,72.519819,12.305526,16.951702,101.777047,292,194,191,0.654110,0.437500,0.959995,5.183990,0.000000,0.000000,0.000000,0.000000,0.000000,182,0.623288,0.437500,0.883723,0.221555,5.615554
471,2617251651414,1,xfeat_star_coarse,stereo,23.218798,39.188624,3.982425,4.009134,0.001209,17.569286,17.626912,15.901117,1.607961,1.708962,600,600,39.544749,1.705670,0.373292,41.623711,352,352,352,1.000000,1.000000,0.000000,8.000000,0.000000,0.000000,0.000000,0.000000,0.000000,200,0.568182,0.875000,0.585397,-0.063125,7.222974
471,2617251651414,1,xfeat_star_fine,stereo,23.218798,39.188624,3.982425,4.009134,0.001209,17.569286,17.626912,15.901117,1.607961,1.708962,600,600,39.544749,1.705670,0.371293,52.521402,343,343,340,0.991254,1.000000,0.000000,8.704609,10.899690,0.423043,0.001000,9.336186,1.139336,190,0.553936,0.875000,0.589793,-0.061425,7.232890
471,2617251651414,1,orb_cpu,stereo,70.510106,72.923112,0.000000,0.000000,0.000000,0.000000,0.000000,0.000000,0.000000,0.000000,600,600,73.222445,10.190022,30.160689,113.573156,272,168,152,0.558824,0.375000,0.586586,4.976654,0.000000,0.000000,0.000000,0.000000,0.000000,144,0.529412,0.375000,0.884830,0.082483,5.289011
471,2617251651414,1,xfeat_guided,temporal,38.969081,23.218798,4.067258,3.982425,17.433828,0.001209,15.851783,17.626912,1.616045,1.607961,600,600,62.187879,3.104215,3.859175,69.151269,368,298,298,0.809783,0.895833,0.000000,nan,0.000000,0.000000,0.000000,0.000000,0.000000,0,0.000000,0.000000,nan,nan,0.000000
471,2617251651414,1,orb_cpu,temporal,69.747021,70.510106,0.000000,0.000000,0.000000,0.000000,0.000000,0.000000,0.000000,0.000000,600,600,140.257127,8.069017,4.683510,153.009654,410,323,323,0.787805,0.458333,1.727997,nan,0.000000,0.000000,0.000000,0.000000,0.000000,0,0.000000,0.000000,nan,nan,0.000000
480,2618151625790,1,xfeat_star_coarse,stereo,38.974706,22.811839,4.743135,4.667843,16.640993,0.001000,15.896492,16.621493,1.693753,1.521253,600,600,39.447124,2.568005,1.243169,43.258298,348,348,348,1.000000,0.979167,0.000000,8.000000,0.000000,0.000000,0.000000,0.000000,0.000000,199,0.571839,0.833333,0.600895,-0.030391,26.947807
480,2618151625790,1,xfeat_star_fine,stereo,38.974706,22.811839,4.743135,4.667843,16.640993,0.001000,15.896492,16.621493,1.693753,1.521253,600,600,39.447124,2.568005,0.311584,53.454819,333,333,332,0.996997,0.979167,0.000000,8.891541,11.128106,0.570292,0.001458,9.406145,1.149669,191,0.573574,0.833333,0.604726,-0.025640,24.398551
480,2618151625790,1,orb_cpu,stereo,70.292189,70.815024,0.000000,0.000000,0.000000,0.000000,0.000000,0.000000,0.000000,0.000000,600,600,71.087607,21.838796,14.033280,106.959683,301,209,202,0.671096,0.333333,0.000000,5.760010,0.000000,0.000000,0.000000,0.000000,0.000000,192,0.637874,0.333333,0.878957,0.006579,5.917595
481,2618331621415,1,xfeat_star_coarse,stereo,22.403880,39.009623,4.761301,4.765176,0.001333,15.807867,15.872825,16.974077,1.768129,1.462378,600,600,39.405625,1.505462,0.223126,41.134213,347,347,347,1.000000,1.000000,0.000000,8.000000,0.000000,0.000000,0.000000,0.000000,0.000000,200,0.576369,0.833333,0.603750,-0.063768,6.794889
481,2618331621415,1,xfeat_star_fine,stereo,22.403880,39.009623,4.761301,4.765176,0.001333,15.807867,15.872825,16.974077,1.768129,1.462378,600,600,39.405625,1.505462,0.671085,55.264117,340,340,339,0.997059,1.000000,0.000000,8.931396,13.681945,0.257334,0.000583,10.676064,2.747797,204,0.600000,0.854167,0.611069,-0.037626,13.314111
481,2618331621415,1,orb_cpu,stereo,68.895561,68.823269,0.000000,0.000000,0.000000,0.000000,0.000000,0.000000,0.000000,0.000000,600,600,69.182395,8.250851,15.816283,93.249529,287,190,188,0.655052,0.375000,0.400009,5.760010,0.000000,0.000000,0.000000,0.000000,0.000000,175,0.609756,0.375000,0.876059,0.280386,5.479803
481,2618331621415,1,xfeat_guided,temporal,38.974706,22.403880,4.743135,4.761301,16.640993,0.001333,15.896492,15.872825,1.693753,1.768129,600,600,61.378586,3.253340,1.082419,65.714345,354,334,334,0.943503,1.000000,0.000000,nan,0.000000,0.000000,0.000000,0.000000,0.000000,0,0.000000,0.000000,nan,nan,0.000000
481,2618331621415,1,orb_cpu,temporal,70.292189,68.895561,0.000000,0.000000,0.000000,0.000000,0.000000,0.000000,0.000000,0.000000,600,600,139.187750,10.111479,2.487797,151.787026,428,375,375,0.876168,0.416667,1.000000,nan,0.000000,0.000000,0.000000,0.000000,0.000000,0,0.000000,0.000000,nan,nan,0.000000
490,2619231633707,1,xfeat_star_coarse,stereo,31.077482,46.929223,12.422818,12.261859,0.000833,17.198328,17.178661,15.843450,1.474962,1.625461,600,600,47.545433,2.116421,0.381167,50.043021,380,380,380,1.000000,1.000000,0.000000,8.000000,0.000000,0.000000,0.000000,0.000000,0.000000,253,0.665789,0.916667,0.691768,-0.025912,7.652183
490,2619231633707,1,xfeat_star_fine,stereo,31.077482,46.929223,12.422818,12.261859,0.000833,17.198328,17.178661,15.843450,1.474962,1.625461,600,600,47.545433,2.116421,0.667877,61.262712,370,370,370,1.000000,1.000000,0.000000,8.580460,10.932981,0.296334,0.000667,9.295436,1.340419,246,0.664865,0.895833,0.712395,0.020054,14.437905
490,2619231633707,1,orb_cpu,stereo,72.436985,73.796321,0.000000,0.000000,0.000000,0.000000,0.000000,0.000000,0.000000,0.000000,600,600,74.276489,17.390370,8.912394,100.579253,273,198,197,0.721612,0.437500,0.000000,4.788773,0.000000,0.000000,0.000000,0.000000,0.000000,182,0.666667,0.437500,0.870881,0.395277,5.222469
491,2619321627082,1,xfeat_star_coarse,stereo,21.453669,38.125747,3.961258,3.914217,0.000916,15.876908,15.852575,16.739368,1.638795,1.595004,600,600,38.546497,2.019837,0.365209,40.931543,369,369,369,1.000000,1.000000,0.000000,8.000000,0.000000,0.000000,0.000000,0.000000,0.000000,264,0.715447,0.937500,0.761996,0.057543,7.369098
491,2619321627082,1,xfeat_star_fine,stereo,21.453669,38.125747,3.961258,3.914217,0.000916,15.876908,15.852575,16.739368,1.638795,1.595004,600,600,38.546497,2.019837,0.317376,51.673524,354,354,353,0.997175,1.000000,0.000000,8.567593,10.789814,0.281750,0.000958,9.280978,1.225961,242,0.683616,0.916667,0.761007,0.056385,12.284525
491,2619321627082,1,orb_cpu,stereo,76.064826,77.597245,0.000000,0.000000,0.000000,0.000000,0.000000,0.000000,0.000000,0.000000,600,600,77.885164,10.257354,10.971482,99.114000,278,194,193,0.694245,0.416667,0.000000,4.780823,0.000000,0.000000,0.000000,0.000000,0.000000,188,0.676259,0.416667,0.874116,0.421387,5.399636
491,2619321627082,1,xfeat_guided,temporal,31.077482,21.453669,12.422818,3.961258,0.000833,0.000916,17.178661,15.852575,1.474962,1.638795,600,600,52.531151,3.793716,4.628801,60.953668,354,286,286,0.807910,0.937500,0.000000,nan,0.000000,0.000000,0.000000,0.000000,0.000000,0,0.000000,0.000000,nan,nan,0.000000
491,2619321627082,1,orb_cpu,temporal,72.436985,76.064826,0.000000,0.000000,0.000000,0.000000,0.000000,0.000000,0.000000,0.000000,600,600,148.501811,9.422812,2.173254,160.097877,390,336,336,0.861538,0.458333,1.727997,nan,0.000000,0.000000,0.000000,0.000000,0.000000,0,0.000000,0.000000,nan,nan,0.000000
500,2620221624874,0,xfeat_star_coarse,stereo,40.329918,23.566757,4.723843,4.695593,16.647535,0.000750,17.512078,16.628784,1.446170,2.241463,600,600,40.918336,1.611420,0.310459,42.840215,379,379,379,1.000000,1.000000,0.000000,8.000000,0.000000,0.000000,0.000000,0.000000,0.000000,210,0.554090,0.916667,0.560053,-0.051123,20.231250
500,2620221624874,0,xfeat_star_fine,stereo,40.329918,23.566757,4.723843,4.695593,16.647535,0.000750,17.512078,16.628784,1.446170,2.241463,600,600,40.918336,1.611420,1.022377,54.795073,370,370,369,0.997297,0.979167,0.000000,8.632355,11.242940,0.613418,0.001416,9.388937,1.238627,217,0.586486,0.895833,0.611493,-0.096582,23.906884
500,2620221624874,0,orb_cpu,stereo,74.600156,75.451824,0.000000,0.000000,0.000000,0.000000,0.000000,0.000000,0.000000,0.000000,600,600,75.670117,24.814593,10.283313,110.768023,252,179,179,0.710317,0.458333,0.000000,5.971985,0.000000,0.000000,0.000000,0.000000,0.000000,167,0.662698,0.458333,0.854942,0.073154,4.983927
501,2620311640082,0,xfeat_star_coarse,stereo,22.280505,39.166707,4.755677,4.699718,0.000917,15.888158,15.866658,16.975952,1.656920,1.602545,600,600,39.561416,1.906212,0.290084,41.757712,366,366,366,1.000000,1.000000,0.000000,8.000000,0.000000,0.000000,0.000000,0.000000,0.000000,193,0.527322,0.937500,0.531572,-0.085521,7.330307
501,2620311640082,0,xfeat_star_fine,stereo,22.280505,39.166707,4.755677,4.699718,0.000917,15.888158,15.866658,16.975952,1.656920,1.602545,600,600,39.561416,1.906212,0.319334,52.595484,358,358,358,1.000000,1.000000,0.000000,8.688442,10.808522,0.302167,0.000916,9.276228,1.229044,198,0.553073,0.916667,0.574349,-0.087399,10.533022
501,2620311640082,0,orb_cpu,stereo,75.254407,70.259272,0.000000,0.000000,0.000000,0.000000,0.000000,0.000000,0.000000,0.000000,600,600,75.539242,18.916456,16.551993,111.007691,240,158,155,0.645833,0.416667,0.345589,5.184006,0.000000,0.000000,0.000000,0.000000,0.000000,150,0.625000,0.416667,0.852683,0.160102,4.744094
501,2620311640082,0,xfeat_guided,temporal,40.329918,22.280505,4.723843,4.755677,16.647535,0.000917,17.512078,15.866658,1.446170,1.656920,600,600,62.610423,3.394049,5.079510,71.083982,344,275,275,0.799419,1.000000,0.000000,nan,0.000000,0.000000,0.000000,0.000000,0.000000,0,0.000000,0.000000,nan,nan,0.000000
501,2620311640082,0,orb_cpu,temporal,74.600156,75.254407,0.000000,0.000000,0.000000,0.000000,0.000000,0.000000,0.000000,0.000000,600,600,149.854563,9.895729,3.630258,163.380550,384,308,308,0.802083,0.583333,1.000000,nan,0.000000,0.000000,0.000000,0.000000,0.000000,0,0.000000,0.000000,nan,nan,0.000000
510,2621211645708,0,xfeat_star_coarse,stereo,39.004581,22.968798,4.008175,3.968550,17.480037,0.000875,15.847616,17.459953,1.668503,1.539170,600,600,39.309749,1.753004,0.362626,41.425379,363,363,363,1.000000,0.979167,0.000000,8.000000,0.000000,0.000000,0.000000,0.000000,0.000000,183,0.504132,0.895833,0.516850,-0.071892,7.330265
510,2621211645708,0,xfeat_star_fine,stereo,39.004581,22.968798,4.008175,3.968550,17.480037,0.000875,15.847616,17.459953,1.668503,1.539170,600,600,39.309749,1.753004,0.649626,52.905819,352,352,350,0.994318,0.979167,0.000000,8.900162,11.193440,0.284125,0.000417,9.282769,1.625962,184,0.522727,0.895833,0.564946,-0.094755,13.810696
510,2621211645708,0,orb_cpu,stereo,70.310897,72.654860,0.000000,0.000000,0.000000,0.000000,0.000000,0.000000,0.000000,0.000000,600,600,73.201652,18.886164,8.830477,100.918293,298,216,212,0.711409,0.354167,0.000000,4.800003,0.000000,0.000000,0.000000,0.000000,0.000000,193,0.647651,0.354167,0.878307,0.363561,5.703261
511,2621391656083,0,xfeat_star_coarse,stereo,23.010840,38.941956,3.893050,3.848842,0.000750,17.647120,17.629120,15.838116,1.487753,1.607753,600,600,39.283374,1.680295,0.386084,41.349753,356,356,356,1.000000,1.000000,0.000000,8.000000,0.000000,0.000000,0.000000,0.000000,0.000000,187,0.525281,0.833333,0.528060,-0.080871,7.017723
511,2621391656083,0,xfeat_star_fine,stereo,23.010840,38.941956,3.893050,3.848842,0.000750,17.647120,17.629120,15.838116,1.487753,1.607753,600,600,39.283374,1.680295,0.307334,52.125900,343,343,343,1.000000,1.000000,0.000000,8.826599,10.854897,0.405042,0.000750,9.283103,1.165877,186,0.542274,0.812500,0.540465,-0.082679,13.214902
511,2621391656083,0,orb_cpu,stereo,67.045057,69.639312,0.000000,0.000000,0.000000,0.000000,0.000000,0.000000,0.000000,0.000000,600,600,70.001312,10.188855,8.685518,88.875685,297,217,213,0.717172,0.354167,0.000000,4.561951,0.000000,0.000000,0.000000,0.000000,0.000000,205,0.690236,0.354167,0.883510,0.228373,5.692887
511,2621391656083,0,xfeat_guided,temporal,39.004581,23.010840,4.008175,3.893050,17.480037,0.000750,15.847616,17.629120,1.668503,1.487753,600,600,62.015421,2.950965,6.062221,71.028607,263,201,201,0.764259,0.875000,0.000000,nan,0.000000,0.000000,0.000000,0.000000,0.000000,0,0.000000,0.000000,nan,nan,0.000000
511,2621391656083,0,orb_cpu,temporal,70.310897,67.045057,0.000000,0.000000,0.000000,0.000000,0.000000,0.000000,0.000000,0.000000,600,600,137.355954,10.020062,6.746930,154.122946,373,283,283,0.758713,0.395833,1.000000,nan,0.000000,0.000000,0.000000,0.000000,0.000000,0,0.000000,0.000000,nan,nan,0.000000
520,2622291640458,0,xfeat_star_coarse,stereo,40.610710,23.371715,4.745094,4.667134,16.999161,0.001125,17.384994,16.955243,1.481295,1.748004,600,600,41.083919,3.492965,0.920710,45.497594,364,364,364,1.000000,0.979167,0.000000,8.000000,0.000000,0.000000,0.000000,0.000000,0.000000,189,0.519231,0.875000,0.517818,-0.153022,17.309661
520,2622291640458,0,xfeat_star_fine,stereo,40.610710,23.371715,4.745094,4.667134,16.999161,0.001125,17.384994,16.955243,1.481295,1.748004,600,600,41.083919,3.492965,0.250667,55.723616,354,354,354,1.000000,0.958333,0.000000,8.695095,10.896065,0.399334,0.001083,9.304394,1.190920,193,0.545198,0.854167,0.543659,-0.180907,12.108817
520,2622291640458,0,orb_cpu,stereo,68.079809,70.081688,0.000000,0.000000,0.000000,0.000000,0.000000,0.000000,0.000000,0.000000,600,600,70.335730,17.713245,6.750889,94.799864,310,237,234,0.754839,0.270833,0.000000,4.319992,0.000000,0.000000,0.000000,0.000000,0.000000,222,0.716129,0.270833,0.862986,0.157129,5.935387
521,2622381647208,0,xfeat_star_coarse,stereo,22.417880,39.074081,4.685801,4.636468,0.000791,15.924783,15.902117,16.882202,1.828837,1.630295,600,600,39.463582,1.274752,0.251334,40.989668,362,362,362,1.000000,1.000000,0.000000,8.000000,0.000000,0.000000,0.000000,0.000000,0.000000,192,0.530387,0.833333,0.547834,-0.135634,6.995472
521,2622381647208,0,xfeat_star_fine,stereo,22.417880,39.074081,4.685801,4.636468,0.000791,15.924783,15.902117,16.882202,1.828837,1.630295,600,600,39.463582,1.274752,0.649627,55.304823,350,350,350,1.000000,1.000000,0.000000,8.683403,13.916862,0.374917,0.000958,10.680439,2.860381,196,0.560000,0.854167,0.579323,-0.184678,13.718487
521,2622381647208,0,orb_cpu,stereo,71.669108,67.741100,0.000000,0.000000,0.000000,0.000000,0.000000,0.000000,0.000000,0.000000,600,600,71.967483,17.851121,6.155263,95.973867,324,249,246,0.759259,0.291667,0.000000,4.147186,0.000000,0.000000,0.000000,0.000000,0.000000,228,0.703704,0.291667,0.852914,0.362040,6.189055
521,2622381647208,0,xfeat_guided,temporal,40.610710,22.417880,4.745094,4.685801,16.999161,0.000791,17.384994,15.902117,1.481295,1.828837,600,600,63.028590,3.322632,5.470678,71.821900,340,266,266,0.782353,0.875000,0.000000,nan,0.000000,0.000000,0.000000,0.000000,0.000000,0,0.000000,0.000000,nan,nan,0.000000
521,2622381647208,0,orb_cpu,temporal,68.079809,71.669108,0.000000,0.000000,0.000000,0.000000,0.000000,0.000000,0.000000,0.000000,600,600,139.748917,10.100313,4.198008,154.047238,360,290,290,0.805556,0.312500,1.439972,nan,0.000000,0.000000,0.000000,0.000000,0.000000,0,0.000000,0.000000,nan,nan,0.000000
530,2623281631334,0,xfeat_star_coarse,stereo,40.518959,22.770631,4.577134,4.511885,16.564284,0.000959,17.843621,16.540493,1.533503,1.717128,600,600,40.807293,1.465212,0.322209,42.594714,384,384,384,1.000000,1.000000,0.000000,8.000000,0.000000,0.000000,0.000000,0.000000,0.000000,206,0.536458,0.916667,0.550077,-0.119066,7.219182
530,2623281631334,0,xfeat_star_fine,stereo,40.518959,22.770631,4.577134,4.511885,16.564284,0.000959,17.843621,16.540493,1.533503,1.717128,600,600,40.807293,1.465212,0.653543,56.904577,374,374,374,1.000000,1.000000,0.000000,8.730972,13.978529,0.293542,0.000791,10.695273,2.988756,212,0.566845,0.895833,0.580937,-0.218116,14.914739
530,2623281631334,0,orb_cpu,stereo,65.413845,67.873683,0.000000,0.000000,0.000000,0.000000,0.000000,0.000000,0.000000,0.000000,600,600,68.348350,20.141667,12.271443,100.761460,296,207,199,0.672297,0.270833,0.319992,4.888321,0.000000,0.000000,0.000000,0.000000,0.000000,188,0.635135,0.270833,0.822029,-0.065878,5.637595
531,2623371634875,0,xfeat_star_coarse,stereo,22.897256,40.935169,4.680052,4.625135,0.001167,16.522826,16.519701,18.184704,1.696170,1.602254,600,600,41.320961,1.392336,0.320543,43.033840,378,378,378,1.000000,0.979167,0.000000,8.000000,0.000000,0.000000,0.000000,0.000000,0.000000,195,0.515873,0.895833,0.525505,-0.218699,6.627597
531,2623371634875,0,xfeat_star_fine,stereo,22.897256,40.935169,4.680052,4.625135,0.001167,16.522826,16.519701,18.184704,1.696170,1.602254,600,600,41.320961,1.392336,0.325542,54.320488,368,368,368,1.000000,0.979167,0.000000,8.821701,11.281649,0.324126,0.000625,9.714478,1.242253,208,0.565217,0.854167,0.574593,-0.219172,5.968263
531,2623371634875,0,orb_cpu,stereo,68.976769,71.296940,0.000000,0.000000,0.000000,0.000000,0.000000,0.000000,0.000000,0.000000,600,600,71.568566,14.941573,12.410359,98.920498,288,201,174,0.604167,0.270833,0.288006,5.000000,0.000000,0.000000,0.000000,0.000000,0.000000,159,0.552083,0.270833,0.851144,-0.016960,5.555303
531,2623371634875,0,xfeat_guided,temporal,40.518959,22.897256,4.577134,4.680052,16.564284,0.001167,17.843621,16.519701,1.533503,1.696170,600,600,63.416215,3.369882,4.619760,71.405857,371,299,299,0.805930,0.875000,0.000000,nan,0.000000,0.000000,0.000000,0.000000,0.000000,0,0.000000,0.000000,nan,nan,0.000000
531,2623371634875,0,orb_cpu,temporal,65.413845,68.976769,0.000000,0.000000,0.000000,0.000000,0.000000,0.000000,0.000000,0.000000,600,600,134.390614,10.042229,4.074717,148.507560,372,307,307,0.825269,0.312500,2.540169,nan,0.000000,0.000000,0.000000,0.000000,0.000000,0,0.000000,0.000000,nan,nan,0.000000
540,2624361630126,1,xfeat_star_coarse,stereo,39.096498,22.981798,4.645676,4.614551,16.865202,0.001167,15.915158,16.846285,1.670129,1.519503,600,600,39.600124,1.412628,0.307834,41.320586,377,377,377,1.000000,1.000000,0.000000,8.000000,0.000000,0.000000,0.000000,0.000000,0.000000,242,0.641910,0.895833,0.660175,0.022626,16.387200
540,2624361630126,1,xfeat_star_fine,stereo,39.096498,22.981798,4.645676,4.614551,16.865202,0.001167,15.915158,16.846285,1.670129,1.519503,600,600,39.600124,1.412628,0.322376,52.538568,369,369,368,0.997290,0.979167,0.000000,8.943756,11.203440,0.616084,0.001542,9.352519,1.232753,232,0.628726,0.875000,0.621383,-0.214160,19.671458
540,2624361630126,1,orb_cpu,stereo,69.354894,71.057981,0.000000,0.000000,0.000000,0.000000,0.000000,0.000000,0.000000,0.000000,600,600,71.341523,20.363543,9.294769,100.999835,289,215,212,0.733564,0.250000,0.000000,5.971985,0.000000,0.000000,0.000000,0.000000,0.000000,197,0.681661,0.250000,0.887351,0.196796,5.476970
541,2624451647501,1,xfeat_star_coarse,stereo,38.962789,22.222379,4.704468,4.651426,15.907949,0.000833,16.688660,15.884783,1.661545,1.685170,600,600,39.367165,3.024965,0.491584,42.883714,374,374,374,1.000000,0.979167,0.000000,8.000000,0.000000,0.000000,0.000000,0.000000,0.000000,220,0.588235,0.833333,0.620595,-0.060290,12.114651
541,2624451647501,1,xfeat_star_fine,stereo,38.962789,22.222379,4.704468,4.651426,15.907949,0.000833,16.688660,15.884783,1.661545,1.685170,600,600,39.367165,3.024965,0.640834,56.469866,363,363,362,0.997245,0.979167,0.000000,8.939857,13.436902,0.257750,0.000542,10.224688,2.953839,217,0.597796,0.854167,0.633755,-0.195575,14.115738
541,2624451647501,1,orb_cpu,stereo,69.000018,71.147606,0.000000,0.000000,0.000000,0.000000,0.000000,0.000000,0.000000,0.000000,600,600,71.432398,17.130161,4.870802,93.433361,285,224,220,0.771930,0.250000,0.000000,5.971970,0.000000,0.000000,0.000000,0.000000,0.000000,193,0.677193,0.250000,0.884906,0.078337,5.420595
541,2624451647501,1,xfeat_guided,temporal,39.096498,38.962789,4.645676,4.704468,16.865202,15.907949,15.915158,16.688660,1.670129,1.661545,600,600,78.059287,3.450132,6.456889,87.966308,378,292,292,0.772487,0.916667,0.000000,nan,0.000000,0.000000,0.000000,0.000000,0.000000,0,0.000000,0.000000,nan,nan,0.000000
541,2624451647501,1,orb_cpu,temporal,69.354894,69.000018,0.000000,0.000000,0.000000,0.000000,0.000000,0.000000,0.000000,0.000000,600,600,138.354912,11.301440,6.453597,156.109949,372,282,282,0.758065,0.208333,2.399994,nan,0.000000,0.000000,0.000000,0.000000,0.000000,0,0.000000,0.000000,nan,nan,0.000000
550,2625351641793,1,xfeat_star_coarse,stereo,23.525382,40.454876,4.617343,4.583635,0.001083,17.018702,17.008535,17.407661,1.898254,1.444628,600,600,40.779209,1.444253,0.418459,42.641921,384,384,384,1.000000,1.000000,0.000000,8.000000,0.000000,0.000000,0.000000,0.000000,0.000000,248,0.645833,0.833333,0.717687,-0.054469,7.303682
550,2625351641793,1,xfeat_star_fine,stereo,23.525382,40.454876,4.617343,4.583635,0.001083,17.018702,17.008535,17.407661,1.898254,1.444628,600,600,40.779209,1.444253,0.254209,53.761445,380,380,380,1.000000,1.000000,0.000000,9.165848,11.283774,0.297043,0.000708,9.729812,1.256003,236,0.621053,0.854167,0.690130,-0.072113,6.115804
550,2625351641793,1,orb_cpu,stereo,71.130897,72.540151,0.000000,0.000000,0.000000,0.000000,0.000000,0.000000,0.000000,0.000000,600,600,73.017818,14.902822,5.546553,93.467193,315,246,244,0.774603,0.291667,0.000000,2.000000,0.000000,0.000000,0.000000,0.000000,0.000000,229,0.726984,0.291667,0.874914,0.298262,5.972346
551,2625441641585,1,xfeat_star_coarse,stereo,38.848373,22.736047,3.994092,3.954050,17.352536,0.000791,15.848116,17.334453,1.653379,1.446503,600,600,39.148665,1.767504,0.379168,41.295337,368,368,368,1.000000,0.979167,0.000000,8.000000,0.000000,0.000000,0.000000,0.000000,0.000000,244,0.663043,0.833333,0.709963,-0.069690,7.409182
551,2625441641585,1,xfeat_star_fine,stereo,38.848373,22.736047,3.994092,3.954050,17.352536,0.000791,15.848116,17.334453,1.653379,1.446503,600,600,39.148665,1.767504,0.521334,52.109733,361,361,359,0.994460,0.979167,0.000000,9.143799,10.672230,0.259709,0.000584,9.266769,1.145002,223,0.617729,0.937500,0.669969,-0.044418,14.101404
551,2625441641585,1,orb_cpu,stereo,69.561020,71.249690,0.000000,0.000000,0.000000,0.000000,0.000000,0.000000,0.000000,0.000000,600,600,71.542773,19.803208,4.763551,96.109532,338,270,267,0.789941,0.270833,0.000000,2.000000,0.000000,0.000000,0.000000,0.000000,0.000000,252,0.745562,0.250000,0.892662,0.336049,6.419389
551,2625441641585,1,xfeat_guided,temporal,23.525382,38.848373,4.617343,3.994092,0.001083,17.352536,17.008535,15.848116,1.898254,1.653379,600,600,62.373755,3.430216,5.713928,71.517899,377,301,301,0.798408,0.791667,0.000000,nan,0.000000,0.000000,0.000000,0.000000,0.000000,0,0.000000,0.000000,nan,nan,0.000000
551,2625441641585,1,orb_cpu,temporal,71.130897,69.561020,0.000000,0.000000,0.000000,0.000000,0.000000,0.000000,0.000000,0.000000,600,600,140.691917,9.827812,3.300590,153.820319,376,306,306,0.813830,0.333333,1.200012,nan,0.000000,0.000000,0.000000,0.000000,0.000000,0,0.000000,0.000000,nan,nan,0.000000
560,2626341651877,1,xfeat_star_coarse,stereo,23.106673,38.921581,4.710010,4.610510,0.001250,16.856327,16.841452,15.844866,1.553711,1.609753,600,600,39.590873,1.441670,0.318542,41.351085,384,384,384,1.000000,1.000000,0.000000,8.000000,0.000000,0.000000,0.000000,0.000000,0.000000,252,0.656250,0.854167,0.684796,-0.000435,11.255107
560,2626341651877,1,xfeat_star_fine,stereo,23.106673,38.921581,4.710010,4.610510,0.001250,16.856327,16.841452,15.844866,1.553711,1.609753,600,600,39.590873,1.441670,1.269919,55.479864,376,376,376,1.000000,1.000000,0.000000,9.108292,13.177402,0.585876,0.001333,11.190523,1.399128,250,0.664894,0.854167,0.695546,0.015903,18.772247
560,2626341651877,1,orb_cpu,stereo,69.851978,73.073526,0.000000,0.000000,0.000000,0.000000,0.000000,0.000000,0.000000,0.000000,587,586,73.349652,17.503286,4.198800,95.051738,327,257,255,0.779817,0.333333,0.000000,2.000000,0.000000,0.000000,0.000000,0.000000,0.000000,245,0.749235,0.333333,0.889629,0.336264,4.969969
561,2626521639835,1,xfeat_star_coarse,stereo,39.076540,23.021798,9.858521,4.528759,11.741191,0.001208,15.884533,16.982702,1.592045,1.508837,600,600,39.412915,1.714003,0.364334,41.491252,369,369,369,1.000000,1.000000,0.000000,8.000000,0.000000,0.000000,0.000000,0.000000,0.000000,261,0.707317,0.937500,0.729630,0.141514,7.234724
561,2626521639835,1,xfeat_star_fine,stereo,39.076540,23.021798,9.858521,4.528759,11.741191,0.001208,15.884533,16.982702,1.592045,1.508837,600,600,39.412915,1.714003,0.326709,52.280150,362,362,361,0.997238,1.000000,0.000000,9.100922,10.826523,0.268584,0.000708,9.333895,1.223211,235,0.649171,0.875000,0.701333,0.034036,11.586107
561,2626521639835,1,orb_cpu,stereo,70.686063,72.732443,0.000000,0.000000,0.000000,0.000000,0.000000,0.000000,0.000000,0.000000,565,565,73.031318,9.316436,4.854011,87.201765,299,237,236,0.789298,0.312500,0.000000,7.166351,0.000000,0.000000,0.000000,0.000000,0.000000,225,0.752508,0.312500,0.905417,0.330303,5.720178
561,2626521639835,1,xfeat_guided,temporal,23.106673,39.076540,4.710010,9.858521,0.001250,11.741191,16.841452,15.884533,1.553711,1.592045,600,600,62.183213,2.586005,33.018860,97.788078,232,147,147,0.633621,0.708333,0.000000,nan,0.000000,0.000000,0.000000,0.000000,0.000000,0,0.000000,0.000000,nan,nan,0.000000
561,2626521639835,1,orb_cpu,temporal,69.851978,70.686063,0.000000,0.000000,0.000000,0.000000,0.000000,0.000000,0.000000,0.000000,587,565,140.538041,8.004975,12.903735,161.446751,215,142,142,0.660465,0.312500,3.583191,nan,0.000000,0.000000,0.000000,0.000000,0.000000,0,0.000000,0.000000,nan,nan,0.000000
570,2627421649586,1,xfeat_star_coarse,stereo,21.484295,38.234204,3.917133,3.933592,0.001125,15.833366,15.869824,16.678326,1.696004,1.788795,600,600,38.573872,1.591003,0.278751,40.443626,369,369,369,1.000000,1.000000,0.000000,8.000000,0.000000,0.000000,0.000000,0.000000,0.000000,204,0.552846,0.937500,0.566146,-0.001130,7.940641
570,2627421649586,1,xfeat_star_fine,stereo,21.484295,38.234204,3.917133,3.933592,0.001125,15.833366,15.869824,16.678326,1.696004,1.788795,600,600,38.573872,1.591003,0.315543,53.998571,353,353,352,0.997167,1.000000,0.000000,9.438416,13.518153,0.399585,0.000875,11.928275,1.189127,197,0.558074,0.895833,0.572366,-0.038111,5.771095
570,2627421649586,1,orb_cpu,stereo,62.893464,64.618217,0.000000,0.000000,0.000000,0.000000,0.000000,0.000000,0.000000,0.000000,502,492,65.105552,11.708691,2.685505,79.499748,291,265,265,0.910653,0.416667,0.000000,8.639999,0.000000,0.000000,0.000000,0.000000,0.000000,256,0.879725,0.416667,0.903576,0.541626,9.223061
571,2627511643836,1,xfeat_star_coarse,stereo,38.128663,22.663755,4.130467,4.096384,17.054285,0.000750,15.447699,17.030786,1.495878,1.535544,600,600,38.442579,1.647753,0.379959,40.470291,364,364,364,1.000000,1.000000,0.000000,8.000000,0.000000,0.000000,0.000000,0.000000,0.000000,184,0.505495,0.875000,0.527516,-0.068804,7.170390
571,2627511643836,1,xfeat_star_fine,stereo,38.128663,22.663755,4.130467,4.096384,17.054285,0.000750,15.447699,17.030786,1.495878,1.535544,600,600,38.442579,1.647753,0.304417,51.151854,351,351,349,0.994302,1.000000,0.000000,9.464203,10.757105,0.288375,0.000875,9.263311,1.204377,192,0.547009,0.833333,0.562385,-0.120459,9.537478
571,2627511643836,1,orb_cpu,stereo,57.576619,59.023706,0.000000,0.000000,0.000000,0.000000,0.000000,0.000000,0.000000,0.000000,507,480,59.275081,14.618031,1.819503,75.712615,285,259,259,0.908772,0.416667,0.000000,9.465591,0.000000,0.000000,0.000000,0.000000,0.000000,247,0.866667,0.416667,0.904236,0.527776,5.547762
571,2627511643836,1,xfeat_guided,temporal,21.484295,38.128663,3.917133,4.130467,0.001125,17.054285,15.869824,15.447699,1.696004,1.495878,600,600,59.612958,3.423298,27.331556,90.367812,348,215,215,0.617816,0.770833,0.000000,nan,0.000000,0.000000,0.000000,0.000000,0.000000,0,0.000000,0.000000,nan,nan,0.000000
571,2627511643836,1,orb_cpu,temporal,62.893464,57.576619,0.000000,0.000000,0.000000,0.000000,0.000000,0.000000,0.000000,0.000000,502,507,120.470083,6.526596,2.772630,129.769309,301,248,248,0.823920,0.354167,3.456001,nan,0.000000,0.000000,0.000000,0.000000,0.000000,0,0.000000,0.000000,nan,nan,0.000000
580,2628411645336,1,xfeat_star_coarse,stereo,23.165964,40.174000,4.735301,4.672218,0.000959,16.689576,16.675284,17.372286,1.754170,1.439628,600,600,40.736918,1.438961,0.306209,42.482088,354,354,354,1.000000,0.979167,0.000000,16.000000,0.000000,0.000000,0.000000,0.000000,0.000000,182,0.514124,0.854167,0.529490,-0.061175,5.624554
580,2628411645336,1,xfeat_star_fine,stereo,23.165964,40.174000,4.735301,4.672218,0.000959,16.689576,16.675284,17.372286,1.754170,1.439628,600,600,40.736918,1.438961,0.618085,56.134825,343,343,343,1.000000,0.979167,0.000000,16.767334,13.340861,0.239792,0.000500,10.293896,2.806589,208,0.606414,0.937500,0.659141,-0.084765,7.878891
580,2628411645336,1,orb_cpu,stereo,62.714296,63.522215,0.000000,0.000000,0.000000,0.000000,0.000000,0.000000,0.000000,0.000000,509,502,63.776049,6.270763,1.470045,71.516857,292,265,264,0.904110,0.416667,0.000000,11.000000,0.000000,0.000000,0.000000,0.000000,0.000000,250,0.856164,0.416667,0.908278,0.515118,5.558053
581,2628501648336,1,xfeat_star_coarse,stereo,38.734663,22.214629,4.732426,4.678801,15.875158,0.000875,16.497950,15.852282,1.628962,1.682462,600,600,39.150956,1.540754,0.274876,40.966586,354,354,354,1.000000,0.979167,0.000000,16.000000,0.000000,0.000000,0.000000,0.000000,0.000000,191,0.539548,0.875000,0.536472,-0.016105,6.754056
581,2628501648336,1,xfeat_star_fine,stereo,38.734663,22.214629,4.732426,4.678801,15.875158,0.000875,16.497950,15.852282,1.628962,1.682462,600,600,39.150956,1.540754,0.307584,52.000900,342,342,340,0.994152,0.979167,0.000000,16.542496,11.001606,0.280792,0.000667,9.556145,1.163836,214,0.625731,0.916667,0.666522,0.019426,6.074179
581,2628501648336,1,orb_cpu,stereo,65.448219,65.206427,0.000000,0.000000,0.000000,0.000000,0.000000,0.000000,0.000000,0.000000,519,513,65.684594,7.629765,1.790837,75.105196,291,262,261,0.896907,0.395833,0.000000,11.971970,0.000000,0.000000,0.000000,0.000000,0.000000,245,0.841924,0.395833,0.899509,0.480941,5.540344
581,2628501648336,1,xfeat_guided,temporal,23.165964,38.734663,4.735301,4.732426,0.000959,15.875158,16.675284,16.497950,1.754170,1.628962,600,600,61.900627,2.934256,63.863591,128.698474,311,168,168,0.540193,0.708333,0.000000,nan,0.000000,0.000000,0.000000,0.000000,0.000000,0,0.000000,0.000000,nan,nan,0.000000
581,2628501648336,1,orb_cpu,temporal,62.714296,65.448219,0.000000,0.000000,0.000000,0.000000,0.000000,0.000000,0.000000,0.000000,509,519,128.162515,6.073012,4.368509,138.604036,300,232,232,0.773333,0.312500,2.399994,nan,0.000000,0.000000,0.000000,0.000000,0.000000,0,0.000000,0.000000,nan,nan,0.000000
590,2629401658545,1,xfeat_star_coarse,stereo,22.939298,40.648292,4.675302,4.636759,0.000791,16.567242,16.552868,17.982537,1.710087,1.461420,600,600,41.014543,1.239711,0.304417,42.558671,328,328,328,1.000000,1.000000,0.000000,16.000000,0.000000,0.000000,0.000000,0.000000,0.000000,107,0.326220,0.750000,0.315524,-0.301687,5.376303
590,2629401658545,1,xfeat_star_fine,stereo,22.939298,40.648292,4.675302,4.636759,0.000791,16.567242,16.552868,17.982537,1.710087,1.461420,600,600,41.014543,1.239711,0.294376,53.645612,305,305,302,0.990164,1.000000,0.000000,17.376541,11.096982,0.279001,0.000583,9.736562,1.080711,155,0.508197,0.875000,0.514815,-0.134221,4.960551
590,2629401658545,1,orb_cpu,stereo,64.017424,65.434052,0.000000,0.000000,0.000000,0.000000,0.000000,0.000000,0.000000,0.000000,523,514,65.957095,11.061065,2.031046,79.049206,254,237,237,0.933071,0.416667,0.000000,13.200005,0.000000,0.000000,0.000000,0.000000,0.000000,230,0.905512,0.416667,0.908119,0.571829,5.526387
591,2629581652920,1,xfeat_star_coarse,stereo,38.338413,21.478794,3.990759,3.935758,15.854407,0.000791,16.802827,15.844491,1.690295,1.697504,600,600,38.713830,1.591087,0.365668,40.670585,359,359,359,1.000000,0.979167,0.000000,16.000000,0.000000,0.000000,0.000000,0.000000,0.000000,115,0.320334,0.666667,0.292034,-0.329467,7.117889
591,2629581652920,1,xfeat_star_fine,stereo,38.338413,21.478794,3.990759,3.935758,15.854407,0.000791,16.802827,15.844491,1.690295,1.697504,600,600,38.713830,1.591087,0.322501,51.348273,343,343,337,0.982507,0.979167,0.000000,17.303680,10.720855,0.252042,0.001208,9.291436,1.176002,162,0.472303,0.812500,0.488012,-0.176005,6.934556
591,2629581652920,1,orb_cpu,stereo,66.298970,66.328054,0.000000,0.000000,0.000000,0.000000,0.000000,0.000000,0.000000,0.000000,530,521,66.610263,7.895641,1.938920,76.444824,280,247,244,0.871429,0.500000,0.000000,13.823990,0.000000,0.000000,0.000000,0.000000,0.000000,231,0.825000,0.500000,0.908114,0.487320,5.371928
591,2629581652920,1,xfeat_guided,temporal,22.939298,38.338413,4.675302,3.990759,0.000791,15.854407,16.552868,16.802827,1.710087,1.690295,600,600,61.277711,2.609422,116.764032,180.651165,282,124,124,0.439716,0.687500,8.000000,nan,0.000000,0.000000,0.000000,0.000000,0.000000,0,0.000000,0.000000,nan,nan,0.000000
591,2629581652920,1,orb_cpu,temporal,64.017424,66.298970,0.000000,0.000000,0.000000,0.000000,0.000000,0.000000,0.000000,0.000000,523,530,130.316394,6.318221,3.960550,140.595165,227,176,176,0.775330,0.395833,2.880005,nan,0.000000,0.000000,0.000000,0.000000,0.000000,0,0.000000,0.000000,nan,nan,0.000000
600,2630481650920,1,xfeat_star_coarse,stereo,39.086914,22.997256,4.752426,4.659593,16.827659,0.001000,15.853492,16.809243,1.653045,1.527087,600,600,39.679624,5.183511,1.165294,46.028429,345,345,345,1.000000,0.979167,0.000000,16.000000,0.000000,0.000000,0.000000,0.000000,0.000000,177,0.513043,0.687500,0.567541,-0.165828,25.553886
600,2630481650920,1,xfeat_star_fine,stereo,39.086914,22.997256,4.752426,4.659593,16.827659,0.001000,15.853492,16.809243,1.653045,1.527087,600,600,39.679624,5.183511,0.463709,56.424159,325,325,325,1.000000,0.979167,0.000000,17.490128,11.097315,0.592002,0.003417,9.379644,1.121711,206,0.633846,0.770833,0.697313,-0.227801,24.378133
600,2630481650920,1,orb_cpu,stereo,61.877628,62.945171,0.000000,0.000000,0.000000,0.000000,0.000000,0.000000,0.000000,0.000000,555,523,63.250047,14.899405,1.656378,79.805830,289,252,251,0.868512,0.375000,0.000000,17.915909,0.000000,0.000000,0.000000,0.000000,0.000000,235,0.813149,0.375000,0.913154,0.577050,4.446551
601,2630571658754,1,xfeat_star_coarse,stereo,39.149664,22.991173,5.863553,3.940883,15.664532,0.001042,15.897533,17.527828,1.723837,1.521170,600,600,39.470123,1.365378,0.289876,41.125377,317,317,317,1.000000,0.958333,0.000000,16.000000,0.000000,0.000000,0.000000,0.000000,0.000000,146,0.460568,0.750000,0.481875,-0.139291,8.614434
601,2630571658754,1,xfeat_star_fine,stereo,39.149664,22.991173,5.863553,3.940883,15.664532,0.001042,15.897533,17.527828,1.723837,1.521170,600,600,39.470123,1.365378,0.237792,53.708153,304,304,302,0.993421,0.958333,0.000000,17.729164,12.634860,0.456168,0.001125,11.139565,1.037752,177,0.582237,0.833333,0.619020,-0.148165,10.651564
601,2630571658754,1,orb_cpu,stereo,62.888504,64.636008,0.000000,0.000000,0.000000,0.000000,0.000000,0.000000,0.000000,0.000000,534,522,64.936884,16.033824,3.736132,84.706840,282,254,254,0.900709,0.395833,0.000000,18.662399,0.000000,0.000000,0.000000,0.000000,0.000000,239,0.847518,0.395833,0.911494,0.504841,5.327303
601,2630571658754,1,xfeat_guided,temporal,39.086914,39.149664,4.752426,5.863553,16.827659,15.664532,15.853492,15.897533,1.653045,1.723837,600,600,78.236578,3.293090,91.611606,173.141274,323,166,166,0.513932,0.708333,8.000000,nan,0.000000,0.000000,0.000000,0.000000,0.000000,0,0.000000,0.000000,nan,nan,0.000000
601,2630571658754,1,orb_cpu,temporal,61.877628,62.888504,0.000000,0.000000,0.000000,0.000000,0.000000,0.000000,0.000000,0.000000,555,534,124.766132,6.786514,4.502301,136.054947,305,237,237,0.777049,0.291667,2.400024,nan,0.000000,0.000000,0.000000,0.000000,0.000000,0,0.000000,0.000000,nan,nan,0.000000
610,2631471649421,1,xfeat_star_coarse,stereo,21.404503,38.435621,3.872508,3.837050,0.001333,15.863657,15.843741,17.010660,1.686754,1.724129,600,600,38.767996,1.720128,0.352292,40.840416,325,325,325,1.000000,0.979167,0.000000,32.000000,0.000000,0.000000,0.000000,0.000000,0.000000,151,0.464615,0.729167,0.481435,-0.160709,6.726348
610,2631471649421,1,xfeat_star_fine,stereo,21.404503,38.435621,3.872508,3.837050,0.001333,15.863657,15.843741,17.010660,1.686754,1.724129,600,600,38.767996,1.720128,0.299543,51.404397,311,311,309,0.993569,0.979167,0.000000,32.470226,10.616730,0.286958,0.000750,9.260103,1.068752,189,0.607717,0.812500,0.639369,0.005886,11.871982
610,2631471649421,1,orb_cpu,stereo,61.136167,62.962588,0.000000,0.000000,0.000000,0.000000,0.000000,0.000000,0.000000,0.000000,582,567,63.485506,17.390869,3.887424,84.763799,283,235,234,0.826855,0.437500,0.000000,28.800003,0.000000,0.000000,0.000000,0.000000,0.000000,227,0.802120,0.437500,0.924577,0.457594,5.409470
611,2631561670921,1,xfeat_star_coarse,stereo,21.494502,38.189787,3.947674,3.881300,0.000834,15.884574,15.862616,16.865035,1.683253,1.558753,600,600,38.530996,1.686587,0.339126,40.556709,307,307,307,1.000000,0.937500,0.000000,32.000000,0.000000,0.000000,0.000000,0.000000,0.000000,134,0.436482,0.750000,0.440542,-0.281579,6.033304
611,2631561670921,1,xfeat_star_fine,stereo,21.494502,38.189787,3.947674,3.881300,0.000834,15.884574,15.862616,16.865035,1.683253,1.558753,600,600,38.530996,1.686587,0.286126,51.224231,287,287,287,1.000000,0.937500,0.000000,32.758667,10.720522,0.260875,0.000542,9.444019,1.014919,139,0.484321,0.812500,0.497471,-0.153492,5.680053
611,2631561670921,1,orb_cpu,stereo,58.426495,59.949165,0.000000,0.000000,0.000000,0.000000,0.000000,0.000000,0.000000,0.000000,595,586,60.220124,10.387313,4.594217,75.201654,304,243,242,0.796053,0.479167,0.000000,28.800003,0.000000,0.000000,0.000000,0.000000,0.000000,231,0.759868,0.479167,0.903190,0.334935,5.855387
611,2631561670921,1,xfeat_guided,temporal,21.404503,21.494502,3.872508,3.947674,0.001333,0.000834,15.843741,15.862616,1.686754,1.683253,600,600,42.899005,3.243423,41.062418,87.204846,331,194,194,0.586103,0.708333,0.000000,nan,0.000000,0.000000,0.000000,0.000000,0.000000,0,0.000000,0.000000,nan,nan,0.000000
611,2631561670921,1,orb_cpu,temporal,61.136167,58.426495,0.000000,0.000000,0.000000,0.000000,0.000000,0.000000,0.000000,0.000000,582,595,119.562662,7.794057,2.635006,129.991725,373,313,313,0.839142,0.375000,2.880005,nan,0.000000,0.000000,0.000000,0.000000,0.000000,0,0.000000,0.000000,nan,nan,0.000000
620,2632551758046,1,xfeat_star_coarse,stereo,23.417840,38.718288,4.762218,4.616759,0.000791,17.127577,17.149911,15.439407,1.504711,1.534378,600,600,39.372539,5.541345,1.162877,46.076761,316,316,316,1.000000,0.958333,0.000000,32.000000,0.000000,0.000000,0.000000,0.000000,0.000000,135,0.427215,0.770833,0.455810,-0.199644,23.145423
620,2632551758046,1,xfeat_star_fine,stereo,23.417840,38.718288,4.762218,4.616759,0.000791,17.127577,17.149911,15.439407,1.504711,1.534378,600,600,39.372539,5.541345,1.119752,65.824926,306,306,305,0.996732,0.937500,0.000000,32.885391,19.791290,0.362126,0.000792,14.491280,4.936801,146,0.477124,0.770833,0.499004,-0.035677,20.737043
620,2632551758046,1,orb_cpu,stereo,64.175590,65.095009,0.000000,0.000000,0.000000,0.000000,0.000000,0.000000,0.000000,0.000000,597,585,65.332926,20.526501,4.504301,90.363728,321,257,257,0.800623,0.458333,0.000000,30.000000,0.000000,0.000000,0.000000,0.000000,0.000000,245,0.763240,0.458333,0.925768,0.454466,6.201596
621,2632641665630,1,xfeat_star_coarse,stereo,22.251088,39.136413,4.649801,4.580217,0.001334,15.899116,15.888574,17.184827,1.711254,1.472003,600,600,39.527747,2.183421,0.614126,42.325294,302,302,302,1.000000,0.979167,0.000000,32.000000,0.000000,0.000000,0.000000,0.000000,0.000000,122,0.403974,0.750000,0.423303,-0.289670,11.423524
621,2632641665630,1,xfeat_star_fine,stereo,22.251088,39.136413,4.649801,4.580217,0.001334,15.899116,15.888574,17.184827,1.711254,1.472003,600,600,39.527747,2.183421,0.501501,52.834524,293,293,293,1.000000,0.979167,0.000000,32.670700,10.621855,0.342334,0.000833,9.285144,0.993252,133,0.453925,0.791667,0.476396,-0.115546,11.238231
621,2632641665630,1,orb_cpu,stereo,64.440340,65.016258,0.000000,0.000000,0.000000,0.000000,0.000000,0.000000,0.000000,0.000000,597,590,65.282676,20.093958,5.287511,90.664145,317,262,262,0.826498,0.416667,0.000000,29.859848,0.000000,0.000000,0.000000,0.000000,0.000000,247,0.779180,0.416667,0.926118,0.473919,6.066721
621,2632641665630,1,xfeat_guided,temporal,23.417840,22.251088,4.762218,4.649801,0.000791,0.001334,17.149911,15.888574,1.504711,1.711254,600,600,45.668928,3.608507,0.855210,50.132645,384,380,380,0.989583,1.000000,0.000000,nan,0.000000,0.000000,0.000000,0.000000,0.000000,0,0.000000,0.000000,nan,nan,0.000000
621,2632641665630,1,orb_cpu,temporal,64.175590,64.440340,0.000000,0.000000,0.000000,0.000000,0.000000,0.000000,0.000000,0.000000,597,597,128.615930,10.103229,0.762835,139.481994,525,520,520,0.990476,0.479167,0.000000,nan,0.000000,0.000000,0.000000,0.000000,0.000000,0,0.000000,0.000000,nan,nan,0.000000
630,2633541655214,1,xfeat_star_coarse,stereo,23.081506,38.082453,4.026134,4.003216,0.001208,17.159661,17.161827,15.449365,1.892087,1.470086,600,600,38.422037,1.586795,0.349251,40.358083,312,312,312,1.000000,0.958333,0.000000,32.000000,0.000000,0.000000,0.000000,0.000000,0.000000,136,0.435897,0.770833,0.463615,-0.180334,6.221346
630,2633541655214,1,xfeat_star_fine,stereo,23.081506,38.082453,4.026134,4.003216,0.001208,17.159661,17.161827,15.449365,1.892087,1.470086,600,600,38.422037,1.586795,0.307125,51.002562,300,300,298,0.993333,0.937500,0.000000,32.746735,10.686605,0.265334,0.000667,9.398561,1.021877,148,0.493333,0.854167,0.511067,-0.068575,8.385601
630,2633541655214,1,orb_cpu,stereo,64.674466,65.799135,0.000000,0.000000,0.000000,0.000000,0.000000,0.000000,0.000000,0.000000,596,587,66.264261,13.146943,3.817799,83.229003,320,261,259,0.809375,0.437500,0.000000,29.859833,0.000000,0.000000,0.000000,0.000000,0.000000,245,0.765625,0.437500,0.917174,0.429544,6.094763
631,2633631673172,1,xfeat_star_coarse,stereo,22.999631,40.137415,4.707260,4.666467,0.001042,16.612201,16.602451,17.383536,1.688545,1.475044,600,600,40.494416,1.355253,0.227084,42.076753,306,306,306,1.000000,0.979167,0.000000,32.000000,0.000000,0.000000,0.000000,0.000000,0.000000,136,0.444444,0.729167,0.448720,-0.307642,5.618386
631,2633631673172,1,xfeat_star_fine,stereo,22.999631,40.137415,4.707260,4.666467,0.001042,16.612201,16.602451,17.383536,1.688545,1.475044,600,600,40.494416,1.355253,0.303042,53.135359,300,300,300,1.000000,0.979167,0.000000,32.532188,10.982648,0.271334,0.000708,9.705395,1.005086,145,0.483333,0.833333,0.497426,-0.103954,4.802052
631,2633631673172,1,orb_cpu,stereo,68.691016,63.404631,0.000000,0.000000,0.000000,0.000000,0.000000,0.000000,0.000000,0.000000,597,582,68.929767,10.563730,7.672641,87.166138,310,234,231,0.745161,0.416667,0.000000,30.000000,0.000000,0.000000,0.000000,0.000000,0.000000,217,0.700000,0.416667,0.922771,0.472752,6.008970
631,2633631673172,1,xfeat_guided,temporal,23.081506,22.999631,4.026134,4.707260,0.001208,0.001042,17.161827,16.602451,1.892087,1.688545,600,600,46.081137,3.545882,0.888668,50.515687,384,375,375,0.976562,1.000000,0.000000,nan,0.000000,0.000000,0.000000,0.000000,0.000000,0,0.000000,0.000000,nan,nan,0.000000
631,2633631673172,1,orb_cpu,temporal,64.674466,68.691016,0.000000,0.000000,0.000000,0.000000,0.000000,0.000000,0.000000,0.000000,596,597,133.365482,10.154687,0.583293,144.103462,534,531,531,0.994382,0.479167,0.000000,nan,0.000000,0.000000,0.000000,0.000000,0.000000,0,0.000000,0.000000,nan,nan,0.000000
640,2634531667381,1,xfeat_star_coarse,stereo,23.212006,39.225664,4.003425,3.991425,0.000958,17.673286,17.680578,15.851033,1.526836,1.709795,600,600,39.596414,1.344711,0.295209,41.236334,302,302,302,1.000000,0.937500,0.000000,32.000000,0.000000,0.000000,0.000000,0.000000,0.000000,141,0.466887,0.770833,0.477983,-0.246243,4.771593
640,2634531667381,1,xfeat_star_fine,stereo,23.212006,39.225664,4.003425,3.991425,0.000958,17.673286,17.680578,15.851033,1.526836,1.709795,600,600,39.596414,1.344711,0.804085,55.051779,291,291,291,1.000000,0.916667,0.000000,32.569458,13.306569,0.208584,0.000625,10.258938,2.838256,149,0.512027,0.750000,0.526058,-0.133822,15.314698
640,2634531667381,1,orb_cpu,stereo,63.907548,64.454132,0.000000,0.000000,0.000000,0.000000,0.000000,0.000000,0.000000,0.000000,599,588,64.704591,19.722582,6.311221,90.738394,316,259,259,0.819620,0.458333,0.000000,29.859848,0.000000,0.000000,0.000000,0.000000,0.000000,248,0.784810,0.458333,0.915283,0.458767,6.021054
641,2634621663297,1,xfeat_star_coarse,stereo,22.312712,38.941580,4.690218,4.635134,0.000792,15.930491,15.906241,16.562159,1.715128,1.813587,600,600,39.321497,1.337086,0.289418,40.948001,310,310,310,1.000000,0.979167,0.000000,32.000000,0.000000,0.000000,0.000000,0.000000,0.000000,142,0.458065,0.770833,0.480472,-0.222036,4.853051
641,2634621663297,1,xfeat_star_fine,stereo,22.312712,38.941580,4.690218,4.635134,0.000792,15.930491,15.906241,16.562159,1.715128,1.813587,600,600,39.321497,1.337086,0.585834,54.224860,297,297,297,1.000000,0.979167,0.000000,32.569969,12.980443,0.234209,0.000750,10.277604,2.467713,155,0.521886,0.833333,0.542285,-0.064477,14.143654
641,2634621663297,1,orb_cpu,stereo,61.284250,61.747460,0.000000,0.000000,0.000000,0.000000,0.000000,0.000000,0.000000,0.000000,596,584,62.016294,9.828812,3.518007,75.363113,311,256,255,0.819936,0.479167,0.000000,30.000000,0.000000,0.000000,0.000000,0.000000,0.000000,241,0.774920,0.479167,0.922621,0.422953,5.964637
641,2634621663297,1,xfeat_guided,temporal,23.212006,22.312712,4.003425,4.690218,0.000958,0.000792,17.680578,15.906241,1.526836,1.715128,600,600,45.524718,3.501174,0.706751,49.732643,384,379,379,0.986979,1.000000,0.000000,nan,0.000000,0.000000,0.000000,0.000000,0.000000,0,0.000000,0.000000,nan,nan,0.000000
641,2634621663297,1,orb_cpu,temporal,63.907548,61.284250,0.000000,0.000000,0.000000,0.000000,0.000000,0.000000,0.000000,0.000000,599,596,125.191798,9.981145,0.678543,135.851486,529,525,525,0.992439,0.479167,0.000000,nan,0.000000,0.000000,0.000000,0.000000,0.000000,0,0.000000,0.000000,nan,nan,0.000000
