frame_index,stamp_ns,tracking_state,method,pair_type,extract_a_ms,extract_b_ms,preprocess_a_ms,preprocess_b_ms,bpu_queue_a_ms,bpu_queue_b_ms,bpu_a_ms,bpu_b_ms,postprocess_a_ms,postprocess_b_ms,keypoints_a,keypoints_b,extraction_wall_ms,match_ms,geometry_ms,end_to_end_pair_ms,matches,ransac_inliers,strict_inliers,strict_inlier_ratio,strict_grid_coverage,median_vertical_error_px,median_disparity_px,fine_total_ms,fine_preprocess_ms,fine_bpu_queue_ms,fine_bpu_ms,fine_postprocess_ms,photometric_inliers,photometric_inlier_ratio,photometric_grid_coverage,patch_ncc_median,patch_ncc_p10,photometric_ms
0,2569011476808,-1,xfeat_star_coarse,stereo,41.974318,24.211254,5.594812,5.532145,16.914436,0.001000,17.831898,16.914395,1.632964,1.763339,600,600,42.231276,1.408588,0.441960,44.081824,334,334,334,1.000000,0.979167,0.000000,0.000000,0.000000,0.000000,0.000000,0.000000,0.000000,168,0.502994,0.750000,0.520672,-0.389721,17.516855
0,2569011476808,-1,xfeat_star_fine,stereo,41.974318,24.211254,5.594812,5.532145,16.914436,0.001000,17.831898,16.914395,1.632964,1.763339,600,600,42.231276,1.408588,0.623211,57.882498,321,321,318,0.990654,0.958333,0.000000,1.627930,13.619423,0.390084,0.000833,10.573080,2.655217,183,0.570093,0.750000,0.637557,-0.091691,12.386711
0,2569011476808,-1,orb_cpu,stereo,66.283696,66.755948,0.000000,0.000000,0.000000,0.000000,0.000000,0.000000,0.000000,0.000000,599,600,66.965324,10.241537,2.244217,79.451078,379,333,332,0.875989,0.354167,0.000000,1.727997,0.000000,0.000000,0.000000,0.000000,0.000000,318,0.839050,0.354167,0.929630,0.575860,7.209359
1,2569101470849,-1,xfeat_star_coarse,stereo,22.309247,39.564184,4.452182,5.634520,0.001000,14.949429,16.180308,17.044019,1.675548,1.936049,600,600,39.924560,1.623256,0.344918,41.892734,335,335,335,1.000000,1.000000,0.000000,0.000000,0.000000,0.000000,0.000000,0.000000,0.000000,168,0.501493,0.770833,0.519717,-0.323354,6.592232
1,2569101470849,-1,xfeat_star_fine,stereo,22.309247,39.564184,4.452182,5.634520,0.001000,14.949429,16.180308,17.044019,1.675548,1.936049,600,600,39.924560,1.623256,0.306542,53.049857,328,328,325,0.990854,0.979167,0.000000,1.562164,11.195499,0.377460,0.000750,9.711951,1.105171,192,0.585366,0.750000,0.626042,-0.082277,6.188481
1,2569101470849,-1,orb_cpu,stereo,70.300336,63.787312,0.000000,0.000000,0.000000,0.000000,0.000000,0.000000,0.000000,0.000000,600,598,70.549795,10.097620,2.175508,82.822923,386,342,341,0.883420,0.333333,0.000000,1.728003,0.000000,0.000000,0.000000,0.000000,0.000000,322,0.834197,0.312500,0.934296,0.577358,7.419068
1,2569101470849,-1,xfeat_guided,temporal,41.974318,22.309247,5.594812,4.452182,16.914436,0.001000,17.831898,16.180308,1.632964,1.675548,600,600,64.283565,3.522137,0.675044,68.480746,384,383,383,0.997396,1.000000,0.000000,nan,0.000000,0.000000,0.000000,0.000000,0.000000,0,0.000000,0.000000,nan,nan,0.000000
1,2569101470849,-1,orb_cpu,temporal,66.283696,70.300336,0.000000,0.000000,0.000000,0.000000,0.000000,0.000000,0.000000,0.000000,599,600,136.584032,10.040911,0.673336,147.298279,519,517,517,0.996146,0.375000,0.000000,nan,0.000000,0.000000,0.000000,0.000000,0.000000,0,0.000000,0.000000,nan,nan,0.000000
10,2570001461725,-1,xfeat_star_coarse,stereo,32.706076,47.909839,13.366423,13.189131,0.000958,17.651689,17.630564,15.426013,1.707964,1.642798,600,600,48.561883,1.667839,0.362043,50.591765,345,345,345,1.000000,0.979167,0.000000,0.000000,0.000000,0.000000,0.000000,0.000000,0.000000,160,0.463768,0.750000,0.464637,-0.340827,7.161234
10,2570001461725,-1,xfeat_star_fine,stereo,32.706076,47.909839,13.366423,13.189131,0.000958,17.651689,17.630564,15.426013,1.707964,1.642798,600,600,48.561883,1.667839,0.361376,64.453648,334,334,333,0.997006,0.979167,0.000000,1.649307,13.862550,0.378043,0.000875,12.086668,1.396714,181,0.541916,0.791667,0.584545,-0.094201,6.698066
10,2570001461725,-1,orb_cpu,stereo,66.361822,61.859347,0.000000,0.000000,0.000000,0.000000,0.000000,0.000000,0.000000,0.000000,599,600,66.654864,19.111527,2.035174,87.801565,371,333,331,0.892183,0.312500,0.000000,1.727997,0.000000,0.000000,0.000000,0.000000,0.000000,316,0.851752,0.312500,0.935809,0.614560,7.077900
11,2570181473058,-1,xfeat_star_coarse,stereo,22.795124,38.907265,3.988306,3.975639,0.000625,17.323271,17.336312,15.860806,1.469547,1.747382,600,600,39.235390,1.649339,0.465002,41.349731,332,332,332,1.000000,0.979167,0.000000,0.000000,0.000000,0.000000,0.000000,0.000000,0.000000,157,0.472892,0.750000,0.474767,-0.374532,6.675149
11,2570181473058,-1,xfeat_star_fine,stereo,22.795124,38.907265,3.988306,3.975639,0.000625,17.323271,17.336312,15.860806,1.469547,1.747382,600,600,39.235390,1.649339,0.304251,51.829227,324,324,322,0.993827,0.979167,0.000000,1.717194,10.640247,0.282501,0.000500,9.273949,1.083088,179,0.552469,0.770833,0.604594,-0.140693,12.022335
11,2570181473058,-1,orb_cpu,stereo,64.005688,59.288088,0.000000,0.000000,0.000000,0.000000,0.000000,0.000000,0.000000,0.000000,600,600,64.243398,10.574954,5.050393,79.868745,371,322,320,0.862534,0.312500,0.000000,1.727997,0.000000,0.000000,0.000000,0.000000,0.000000,305,0.822102,0.291667,0.938222,0.607757,10.514621
11,2570181473058,-1,xfeat_guided,temporal,32.706076,22.795124,13.366423,3.988306,0.000958,0.000625,17.630564,17.336312,1.707964,1.469547,600,600,55.501200,3.583388,0.701003,59.785591,384,378,378,0.984375,1.000000,0.000000,nan,0.000000,0.000000,0.000000,0.000000,0.000000,0,0.000000,0.000000,nan,nan,0.000000
11,2570181473058,-1,orb_cpu,temporal,66.361822,64.005688,0.000000,0.000000,0.000000,0.000000,0.000000,0.000000,0.000000,0.000000,599,600,130.367510,10.031786,0.588711,140.988007,521,517,517,0.992322,0.375000,0.000000,nan,0.000000,0.000000,0.000000,0.000000,0.000000,0,0.000000,0.000000,nan,nan,0.000000
20,2571081465434,-1,xfeat_star_coarse,stereo,46.739709,31.087819,12.302711,12.161418,17.451729,0.001292,15.490847,17.429020,1.494297,1.495797,600,600,47.187044,5.675895,0.848045,53.710984,349,349,349,1.000000,0.979167,0.000000,0.000000,0.000000,0.000000,0.000000,0.000000,0.000000,160,0.458453,0.687500,0.469977,-0.271686,19.455361
20,2571081465434,-1,xfeat_star_fine,stereo,46.739709,31.087819,12.302711,12.161418,17.451729,0.001292,15.490847,17.429020,1.494297,1.495797,600,600,47.187044,5.675895,0.306626,66.400362,332,332,332,1.000000,0.979167,0.000000,1.647209,13.230797,0.360960,0.000875,11.695000,1.173671,184,0.554217,0.687500,0.605430,-0.070339,13.615799
20,2571081465434,-1,orb_cpu,stereo,64.787482,66.699823,0.000000,0.000000,0.000000,0.000000,0.000000,0.000000,0.000000,0.000000,600,599,66.991115,20.214989,3.018552,90.224656,395,361,361,0.913924,0.333333,0.000000,1.727997,0.000000,0.000000,0.000000,0.000000,0.000000,345,0.873418,0.333333,0.936223,0.642194,8.266738
21,2571171462517,-1,xfeat_star_coarse,stereo,22.310122,39.424474,4.777143,4.733850,0.000833,15.892765,15.873473,17.255854,1.658173,1.541672,600,600,39.751600,1.367589,0.424251,41.543440,340,340,340,1.000000,0.979167,0.000000,0.000000,0.000000,0.000000,0.000000,0.000000,0.000000,165,0.485294,0.791667,0.502018,-0.231287,13.155964
21,2571171462517,-1,xfeat_star_fine,stereo,22.310122,39.424474,4.777143,4.733850,0.000833,15.892765,15.873473,17.255854,1.658173,1.541672,600,600,39.751600,1.367589,0.313168,52.396063,328,328,326,0.993902,0.979167,0.000000,1.570930,10.963706,0.468169,0.000917,9.335992,1.158337,191,0.582317,0.854167,0.606577,-0.018250,12.348586
21,2571171462517,-1,orb_cpu,stereo,60.048340,60.866218,0.000000,0.000000,0.000000,0.000000,0.000000,0.000000,0.000000,0.000000,599,600,61.115302,11.746167,1.881715,74.743184,403,357,356,0.883375,0.333333,0.000000,1.440002,0.000000,0.000000,0.000000,0.000000,0.000000,338,0.838710,0.333333,0.934257,0.557285,6.567232
21,2571171462517,-1,xfeat_guided,temporal,46.739709,22.310122,12.302711,4.777143,17.451729,0.000833,15.490847,15.873473,1.494297,1.658173,600,600,69.049831,3.463220,0.876920,73.389971,384,377,377,0.981771,1.000000,0.000000,nan,0.000000,0.000000,0.000000,0.000000,0.000000,0,0.000000,0.000000,nan,nan,0.000000
21,2571171462517,-1,orb_cpu,temporal,64.787482,60.048340,0.000000,0.000000,0.000000,0.000000,0.000000,0.000000,0.000000,0.000000,600,599,124.835822,10.048703,0.693545,135.578070,526,525,525,0.998099,0.354167,0.000000,nan,0.000000,0.000000,0.000000,0.000000,0.000000,0,0.000000,0.000000,nan,nan,0.000000
30,2572071470309,1,xfeat_star_coarse,stereo,21.430994,38.031094,3.918889,3.878180,0.000667,15.857724,15.851932,16.616726,1.659381,1.678339,600,600,38.368262,1.645214,0.372709,40.386185,346,346,346,1.000000,0.979167,0.000000,0.000000,0.000000,0.000000,0.000000,0.000000,0.000000,176,0.508671,0.812500,0.523143,-0.196436,6.862442
30,2572071470309,1,xfeat_star_fine,stereo,21.430994,38.031094,3.918889,3.878180,0.000667,15.857724,15.851932,16.616726,1.659381,1.678339,600,600,38.368262,1.645214,0.412501,51.165682,338,338,334,0.988166,0.979167,0.000000,1.597679,10.739705,0.264043,0.000625,9.304158,1.170712,197,0.582840,0.770833,0.609856,-0.033123,12.937880
30,2572071470309,1,orb_cpu,stereo,63.517019,65.307234,0.000000,0.000000,0.000000,0.000000,0.000000,0.000000,0.000000,0.000000,600,600,65.791236,19.321194,2.274800,87.387230,395,353,352,0.891139,0.333333,0.000000,1.727997,0.000000,0.000000,0.000000,0.000000,0.000000,333,0.843038,0.333333,0.933896,0.573164,7.540902
31,2572161479393,1,xfeat_star_coarse,stereo,40.031560,22.858081,4.459933,4.412890,16.771685,0.000958,17.402062,16.752560,1.397589,1.691506,600,600,40.302310,1.562381,0.372001,42.236692,354,354,354,1.000000,0.979167,0.000000,0.000000,0.000000,0.000000,0.000000,0.000000,0.000000,180,0.508475,0.812500,0.523514,-0.151457,6.965150
31,2572161479393,1,xfeat_star_fine,stereo,40.031560,22.858081,4.459933,4.412890,16.771685,0.000958,17.402062,16.752560,1.397589,1.691506,600,600,40.302310,1.562381,0.311793,53.340190,348,348,347,0.997126,0.979167,0.000000,1.537720,11.163706,0.266709,0.000666,9.727994,1.168212,206,0.591954,0.854167,0.621587,0.020228,11.593833
31,2572161479393,1,orb_cpu,stereo,61.547721,63.379435,0.000000,0.000000,0.000000,0.000000,0.000000,0.000000,0.000000,0.000000,600,600,63.664895,10.243495,2.270841,76.179231,411,365,364,0.885645,0.333333,0.000000,1.727997,0.000000,0.000000,0.000000,0.000000,0.000000,347,0.844282,0.333333,0.932741,0.609955,7.868570
31,2572161479393,1,xfeat_guided,temporal,21.430994,40.031560,3.918889,4.459933,0.000667,16.771685,15.851932,17.402062,1.659381,1.397589,600,600,61.462554,3.449471,0.870212,65.782237,384,379,379,0.986979,1.000000,0.000000,nan,0.000000,0.000000,0.000000,0.000000,0.000000,0,0.000000,0.000000,nan,nan,0.000000
31,2572161479393,1,orb_cpu,temporal,63.517019,61.547721,0.000000,0.000000,0.000000,0.000000,0.000000,0.000000,0.000000,0.000000,600,600,125.064740,10.033786,1.118504,136.217030,546,540,540,0.989011,0.354167,0.000000,nan,0.000000,0.000000,0.000000,0.000000,0.000000,0,0.000000,0.000000,nan,nan,0.000000
40,2573151513851,1,xfeat_star_coarse,stereo,23.107666,40.302853,4.701308,4.595183,0.000834,16.757727,16.745643,17.457354,1.659506,1.492464,600,600,40.855271,2.339925,1.223671,44.418867,346,346,346,1.000000,0.979167,0.000000,0.000000,0.000000,0.000000,0.000000,0.000000,0.000000,169,0.488439,0.729167,0.500234,-0.185046,21.824411
40,2573151513851,1,xfeat_star_fine,stereo,23.107666,40.302853,4.701308,4.595183,0.000834,16.757727,16.745643,17.457354,1.659506,1.492464,600,600,40.855271,2.339925,0.305501,56.997412,329,329,326,0.990881,0.979167,0.000000,1.542080,13.496715,0.368168,0.000875,11.984085,1.143254,195,0.592705,0.770833,0.648499,-0.045372,5.275019
40,2573151513851,1,orb_cpu,stereo,64.856732,66.049319,0.000000,0.000000,0.000000,0.000000,0.000000,0.000000,0.000000,0.000000,600,600,66.262862,16.325475,4.774142,87.362479,407,354,353,0.867322,0.333333,0.000000,1.520004,0.000000,0.000000,0.000000,0.000000,0.000000,338,0.830467,0.333333,0.935424,0.588273,10.242912
41,2573241482810,1,xfeat_star_coarse,stereo,22.384871,38.806472,4.719725,4.651017,0.000959,15.934140,15.916515,16.753977,1.747339,1.467130,600,600,39.164681,2.905885,0.642628,42.713194,354,354,354,1.000000,0.979167,0.000000,0.000000,0.000000,0.000000,0.000000,0.000000,0.000000,174,0.491525,0.770833,0.505437,-0.253288,13.702590
41,2573241482810,1,xfeat_star_fine,stereo,22.384871,38.806472,4.719725,4.651017,0.000959,15.934140,15.916515,16.753977,1.747339,1.467130,600,600,39.164681,2.905885,0.538127,53.609149,342,342,339,0.991228,0.979167,0.000000,1.433502,11.000456,0.478960,0.000875,9.347659,1.172712,195,0.570175,0.812500,0.633217,-0.064643,13.128047
41,2573241482810,1,orb_cpu,stereo,65.629484,60.148506,0.000000,0.000000,0.000000,0.000000,0.000000,0.000000,0.000000,0.000000,600,600,65.867277,20.205322,5.400686,91.473285,404,354,354,0.876238,0.333333,0.000000,1.440002,0.000000,0.000000,0.000000,0.000000,0.000000,338,0.836634,0.333333,0.934649,0.617072,8.223446
41,2573241482810,1,xfeat_guided,temporal,23.107666,22.384871,4.701308,4.719725,0.000834,0.000959,16.745643,15.916515,1.659506,1.747339,600,600,45.492537,3.661179,0.674294,49.828010,384,381,381,0.992188,1.000000,0.000000,nan,0.000000,0.000000,0.000000,0.000000,0.000000,0,0.000000,0.000000,nan,nan,0.000000
41,2573241482810,1,orb_cpu,temporal,64.856732,65.629484,0.000000,0.000000,0.000000,0.000000,0.000000,0.000000,0.000000,0.000000,600,600,130.486216,10.088495,0.821170,141.395881,526,520,520,0.988593,0.354167,0.000000,nan,0.000000,0.000000,0.000000,0.000000,0.000000,0,0.000000,0.000000,nan,nan,0.000000
50,2574141488394,1,xfeat_star_coarse,stereo,22.878581,40.032601,4.470266,4.444557,0.000709,16.746809,16.744685,17.372979,1.662755,1.468047,600,600,40.350227,1.377338,0.250543,41.978108,354,354,354,1.000000,0.979167,0.000000,0.000000,0.000000,0.000000,0.000000,0.000000,0.000000,184,0.519774,0.729167,0.549691,-0.169293,6.969816
50,2574141488394,1,xfeat_star_fine,stereo,22.878581,40.032601,4.470266,4.444557,0.000709,16.746809,16.744685,17.372979,1.662755,1.468047,600,600,40.350227,1.377338,0.488877,56.037200,348,348,346,0.994253,0.979167,0.000000,1.476913,13.820758,0.261918,0.000459,10.756746,2.801427,216,0.620690,0.750000,0.661864,-0.047453,13.379214
50,2574141488394,1,orb_cpu,stereo,64.581355,66.183028,0.000000,0.000000,0.000000,0.000000,0.000000,0.000000,0.000000,0.000000,600,600,66.633655,17.210019,2.126591,85.970265,408,366,362,0.887255,0.333333,0.000000,1.440002,0.000000,0.000000,0.000000,0.000000,0.000000,346,0.848039,0.333333,0.937371,0.592056,7.736611
51,2574231483935,1,xfeat_star_coarse,stereo,37.151049,20.925491,4.008972,3.941389,15.472805,0.000667,15.939099,15.481347,1.730006,1.501713,600,600,37.438300,1.663090,0.354835,39.456225,343,343,343,1.000000,0.979167,0.000000,0.000000,0.000000,0.000000,0.000000,0.000000,0.000000,168,0.489796,0.687500,0.504836,-0.161671,6.963649
51,2574231483935,1,xfeat_star_fine,stereo,37.151049,20.925491,4.008972,3.941389,15.472805,0.000667,15.939099,15.481347,1.730006,1.501713,600,600,37.438300,1.663090,0.292292,53.203231,334,334,334,1.000000,0.979167,0.000000,1.551804,13.809549,0.342584,0.000959,12.072418,1.393213,194,0.580838,0.812500,0.630529,-0.048668,6.533107
51,2574231483935,1,orb_cpu,stereo,59.395211,61.011884,0.000000,0.000000,0.000000,0.000000,0.000000,0.000000,0.000000,0.000000,600,600,61.264552,10.160328,1.601006,73.025886,411,377,377,0.917275,0.333333,0.000000,1.727997,0.000000,0.000000,0.000000,0.000000,0.000000,360,0.875912,0.333333,0.934620,0.618671,7.945986
51,2574231483935,1,xfeat_guided,temporal,22.878581,37.151049,4.470266,4.008972,0.000709,15.472805,16.744685,15.939099,1.662755,1.730006,600,600,60.029630,3.465595,0.798669,64.293894,384,380,380,0.989583,1.000000,0.000000,nan,0.000000,0.000000,0.000000,0.000000,0.000000,0,0.000000,0.000000,nan,nan,0.000000
51,2574231483935,1,orb_cpu,temporal,64.581355,59.395211,0.000000,0.000000,0.000000,0.000000,0.000000,0.000000,0.000000,0.000000,600,600,123.976566,10.080911,0.681794,134.739271,523,518,518,0.990440,0.354167,0.000000,nan,0.000000,0.000000,0.000000,0.000000,0.000000,0,0.000000,0.000000,nan,nan,0.000000
60,2575131484561,1,xfeat_star_coarse,stereo,23.040749,38.451387,4.680308,4.603891,0.001292,16.885477,16.864518,15.488430,1.494464,1.473381,600,600,39.025347,5.739062,1.181546,45.945955,349,349,349,1.000000,0.979167,0.000000,0.000000,0.000000,0.000000,0.000000,0.000000,0.000000,183,0.524355,0.750000,0.545719,-0.124783,26.731303
60,2575131484561,1,xfeat_star_fine,stereo,23.040749,38.451387,4.680308,4.603891,0.001292,16.885477,16.864518,15.488430,1.494464,1.473381,600,600,39.025347,5.739062,0.317168,56.185700,338,338,335,0.991124,0.979167,0.000000,1.535706,11.104123,0.549502,0.001333,9.405158,1.147588,197,0.582840,0.812500,0.652918,-0.010025,19.339777
60,2575131484561,1,orb_cpu,stereo,68.228535,62.523514,0.000000,0.000000,0.000000,0.000000,0.000000,0.000000,0.000000,0.000000,600,596,68.479119,20.950116,5.023018,94.452253,417,365,344,0.824940,0.333333,0.000000,1.727997,0.000000,0.000000,0.000000,0.000000,0.000000,333,0.798561,0.333333,0.933839,0.590659,11.506207
61,2575221484144,1,xfeat_star_coarse,stereo,22.259538,39.050097,4.707309,4.634100,0.000833,15.891598,15.884057,16.994352,1.666839,1.529756,600,600,39.425182,3.052386,0.828795,43.306363,349,349,349,1.000000,0.979167,0.000000,0.000000,0.000000,0.000000,0.000000,0.000000,0.000000,172,0.492837,0.791667,0.514684,-0.188070,13.313422
61,2575221484144,1,xfeat_star_fine,stereo,22.259538,39.050097,4.707309,4.634100,0.000833,15.891598,15.884057,16.994352,1.666839,1.529756,600,600,39.425182,3.052386,0.311418,53.678067,335,335,334,0.997015,0.979167,0.000000,1.470192,10.889081,0.371543,0.000875,9.359408,1.156963,187,0.558209,0.812500,0.625235,-0.030575,12.322252
61,2575221484144,1,orb_cpu,stereo,64.380771,65.470149,0.000000,0.000000,0.000000,0.000000,0.000000,0.000000,0.000000,0.000000,600,600,65.710025,19.277152,2.054841,87.042018,413,373,372,0.900726,0.333333,0.000000,1.727997,0.000000,0.000000,0.000000,0.000000,0.000000,359,0.869249,0.333333,0.935457,0.602736,7.844819
61,2575221484144,1,xfeat_guided,temporal,23.040749,22.259538,4.680308,4.707309,0.001292,0.000833,16.864518,15.884057,1.494464,1.666839,600,600,45.300287,3.393554,0.594252,49.288093,384,382,382,0.994792,1.000000,0.000000,nan,0.000000,0.000000,0.000000,0.000000,0.000000,0,0.000000,0.000000,nan,nan,0.000000
61,2575221484144,1,orb_cpu,temporal,68.228535,64.380771,0.000000,0.000000,0.000000,0.000000,0.000000,0.000000,0.000000,0.000000,600,600,132.609306,9.407700,0.693836,142.710842,526,518,518,0.984791,0.354167,0.000000,nan,0.000000,0.000000,0.000000,0.000000,0.000000,0,0.000000,0.000000,nan,nan,0.000000
70,2576211494853,1,xfeat_star_coarse,stereo,38.196302,21.428618,3.929764,3.887514,15.903432,0.000709,16.696767,15.882390,1.666131,1.657839,600,600,38.483929,1.655297,0.273501,40.412727,343,343,343,1.000000,0.979167,0.000000,0.000000,0.000000,0.000000,0.000000,0.000000,0.000000,171,0.498542,0.750000,0.525115,-0.205548,6.756899
70,2576211494853,1,xfeat_star_fine,stereo,38.196302,21.428618,3.929764,3.887514,15.903432,0.000709,16.696767,15.882390,1.666131,1.657839,600,600,38.483929,1.655297,0.605502,51.743892,331,331,329,0.993958,0.979167,0.000000,1.504028,10.999164,0.240292,0.000625,9.315242,1.442797,193,0.583082,0.812500,0.644339,-0.052252,12.754671
70,2576211494853,1,orb_cpu,stereo,63.714810,65.396024,0.000000,0.000000,0.000000,0.000000,0.000000,0.000000,0.000000,0.000000,600,599,65.912317,10.218869,2.023674,78.154860,408,369,367,0.899510,0.333333,0.000000,1.727997,0.000000,0.000000,0.000000,0.000000,0.000000,354,0.867647,0.333333,0.932087,0.623808,7.796195
71,2576301492853,1,xfeat_star_coarse,stereo,40.380352,22.868039,4.665100,4.615724,16.582601,0.001166,17.714188,16.562684,1.418130,1.688131,600,600,40.657061,1.375339,0.231792,42.264192,349,349,349,1.000000,0.958333,0.000000,0.000000,0.000000,0.000000,0.000000,0.000000,0.000000,165,0.472779,0.708333,0.493194,-0.188361,6.285856
71,2576301492853,1,xfeat_star_fine,stereo,40.380352,22.868039,4.665100,4.615724,16.582601,0.001166,17.714188,16.562684,1.418130,1.688131,600,600,40.657061,1.375339,0.335127,53.526442,340,340,339,0.997059,0.958333,0.000000,1.466553,11.158915,0.246584,0.000542,9.765743,1.145879,195,0.573529,0.812500,0.611790,-0.070094,5.388352
71,2576301492853,1,orb_cpu,stereo,61.744594,64.729063,0.000000,0.000000,0.000000,0.000000,0.000000,0.000000,0.000000,0.000000,600,600,65.099106,9.639534,2.650717,77.389357,424,370,367,0.865566,0.333333,0.000000,1.727997,0.000000,0.000000,0.000000,0.000000,0.000000,350,0.825472,0.333333,0.929648,0.569531,8.281988
71,2576301492853,1,xfeat_guided,temporal,38.196302,40.380352,3.929764,4.665100,15.903432,16.582601,16.696767,17.714188,1.666131,1.418130,600,600,78.576654,3.486137,0.834170,82.896961,384,379,379,0.986979,1.000000,0.000000,nan,0.000000,0.000000,0.000000,0.000000,0.000000,0,0.000000,0.000000,nan,nan,0.000000
71,2576301492853,1,orb_cpu,temporal,63.714810,61.744594,0.000000,0.000000,0.000000,0.000000,0.000000,0.000000,0.000000,0.000000,600,600,125.459404,10.506621,0.702378,136.668403,522,516,516,0.988506,0.354167,0.000000,nan,0.000000,0.000000,0.000000,0.000000,0.000000,0,0.000000,0.000000,nan,nan,0.000000
80,2577201491645,1,xfeat_star_coarse,stereo,23.144582,38.459178,4.774142,4.636142,0.000583,16.879727,16.868852,15.465971,1.500797,1.477130,600,600,39.112472,1.396797,0.395168,40.904437,350,350,350,1.000000,0.979167,0.000000,0.000000,0.000000,0.000000,0.000000,0.000000,0.000000,187,0.534286,0.770833,0.540686,-0.115206,5.536269
80,2577201491645,1,xfeat_star_fine,stereo,23.144582,38.459178,4.774142,4.636142,0.000583,16.879727,16.868852,15.465971,1.500797,1.477130,600,600,39.112472,1.396797,1.133587,59.223168,337,337,335,0.994065,0.979167,0.000000,1.538574,17.580312,0.238584,0.000584,11.958917,5.382061,203,0.602374,0.812500,0.650341,0.037145,18.664608
80,2577201491645,1,orb_cpu,stereo,64.038311,65.201815,0.000000,0.000000,0.000000,0.000000,0.000000,0.000000,0.000000,0.000000,600,600,65.480149,20.172072,3.318553,88.970774,408,363,361,0.884804,0.333333,0.000000,1.727997,0.000000,0.000000,0.000000,0.000000,0.000000,344,0.843137,0.333333,0.937758,0.611902,7.731736
81,2577291484020,1,xfeat_star_coarse,stereo,37.227174,21.718077,4.713183,4.671183,15.549639,0.000709,15.497805,15.527346,1.466172,1.518548,600,600,37.518717,1.618923,0.350376,39.488016,335,335,335,1.000000,0.979167,0.000000,0.000000,0.000000,0.000000,0.000000,0.000000,0.000000,178,0.531343,0.729167,0.566930,-0.190701,6.576065
81,2577291484020,1,xfeat_star_fine,stereo,37.227174,21.718077,4.713183,4.671183,15.549639,0.000709,15.497805,15.527346,1.466172,1.518548,600,600,37.518717,1.618923,0.307335,50.505389,326,326,323,0.990798,0.979167,0.000000,1.501465,11.060414,0.342418,0.001000,9.599409,1.117420,185,0.567485,0.750000,0.646663,-0.080822,5.769312
81,2577291484020,1,orb_cpu,stereo,65.664233,60.172879,0.000000,0.000000,0.000000,0.000000,0.000000,0.000000,0.000000,0.000000,600,600,65.981484,10.328954,1.950798,78.261236,404,359,358,0.886139,0.333333,0.000000,1.440002,0.000000,0.000000,0.000000,0.000000,0.000000,343,0.849010,0.333333,0.932020,0.618190,7.646777
81,2577291484020,1,xfeat_guided,temporal,23.144582,37.227174,4.774142,4.713183,0.000583,15.549639,16.868852,15.497805,1.500797,1.466172,600,600,60.371756,3.601972,0.680336,64.654064,384,382,382,0.994792,1.000000,0.000000,nan,0.000000,0.000000,0.000000,0.000000,0.000000,0,0.000000,0.000000,nan,nan,0.000000
81,2577291484020,1,orb_cpu,temporal,64.038311,65.664233,0.000000,0.000000,0.000000,0.000000,0.000000,0.000000,0.000000,0.000000,600,600,129.702544,10.052619,0.699002,140.454165,527,526,526,0.998102,0.354167,0.000000,nan,0.000000,0.000000,0.000000,0.000000,0.000000,0,0.000000,0.000000,nan,nan,0.000000
90,2578191503937,1,xfeat_star_coarse,stereo,38.102135,21.403200,3.919264,3.879055,15.874639,0.000834,16.639518,15.851264,1.668589,1.671964,600,600,38.397261,1.672006,0.347710,40.416977,337,337,337,1.000000,0.979167,0.000000,0.000000,0.000000,0.000000,0.000000,0.000000,0.000000,173,0.513353,0.750000,0.553901,-0.147601,6.628232
90,2578191503937,1,xfeat_star_fine,stereo,38.102135,21.403200,3.919264,3.879055,15.874639,0.000834,16.639518,15.851264,1.668589,1.671964,600,600,38.397261,1.672006,0.296001,51.037014,326,326,325,0.996933,0.979167,0.000000,1.435394,10.671746,0.276834,0.000625,9.288200,1.105962,188,0.576687,0.812500,0.639895,-0.025440,8.193363
90,2578191503937,1,orb_cpu,stereo,63.347433,64.779355,0.000000,0.000000,0.000000,0.000000,0.000000,0.000000,0.000000,0.000000,600,600,65.228731,19.361569,2.886135,87.476435,409,355,354,0.865526,0.333333,0.000000,1.727997,0.000000,0.000000,0.000000,0.000000,0.000000,339,0.828851,0.333333,0.926328,0.587117,7.822278
91,2578281501270,1,xfeat_star_coarse,stereo,38.143844,21.411492,3.926806,3.863680,15.885431,0.000833,16.690559,15.864223,1.640923,1.682631,600,600,38.422177,1.645797,0.357543,40.425517,337,337,337,1.000000,0.979167,0.000000,0.000000,0.000000,0.000000,0.000000,0.000000,0.000000,175,0.519288,0.770833,0.571406,-0.154788,7.246859
91,2578281501270,1,xfeat_star_fine,stereo,38.143844,21.411492,3.926806,3.863680,15.885431,0.000833,16.690559,15.864223,1.640923,1.682631,600,600,38.422177,1.645797,0.347126,54.189399,328,328,325,0.990854,0.979167,0.000000,1.445236,13.774299,0.343293,0.000791,12.063126,1.366797,198,0.603659,0.791667,0.661303,0.029564,6.453981
91,2578281501270,1,orb_cpu,stereo,59.503085,61.499385,0.000000,0.000000,0.000000,0.000000,0.000000,0.000000,0.000000,0.000000,600,598,61.767927,18.414982,2.988761,83.171670,405,346,340,0.839506,0.333333,0.000000,1.727997,0.000000,0.000000,0.000000,0.000000,0.000000,325,0.802469,0.333333,0.929271,0.592413,7.775194
91,2578281501270,1,xfeat_guided,temporal,38.102135,38.143844,3.919264,3.926806,15.874639,15.885431,16.639518,16.690559,1.668589,1.640923,600,600,76.245979,3.517679,1.058629,80.822287,384,373,373,0.971354,1.000000,0.000000,nan,0.000000,0.000000,0.000000,0.000000,0.000000,0,0.000000,0.000000,nan,nan,0.000000
91,2578281501270,1,orb_cpu,temporal,63.347433,59.503085,0.000000,0.000000,0.000000,0.000000,0.000000,0.000000,0.000000,0.000000,600,600,122.850518,8.030237,0.645628,131.526383,525,522,522,0.994286,0.354167,0.000000,nan,0.000000,0.000000,0.000000,0.000000,0.000000,0,0.000000,0.000000,nan,nan,0.000000
100,2579271529354,1,xfeat_star_coarse,stereo,23.014623,38.379094,4.796851,4.670142,0.000625,16.716393,16.708934,15.498096,1.508047,1.494297,600,600,38.971471,1.383297,0.295418,40.650186,345,345,345,1.000000,0.979167,0.000000,0.000000,0.000000,0.000000,0.000000,0.000000,0.000000,179,0.518841,0.812500,0.539377,-0.184531,8.006778
100,2579271529354,1,xfeat_star_fine,stereo,23.014623,38.379094,4.796851,4.670142,0.000625,16.716393,16.708934,15.498096,1.508047,1.494297,600,600,38.971471,1.383297,0.308709,56.245657,337,337,336,0.997033,0.979167,0.000000,1.430025,15.582180,0.546835,0.001292,13.903716,1.129796,203,0.602374,0.812500,0.655474,-0.030036,15.813306
100,2579271529354,1,orb_cpu,stereo,63.929851,66.110067,0.000000,0.000000,0.000000,0.000000,0.000000,0.000000,0.000000,0.000000,598,598,66.423735,20.046404,4.043015,90.513154,389,350,350,0.899743,0.333333,0.000000,1.727997,0.000000,0.000000,0.000000,0.000000,0.000000,331,0.850900,0.333333,0.938090,0.572656,7.567401
101,2579361495313,1,xfeat_star_coarse,stereo,22.454996,39.174097,4.709308,4.659100,0.000916,16.042098,16.021307,16.936310,1.723173,1.536339,600,600,39.557723,1.609256,0.370543,41.537522,350,350,350,1.000000,0.979167,0.000000,0.000000,0.000000,0.000000,0.000000,0.000000,0.000000,180,0.514286,0.791667,0.545375,-0.180332,6.752482
101,2579361495313,1,xfeat_star_fine,stereo,22.454996,39.174097,4.709308,4.659100,0.000916,16.042098,16.021307,16.936310,1.723173,1.536339,600,600,39.557723,1.609256,0.306459,52.680436,339,339,337,0.994100,0.979167,0.000000,1.548573,11.206998,0.292042,0.000583,9.796535,1.117671,196,0.578171,0.812500,0.650831,-0.071988,9.697243
101,2579361495313,1,orb_cpu,stereo,61.864469,63.060431,0.000000,0.000000,0.000000,0.000000,0.000000,0.000000,0.000000,0.000000,598,600,63.320015,19.510402,2.184424,85.014841,401,360,358,0.892768,0.333333,0.000000,1.727997,0.000000,0.000000,0.000000,0.000000,0.000000,340,0.847880,0.333333,0.937004,0.608255,7.620485
101,2579361495313,1,xfeat_guided,temporal,23.014623,22.454996,4.796851,4.709308,0.000625,0.000916,16.708934,16.021307,1.508047,1.723173,600,600,45.469619,3.585096,0.793128,49.847843,384,379,379,0.986979,1.000000,0.000000,nan,0.000000,0.000000,0.000000,0.000000,0.000000,0,0.000000,0.000000,nan,nan,0.000000
101,2579361495313,1,orb_cpu,temporal,63.929851,61.864469,0.000000,0.000000,0.000000,0.000000,0.000000,0.000000,0.000000,0.000000,598,598,125.794320,9.974868,1.007545,136.776733,520,516,516,0.992308,0.354167,0.000000,nan,0.000000,0.000000,0.000000,0.000000,0.000000,0,0.000000,0.000000,nan,nan,0.000000
110,2580261503230,1,xfeat_star_coarse,stereo,32.119364,48.039669,12.833837,12.667461,0.000917,17.808980,17.791188,15.883264,1.493255,1.679756,600,600,48.704296,1.779007,0.374960,50.858263,358,358,358,1.000000,1.000000,0.000000,0.000000,0.000000,0.000000,0.000000,0.000000,0.000000,208,0.581006,0.812500,0.657577,-0.059978,7.239109
110,2580261503230,1,xfeat_star_fine,stereo,32.119364,48.039669,12.833837,12.667461,0.000917,17.808980,17.791188,15.883264,1.493255,1.679756,600,600,48.704296,1.779007,0.310085,61.582801,355,355,355,1.000000,1.000000,0.000000,1.503242,10.789413,0.282751,0.000875,9.312283,1.193338,234,0.659155,0.833333,0.729860,-0.063331,9.966910
110,2580261503230,1,orb_cpu,stereo,62.894846,65.235814,0.000000,0.000000,0.000000,0.000000,0.000000,0.000000,0.000000,0.000000,600,597,65.755690,19.397901,1.393547,86.547138,419,392,388,0.926014,0.333333,0.000000,1.440006,0.000000,0.000000,0.000000,0.000000,0.000000,374,0.892601,0.333333,0.938647,0.639990,7.970611
111,2580351508313,1,xfeat_star_coarse,stereo,22.952081,38.466886,4.655058,4.601641,0.000666,16.857227,16.839643,15.431679,1.456505,1.576131,600,600,38.810220,1.659172,0.359876,40.829268,355,355,355,1.000000,1.000000,0.000000,0.000000,0.000000,0.000000,0.000000,0.000000,0.000000,209,0.588732,0.895833,0.576636,-0.021939,7.001483
111,2580351508313,1,xfeat_star_fine,stereo,22.952081,38.466886,4.655058,4.601641,0.000666,16.857227,16.839643,15.431679,1.456505,1.576131,600,600,38.810220,1.659172,0.307710,51.459056,345,345,343,0.994203,1.000000,0.000000,1.649689,10.681954,0.297959,0.000750,9.276324,1.106796,208,0.602899,0.875000,0.656738,-0.032962,13.130796
111,2580351508313,1,orb_cpu,stereo,58.432539,61.216216,0.000000,0.000000,0.000000,0.000000,0.000000,0.000000,0.000000,0.000000,600,600,61.471634,10.230828,1.855965,73.558427,417,382,379,0.908873,0.354167,0.000000,1.727997,0.000000,0.000000,0.000000,0.000000,0.000000,370,0.887290,0.354167,0.950386,0.687922,7.953862
111,2580351508313,1,xfeat_guided,temporal,32.119364,22.952081,12.833837,4.655058,0.000917,0.000666,17.791188,16.839643,1.493255,1.456505,600,600,55.071445,3.338678,8.012403,66.422526,362,272,272,0.751381,0.895833,0.000000,nan,0.000000,0.000000,0.000000,0.000000,0.000000,0,0.000000,0.000000,nan,nan,0.000000
111,2580351508313,1,orb_cpu,temporal,62.894846,58.432539,0.000000,0.000000,0.000000,0.000000,0.000000,0.000000,0.000000,0.000000,600,600,121.327385,10.019452,3.094594,134.441431,427,363,363,0.850117,0.312500,1.440002,nan,0.000000,0.000000,0.000000,0.000000,0.000000,0,0.000000,0.000000,nan,nan,0.000000
120,2581341517064,1,xfeat_star_coarse,stereo,23.482666,39.471681,4.762892,4.660767,0.000666,17.267644,17.259103,15.871598,1.459838,1.671547,600,600,40.028308,1.391171,0.301501,41.720980,336,336,336,1.000000,1.000000,0.000000,0.000000,0.000000,0.000000,0.000000,0.000000,0.000000,199,0.592262,0.854167,0.637090,-0.148476,5.332852
120,2581341517064,1,xfeat_star_fine,stereo,23.482666,39.471681,4.762892,4.660767,0.000666,17.267644,17.259103,15.871598,1.459838,1.671547,600,600,40.028308,1.391171,1.147504,59.908419,331,331,331,1.000000,1.000000,0.000000,1.808273,17.341436,0.229001,0.000458,11.945209,5.166643,212,0.640483,0.937500,0.694503,0.006072,15.054136
120,2581341517064,1,orb_cpu,stereo,64.415101,65.092771,0.000000,0.000000,0.000000,0.000000,0.000000,0.000000,0.000000,0.000000,600,598,65.350605,8.735323,3.224678,77.310606,414,377,377,0.910628,0.416667,0.000000,1.728004,0.000000,0.000000,0.000000,0.000000,0.000000,368,0.888889,0.416667,0.954952,0.662182,11.052122
121,2581431510480,1,xfeat_star_coarse,stereo,39.028596,22.472371,4.760100,4.672308,15.867598,0.000958,16.745975,15.869014,1.654756,1.929757,600,600,39.328097,1.512631,0.293668,41.134396,351,351,351,1.000000,1.000000,0.000000,0.000000,0.000000,0.000000,0.000000,0.000000,0.000000,186,0.529915,0.812500,0.561928,-0.173192,5.503061
121,2581431510480,1,xfeat_star_fine,stereo,39.028596,22.472371,4.760100,4.672308,15.867598,0.000958,16.745975,15.869014,1.654756,1.929757,600,600,39.328097,1.512631,0.370668,54.143859,345,345,345,1.000000,1.000000,0.000000,1.810791,12.932463,0.241918,0.000625,10.272286,2.417509,210,0.608696,0.895833,0.659585,-0.031211,6.725274
121,2581431510480,1,orb_cpu,stereo,63.184347,65.143479,0.000000,0.000000,0.000000,0.000000,0.000000,0.000000,0.000000,0.000000,600,598,65.373606,10.373203,1.696672,77.443481,410,369,362,0.882927,0.354167,0.000000,1.728004,0.000000,0.000000,0.000000,0.000000,0.000000,349,0.851220,0.354167,0.930139,0.611851,7.853028
121,2581431510480,1,xfeat_guided,temporal,23.482666,39.028596,4.762892,4.760100,0.000666,15.867598,17.259103,16.745975,1.459838,1.654756,600,600,62.511262,3.131928,7.126525,72.769715,341,258,258,0.756598,0.875000,0.000000,nan,0.000000,0.000000,0.000000,0.000000,0.000000,0,0.000000,0.000000,nan,nan,0.000000
121,2581431510480,1,orb_cpu,temporal,64.415101,63.184347,0.000000,0.000000,0.000000,0.000000,0.000000,0.000000,0.000000,0.000000,600,600,127.599448,10.090535,2.832176,140.522159,439,378,378,0.861048,0.312500,1.000000,nan,0.000000,0.000000,0.000000,0.000000,0.000000,0,0.000000,0.000000,nan,nan,0.000000
130,2582331513856,1,xfeat_star_coarse,stereo,38.938304,22.750788,4.223890,4.159848,17.055685,0.000958,16.027765,17.041352,1.630798,1.548380,600,600,39.247639,1.593463,0.474460,41.315562,345,345,345,1.000000,1.000000,0.000000,0.000000,0.000000,0.000000,0.000000,0.000000,0.000000,161,0.466667,0.770833,0.479772,-0.271085,6.828107
130,2582331513856,1,xfeat_star_fine,stereo,38.938304,22.750788,4.223890,4.159848,17.055685,0.000958,16.027765,17.041352,1.630798,1.548380,600,600,39.247639,1.593463,0.302585,51.828683,328,328,327,0.996951,1.000000,0.000000,1.657410,10.684996,0.272959,0.000500,9.288366,1.123004,193,0.588415,0.895833,0.612198,-0.041389,10.762662
130,2582331513856,1,orb_cpu,stereo,64.306684,66.234566,0.000000,0.000000,0.000000,0.000000,0.000000,0.000000,0.000000,0.000000,599,588,66.760068,10.929164,1.557548,79.246780,395,364,361,0.913924,0.416667,0.000000,1.727997,0.000000,0.000000,0.000000,0.000000,0.000000,350,0.886076,0.416667,0.943886,0.622508,7.487943
131,2582421519397,1,xfeat_star_coarse,stereo,23.141914,38.542261,4.669724,4.658642,0.000917,16.937101,16.945893,15.477388,1.525213,1.469005,600,600,38.875470,1.605380,0.273085,40.753935,357,357,357,1.000000,0.979167,0.000000,0.000000,0.000000,0.000000,0.000000,0.000000,0.000000,188,0.526611,0.833333,0.579096,-0.256007,7.020733
131,2582421519397,1,xfeat_star_fine,stereo,23.141914,38.542261,4.669724,4.658642,0.000917,16.937101,16.945893,15.477388,1.525213,1.469005,600,600,38.875470,1.605380,0.316376,51.701972,350,350,350,1.000000,0.979167,0.000000,1.623749,10.904746,0.280084,0.000750,9.443283,1.180504,216,0.617143,0.895833,0.697846,0.039494,10.396995
131,2582421519397,1,orb_cpu,stereo,65.216104,66.890277,0.000000,0.000000,0.000000,0.000000,0.000000,0.000000,0.000000,0.000000,595,583,67.161570,12.968046,1.938173,82.067789,387,351,350,0.904393,0.395833,0.000000,1.727997,0.000000,0.000000,0.000000,0.000000,0.000000,341,0.881137,0.395833,0.945703,0.713940,7.446610
131,2582421519397,1,xfeat_guided,temporal,38.938304,23.141914,4.223890,4.669724,17.055685,0.000917,16.027765,16.945893,1.630798,1.525213,600,600,62.080218,2.948344,9.236866,74.265428,328,240,240,0.731707,0.875000,0.000000,nan,0.000000,0.000000,0.000000,0.000000,0.000000,0,0.000000,0.000000,nan,nan,0.000000
131,2582421519397,1,orb_cpu,temporal,64.306684,65.216104,0.000000,0.000000,0.000000,0.000000,0.000000,0.000000,0.000000,0.000000,599,595,129.522788,9.915743,1.757006,141.195537,404,359,359,0.888614,0.416667,0.000000,nan,0.000000,0.000000,0.000000,0.000000,0.000000,0,0.000000,0.000000,nan,nan,0.000000
140,2583321508481,1,xfeat_star_coarse,stereo,23.007997,40.267933,4.685141,4.628308,0.000959,16.654934,16.630350,17.471103,1.691422,1.513422,600,600,40.795935,1.392172,0.299793,42.487900,357,357,357,1.000000,1.000000,0.000000,0.000000,0.000000,0.000000,0.000000,0.000000,0.000000,199,0.557423,0.833333,0.573364,-0.188980,15.319679
140,2583321508481,1,xfeat_star_fine,stereo,23.007997,40.267933,4.685141,4.628308,0.000959,16.654934,16.630350,17.471103,1.691422,1.513422,600,600,40.795935,1.392172,0.242585,56.007615,351,351,350,0.997151,1.000000,0.000000,1.642323,13.576923,0.386251,0.000958,11.979168,1.210254,218,0.621083,0.895833,0.663026,0.002114,5.625894
140,2583321508481,1,orb_cpu,stereo,64.544644,64.145850,0.000000,0.000000,0.000000,0.000000,0.000000,0.000000,0.000000,0.000000,597,593,64.796061,15.110928,2.347342,82.254331,390,367,365,0.935897,0.458333,0.000000,2.000000,0.000000,0.000000,0.000000,0.000000,0.000000,355,0.910256,0.458333,0.951619,0.648335,7.466276
141,2583411508940,1,xfeat_star_coarse,stereo,21.721743,37.783966,4.715141,4.668725,0.000791,15.523555,15.502180,15.972514,1.503297,1.618922,600,600,38.235384,1.437588,0.300501,39.973473,359,359,359,1.000000,0.979167,0.000000,0.000000,0.000000,0.000000,0.000000,0.000000,0.000000,195,0.543175,0.791667,0.575490,-0.205580,5.649686
141,2583411508940,1,xfeat_star_fine,stereo,21.721743,37.783966,4.715141,4.668725,0.000791,15.523555,15.502180,15.972514,1.503297,1.618922,600,600,38.235384,1.437588,0.319918,53.459937,352,352,352,1.000000,0.979167,0.000000,1.665401,13.467047,0.297501,0.001000,11.978000,1.190254,223,0.633523,0.875000,0.717651,-0.047792,5.488186
141,2583411508940,1,orb_cpu,stereo,63.553890,65.292937,0.000000,0.000000,0.000000,0.000000,0.000000,0.000000,0.000000,0.000000,600,591,65.552771,16.617142,1.149463,83.319376,375,353,351,0.936000,0.395833,0.000000,1.864006,0.000000,0.000000,0.000000,0.000000,0.000000,341,0.909333,0.395833,0.945084,0.716952,7.204567
141,2583411508940,1,xfeat_guided,temporal,23.007997,21.721743,4.685141,4.715141,0.000959,0.000791,16.630350,15.502180,1.691422,1.503297,600,600,44.729740,3.189469,7.210692,55.129901,356,272,272,0.764045,0.895833,0.000000,nan,0.000000,0.000000,0.000000,0.000000,0.000000,0,0.000000,0.000000,nan,nan,0.000000
141,2583411508940,1,orb_cpu,temporal,64.544644,63.553890,0.000000,0.000000,0.000000,0.000000,0.000000,0.000000,0.000000,0.000000,597,600,128.098534,10.020785,2.352341,140.471660,422,375,375,0.888626,0.395833,1.440002,nan,0.000000,0.000000,0.000000,0.000000,0.000000,0,0.000000,0.000000,nan,nan,0.000000
150,2584401515940,1,xfeat_star_coarse,stereo,23.067623,39.161637,4.281265,4.241681,0.000958,17.334852,17.321519,15.867431,1.463547,1.717506,600,600,39.505389,1.593255,0.579294,41.677938,344,344,344,1.000000,0.979167,0.000000,0.000000,0.000000,0.000000,0.000000,0.000000,0.000000,167,0.485465,0.770833,0.500923,-0.150127,6.839482
150,2584401515940,1,xfeat_star_fine,stereo,23.067623,39.161637,4.281265,4.241681,0.000958,17.334852,17.321519,15.867431,1.463547,1.717506,600,600,39.505389,1.593255,0.240001,52.048266,334,334,333,0.997006,0.979167,0.000000,1.702438,10.709621,0.277043,0.000750,9.300741,1.130920,194,0.580838,0.854167,0.620455,-0.028128,8.456571
150,2584401515940,1,orb_cpu,stereo,62.493636,64.678351,0.000000,0.000000,0.000000,0.000000,0.000000,0.000000,0.000000,0.000000,600,582,65.216395,13.356005,1.426922,79.999322,384,355,350,0.911458,0.395833,0.000000,2.000000,0.000000,0.000000,0.000000,0.000000,0.000000,343,0.893229,0.395833,0.947475,0.683199,7.526026
151,2584491539523,1,xfeat_star_coarse,stereo,22.702954,38.773761,4.267640,4.222598,0.000791,16.935101,16.920018,15.878722,1.514255,1.737173,600,600,39.115179,1.600798,0.371501,41.087478,334,334,334,1.000000,1.000000,0.000000,0.000000,0.000000,0.000000,0.000000,0.000000,0.000000,168,0.502994,0.812500,0.557924,-0.245387,6.557315
151,2584491539523,1,xfeat_star_fine,stereo,22.702954,38.773761,4.267640,4.222598,0.000791,16.935101,16.920018,15.878722,1.514255,1.737173,600,600,39.115179,1.600798,0.309876,51.721224,324,324,324,1.000000,1.000000,0.000000,1.800789,10.695371,0.273334,0.000625,9.286907,1.134338,185,0.570988,0.875000,0.659442,-0.070132,5.602353
151,2584491539523,1,orb_cpu,stereo,61.493424,63.838182,0.000000,0.000000,0.000000,0.000000,0.000000,0.000000,0.000000,0.000000,600,592,64.138600,10.200036,1.404380,75.743016,382,357,357,0.934555,0.437500,0.000000,2.000000,0.000000,0.000000,0.000000,0.000000,0.000000,345,0.903141,0.437500,0.946772,0.677901,7.302359
151,2584491539523,1,xfeat_guided,temporal,23.067623,22.702954,4.281265,4.267640,0.000958,0.000791,17.321519,16.920018,1.463547,1.514255,600,600,45.770577,3.003761,11.276748,60.051086,329,234,234,0.711246,0.854167,0.000000,nan,0.000000,0.000000,0.000000,0.000000,0.000000,0,0.000000,0.000000,nan,nan,0.000000
151,2584491539523,1,orb_cpu,temporal,62.493636,61.493424,0.000000,0.000000,0.000000,0.000000,0.000000,0.000000,0.000000,0.000000,600,600,123.987060,10.143452,2.085132,136.215644,412,369,369,0.895631,0.416667,0.000000,nan,0.000000,0.000000,0.000000,0.000000,0.000000,0,0.000000,0.000000,nan,nan,0.000000
160,2585391530899,1,xfeat_star_coarse,stereo,44.106862,27.808264,9.619491,9.452325,16.849767,0.000750,15.919806,16.831642,1.717464,1.523297,600,600,44.605114,1.373088,0.306209,46.284411,361,361,361,1.000000,1.000000,0.000000,0.000000,0.000000,0.000000,0.000000,0.000000,0.000000,174,0.481994,0.791667,0.484560,-0.254409,9.310991
160,2585391530899,1,xfeat_star_fine,stereo,44.106862,27.808264,9.619491,9.452325,16.849767,0.000750,15.919806,16.831642,1.717464,1.523297,600,600,44.605114,1.373088,0.317126,60.872754,350,350,347,0.991429,1.000000,0.000000,1.831100,14.577426,0.561502,0.001167,12.806128,1.208046,192,0.548571,0.875000,0.621162,-0.052967,18.548107
160,2585391530899,1,orb_cpu,stereo,63.538764,65.645646,0.000000,0.000000,0.000000,0.000000,0.000000,0.000000,0.000000,0.000000,600,592,65.898106,20.101904,2.862176,88.862186,362,320,315,0.870166,0.416667,0.000000,1.728004,0.000000,0.000000,0.000000,0.000000,0.000000,300,0.828729,0.416667,0.937992,0.576455,6.989025
161,2585481522149,1,xfeat_star_coarse,stereo,22.423495,39.124637,4.711183,4.621016,0.001166,16.041723,16.022473,16.933351,1.688423,1.528380,600,600,39.534763,1.443422,0.317293,41.295478,370,370,370,1.000000,1.000000,0.000000,0.000000,0.000000,0.000000,0.000000,0.000000,0.000000,182,0.491892,0.729167,0.519905,-0.200275,6.841899
161,2585481522149,1,xfeat_star_fine,stereo,22.423495,39.124637,4.711183,4.621016,0.001166,16.041723,16.022473,16.933351,1.688423,1.528380,600,600,39.534763,1.443422,0.686711,55.709737,358,358,357,0.997207,1.000000,0.000000,1.610474,14.044841,0.397418,0.000792,10.747995,2.898344,199,0.555866,0.791667,0.620944,-0.012568,13.723798
161,2585481522149,1,orb_cpu,stereo,65.434562,67.529237,0.000000,0.000000,0.000000,0.000000,0.000000,0.000000,0.000000,0.000000,599,592,67.787154,17.978063,2.043298,87.808515,367,328,327,0.891008,0.479167,0.000000,1.727997,0.000000,0.000000,0.000000,0.000000,0.000000,314,0.855586,0.479167,0.932674,0.573081,7.107067
161,2585481522149,1,xfeat_guided,temporal,44.106862,22.423495,9.619491,4.711183,16.849767,0.001166,15.919806,16.022473,1.717464,1.688423,600,600,66.530357,3.203094,9.445867,79.179318,351,255,255,0.726496,0.854167,0.000000,nan,0.000000,0.000000,0.000000,0.000000,0.000000,0,0.000000,0.000000,nan,nan,0.000000
161,2585481522149,1,orb_cpu,temporal,63.538764,65.434562,0.000000,0.000000,0.000000,0.000000,0.000000,0.000000,0.000000,0.000000,600,599,128.973326,10.040161,2.087674,141.101161,401,356,356,0.887781,0.375000,0.200012,nan,0.000000,0.000000,0.000000,0.000000,0.000000,0,0.000000,0.000000,nan,nan,0.000000
170,2586381516566,1,xfeat_star_coarse,stereo,21.523867,38.044133,3.943347,3.875805,0.001250,15.912556,15.887889,16.692433,1.691131,1.563256,600,600,38.395509,1.593006,0.365543,40.354058,355,355,355,1.000000,1.000000,0.000000,8.000000,0.000000,0.000000,0.000000,0.000000,0.000000,177,0.498592,0.875000,0.543198,-0.275566,7.047108
170,2586381516566,1,xfeat_star_fine,stereo,21.523867,38.044133,3.943347,3.875805,0.001250,15.912556,15.887889,16.692433,1.691131,1.563256,600,600,38.395509,1.593006,0.311876,51.060137,346,346,344,0.994220,1.000000,0.000000,7.689454,10.759746,0.304293,0.000541,9.295991,1.158754,198,0.572254,0.937500,0.658672,-0.129835,11.762041
170,2586381516566,1,orb_cpu,stereo,63.076554,65.457353,0.000000,0.000000,0.000000,0.000000,0.000000,0.000000,0.000000,0.000000,600,593,65.923856,18.980233,2.134882,87.038971,376,335,331,0.880319,0.395833,0.000000,2.000000,0.000000,0.000000,0.000000,0.000000,0.000000,315,0.837766,0.395833,0.936127,0.609075,7.236734
171,2586561521983,1,xfeat_star_coarse,stereo,38.744511,22.709288,4.308474,4.266307,16.882975,0.001042,15.885472,16.866183,1.667423,1.575506,600,600,39.046970,1.633047,0.371459,41.051476,346,346,346,1.000000,0.979167,0.000000,8.000000,0.000000,0.000000,0.000000,0.000000,0.000000,178,0.514451,0.812500,0.512810,-0.266467,6.896358
171,2586561521983,1,xfeat_star_fine,stereo,38.744511,22.709288,4.308474,4.266307,16.882975,0.001042,15.885472,16.866183,1.667423,1.575506,600,600,39.046970,1.633047,0.312418,51.675097,340,340,340,1.000000,0.979167,0.000000,8.448608,10.682662,0.249084,0.000791,9.284533,1.148087,200,0.588235,0.833333,0.621719,-0.108546,6.690190
171,2586561521983,1,orb_cpu,stereo,60.742963,63.048679,0.000000,0.000000,0.000000,0.000000,0.000000,0.000000,0.000000,0.000000,591,582,63.309305,15.824514,2.146882,81.280701,349,311,309,0.885387,0.354167,0.000000,1.728012,0.000000,0.000000,0.000000,0.000000,0.000000,295,0.845272,0.354167,0.937949,0.624554,6.771774
171,2586561521983,1,xfeat_guided,temporal,21.523867,38.744511,3.943347,4.308474,0.001250,16.882975,15.887889,15.885472,1.691131,1.667423,600,600,60.268378,3.084385,8.020736,71.373499,315,236,236,0.749206,0.812500,0.000000,nan,0.000000,0.000000,0.000000,0.000000,0.000000,0,0.000000,0.000000,nan,nan,0.000000
171,2586561521983,1,orb_cpu,temporal,63.076554,60.742963,0.000000,0.000000,0.000000,0.000000,0.000000,0.000000,0.000000,0.000000,600,591,123.819517,9.912576,3.754013,137.486106,370,304,304,0.821622,0.375000,1.000000,nan,0.000000,0.000000,0.000000,0.000000,0.000000,0,0.000000,0.000000,nan,nan,0.000000
180,2587461523650,1,xfeat_star_coarse,stereo,23.125664,40.906059,4.716225,4.646516,0.000667,16.718683,16.696767,18.034147,1.711714,1.506463,600,600,41.430686,2.932552,0.646961,45.010199,350,350,350,1.000000,1.000000,0.000000,8.000000,0.000000,0.000000,0.000000,0.000000,0.000000,202,0.577143,0.895833,0.632810,-0.250240,13.025837
180,2587461523650,1,xfeat_star_fine,stereo,23.125664,40.906059,4.716225,4.646516,0.000667,16.718683,16.696767,18.034147,1.711714,1.506463,600,600,41.430686,2.932552,0.315876,55.540235,339,339,337,0.994100,1.000000,0.000000,8.148884,10.861121,0.385834,0.000625,9.322782,1.151588,214,0.631268,0.916667,0.698178,0.021103,10.791996
180,2587461523650,1,orb_cpu,stereo,63.010761,65.228727,0.000000,0.000000,0.000000,0.000000,0.000000,0.000000,0.000000,0.000000,595,589,65.480729,20.046153,3.374261,88.901143,356,300,297,0.834270,0.354167,0.000000,2.000000,0.000000,0.000000,0.000000,0.000000,0.000000,288,0.808989,0.354167,0.922628,0.592208,6.834524
181,2587551526650,1,xfeat_star_coarse,stereo,39.495971,22.602204,4.683224,4.624558,16.149307,0.001000,17.146309,16.118681,1.516881,1.857798,600,600,39.822722,1.410963,0.296626,41.530311,351,351,351,1.000000,1.000000,0.000000,8.000000,0.000000,0.000000,0.000000,0.000000,0.000000,191,0.544160,0.791667,0.616187,-0.215040,5.805145
181,2587551526650,1,xfeat_star_fine,stereo,39.495971,22.602204,4.683224,4.624558,16.149307,0.001000,17.146309,16.118681,1.516881,1.857798,600,600,39.822722,1.410963,0.653085,56.159070,340,340,340,1.000000,1.000000,0.000000,8.201187,14.272300,0.272085,0.000667,11.337331,2.662051,208,0.611765,0.875000,0.694959,0.032308,13.308380
181,2587551526650,1,orb_cpu,stereo,60.998379,62.593135,0.000000,0.000000,0.000000,0.000000,0.000000,0.000000,0.000000,0.000000,600,591,62.896553,15.353429,2.282674,80.532656,339,293,292,0.861357,0.312500,0.000000,2.000000,0.000000,0.000000,0.000000,0.000000,0.000000,277,0.817109,0.312500,0.931037,0.617617,6.522773
181,2587551526650,1,xfeat_guided,temporal,23.125664,39.495971,4.716225,4.683224,0.000667,16.149307,16.696767,17.146309,1.711714,1.516881,600,600,62.621635,3.157761,8.624322,74.403718,321,236,236,0.735202,0.791667,0.000000,nan,0.000000,0.000000,0.000000,0.000000,0.000000,0,0.000000,0.000000,nan,nan,0.000000
181,2587551526650,1,orb_cpu,temporal,63.010761,60.998379,0.000000,0.000000,0.000000,0.000000,0.000000,0.000000,0.000000,0.000000,595,600,124.009140,9.947576,1.352880,135.309596,383,357,357,0.932115,0.395833,0.000000,nan,0.000000,0.000000,0.000000,0.000000,0.000000,0,0.000000,0.000000,nan,nan,0.000000
190,2588451552984,1,xfeat_star_coarse,stereo,31.775361,47.376207,12.398835,12.223251,0.000750,17.602228,17.584686,15.846888,1.790840,1.703715,600,600,47.973459,1.764965,0.360960,50.099384,355,355,355,1.000000,1.000000,0.000000,8.000000,0.000000,0.000000,0.000000,0.000000,0.000000,228,0.642254,0.875000,0.699809,0.018442,7.164108
190,2588451552984,1,xfeat_star_fine,stereo,31.775361,47.376207,12.398835,12.223251,0.000750,17.602228,17.584686,15.846888,1.790840,1.703715,600,600,47.973459,1.764965,0.242710,63.559764,346,346,344,0.994220,1.000000,0.000000,8.870071,13.578630,0.387543,0.000833,12.014500,1.175462,222,0.641618,0.916667,0.734572,-0.019070,5.557019
190,2588451552984,1,orb_cpu,stereo,61.504464,64.726059,0.000000,0.000000,0.000000,0.000000,0.000000,0.000000,0.000000,0.000000,578,589,65.244394,15.306345,1.909215,82.459954,360,316,315,0.875000,0.437500,0.000000,2.073608,0.000000,0.000000,0.000000,0.000000,0.000000,302,0.838889,0.437500,0.934237,0.624032,5.571145
191,2588541527025,1,xfeat_star_coarse,stereo,40.279182,22.948747,16.790017,4.506558,4.537350,0.000833,17.524186,16.743100,1.427546,1.697923,600,600,40.571808,1.514713,0.474460,42.560981,349,349,349,1.000000,1.000000,0.000000,8.000000,0.000000,0.000000,0.000000,0.000000,0.000000,223,0.638968,0.895833,0.679145,-0.113072,6.415939
191,2588541527025,1,xfeat_star_fine,stereo,40.279182,22.948747,16.790017,4.506558,4.537350,0.000833,17.524186,16.743100,1.427546,1.697923,600,600,40.571808,1.514713,0.235418,53.519103,337,337,337,1.000000,1.000000,0.000000,8.612640,11.197164,0.257751,0.000625,9.776576,1.162087,217,0.643917,0.895833,0.742517,-0.118440,5.295976
191,2588541527025,1,orb_cpu,stereo,62.469968,65.347478,0.000000,0.000000,0.000000,0.000000,0.000000,0.000000,0.000000,0.000000,584,578,65.583020,9.335533,3.136928,78.055481,379,323,321,0.846966,0.395833,0.000000,2.073593,0.000000,0.000000,0.000000,0.000000,0.000000,310,0.817942,0.395833,0.938301,0.659506,7.338817
191,2588541527025,1,xfeat_guided,temporal,31.775361,40.279182,12.398835,16.790017,0.000750,4.537350,17.584686,17.524186,1.790840,1.427546,600,600,72.054543,3.347220,6.737774,82.139537,356,274,274,0.769663,0.875000,0.000000,nan,0.000000,0.000000,0.000000,0.000000,0.000000,0,0.000000,0.000000,nan,nan,0.000000
191,2588541527025,1,orb_cpu,temporal,61.504464,62.469968,0.000000,0.000000,0.000000,0.000000,0.000000,0.000000,0.000000,0.000000,578,584,123.974432,9.496950,2.647260,136.118642,379,337,337,0.889182,0.375000,1.439987,nan,0.000000,0.000000,0.000000,0.000000,0.000000,0,0.000000,0.000000,nan,nan,0.000000
200,2589531530568,1,xfeat_star_coarse,stereo,39.293970,23.112872,4.702767,4.616266,16.991142,0.001083,15.888472,16.971642,1.711339,1.523631,600,600,39.802305,1.323671,0.299834,41.425810,359,359,359,1.000000,1.000000,0.000000,8.000000,0.000000,0.000000,0.000000,0.000000,0.000000,213,0.593315,0.895833,0.620257,-0.160490,5.643145
200,2589531530568,1,xfeat_star_fine,stereo,39.293970,23.112872,4.702767,4.616266,16.991142,0.001083,15.888472,16.971642,1.711339,1.523631,600,600,39.802305,1.323671,0.313709,54.974774,345,345,340,0.985507,1.000000,0.000000,8.912872,13.535089,0.359334,0.000958,11.993875,1.180630,230,0.666667,0.937500,0.761737,-0.038852,5.513352
200,2589531530568,1,orb_cpu,stereo,60.511002,62.461384,0.000000,0.000000,0.000000,0.000000,0.000000,0.000000,0.000000,0.000000,594,592,62.752760,14.080299,3.765388,80.598447,366,315,313,0.855191,0.458333,0.000000,2.488312,0.000000,0.000000,0.000000,0.000000,0.000000,298,0.814208,0.458333,0.935221,0.510974,7.006899
201,2589621546568,1,xfeat_star_coarse,stereo,39.214553,22.268369,4.727391,4.677725,15.913222,0.000958,16.782809,15.890347,1.790798,1.699006,600,600,39.643513,2.768592,0.643169,43.055274,361,361,361,1.000000,1.000000,0.000000,8.000000,0.000000,0.000000,0.000000,0.000000,0.000000,231,0.639889,0.937500,0.668510,0.017784,13.584839
201,2589621546568,1,xfeat_star_fine,stereo,39.214553,22.268369,4.727391,4.677725,15.913222,0.000958,16.782809,15.890347,1.790798,1.699006,600,600,39.643513,2.768592,0.238292,53.515769,343,343,340,0.991254,1.000000,0.000000,8.769470,10.865372,0.371085,0.000875,9.309740,1.183380,250,0.728863,0.895833,0.800043,0.138918,12.844378
201,2589621546568,1,orb_cpu,stereo,62.661301,64.563642,0.000000,0.000000,0.000000,0.000000,0.000000,0.000000,0.000000,0.000000,583,581,64.866684,19.203150,1.989215,86.059049,355,318,316,0.890141,0.437500,0.000000,2.400002,0.000000,0.000000,0.000000,0.000000,0.000000,305,0.859155,0.437500,0.939852,0.681259,6.902524
201,2589621546568,1,xfeat_guided,temporal,39.293970,39.214553,4.702767,4.727391,16.991142,15.913222,15.888472,16.782809,1.711339,1.790798,600,600,78.508523,3.256303,8.710613,90.475439,348,256,256,0.735632,0.812500,0.000000,nan,0.000000,0.000000,0.000000,0.000000,0.000000,0,0.000000,0.000000,nan,nan,0.000000
201,2589621546568,1,orb_cpu,temporal,60.511002,62.661301,0.000000,0.000000,0.000000,0.000000,0.000000,0.000000,0.000000,0.000000,594,583,123.172303,9.661450,2.820176,135.653929,342,306,306,0.894737,0.437500,0.000000,nan,0.000000,0.000000,0.000000,0.000000,0.000000,0,0.000000,0.000000,nan,nan,0.000000
210,2590521622443,1,xfeat_star_coarse,stereo,36.548418,20.872030,3.956222,3.915471,15.480721,0.000834,15.547345,15.456595,1.563922,1.499005,600,600,36.868836,1.667423,0.366377,38.902636,348,348,348,1.000000,1.000000,0.000000,8.000000,0.000000,0.000000,0.000000,0.000000,0.000000,204,0.586207,0.875000,0.635824,-0.283915,6.897149
210,2590521622443,1,xfeat_star_fine,stereo,36.548418,20.872030,3.956222,3.915471,15.480721,0.000834,15.547345,15.456595,1.563922,1.499005,600,600,36.868836,1.667423,0.610961,49.921008,336,336,335,0.997024,1.000000,0.000000,8.952484,10.773788,0.250418,0.000500,9.374949,1.147671,226,0.672619,0.895833,0.733650,-0.236622,13.106420
210,2590521622443,1,orb_cpu,stereo,61.717797,64.320515,0.000000,0.000000,0.000000,0.000000,0.000000,0.000000,0.000000,0.000000,588,573,64.806683,17.156351,2.524925,84.487959,349,306,305,0.873926,0.500000,0.000000,2.488312,0.000000,0.000000,0.000000,0.000000,0.000000,291,0.833811,0.500000,0.930301,0.617368,6.701815
211,2590611631985,1,xfeat_star_coarse,stereo,23.402831,38.807885,4.668308,4.625225,0.000791,17.257435,17.243185,15.441804,1.490380,1.483213,600,600,39.205720,1.617797,0.358960,41.182477,345,345,345,1.000000,1.000000,0.000000,8.000000,0.000000,0.000000,0.000000,0.000000,0.000000,188,0.544928,0.895833,0.599944,-0.246816,6.812232
211,2590611631985,1,xfeat_star_fine,stereo,23.402831,38.807885,4.668308,4.625225,0.000791,17.257435,17.243185,15.441804,1.490380,1.483213,600,600,39.205720,1.617797,0.379168,52.007514,338,338,337,0.997041,1.000000,0.000000,8.924225,10.804829,0.264417,0.000500,9.319824,1.219880,214,0.633136,0.895833,0.720396,-0.203461,6.709440
211,2590611631985,1,orb_cpu,stereo,57.324199,59.677832,0.000000,0.000000,0.000000,0.000000,0.000000,0.000000,0.000000,0.000000,583,563,59.952417,10.117619,3.991972,74.062008,335,274,272,0.811940,0.500000,0.000000,2.639984,0.000000,0.000000,0.000000,0.000000,0.000000,262,0.782090,0.500000,0.921744,0.604997,6.465439
211,2590611631985,1,xfeat_guided,temporal,36.548418,23.402831,3.956222,4.668308,15.480721,0.000791,15.547345,17.243185,1.563922,1.490380,600,600,59.951249,3.359678,11.813749,75.124676,346,245,245,0.708092,0.791667,0.000000,nan,0.000000,0.000000,0.000000,0.000000,0.000000,0,0.000000,0.000000,nan,nan,0.000000
211,2590611631985,1,orb_cpu,temporal,61.717797,57.324199,0.000000,0.000000,0.000000,0.000000,0.000000,0.000000,0.000000,0.000000,588,583,119.041996,9.808700,3.504804,132.355500,387,324,324,0.837209,0.500000,2.000000,nan,0.000000,0.000000,0.000000,0.000000,0.000000,0,0.000000,0.000000,nan,nan,0.000000
220,2591511565568,1,xfeat_star_coarse,stereo,20.935823,36.304667,3.958764,3.893597,0.001000,15.491220,15.481804,15.465262,1.494130,1.454380,600,600,36.689128,5.400894,0.865087,42.955109,337,337,337,1.000000,1.000000,0.000000,8.000000,0.000000,0.000000,0.000000,0.000000,0.000000,201,0.596439,0.979167,0.632000,-0.007162,25.164420
220,2591511565568,1,xfeat_star_fine,stereo,20.935823,36.304667,3.958764,3.893597,0.001000,15.491220,15.481804,15.465262,1.494130,1.454380,600,600,36.689128,5.400894,0.295584,53.449436,327,327,327,1.000000,1.000000,0.000000,8.875488,11.063830,0.562044,0.001459,9.392865,1.106879,207,0.633028,0.979167,0.699175,-0.007599,23.664957
220,2591511565568,1,orb_cpu,stereo,59.860166,62.152091,0.000000,0.000000,0.000000,0.000000,0.000000,0.000000,0.000000,0.000000,542,498,62.473008,15.600346,4.774892,82.848246,283,245,243,0.858657,0.458333,0.000000,2.073593,0.000000,0.000000,0.000000,0.000000,0.000000,235,0.830389,0.458333,0.936827,0.649698,10.670745
221,2591691540444,1,xfeat_star_coarse,stereo,40.087597,22.737995,4.709725,4.637724,16.424723,0.000750,17.419186,16.401932,1.533713,1.697422,600,600,40.392515,1.357296,0.310126,42.059937,355,355,355,1.000000,1.000000,0.000000,8.000000,0.000000,0.000000,0.000000,0.000000,0.000000,214,0.602817,0.916667,0.640961,-0.036606,5.986188
221,2591691540444,1,xfeat_star_fine,stereo,40.087597,22.737995,4.709725,4.637724,16.424723,0.000750,17.419186,16.401932,1.533713,1.697422,600,600,40.392515,1.357296,0.627794,60.458542,346,346,344,0.994220,1.000000,0.000000,9.565048,18.080937,0.320126,0.000583,12.317585,5.442518,233,0.673410,0.937500,0.727806,0.039825,13.239004
221,2591691540444,1,orb_cpu,stereo,61.306545,63.074261,0.000000,0.000000,0.000000,0.000000,0.000000,0.000000,0.000000,0.000000,544,511,63.354636,15.829680,2.538425,81.722741,298,262,260,0.872483,0.437500,0.000000,2.073601,0.000000,0.000000,0.000000,0.000000,0.000000,249,0.835570,0.437500,0.943925,0.650448,5.699270
221,2591691540444,1,xfeat_guided,temporal,20.935823,40.087597,3.958764,4.709725,0.001000,16.424723,15.481804,17.419186,1.494130,1.533713,600,600,61.023420,3.355345,13.402630,77.781395,293,201,201,0.686007,0.729167,0.000000,nan,0.000000,0.000000,0.000000,0.000000,0.000000,0,0.000000,0.000000,nan,nan,0.000000
221,2591691540444,1,orb_cpu,temporal,59.860166,61.306545,0.000000,0.000000,0.000000,0.000000,0.000000,0.000000,0.000000,0.000000,542,544,121.166711,8.307654,5.936521,135.410886,301,232,232,0.770764,0.333333,1.727997,nan,0.000000,0.000000,0.000000,0.000000,0.000000,0,0.000000,0.000000,nan,nan,0.000000
230,2592591563736,1,xfeat_star_coarse,stereo,34.167868,50.039715,14.716342,14.550009,0.000583,17.845396,17.823895,15.903138,1.626881,1.741006,600,600,50.619925,1.586672,0.367543,52.574140,336,336,336,1.000000,0.979167,0.000000,8.000000,0.000000,0.000000,0.000000,0.000000,0.000000,162,0.482143,0.791667,0.495615,-0.061315,6.750481
230,2592591563736,1,xfeat_star_fine,stereo,34.167868,50.039715,14.716342,14.550009,0.000583,17.845396,17.823895,15.903138,1.626881,1.741006,600,600,50.619925,1.586672,0.300710,63.298553,317,317,317,1.000000,0.979167,0.000000,8.745224,10.791246,0.333168,0.001042,9.305532,1.151337,183,0.577287,0.833333,0.627829,-0.017672,12.347168
230,2592591563736,1,orb_cpu,stereo,63.714679,60.021500,0.000000,0.000000,0.000000,0.000000,0.000000,0.000000,0.000000,0.000000,582,564,64.121014,17.473102,3.094344,84.688460,340,284,281,0.826471,0.437500,0.000000,2.073601,0.000000,0.000000,0.000000,0.000000,0.000000,264,0.776471,0.437500,0.919605,0.457842,6.507398
231,2592681564361,1,xfeat_star_coarse,stereo,22.906746,40.498682,4.679391,4.623433,0.001084,16.541266,16.518349,17.805020,1.707589,1.528630,600,600,40.844516,1.307380,0.399210,42.551106,350,350,350,1.000000,1.000000,0.000000,0.000000,0.000000,0.000000,0.000000,0.000000,0.000000,168,0.480000,0.854167,0.486807,-0.010263,5.977270
231,2592681564361,1,xfeat_star_fine,stereo,22.906746,40.498682,4.679391,4.623433,0.001084,16.541266,16.518349,17.805020,1.707589,1.528630,600,600,40.844516,1.307380,0.309751,53.666852,334,334,329,0.985030,1.000000,0.000000,1.801208,11.205205,0.311709,0.000750,9.729783,1.162754,193,0.577844,0.895833,0.620669,0.027829,5.323018
231,2592681564361,1,orb_cpu,stereo,59.576040,55.252066,0.000000,0.000000,0.000000,0.000000,0.000000,0.000000,0.000000,0.000000,581,555,59.867665,9.377907,2.118090,71.363662,325,291,289,0.889231,0.375000,0.000000,2.073601,0.000000,0.000000,0.000000,0.000000,0.000000,278,0.855385,0.375000,0.933146,0.495622,6.340314
231,2592681564361,1,xfeat_guided,temporal,34.167868,22.906746,14.716342,4.679391,0.000583,0.001084,17.823895,16.518349,1.626881,1.707589,600,600,57.074614,3.075511,4.530224,64.680349,310,249,249,0.803226,0.958333,0.000000,nan,0.000000,0.000000,0.000000,0.000000,0.000000,0,0.000000,0.000000,nan,nan,0.000000
231,2592681564361,1,orb_cpu,temporal,63.714679,59.576040,0.000000,0.000000,0.000000,0.000000,0.000000,0.000000,0.000000,0.000000,582,581,123.290719,9.493866,2.465092,135.249677,390,335,335,0.858974,0.437500,0.000000,nan,0.000000,0.000000,0.000000,0.000000,0.000000,0,0.000000,0.000000,nan,nan,0.000000
240,2593581543194,1,xfeat_star_coarse,stereo,22.951454,40.516306,4.703391,4.630307,0.001084,16.560016,16.539724,17.833645,1.707047,1.492213,600,600,41.041558,4.026098,1.218671,46.286327,361,361,361,1.000000,1.000000,0.000000,0.000000,0.000000,0.000000,0.000000,0.000000,0.000000,225,0.623269,0.895833,0.649210,-0.026007,21.530949
240,2593581543194,1,xfeat_star_fine,stereo,22.951454,40.516306,4.703391,4.630307,0.001084,16.560016,16.539724,17.833645,1.707047,1.492213,600,600,41.041558,4.026098,0.321835,58.903871,354,354,354,1.000000,1.000000,0.000000,2.909546,13.514380,0.400918,0.001042,11.910958,1.201171,242,0.683616,0.895833,0.771654,0.020605,7.985069
240,2593581543194,1,orb_cpu,stereo,63.725178,66.374355,0.000000,0.000000,0.000000,0.000000,0.000000,0.000000,0.000000,0.000000,600,599,66.622563,20.642779,2.050298,89.315640,365,327,325,0.890411,0.479167,0.000000,2.073578,0.000000,0.000000,0.000000,0.000000,0.000000,305,0.835616,0.479167,0.918046,0.506961,6.919858
241,2593671559611,1,xfeat_star_coarse,stereo,21.776117,37.099920,4.663766,4.614307,0.000875,15.489387,15.493012,15.444678,1.618298,1.551381,600,600,37.474130,2.914593,1.211171,41.599894,366,366,366,1.000000,1.000000,0.000000,0.000000,0.000000,0.000000,0.000000,0.000000,0.000000,222,0.606557,0.916667,0.675796,-0.016432,14.550425
241,2593671559611,1,xfeat_star_fine,stereo,21.776117,37.099920,4.663766,4.614307,0.000875,15.489387,15.493012,15.444678,1.618298,1.551381,600,600,37.474130,2.914593,0.249793,51.711596,358,358,357,0.997207,1.000000,0.000000,1.620155,11.073080,0.505294,0.000875,9.346449,1.220170,248,0.692737,0.937500,0.790979,0.016754,10.377285
241,2593671559611,1,orb_cpu,stereo,63.205427,65.976561,0.000000,0.000000,0.000000,0.000000,0.000000,0.000000,0.000000,0.000000,600,600,66.228270,21.111781,4.502182,91.842233,370,326,324,0.875676,0.458333,0.000000,2.073578,0.000000,0.000000,0.000000,0.000000,0.000000,302,0.816216,0.437500,0.920026,0.492310,7.509859
241,2593671559611,1,xfeat_guided,temporal,22.951454,21.776117,4.703391,4.663766,0.001084,0.000875,16.539724,15.493012,1.707047,1.618298,600,600,44.727571,3.158719,4.081431,51.967721,347,283,283,0.815562,0.916667,0.000000,nan,0.000000,0.000000,0.000000,0.000000,0.000000,0,0.000000,0.000000,nan,nan,0.000000
241,2593671559611,1,orb_cpu,temporal,63.725178,63.205427,0.000000,0.000000,0.000000,0.000000,0.000000,0.000000,0.000000,0.000000,600,600,126.930605,10.096202,1.636339,138.663146,408,368,368,0.901961,0.500000,1.300003,nan,0.000000,0.000000,0.000000,0.000000,0.000000,0,0.000000,0.000000,nan,nan,0.000000
250,2594661566570,1,xfeat_star_coarse,stereo,36.956503,20.816780,3.939181,3.893846,15.452095,0.000792,15.895847,15.427261,1.669047,1.494589,600,600,37.255670,1.567672,0.480377,39.303719,364,364,364,1.000000,1.000000,0.000000,0.000000,0.000000,0.000000,0.000000,0.000000,0.000000,209,0.574176,0.895833,0.634282,-0.011645,10.458119
250,2594661566570,1,xfeat_star_fine,stereo,36.956503,20.816780,3.939181,3.893846,15.452095,0.000792,15.895847,15.427261,1.669047,1.494589,600,600,37.255670,1.567672,0.241959,51.749761,356,356,355,0.997191,1.000000,0.000000,1.426819,12.684460,0.412043,0.001041,11.074830,1.196254,242,0.679775,0.937500,0.764811,0.124432,12.957628
250,2594661566570,1,orb_cpu,stereo,63.830054,66.940147,0.000000,0.000000,0.000000,0.000000,0.000000,0.000000,0.000000,0.000000,600,600,67.421525,20.144486,2.035966,89.601977,393,362,357,0.908397,0.500000,0.000000,1.728004,0.000000,0.000000,0.000000,0.000000,0.000000,344,0.875318,0.500000,0.929592,0.615839,7.540026
251,2594751555028,1,xfeat_star_coarse,stereo,22.706412,38.609092,4.163473,4.145723,0.000833,16.996684,17.008059,15.839096,1.533714,1.627423,600,600,38.943843,1.594047,0.274542,40.812432,371,371,371,1.000000,1.000000,0.000000,0.000000,0.000000,0.000000,0.000000,0.000000,0.000000,233,0.628032,0.958333,0.652721,0.008337,7.491235
251,2594751555028,1,xfeat_star_fine,stereo,22.706412,38.609092,4.163473,4.145723,0.000833,16.996684,17.008059,15.839096,1.533714,1.627423,600,600,38.943843,1.594047,0.655044,52.695807,361,361,358,0.991690,1.000000,0.000000,1.343500,11.502873,0.304460,0.000625,9.537950,1.659672,267,0.739612,0.958333,0.766589,0.143846,14.191216
251,2594751555028,1,orb_cpu,stereo,63.614511,66.466813,0.000000,0.000000,0.000000,0.000000,0.000000,0.000000,0.000000,0.000000,600,600,66.755647,18.787398,1.593297,87.136342,408,375,372,0.911765,0.541667,0.000000,1.764023,0.000000,0.000000,0.000000,0.000000,0.000000,356,0.872549,0.541667,0.937419,0.618318,7.775652
251,2594751555028,1,xfeat_guided,temporal,36.956503,22.706412,3.939181,4.163473,15.452095,0.000833,15.895847,17.008059,1.669047,1.533714,600,600,59.662915,3.354262,2.102883,65.120060,379,343,343,0.905013,0.979167,0.000000,nan,0.000000,0.000000,0.000000,0.000000,0.000000,0,0.000000,0.000000,nan,nan,0.000000
251,2594751555028,1,orb_cpu,temporal,63.830054,63.614511,0.000000,0.000000,0.000000,0.000000,0.000000,0.000000,0.000000,0.000000,600,600,127.444565,10.047452,2.275425,139.767442,428,375,375,0.876168,0.562500,1.000000,nan,0.000000,0.000000,0.000000,0.000000,0.000000,0,0.000000,0.000000,nan,nan,0.000000
260,2595651569362,1,xfeat_star_coarse,stereo,39.102260,33.994867,4.691516,4.618641,16.913100,0.000750,15.887180,16.890099,1.610089,12.485085,600,600,39.665137,1.444672,0.708335,41.818144,372,372,372,1.000000,1.000000,0.000000,0.000000,0.000000,0.000000,0.000000,0.000000,0.000000,207,0.556452,0.937500,0.592483,-0.055518,25.232712
260,2595651569362,1,xfeat_star_fine,stereo,39.102260,33.994867,4.691516,4.618641,16.913100,0.000750,15.887180,16.890099,1.610089,12.485085,600,600,39.665137,1.444672,0.308876,52.636390,361,361,361,1.000000,1.000000,0.000000,1.436035,11.217705,0.601960,0.001333,9.381449,1.232463,235,0.650970,0.916667,0.711790,0.034779,25.208337
260,2595651569362,1,orb_cpu,stereo,64.896099,67.301524,0.000000,0.000000,0.000000,0.000000,0.000000,0.000000,0.000000,0.000000,600,600,67.572400,20.518320,2.778968,90.869688,401,377,374,0.932668,0.541667,0.000000,2.073586,0.000000,0.000000,0.000000,0.000000,0.000000,357,0.890274,0.520833,0.944257,0.604078,10.256744
261,2595741559945,1,xfeat_star_coarse,stereo,39.089843,22.288160,4.757891,4.687391,15.898972,0.001042,16.766807,15.895221,1.666006,1.704256,600,600,39.435594,1.463463,0.549002,41.448059,384,384,384,1.000000,1.000000,0.000000,0.000000,0.000000,0.000000,0.000000,0.000000,0.000000,211,0.549479,0.895833,0.581796,-0.061489,9.743408
261,2595741559945,1,xfeat_star_fine,stereo,39.089843,22.288160,4.757891,4.687391,15.898972,0.001042,16.766807,15.895221,1.666006,1.704256,600,600,39.435594,1.463463,0.315126,54.152769,375,375,373,0.994667,1.000000,0.000000,1.391205,12.938586,0.416501,0.001000,11.271205,1.249588,248,0.661333,0.937500,0.714640,0.060679,13.976173
261,2595741559945,1,orb_cpu,stereo,66.205269,68.345194,0.000000,0.000000,0.000000,0.000000,0.000000,0.000000,0.000000,0.000000,600,600,68.618111,13.258254,1.706423,83.582788,389,357,356,0.915167,0.520833,0.000000,2.073608,0.000000,0.000000,0.000000,0.000000,0.000000,345,0.886889,0.520833,0.944475,0.624820,7.547776
261,2595741559945,1,xfeat_guided,temporal,39.102260,39.089843,4.691516,4.757891,16.913100,15.898972,15.887180,16.766807,1.610089,1.666006,600,600,78.192103,3.217553,4.262514,85.672170,340,277,277,0.814706,0.979167,0.000000,nan,0.000000,0.000000,0.000000,0.000000,0.000000,0,0.000000,0.000000,nan,nan,0.000000
261,2595741559945,1,orb_cpu,temporal,64.896099,66.205269,0.000000,0.000000,0.000000,0.000000,0.000000,0.000000,0.000000,0.000000,600,600,131.101368,10.053659,1.004045,142.159072,376,354,354,0.941489,0.562500,1.200005,nan,0.000000,0.000000,0.000000,0.000000,0.000000,0,0.000000,0.000000,nan,nan,0.000000
270,2596641604738,1,xfeat_star_coarse,stereo,39.338052,21.609158,3.929722,3.888514,15.870804,0.000750,16.932309,15.849054,2.604967,1.870590,600,600,39.709553,3.142427,0.505794,43.357774,384,384,384,1.000000,1.000000,0.000000,0.000000,0.000000,0.000000,0.000000,0.000000,0.000000,225,0.585938,0.937500,0.576876,0.003278,14.964509
270,2596641604738,1,xfeat_star_fine,stereo,39.338052,21.609158,3.929722,3.888514,15.870804,0.000750,16.932309,15.849054,2.604967,1.870590,600,600,39.709553,3.142427,0.635502,54.542687,373,373,373,1.000000,1.000000,0.000000,1.508987,11.055205,0.425918,0.000875,9.316698,1.311422,266,0.713137,0.958333,0.768265,0.120348,17.755269
270,2596641604738,1,orb_cpu,stereo,66.199478,68.791528,0.000000,0.000000,0.000000,0.000000,0.000000,0.000000,0.000000,0.000000,600,600,69.249905,23.136912,3.458803,95.845620,379,343,342,0.902375,0.458333,0.000000,2.488312,0.000000,0.000000,0.000000,0.000000,0.000000,335,0.883905,0.458333,0.932592,0.598243,7.384942
271,2596731559446,1,xfeat_star_coarse,stereo,39.115510,22.691119,4.068514,4.021930,17.211226,0.001000,16.150431,17.192309,1.685047,1.475588,600,600,39.430178,1.686714,0.387585,41.504477,384,384,384,1.000000,0.979167,0.000000,0.000000,0.000000,0.000000,0.000000,0.000000,0.000000,216,0.562500,0.937500,0.589376,-0.038296,7.781444
271,2596731559446,1,xfeat_star_fine,stereo,39.115510,22.691119,4.068514,4.021930,17.211226,0.001000,16.150431,17.192309,1.685047,1.475588,600,600,39.430178,1.686714,0.314668,52.265347,375,375,372,0.992000,0.979167,0.000000,1.441681,10.833787,0.285876,0.000666,9.299074,1.248004,270,0.720000,0.958333,0.745317,0.106410,14.449174
271,2596731559446,1,orb_cpu,stereo,66.267520,68.808487,0.000000,0.000000,0.000000,0.000000,0.000000,0.000000,0.000000,0.000000,600,600,69.126196,19.007899,1.525422,89.659517,386,362,360,0.932642,0.541667,0.000000,2.488312,0.000000,0.000000,0.000000,0.000000,0.000000,345,0.893782,0.541667,0.929921,0.590727,7.367650
271,2596731559446,1,xfeat_guided,temporal,39.338052,39.115510,3.929722,4.068514,15.870804,17.211226,16.932309,16.150431,2.604967,1.685047,600,600,78.453562,3.174761,2.747718,84.376041,352,303,303,0.860795,0.979167,0.000000,nan,0.000000,0.000000,0.000000,0.000000,0.000000,0,0.000000,0.000000,nan,nan,0.000000
271,2596731559446,1,orb_cpu,temporal,66.199478,66.267520,0.000000,0.000000,0.000000,0.000000,0.000000,0.000000,0.000000,0.000000,600,600,132.466998,9.011698,2.295466,143.774162,387,327,327,0.844961,0.520833,1.440002,nan,0.000000,0.000000,0.000000,0.000000,0.000000,0,0.000000,0.000000,nan,nan,0.000000
280,2597721589446,1,xfeat_star_coarse,stereo,34.362493,39.362677,4.742724,4.677058,0.000833,17.178100,17.155643,15.890347,12.463043,1.617005,600,600,39.962346,1.385713,0.244876,41.592935,384,384,384,1.000000,1.000000,0.000000,0.000000,0.000000,0.000000,0.000000,0.000000,0.000000,210,0.546875,0.875000,0.566215,-0.023734,20.382403
280,2597721589446,1,xfeat_star_fine,stereo,34.362493,39.362677,4.742724,4.677058,0.000833,17.178100,17.155643,15.890347,12.463043,1.617005,600,600,39.962346,1.385713,1.212463,53.858269,368,368,368,1.000000,1.000000,0.000000,1.676308,11.297747,0.597335,0.002916,9.422116,1.274796,250,0.679348,0.958333,0.722718,0.166663,23.563955
280,2597721589446,1,orb_cpu,stereo,66.599103,68.895695,0.000000,0.000000,0.000000,0.000000,0.000000,0.000000,0.000000,0.000000,600,600,69.170363,20.414570,4.753308,94.338241,382,344,343,0.897906,0.395833,0.000000,2.073593,0.000000,0.000000,0.000000,0.000000,0.000000,324,0.848168,0.375000,0.911105,0.496344,7.293400
281,2597811572530,1,xfeat_star_coarse,stereo,39.381927,22.313744,4.750725,4.700642,15.917471,0.001208,17.225476,15.893388,1.488130,1.718256,600,600,39.725178,1.419380,0.402668,41.547226,383,383,383,1.000000,1.000000,0.000000,0.000000,0.000000,0.000000,0.000000,0.000000,0.000000,201,0.524804,0.916667,0.547320,0.035979,7.451984
281,2597811572530,1,xfeat_star_fine,stereo,39.381927,22.313744,4.750725,4.700642,15.917471,0.001208,17.225476,15.893388,1.488130,1.718256,600,600,39.725178,1.419380,0.317668,52.751014,363,363,363,1.000000,1.000000,0.000000,1.564209,11.288788,0.284501,0.000667,9.751200,1.252254,264,0.727273,0.937500,0.803648,0.209569,7.191567
281,2597811572530,1,orb_cpu,stereo,69.791323,65.530600,0.000000,0.000000,0.000000,0.000000,0.000000,0.000000,0.000000,0.000000,600,600,70.017574,10.143118,1.970757,82.131449,373,331,325,0.871314,0.291667,0.000000,2.073593,0.000000,0.000000,0.000000,0.000000,0.000000,306,0.820375,0.291667,0.898230,0.504188,6.276230
281,2597811572530,1,xfeat_guided,temporal,34.362493,39.381927,4.742724,4.750725,0.000833,15.917471,17.155643,17.225476,12.463043,1.488130,600,600,73.744420,2.813259,8.315362,84.873041,322,233,233,0.723602,0.895833,0.000000,nan,0.000000,0.000000,0.000000,0.000000,0.000000,0,0.000000,0.000000,nan,nan,0.000000
281,2597811572530,1,orb_cpu,temporal,66.599103,69.791323,0.000000,0.000000,0.000000,0.000000,0.000000,0.000000,0.000000,0.000000,600,600,136.390426,10.026784,2.019216,148.436426,424,382,382,0.900943,0.333333,3.455994,nan,0.000000,0.000000,0.000000,0.000000,0.000000,0,0.000000,0.000000,nan,nan,0.000000
290,2598711564989,1,xfeat_star_coarse,stereo,40.381347,51.841761,13.666214,13.509380,0.000792,17.274059,17.258392,18.326313,9.455616,2.731884,600,600,52.475555,3.080469,0.679877,56.235901,376,376,376,1.000000,1.000000,0.000000,0.000000,0.000000,0.000000,0.000000,0.000000,0.000000,200,0.531915,0.854167,0.551796,0.055357,14.978177
290,2598711564989,1,xfeat_star_fine,stereo,40.381347,51.841761,13.666214,13.509380,0.000792,17.274059,17.258392,18.326313,9.455616,2.731884,600,600,52.475555,3.080469,0.318667,66.879479,362,362,362,1.000000,1.000000,0.000000,1.695587,11.004788,0.416835,0.000708,9.347199,1.239754,242,0.668508,0.937500,0.725781,0.160410,10.450953
290,2598711564989,1,orb_cpu,stereo,66.270352,69.127821,0.000000,0.000000,0.000000,0.000000,0.000000,0.000000,0.000000,0.000000,600,600,69.617989,20.150860,4.127264,93.896113,406,364,360,0.886700,0.375000,0.000000,2.073608,0.000000,0.000000,0.000000,0.000000,0.000000,339,0.834975,0.375000,0.920416,0.482796,8.338945
291,2598801568989,1,xfeat_star_coarse,stereo,22.787828,39.069259,4.485307,4.442099,0.001166,16.815183,16.795849,16.111138,1.505297,1.700673,600,600,39.410593,1.705590,0.400334,41.516517,365,365,365,1.000000,1.000000,0.000000,0.000000,0.000000,0.000000,0.000000,0.000000,0.000000,188,0.515068,0.916667,0.532695,0.013272,7.170983
291,2598801568989,1,xfeat_star_fine,stereo,22.787828,39.069259,4.485307,4.442099,0.001166,16.815183,16.795849,16.111138,1.505297,1.700673,600,600,39.410593,1.705590,0.308001,52.187304,353,353,352,0.997167,1.000000,0.000000,1.641602,10.763120,0.285417,0.000500,9.291615,1.185421,228,0.645892,0.916667,0.715634,0.067547,12.046000
291,2598801568989,1,orb_cpu,stereo,67.963525,70.616242,0.000000,0.000000,0.000000,0.000000,0.000000,0.000000,0.000000,0.000000,600,600,70.877077,13.951506,1.638339,86.466922,393,359,346,0.880407,0.354167,0.000000,2.073608,0.000000,0.000000,0.000000,0.000000,0.000000,331,0.842239,0.354167,0.922075,0.578490,7.417275
291,2598801568989,1,xfeat_guided,temporal,40.381347,22.787828,13.666214,4.485307,0.000792,0.001166,17.258392,16.795849,9.455616,1.505297,600,600,63.169175,3.294053,5.110892,71.574120,384,311,311,0.809896,0.854167,0.000000,nan,0.000000,0.000000,0.000000,0.000000,0.000000,0,0.000000,0.000000,nan,nan,0.000000
291,2598801568989,1,orb_cpu,temporal,66.270352,67.963525,0.000000,0.000000,0.000000,0.000000,0.000000,0.000000,0.000000,0.000000,600,600,134.233877,9.513033,1.339380,145.086290,434,395,395,0.910138,0.354167,1.000000,nan,0.000000,0.000000,0.000000,0.000000,0.000000,0,0.000000,0.000000,nan,nan,0.000000
300,2599701567739,1,xfeat_star_coarse,stereo,23.342663,39.305052,4.746641,4.670350,0.000917,17.074101,17.078850,15.842720,1.515880,1.717715,600,600,39.864720,1.373213,0.313210,41.551143,372,372,372,1.000000,1.000000,0.000000,0.000000,0.000000,0.000000,0.000000,0.000000,0.000000,212,0.569892,0.979167,0.609920,0.030230,16.968350
300,2599701567739,1,xfeat_star_fine,stereo,23.342663,39.305052,4.746641,4.670350,0.000917,17.074101,17.078850,15.842720,1.515880,1.717715,600,600,39.864720,1.373213,0.310501,52.776889,357,357,353,0.988796,0.979167,0.000000,1.623016,11.228455,0.631586,0.001833,9.376074,1.218462,246,0.689076,0.958333,0.735307,0.088043,23.960624
300,2599701567739,1,orb_cpu,stereo,65.964225,68.542693,0.000000,0.000000,0.000000,0.000000,0.000000,0.000000,0.000000,0.000000,600,600,68.792236,20.150194,3.976513,92.918943,413,371,371,0.898305,0.333333,0.000000,2.000000,0.000000,0.000000,0.000000,0.000000,0.000000,356,0.861985,0.333333,0.916168,0.544632,10.537120
301,2599881589447,1,xfeat_star_coarse,stereo,21.763783,37.806212,4.752142,4.704891,0.000792,15.538553,15.517053,15.899763,1.493505,1.662797,600,600,38.180422,1.352422,0.295751,39.828595,365,365,365,1.000000,1.000000,0.000000,0.000000,0.000000,0.000000,0.000000,0.000000,0.000000,197,0.539726,0.916667,0.576199,0.063284,6.279564
301,2599881589447,1,xfeat_star_fine,stereo,21.763783,37.806212,4.752142,4.704891,0.000792,15.538553,15.517053,15.899763,1.493505,1.662797,600,600,38.180422,1.352422,0.628669,59.893914,351,351,349,0.994302,1.000000,0.000000,1.733887,19.732401,0.374585,0.000875,14.548050,4.808600,242,0.689459,0.937500,0.719203,0.129932,13.651463
301,2599881589447,1,orb_cpu,stereo,65.937017,68.715610,0.000000,0.000000,0.000000,0.000000,0.000000,0.000000,0.000000,0.000000,600,600,68.989236,17.372476,2.139757,88.501469,404,358,356,0.881188,0.354167,0.000000,2.073593,0.000000,0.000000,0.000000,0.000000,0.000000,336,0.831683,0.354167,0.913687,0.542916,7.667193
301,2599881589447,1,xfeat_guided,temporal,23.342663,21.763783,4.746641,4.752142,0.000917,0.000792,17.078850,15.517053,1.515880,1.493505,600,600,45.106446,3.238678,3.120344,51.465468,352,300,300,0.852273,0.937500,0.000000,nan,0.000000,0.000000,0.000000,0.000000,0.000000,0,0.000000,0.000000,nan,nan,0.000000
301,2599881589447,1,orb_cpu,temporal,65.964225,65.937017,0.000000,0.000000,0.000000,0.000000,0.000000,0.000000,0.000000,0.000000,600,600,131.901242,10.012826,2.238424,144.152492,430,387,387,0.900000,0.333333,0.000000,nan,0.000000,0.000000,0.000000,0.000000,0.000000,0,0.000000,0.000000,nan,nan,0.000000
310,2600781575823,1,xfeat_star_coarse,stereo,22.965703,38.754799,4.260973,4.218765,0.001000,17.011433,16.990350,15.890721,1.713047,1.633589,600,600,39.197925,1.629631,0.283917,41.111473,366,366,366,1.000000,1.000000,0.000000,0.000000,0.000000,0.000000,0.000000,0.000000,0.000000,201,0.549180,0.958333,0.574680,-0.054987,11.213122
310,2600781575823,1,xfeat_star_fine,stereo,22.965703,38.754799,4.260973,4.218765,0.001000,17.011433,16.990350,15.890721,1.713047,1.633589,600,600,39.197925,1.629631,0.313918,54.216436,352,352,349,0.991477,1.000000,0.000000,1.861877,13.074962,0.418293,0.000833,11.471581,1.183963,233,0.661932,0.979167,0.712912,0.095481,9.781700
310,2600781575823,1,orb_cpu,stereo,65.027847,67.576439,0.000000,0.000000,0.000000,0.000000,0.000000,0.000000,0.000000,0.000000,600,600,68.138025,18.175479,2.197424,88.510928,407,365,364,0.894349,0.312500,0.000000,2.073601,0.000000,0.000000,0.000000,0.000000,0.000000,343,0.842752,0.312500,0.925482,0.569362,7.663318
311,2600871572490,1,xfeat_star_coarse,stereo,23.397038,38.797883,4.688016,4.698433,0.000958,17.192309,17.232017,15.456844,1.475797,1.450172,600,600,39.246676,1.657881,0.380459,41.285016,368,368,368,1.000000,0.979167,0.000000,0.000000,0.000000,0.000000,0.000000,0.000000,0.000000,201,0.546196,0.937500,0.588848,0.014196,7.262942
311,2600871572490,1,xfeat_star_fine,stereo,23.397038,38.797883,4.688016,4.698433,0.000958,17.192309,17.232017,15.456844,1.475797,1.450172,600,600,39.246676,1.657881,0.254625,52.218886,358,358,357,0.997207,0.979167,0.000000,1.825653,11.059704,0.293459,0.000666,9.573367,1.192045,231,0.645251,0.937500,0.707621,0.099048,10.377328
311,2600871572490,1,orb_cpu,stereo,64.802305,68.112567,0.000000,0.000000,0.000000,0.000000,0.000000,0.000000,0.000000,0.000000,600,600,68.377192,18.698980,2.371133,89.447305,427,380,380,0.889930,0.333333,0.000000,2.000000,0.000000,0.000000,0.000000,0.000000,0.000000,360,0.843091,0.333333,0.924316,0.546897,8.075736
311,2600871572490,1,xfeat_guided,temporal,22.965703,23.397038,4.260973,4.688016,0.001000,0.000958,16.990350,17.232017,1.713047,1.475797,600,600,46.362741,3.472762,4.231806,54.067309,384,313,313,0.815104,0.895833,0.000000,nan,0.000000,0.000000,0.000000,0.000000,0.000000,0,0.000000,0.000000,nan,nan,0.000000
311,2600871572490,1,orb_cpu,temporal,65.027847,64.802305,0.000000,0.000000,0.000000,0.000000,0.000000,0.000000,0.000000,0.000000,600,600,129.830152,10.023076,4.011306,143.864534,422,344,344,0.815166,0.312500,1.199997,nan,0.000000,0.000000,0.000000,0.000000,0.000000,0,0.000000,0.000000,nan,nan,0.000000
320,2601771586323,1,xfeat_star_coarse,stereo,23.404747,39.509593,4.730600,4.612224,0.000792,17.232309,17.213017,15.917846,1.460172,1.746964,600,600,40.080928,1.417005,0.339834,41.837767,369,369,369,1.000000,1.000000,0.000000,0.000000,0.000000,0.000000,0.000000,0.000000,0.000000,199,0.539295,0.895833,0.545193,-0.052076,27.720011
320,2601771586323,1,xfeat_star_fine,stereo,23.404747,39.509593,4.730600,4.612224,0.000792,17.232309,17.213017,15.917846,1.460172,1.746964,600,600,40.080928,1.417005,0.315335,53.007681,356,356,355,0.997191,0.958333,0.000000,2.080948,11.194413,0.587544,0.001375,9.399865,1.205046,242,0.679775,0.937500,0.711660,0.031416,23.439580
320,2601771586323,1,orb_cpu,stereo,64.554470,60.505331,0.000000,0.000000,0.000000,0.000000,0.000000,0.000000,0.000000,0.000000,600,600,64.784971,20.270152,3.662179,88.717302,423,383,381,0.900709,0.333333,0.000000,2.073608,0.000000,0.000000,0.000000,0.000000,0.000000,365,0.862884,0.333333,0.910973,0.554606,9.484741
321,2601861564115,1,xfeat_star_coarse,stereo,22.257493,38.860132,4.722516,4.666640,0.000875,15.894930,15.879554,16.615681,1.654339,1.682756,600,600,39.221801,1.400463,0.240626,40.862890,384,384,384,1.000000,1.000000,0.000000,8.000000,0.000000,0.000000,0.000000,0.000000,0.000000,224,0.583333,0.958333,0.618712,0.082202,7.005232
321,2601861564115,1,xfeat_star_fine,stereo,22.257493,38.860132,4.722516,4.666640,0.000875,15.894930,15.879554,16.615681,1.654339,1.682756,600,600,39.221801,1.400463,0.324043,54.589062,373,373,372,0.997319,1.000000,0.000000,7.742065,13.642755,0.388084,0.001000,12.012499,1.240880,260,0.697051,0.979167,0.742161,0.163315,6.071979
321,2601861564115,1,orb_cpu,stereo,64.899763,65.925183,0.000000,0.000000,0.000000,0.000000,0.000000,0.000000,0.000000,0.000000,600,600,66.191726,17.545893,2.361592,86.099211,419,369,365,0.871122,0.333333,0.000000,2.399994,0.000000,0.000000,0.000000,0.000000,0.000000,335,0.799523,0.333333,0.908705,0.474777,7.870318
321,2601861564115,1,xfeat_guided,temporal,23.404747,22.257493,4.730600,4.722516,0.000792,0.000875,17.213017,15.879554,1.460172,1.654339,600,600,45.662240,3.670805,2.570550,51.903595,384,335,335,0.872396,0.958333,0.000000,nan,0.000000,0.000000,0.000000,0.000000,0.000000,0,0.000000,0.000000,nan,nan,0.000000
321,2601861564115,1,orb_cpu,temporal,64.554470,64.899763,0.000000,0.000000,0.000000,0.000000,0.000000,0.000000,0.000000,0.000000,600,600,129.454233,10.038784,2.600843,142.093860,458,397,397,0.866812,0.333333,0.000000,nan,0.000000,0.000000,0.000000,0.000000,0.000000,0,0.000000,0.000000,nan,nan,0.000000
330,2602851578699,1,xfeat_star_coarse,stereo,38.129755,21.653783,3.933764,3.892555,15.924762,0.000625,16.682224,15.898846,1.588630,1.861590,600,600,38.446339,1.777423,0.381251,40.605013,378,378,378,1.000000,1.000000,0.000000,8.000000,0.000000,0.000000,0.000000,0.000000,0.000000,205,0.542328,0.916667,0.550949,0.015540,8.285320
330,2602851578699,1,xfeat_star_fine,stereo,38.129755,21.653783,3.933764,3.892555,15.924762,0.000625,16.682224,15.898846,1.588630,1.861590,600,600,38.446339,1.777423,0.324084,54.171726,372,372,367,0.986559,1.000000,0.000000,8.053558,13.623880,0.391001,0.000875,11.999041,1.232671,245,0.658602,0.937500,0.717323,0.146578,5.933395
330,2602851578699,1,orb_cpu,stereo,65.341222,67.938231,0.000000,0.000000,0.000000,0.000000,0.000000,0.000000,0.000000,0.000000,600,600,68.409025,16.720099,6.468063,91.597187,397,334,334,0.841310,0.312500,0.000000,2.399998,0.000000,0.000000,0.000000,0.000000,0.000000,315,0.793451,0.312500,0.882511,0.499661,8.449446
331,2602941576366,1,xfeat_star_coarse,stereo,21.455448,38.273464,3.939680,3.907722,0.000667,15.882763,15.870304,17.068433,1.644589,1.414421,600,600,38.606965,1.672714,0.275751,40.555430,367,367,367,1.000000,1.000000,0.000000,8.000000,0.000000,0.000000,0.000000,0.000000,0.000000,198,0.539510,0.895833,0.557851,0.015669,7.250733
331,2602941576366,1,xfeat_star_fine,stereo,21.455448,38.273464,3.939680,3.907722,0.000667,15.882763,15.870304,17.068433,1.644589,1.414421,600,600,38.606965,1.672714,0.320834,51.406466,362,362,362,1.000000,1.000000,0.000000,8.121101,10.805953,0.285584,0.000417,9.332198,1.187629,246,0.679558,0.937500,0.720971,0.146138,12.813711
331,2602941576366,1,orb_cpu,stereo,64.876138,67.922815,0.000000,0.000000,0.000000,0.000000,0.000000,0.000000,0.000000,0.000000,600,600,68.225732,10.228451,2.696593,81.150776,394,341,338,0.857868,0.312500,0.000000,2.400000,0.000000,0.000000,0.000000,0.000000,0.000000,311,0.789340,0.312500,0.882721,0.448995,7.395608
331,2602941576366,1,xfeat_guided,temporal,38.129755,21.455448,3.933764,3.939680,15.924762,0.000667,16.682224,15.870304,1.588630,1.644589,600,600,59.585203,3.508595,3.751596,66.845394,384,321,321,0.835938,0.875000,0.000000,nan,0.000000,0.000000,0.000000,0.000000,0.000000,0,0.000000,0.000000,nan,nan,0.000000
331,2602941576366,1,orb_cpu,temporal,65.341222,64.876138,0.000000,0.000000,0.000000,0.000000,0.000000,0.000000,0.000000,0.000000,600,600,130.217360,10.080409,1.803506,142.101275,464,423,423,0.911638,0.312500,0.000000,nan,0.000000,0.000000,0.000000,0.000000,0.000000,0,0.000000,0.000000,nan,nan,0.000000
340,2603841603324,1,xfeat_star_coarse,stereo,23.108787,40.323595,4.692766,4.620015,0.000917,16.737641,16.722182,17.431434,1.692755,1.534255,600,600,40.875556,1.445213,0.316959,42.637728,372,372,372,1.000000,1.000000,0.000000,8.000000,0.000000,0.000000,0.000000,0.000000,0.000000,191,0.513441,0.916667,0.534010,-0.030462,16.117263
340,2603841603324,1,xfeat_star_fine,stereo,23.108787,40.323595,4.692766,4.620015,0.000917,16.737641,16.722182,17.431434,1.692755,1.534255,600,600,40.875556,1.445213,1.200796,56.489109,362,362,359,0.991713,1.000000,0.000000,8.001129,12.967544,0.612502,0.001375,9.381324,2.971677,240,0.662983,0.916667,0.694418,0.075480,20.278027
340,2603841603324,1,orb_cpu,stereo,61.294584,63.403049,0.000000,0.000000,0.000000,0.000000,0.000000,0.000000,0.000000,0.000000,600,600,63.633258,20.177193,3.222220,87.032671,399,350,349,0.874687,0.270833,0.000000,2.400002,0.000000,0.000000,0.000000,0.000000,0.000000,325,0.814536,0.270833,0.913807,0.419434,7.503484
341,2603931574908,1,xfeat_star_coarse,stereo,22.500910,39.006549,4.735808,4.687932,0.000750,15.970471,15.972721,16.687932,1.791339,1.660047,600,600,39.456384,1.490547,0.597169,41.544100,361,361,361,1.000000,0.979167,0.000000,8.000000,0.000000,0.000000,0.000000,0.000000,0.000000,195,0.540166,0.895833,0.536464,-0.027421,14.171548
341,2603931574908,1,xfeat_star_fine,stereo,22.500910,39.006549,4.735808,4.687932,0.000750,15.970471,15.972721,16.687932,1.791339,1.660047,600,600,39.456384,1.490547,0.307834,52.268636,352,352,351,0.997159,0.979167,0.000000,8.346771,11.013871,0.481335,0.000875,9.333782,1.197587,221,0.627841,0.895833,0.629460,0.019926,13.845506
341,2603931574908,1,orb_cpu,stereo,66.889686,69.274985,0.000000,0.000000,0.000000,0.000000,0.000000,0.000000,0.000000,0.000000,600,600,69.519653,19.936943,2.705842,92.162438,404,351,350,0.866337,0.270833,0.000000,2.400002,0.000000,0.000000,0.000000,0.000000,0.000000,326,0.806931,0.270833,0.913557,0.462581,7.654360
341,2603931574908,1,xfeat_guided,temporal,23.108787,22.500910,4.692766,4.735808,0.000917,0.000750,16.722182,15.972721,1.692755,1.791339,600,600,45.609697,3.436804,1.548630,50.595131,384,355,355,0.924479,1.000000,0.000000,nan,0.000000,0.000000,0.000000,0.000000,0.000000,0,0.000000,0.000000,nan,nan,0.000000
341,2603931574908,1,orb_cpu,temporal,61.294584,66.889686,0.000000,0.000000,0.000000,0.000000,0.000000,0.000000,0.000000,0.000000,600,600,128.184270,10.024867,2.755801,140.964938,442,384,384,0.868778,0.291667,0.000000,nan,0.000000,0.000000,0.000000,0.000000,0.000000,0,0.000000,0.000000,nan,nan,0.000000
350,2604831605908,1,xfeat_star_coarse,stereo,38.972424,22.785119,4.007139,3.966013,17.328392,0.001000,15.900179,17.310101,1.736464,1.507755,600,600,39.277883,1.712381,0.366293,41.356557,354,354,354,1.000000,0.979167,0.000000,8.000000,0.000000,0.000000,0.000000,0.000000,0.000000,189,0.533898,0.895833,0.540490,-0.015921,12.053332
350,2604831605908,1,xfeat_star_fine,stereo,38.972424,22.785119,4.007139,3.966013,17.328392,0.001000,15.900179,17.310101,1.736464,1.507755,600,600,39.277883,1.712381,0.318710,52.216928,348,348,348,1.000000,0.979167,0.000000,8.022232,10.907954,0.428835,0.001084,9.310281,1.167504,212,0.609195,0.895833,0.654455,0.059417,12.997002
350,2604831605908,1,orb_cpu,stereo,67.142020,63.712091,0.000000,0.000000,0.000000,0.000000,0.000000,0.000000,0.000000,0.000000,600,600,67.554563,17.898352,3.321428,88.774343,395,331,330,0.835443,0.187500,0.000000,2.000000,0.000000,0.000000,0.000000,0.000000,0.000000,306,0.774684,0.187500,0.840164,0.420039,7.422275
351,2605011594408,1,xfeat_star_coarse,stereo,23.124412,40.448221,4.671349,4.610016,0.000875,16.773807,16.753640,17.595726,1.698423,1.468505,600,600,40.802972,1.398005,0.320168,42.521145,374,374,374,1.000000,1.000000,0.000000,0.000000,0.000000,0.000000,0.000000,0.000000,0.000000,195,0.521390,0.875000,0.525085,-0.005543,7.061649
351,2605011594408,1,xfeat_star_fine,stereo,23.124412,40.448221,4.671349,4.610016,0.000875,16.773807,16.753640,17.595726,1.698423,1.468505,600,600,40.802972,1.398005,0.247960,54.065810,365,365,365,1.000000,1.000000,0.000000,2.011650,11.616873,0.305793,0.000500,10.062951,1.247463,243,0.665753,0.875000,0.697677,0.116167,5.886311
351,2605011594408,1,orb_cpu,stereo,68.003815,64.442677,0.000000,0.000000,0.000000,0.000000,0.000000,0.000000,0.000000,0.000000,600,600,68.247440,9.025573,2.495759,79.768772,403,352,349,0.866005,0.270833,0.000000,2.000000,0.000000,0.000000,0.000000,0.000000,0.000000,319,0.791563,0.270833,0.878872,0.477837,7.600692
351,2605011594408,1,xfeat_guided,temporal,38.972424,23.124412,4.007139,4.671349,17.328392,0.000875,15.900179,16.753640,1.736464,1.698423,600,600,62.096836,3.086635,2.614926,67.798397,297,253,253,0.851852,1.000000,0.000000,nan,0.000000,0.000000,0.000000,0.000000,0.000000,0,0.000000,0.000000,nan,nan,0.000000
351,2605011594408,1,orb_cpu,temporal,67.142020,68.003815,0.000000,0.000000,0.000000,0.000000,0.000000,0.000000,0.000000,0.000000,600,600,135.145835,10.013826,3.746304,148.905965,390,320,320,0.820513,0.145833,1.199997,nan,0.000000,0.000000,0.000000,0.000000,0.000000,0,0.000000,0.000000,nan,nan,0.000000
360,2605911594867,1,xfeat_star_coarse,stereo,36.417374,40.789722,4.758433,4.669724,0.001042,16.649140,16.627223,18.027561,15.030426,1.442880,600,600,41.403682,1.407255,0.319709,43.130646,384,384,384,1.000000,1.000000,0.000000,0.000000,0.000000,0.000000,0.000000,0.000000,0.000000,208,0.541667,0.937500,0.529018,-0.032329,24.868043
360,2605911594867,1,xfeat_star_fine,stereo,36.417374,40.789722,4.758433,4.669724,0.001042,16.649140,16.627223,18.027561,15.030426,1.442880,600,600,41.403682,1.407255,0.893545,56.601067,379,379,376,0.992084,1.000000,0.000000,1.834834,12.896585,0.643419,0.001500,9.399615,2.851509,259,0.683377,0.937500,0.687738,0.104657,25.826713
360,2605911594867,1,orb_cpu,stereo,68.059522,69.841779,0.000000,0.000000,0.000000,0.000000,0.000000,0.000000,0.000000,0.000000,600,600,70.095321,21.618740,3.152969,94.867030,384,334,333,0.867188,0.416667,0.000000,2.400009,0.000000,0.000000,0.000000,0.000000,0.000000,315,0.820312,0.395833,0.914149,0.530115,7.438276
361,2606001629450,1,xfeat_star_coarse,stereo,39.146842,22.322409,4.704933,4.648516,15.895845,0.000750,17.003683,15.877304,1.542214,1.795589,600,600,39.494008,1.397588,0.301376,41.192972,371,371,371,1.000000,0.979167,0.000000,0.000000,0.000000,0.000000,0.000000,0.000000,0.000000,189,0.509434,0.875000,0.519246,-0.000436,12.841252
361,2606001629450,1,xfeat_star_fine,stereo,39.146842,22.322409,4.704933,4.648516,15.895845,0.000750,17.003683,15.877304,1.542214,1.795589,600,600,39.494008,1.397588,0.317459,52.157175,364,364,364,1.000000,0.979167,0.000000,1.819416,10.948120,0.376501,0.000834,9.337156,1.233296,228,0.626374,0.916667,0.686325,0.083137,11.921499
361,2606001629450,1,orb_cpu,stereo,68.429357,70.487239,0.000000,0.000000,0.000000,0.000000,0.000000,0.000000,0.000000,0.000000,600,600,70.730573,17.433268,2.443049,90.606890,383,334,334,0.872063,0.333333,0.000000,2.488312,0.000000,0.000000,0.000000,0.000000,0.000000,321,0.838120,0.333333,0.926171,0.561142,7.302234
361,2606001629450,1,xfeat_guided,temporal,36.417374,39.146842,4.758433,4.704933,0.001042,15.895845,16.627223,17.003683,15.030426,1.542214,600,600,75.564216,3.327970,2.226841,81.119027,334,289,289,0.865269,1.000000,0.000000,nan,0.000000,0.000000,0.000000,0.000000,0.000000,0,0.000000,0.000000,nan,nan,0.000000
361,2606001629450,1,orb_cpu,temporal,68.059522,68.429357,0.000000,0.000000,0.000000,0.000000,0.000000,0.000000,0.000000,0.000000,600,600,136.488879,11.282122,2.838592,150.609593,402,344,344,0.855721,0.416667,1.199989,nan,0.000000,0.000000,0.000000,0.000000,0.000000,0,0.000000,0.000000,nan,nan,0.000000
370,2606901590826,1,xfeat_star_coarse,stereo,33.765323,49.722918,14.534383,14.375757,0.001042,17.767018,17.748394,15.924763,1.481338,1.655130,600,600,50.401379,1.782298,0.932545,53.116222,369,369,369,1.000000,1.000000,0.000000,0.000000,0.000000,0.000000,0.000000,0.000000,0.000000,210,0.569106,0.875000,0.585464,0.029630,12.912585
370,2606901590826,1,xfeat_star_fine,stereo,33.765323,49.722918,14.534383,14.375757,0.001042,17.767018,17.748394,15.924763,1.481338,1.655130,600,600,50.401379,1.782298,0.663253,64.377136,366,366,364,0.994536,1.000000,0.000000,1.580298,11.530206,0.394501,0.001125,9.344490,1.789798,268,0.732240,0.916667,0.786542,0.199366,19.288273
370,2606901590826,1,orb_cpu,stereo,69.289692,72.325495,0.000000,0.000000,0.000000,0.000000,0.000000,0.000000,0.000000,0.000000,600,600,72.883414,19.520316,2.900301,95.304031,374,325,322,0.860963,0.250000,0.000000,2.399994,0.000000,0.000000,0.000000,0.000000,0.000000,313,0.836898,0.250000,0.920193,0.541949,7.227650
371,2606991578576,1,xfeat_star_coarse,stereo,21.185905,36.909583,3.934763,3.895388,0.000625,15.504219,15.482053,15.881762,1.768214,1.628089,600,600,37.242334,1.823715,0.377668,39.443717,384,384,384,1.000000,1.000000,0.000000,0.000000,0.000000,0.000000,0.000000,0.000000,0.000000,222,0.578125,0.895833,0.612451,0.000018,8.918239
371,2606991578576,1,xfeat_star_fine,stereo,21.185905,36.909583,3.934763,3.895388,0.000625,15.504219,15.482053,15.881762,1.768214,1.628089,600,600,37.242334,1.823715,0.323376,53.036554,378,378,378,1.000000,1.000000,0.000000,1.595978,13.647129,0.415501,0.000917,11.980082,1.250337,291,0.769841,0.937500,0.778629,0.101273,6.207313
371,2606991578576,1,orb_cpu,stereo,69.573485,72.403537,0.000000,0.000000,0.000000,0.000000,0.000000,0.000000,0.000000,0.000000,600,600,72.673079,9.555491,2.976551,85.205121,374,318,311,0.831551,0.270833,0.000000,2.399994,0.000000,0.000000,0.000000,0.000000,0.000000,299,0.799465,0.270833,0.914281,0.471063,7.072816
371,2606991578576,1,xfeat_guided,temporal,33.765323,21.185905,14.534383,3.934763,0.001042,0.000625,17.748394,15.482053,1.481338,1.768214,600,600,54.951228,3.472428,1.139671,59.563327,356,337,337,0.946629,1.000000,0.000000,nan,0.000000,0.000000,0.000000,0.000000,0.000000,0,0.000000,0.000000,nan,nan,0.000000
371,2606991578576,1,orb_cpu,temporal,69.289692,69.573485,0.000000,0.000000,0.000000,0.000000,0.000000,0.000000,0.000000,0.000000,600,600,138.863177,10.061826,1.717715,150.642718,427,385,385,0.901639,0.291667,0.000000,nan,0.000000,0.000000,0.000000,0.000000,0.000000,0,0.000000,0.000000,nan,nan,0.000000
380,2607981583576,1,xfeat_star_coarse,stereo,40.456262,23.042870,4.768433,4.661474,16.741890,0.000792,17.454476,16.720723,1.491172,1.659631,600,600,40.901138,5.676936,1.252212,47.830286,362,362,362,1.000000,1.000000,0.000000,0.000000,0.000000,0.000000,0.000000,0.000000,0.000000,203,0.560773,0.937500,0.571539,-0.080129,27.661677
380,2607981583576,1,xfeat_star_fine,stereo,40.456262,23.042870,4.768433,4.661474,16.741890,0.000792,17.454476,16.720723,1.491172,1.659631,600,600,40.901138,5.676936,0.310417,58.051779,357,357,355,0.994398,1.000000,0.000000,1.610199,11.163288,0.573752,0.001291,9.390990,1.196713,247,0.691877,0.958333,0.736802,0.147070,23.798789
380,2607981583576,1,orb_cpu,stereo,73.529290,69.185817,0.000000,0.000000,0.000000,0.000000,0.000000,0.000000,0.000000,0.000000,600,600,73.773750,20.997446,4.741141,99.512337,376,328,323,0.859043,0.375000,0.000000,2.400024,0.000000,0.000000,0.000000,0.000000,0.000000,309,0.821809,0.375000,0.922470,0.583016,9.011614
381,2608071593160,1,xfeat_star_coarse,stereo,39.067216,22.243450,4.738475,4.691308,15.900179,0.001208,16.766015,15.880429,1.662256,1.670255,600,600,39.407550,1.757214,0.362418,41.527182,367,367,367,1.000000,1.000000,0.000000,0.000000,0.000000,0.000000,0.000000,0.000000,0.000000,200,0.544959,0.937500,0.559258,-0.147109,7.287733
381,2608071593160,1,xfeat_star_fine,stereo,39.067216,22.243450,4.738475,4.691308,15.900179,0.001208,16.766015,15.880429,1.662256,1.670255,600,600,39.407550,1.757214,0.372710,52.458470,362,362,361,0.997238,1.000000,0.000000,1.659790,10.920996,0.277876,0.000417,9.408031,1.234505,235,0.649171,0.937500,0.703786,0.073461,7.250857
381,2608071593160,1,orb_cpu,stereo,73.797958,69.558777,0.000000,0.000000,0.000000,0.000000,0.000000,0.000000,0.000000,0.000000,600,600,74.023291,10.473077,2.755759,87.252127,359,309,301,0.838440,0.375000,0.000000,2.399994,0.000000,0.000000,0.000000,0.000000,0.000000,287,0.799443,0.375000,0.925332,0.515797,6.819523
381,2608071593160,1,xfeat_guided,temporal,40.456262,39.067216,4.768433,4.738475,16.741890,15.900179,17.454476,16.766015,1.491172,1.662256,600,600,79.523478,3.368511,2.911426,85.803415,384,332,332,0.864583,0.875000,0.000000,nan,0.000000,0.000000,0.000000,0.000000,0.000000,0,0.000000,0.000000,nan,nan,0.000000
381,2608071593160,1,orb_cpu,temporal,73.529290,73.797958,0.000000,0.000000,0.000000,0.000000,0.000000,0.000000,0.000000,0.000000,600,600,147.327248,10.440576,2.498675,160.266499,447,395,395,0.883669,0.375000,0.000000,nan,0.000000,0.000000,0.000000,0.000000,0.000000,0,0.000000,0.000000,nan,nan,0.000000
390,2608971591952,1,xfeat_star_coarse,stereo,39.070799,22.966494,4.080389,4.017263,17.454268,0.000750,15.880720,17.449600,1.655256,1.498547,600,600,39.397550,1.818798,0.365751,41.582099,367,367,367,1.000000,1.000000,0.000000,0.000000,0.000000,0.000000,0.000000,0.000000,0.000000,199,0.542234,0.958333,0.553687,-0.109088,13.024627
390,2608971591952,1,xfeat_star_fine,stereo,39.070799,22.966494,4.080389,4.017263,17.454268,0.000750,15.880720,17.449600,1.655256,1.498547,600,600,39.397550,1.818798,0.312793,52.459386,359,359,359,1.000000,1.000000,0.000000,1.730145,10.930245,0.421168,0.000959,9.308906,1.198879,254,0.707521,0.958333,0.709233,0.095887,19.005106
390,2608971591952,1,orb_cpu,stereo,72.135119,75.110420,0.000000,0.000000,0.000000,0.000000,0.000000,0.000000,0.000000,0.000000,600,600,75.608630,19.151690,2.387383,97.147703,353,309,304,0.861190,0.354167,0.000000,2.800026,0.000000,0.000000,0.000000,0.000000,0.000000,294,0.832861,0.354167,0.915724,0.542350,6.715398
391,2609061609910,1,xfeat_star_coarse,stereo,21.492781,38.275462,3.938388,3.901888,0.000709,15.886595,15.875428,16.752515,1.678131,1.734339,600,600,38.630838,1.773339,0.366960,40.771137,363,363,363,1.000000,1.000000,0.000000,0.000000,0.000000,0.000000,0.000000,0.000000,0.000000,190,0.523416,0.979167,0.553742,-0.107642,7.401400
391,2609061609910,1,xfeat_star_fine,stereo,21.492781,38.275462,3.938388,3.901888,0.000709,15.886595,15.875428,16.752515,1.678131,1.734339,600,600,38.630838,1.773339,0.312418,51.516839,356,356,355,0.997191,1.000000,0.000000,1.652412,10.800244,0.285917,0.000583,9.321365,1.192212,251,0.705056,1.000000,0.731558,0.112839,10.048909
391,2609061609910,1,orb_cpu,stereo,70.539571,73.233914,0.000000,0.000000,0.000000,0.000000,0.000000,0.000000,0.000000,0.000000,600,600,73.526873,12.545251,1.978048,88.050172,346,311,305,0.881503,0.375000,0.000000,2.880005,0.000000,0.000000,0.000000,0.000000,0.000000,294,0.849711,0.375000,0.928758,0.595772,6.595897
391,2609061609910,1,xfeat_guided,temporal,39.070799,21.492781,4.080389,3.938388,17.454268,0.000709,15.880720,15.875428,1.655256,1.678131,600,600,60.563580,3.535387,3.536970,67.635937,384,323,323,0.841146,0.958333,0.000000,nan,0.000000,0.000000,0.000000,0.000000,0.000000,0,0.000000,0.000000,nan,nan,0.000000
391,2609061609910,1,orb_cpu,temporal,72.135119,70.539571,0.000000,0.000000,0.000000,0.000000,0.000000,0.000000,0.000000,0.000000,600,600,142.674690,10.055909,3.250344,155.980943,443,373,373,0.841986,0.333333,1.199997,nan,0.000000,0.000000,0.000000,0.000000,0.000000,0,0.000000,0.000000,nan,nan,0.000000
400,2609961605702,1,xfeat_star_coarse,stereo,39.192549,23.053120,4.703808,4.627391,16.963807,0.000667,15.920303,16.946140,1.604381,1.478714,600,600,39.662384,1.438089,0.303876,41.404349,356,356,356,1.000000,1.000000,0.000000,0.000000,0.000000,0.000000,0.000000,0.000000,0.000000,176,0.494382,0.937500,0.499215,-0.006467,18.142894
400,2609961605702,1,xfeat_star_fine,stereo,39.192549,23.053120,4.703808,4.627391,16.963807,0.000667,15.920303,16.946140,1.604381,1.478714,600,600,39.662384,1.438089,0.347209,53.254764,349,349,348,0.997135,1.000000,0.000000,1.680115,11.807082,0.395168,0.000667,10.260701,1.150296,243,0.696275,0.979167,0.697615,0.137428,13.302170
400,2609961605702,1,orb_cpu,stereo,71.307240,74.447876,0.000000,0.000000,0.000000,0.000000,0.000000,0.000000,0.000000,0.000000,600,600,74.726001,17.969644,2.286216,94.981861,352,307,302,0.857955,0.395833,0.000000,3.000000,0.000000,0.000000,0.000000,0.000000,0.000000,294,0.835227,0.395833,0.933556,0.532016,6.701606
401,2610051594786,1,xfeat_star_coarse,stereo,22.415867,39.255049,4.783308,4.778016,0.000958,15.946512,15.958137,16.994266,1.673089,1.536130,600,600,39.610134,1.473005,0.386626,41.469765,352,352,352,1.000000,0.979167,0.000000,0.000000,0.000000,0.000000,0.000000,0.000000,0.000000,172,0.488636,0.875000,0.476165,-0.099986,6.701898
401,2610051594786,1,xfeat_star_fine,stereo,22.415867,39.255049,4.783308,4.778016,0.000958,15.946512,15.958137,16.994266,1.673089,1.536130,600,600,39.610134,1.473005,0.475419,55.292062,346,346,343,0.991329,0.979167,0.000000,1.740448,13.733504,0.277209,0.000625,10.707619,2.747884,222,0.641618,0.937500,0.696508,0.014727,13.586212
401,2610051594786,1,orb_cpu,stereo,72.979620,75.425170,0.000000,0.000000,0.000000,0.000000,0.000000,0.000000,0.000000,0.000000,600,600,75.722880,13.579004,2.843260,92.145144,328,282,278,0.847561,0.416667,0.000000,3.000000,0.000000,0.000000,0.000000,0.000000,0.000000,270,0.823171,0.416667,0.919100,0.497973,6.210146
401,2610051594786,1,xfeat_guided,temporal,39.192549,22.415867,4.703808,4.783308,16.963807,0.000958,15.920303,15.958137,1.604381,1.673089,600,600,61.608416,3.600053,3.167261,68.375730,384,326,326,0.848958,0.916667,0.000000,nan,0.000000,0.000000,0.000000,0.000000,0.000000,0,0.000000,0.000000,nan,nan,0.000000
401,2610051594786,1,orb_cpu,temporal,71.307240,72.979620,0.000000,0.000000,0.000000,0.000000,0.000000,0.000000,0.000000,0.000000,600,600,144.286860,10.125951,3.852346,158.265157,417,351,351,0.841727,0.395833,1.727997,nan,0.000000,0.000000,0.000000,0.000000,0.000000,0,0.000000,0.000000,nan,nan,0.000000
410,2611041611078,1,xfeat_star_coarse,stereo,32.452110,48.378288,13.639671,16.135263,0.000875,14.667883,17.308767,15.883637,1.502547,1.691297,600,600,48.968623,1.758797,0.374918,51.102338,352,352,352,1.000000,1.000000,0.000000,0.000000,0.000000,0.000000,0.000000,0.000000,0.000000,173,0.491477,1.000000,0.488082,-0.126808,11.781331
410,2611041611078,1,xfeat_star_fine,stereo,32.452110,48.378288,13.639671,16.135263,0.000875,14.667883,17.308767,15.883637,1.502547,1.691297,600,600,48.968623,1.758797,0.309501,61.900166,344,344,342,0.994186,1.000000,0.000000,1.834923,10.863245,0.396626,0.000750,9.313865,1.151712,221,0.642442,0.979167,0.671397,0.037393,6.212396
410,2611041611078,1,orb_cpu,stereo,75.799755,72.414535,0.000000,0.000000,0.000000,0.000000,0.000000,0.000000,0.000000,0.000000,600,600,76.265715,11.365872,7.657609,95.289196,356,298,293,0.823034,0.520833,0.000000,3.000000,0.000000,0.000000,0.000000,0.000000,0.000000,286,0.803371,0.520833,0.929908,0.542301,6.733064
411,2611131593328,1,xfeat_star_coarse,stereo,20.880861,37.173958,3.932138,3.888929,0.000709,15.477052,15.451760,15.478760,1.496088,2.329050,600,600,37.535084,1.630172,0.385543,39.550799,378,378,378,1.000000,1.000000,0.000000,0.000000,0.000000,0.000000,0.000000,0.000000,0.000000,201,0.531746,0.958333,0.524298,-0.068423,7.562442
411,2611131593328,1,xfeat_star_fine,stereo,20.880861,37.173958,3.932138,3.888929,0.000709,15.477052,15.451760,15.478760,1.496088,2.329050,600,600,37.535084,1.630172,0.321709,50.366918,370,370,369,0.997297,1.000000,0.000000,1.880280,10.879953,0.351959,0.000667,9.295781,1.231379,249,0.672973,0.979167,0.665586,0.069893,12.389458
411,2611131593328,1,orb_cpu,stereo,74.360459,77.122926,0.000000,0.000000,0.000000,0.000000,0.000000,0.000000,0.000000,0.000000,600,600,77.405510,10.199993,2.971510,90.577013,355,302,302,0.850704,0.541667,0.000000,3.144012,0.000000,0.000000,0.000000,0.000000,0.000000,292,0.822535,0.541667,0.925538,0.486040,6.741773
411,2611131593328,1,xfeat_guided,temporal,32.452110,20.880861,13.639671,3.932138,0.000875,0.000709,17.308767,15.451760,1.502547,1.496088,600,600,53.332971,3.486262,2.016298,58.835531,384,347,347,0.903646,1.000000,0.000000,nan,0.000000,0.000000,0.000000,0.000000,0.000000,0,0.000000,0.000000,nan,nan,0.000000
411,2611131593328,1,orb_cpu,temporal,75.799755,74.360459,0.000000,0.000000,0.000000,0.000000,0.000000,0.000000,0.000000,0.000000,600,600,150.160214,10.033492,2.273050,162.466756,456,410,410,0.899123,0.520833,0.000000,nan,0.000000,0.000000,0.000000,0.000000,0.000000,0,0.000000,0.000000,nan,nan,0.000000
420,2612031624287,1,xfeat_star_coarse,stereo,23.054036,38.914255,4.749724,4.634932,0.001250,16.771514,16.765639,15.870637,1.537214,1.637005,600,600,39.507758,1.348296,0.242835,41.098889,384,384,384,1.000000,1.000000,0.000000,0.000000,0.000000,0.000000,0.000000,0.000000,0.000000,179,0.466146,0.916667,0.463083,-0.171728,6.183479
420,2612031624287,1,xfeat_star_fine,stereo,23.054036,38.914255,4.749724,4.634932,0.001250,16.771514,16.765639,15.870637,1.537214,1.637005,600,600,39.507758,1.348296,0.321460,54.844309,377,377,376,0.997347,1.000000,0.000000,1.666718,13.666795,0.428334,0.001000,11.985999,1.251170,237,0.628647,0.958333,0.637343,-0.015327,6.172937
420,2612031624287,1,orb_cpu,stereo,73.130288,75.313170,0.000000,0.000000,0.000000,0.000000,0.000000,0.000000,0.000000,0.000000,600,600,75.592463,16.043054,4.403848,96.039365,348,282,276,0.793103,0.520833,0.000000,3.455994,0.000000,0.000000,0.000000,0.000000,0.000000,265,0.761494,0.520833,0.916574,0.481715,6.669023
421,2612121617578,1,xfeat_star_coarse,stereo,22.334283,38.927756,4.717724,4.751141,0.000875,15.816845,15.874303,16.640972,1.740798,1.718631,600,600,39.301965,1.357588,0.482544,41.142097,368,368,368,1.000000,1.000000,0.000000,0.000000,0.000000,0.000000,0.000000,0.000000,0.000000,167,0.453804,0.916667,0.440603,-0.227223,6.621272
421,2612121617578,1,xfeat_star_fine,stereo,22.334283,38.927756,4.717724,4.751141,0.000875,15.816845,15.874303,16.640972,1.740798,1.718631,600,600,39.301965,1.357588,0.648752,55.437560,360,360,359,0.997222,1.000000,0.000000,1.760315,14.129255,0.451251,0.000750,10.795703,2.881218,211,0.586111,0.958333,0.639992,-0.101523,12.949460
421,2612121617578,1,orb_cpu,stereo,74.705876,77.125717,0.000000,0.000000,0.000000,0.000000,0.000000,0.000000,0.000000,0.000000,600,600,77.392760,10.111117,2.853926,90.357803,360,305,302,0.838889,0.541667,0.000000,3.399994,0.000000,0.000000,0.000000,0.000000,0.000000,289,0.802778,0.541667,0.920472,0.522237,6.868940
421,2612121617578,1,xfeat_guided,temporal,23.054036,22.334283,4.749724,4.717724,0.001250,0.000875,16.765639,15.874303,1.537214,1.740798,600,600,45.388319,3.483095,1.889798,50.761212,384,348,348,0.906250,0.958333,0.000000,nan,0.000000,0.000000,0.000000,0.000000,0.000000,0,0.000000,0.000000,nan,nan,0.000000
421,2612121617578,1,orb_cpu,temporal,73.130288,74.705876,0.000000,0.000000,0.000000,0.000000,0.000000,0.000000,0.000000,0.000000,600,600,147.836164,9.199072,2.386675,159.421911,445,382,382,0.858427,0.541667,1.199997,nan,0.000000,0.000000,0.000000,0.000000,0.000000,0,0.000000,0.000000,nan,nan,0.000000
430,2613021602579,1,xfeat_star_coarse,stereo,30.964520,50.130126,12.258582,12.097040,0.001084,17.121890,17.114432,18.218145,1.590172,2.692467,600,600,50.927838,1.533130,0.377376,52.838344,348,348,348,1.000000,1.000000,0.000000,0.000000,0.000000,0.000000,0.000000,0.000000,0.000000,156,0.448276,0.854167,0.441846,-0.243068,7.094441
430,2613021602579,1,xfeat_star_fine,stereo,30.964520,50.130126,12.258582,12.097040,0.001084,17.121890,17.114432,18.218145,1.590172,2.692467,600,600,50.927838,1.533130,0.310418,63.897090,337,337,334,0.991098,1.000000,0.000000,1.920670,11.125704,0.271501,0.000625,9.706616,1.146837,182,0.540059,0.875000,0.550451,-0.098727,7.845026
430,2613021602579,1,orb_cpu,stereo,70.871529,73.296579,0.000000,0.000000,0.000000,0.000000,0.000000,0.000000,0.000000,0.000000,600,600,73.566538,20.206901,6.265479,100.038918,335,281,275,0.820896,0.479167,0.000000,3.599991,0.000000,0.000000,0.000000,0.000000,0.000000,262,0.782090,0.479167,0.905740,0.499481,8.081902
431,2613201601995,1,xfeat_star_coarse,stereo,23.093453,40.448052,4.673266,4.622807,0.000958,16.729056,16.705639,17.615434,1.713423,1.480630,600,600,40.792303,1.296838,0.310584,42.399725,346,346,346,1.000000,1.000000,0.000000,0.000000,0.000000,0.000000,0.000000,0.000000,0.000000,164,0.473988,0.895833,0.478148,-0.132723,6.760356
431,2613201601995,1,xfeat_star_fine,stereo,23.093453,40.448052,4.673266,4.622807,0.000958,16.729056,16.705639,17.615434,1.713423,1.480630,600,600,40.792303,1.296838,0.312251,53.582721,334,334,332,0.994012,1.000000,0.000000,2.109856,11.181329,0.299709,0.000667,9.734949,1.145879,192,0.574850,0.937500,0.604529,-0.028010,5.499852
431,2613201601995,1,orb_cpu,stereo,73.032620,75.352461,0.000000,0.000000,0.000000,0.000000,0.000000,0.000000,0.000000,0.000000,600,600,75.614128,9.854533,4.181139,89.649800,325,265,259,0.796923,0.416667,0.000000,3.799988,0.000000,0.000000,0.000000,0.000000,0.000000,248,0.763077,0.416667,0.891612,0.394815,6.222021
431,2613201601995,1,xfeat_guided,temporal,30.964520,23.093453,12.258582,4.673266,0.001084,0.000958,17.114432,16.705639,1.590172,1.713423,600,600,54.057973,3.161303,2.844843,60.064119,357,305,305,0.854342,0.937500,0.000000,nan,0.000000,0.000000,0.000000,0.000000,0.000000,0,0.000000,0.000000,nan,nan,0.000000
431,2613201601995,1,orb_cpu,temporal,70.871529,73.032620,0.000000,0.000000,0.000000,0.000000,0.000000,0.000000,0.000000,0.000000,600,600,143.904149,10.028450,4.740849,158.673448,419,336,336,0.801909,0.458333,1.200005,nan,0.000000,0.000000,0.000000,0.000000,0.000000,0,0.000000,0.000000,nan,nan,0.000000
440,2614101615246,1,xfeat_star_coarse,stereo,34.298240,39.263423,4.704474,4.626057,0.001125,17.145724,17.129432,15.857012,12.462917,1.634380,600,600,39.924176,1.331547,0.309834,41.565557,356,356,356,1.000000,1.000000,0.000000,4.000000,0.000000,0.000000,0.000000,0.000000,0.000000,155,0.435393,0.854167,0.432512,-0.134045,19.524065
440,2614101615246,1,xfeat_star_fine,stereo,34.298240,39.263423,4.704474,4.626057,0.001125,17.145724,17.129432,15.857012,12.462917,1.634380,600,600,39.924176,1.331547,1.206587,55.162936,351,351,350,0.997151,1.000000,0.000000,3.136688,12.700626,0.605794,0.001458,9.376240,2.716509,190,0.541311,0.937500,0.552554,-0.068012,22.775077
440,2614101615246,1,orb_cpu,stereo,69.170315,71.411072,0.000000,0.000000,0.000000,0.000000,0.000000,0.000000,0.000000,0.000000,600,600,71.680073,20.206234,8.343028,100.229335,324,252,244,0.753086,0.479167,0.000000,4.000000,0.000000,0.000000,0.000000,0.000000,0.000000,234,0.722222,0.479167,0.892424,0.453566,6.222521
441,2614191603579,1,xfeat_star_coarse,stereo,22.313033,39.010422,4.677724,4.626182,0.000833,15.917636,15.896887,16.897057,1.737464,1.569338,600,600,39.398090,1.264713,0.292084,40.954887,343,343,343,1.000000,1.000000,0.000000,0.000000,0.000000,0.000000,0.000000,0.000000,0.000000,171,0.498542,0.854167,0.499786,-0.154113,6.468938
441,2614191603579,1,xfeat_star_fine,stereo,22.313033,39.010422,4.677724,4.626182,0.000833,15.917636,15.896887,16.897057,1.737464,1.569338,600,600,39.398090,1.264713,0.617336,54.929976,337,337,335,0.994065,0.979167,0.000000,2.314072,13.649837,0.298667,0.000750,10.670869,2.679384,199,0.590504,0.916667,0.592703,-0.029583,13.344878
441,2614191603579,1,orb_cpu,stereo,73.862497,76.233838,0.000000,0.000000,0.000000,0.000000,0.000000,0.000000,0.000000,0.000000,600,600,76.519964,19.040730,6.327438,101.888132,336,261,259,0.770833,0.437500,0.000000,4.000008,0.000000,0.000000,0.000000,0.000000,0.000000,253,0.752976,0.437500,0.880494,0.407808,6.480896
441,2614191603579,1,xfeat_guided,temporal,34.298240,22.313033,4.704474,4.677724,0.001125,0.000833,17.129432,15.896887,12.462917,1.737464,600,600,56.611273,3.233928,1.917839,61.763040,384,345,345,0.898438,1.000000,0.000000,nan,0.000000,0.000000,0.000000,0.000000,0.000000,0,0.000000,0.000000,nan,nan,0.000000
441,2614191603579,1,orb_cpu,temporal,69.170315,73.862497,0.000000,0.000000,0.000000,0.000000,0.000000,0.000000,0.000000,0.000000,600,600,143.032812,11.591705,3.367136,157.991653,463,400,400,0.863931,0.500000,1.200012,nan,0.000000,0.000000,0.000000,0.000000,0.000000,0,0.000000,0.000000,nan,nan,0.000000
450,2615091610705,1,xfeat_star_coarse,stereo,33.858280,38.768671,4.059847,4.020388,0.000833,17.251599,17.230975,15.859637,12.566417,1.636880,600,600,39.105172,1.482546,0.370876,40.958594,346,346,346,1.000000,1.000000,0.000000,8.000000,0.000000,0.000000,0.000000,0.000000,0.000000,153,0.442197,0.833333,0.444890,-0.112640,9.382490
450,2615091610705,1,xfeat_star_fine,stereo,33.858280,38.768671,4.059847,4.020388,0.000833,17.251599,17.230975,15.859637,12.566417,1.636880,600,600,39.105172,1.482546,0.303418,54.391806,341,341,341,1.000000,1.000000,0.000000,8.061813,13.500670,0.419293,0.000875,11.914873,1.165337,173,0.507331,0.875000,0.520219,-0.072361,21.155779
450,2615091610705,1,orb_cpu,stereo,71.414656,74.530999,0.000000,0.000000,0.000000,0.000000,0.000000,0.000000,0.000000,0.000000,600,600,74.998417,20.293943,14.306006,109.598366,332,236,232,0.698795,0.416667,0.287994,4.799988,0.000000,0.000000,0.000000,0.000000,0.000000,220,0.662651,0.416667,0.877940,0.406371,6.485563
451,2615181614371,1,xfeat_star_coarse,stereo,23.328911,40.435093,4.506307,4.462431,0.001000,16.937557,16.915140,17.570308,1.906131,1.464422,600,600,40.761428,1.307005,0.314043,42.382476,352,352,352,1.000000,1.000000,0.000000,8.000000,0.000000,0.000000,0.000000,0.000000,0.000000,150,0.426136,0.875000,0.402295,-0.137521,6.875898
451,2615181614371,1,xfeat_star_fine,stereo,23.328911,40.435093,4.506307,4.462431,0.001000,16.937557,16.915140,17.570308,1.906131,1.464422,600,600,40.761428,1.307005,0.313418,53.608930,343,343,340,0.991254,1.000000,0.000000,7.942837,11.227079,0.315668,0.000709,9.732615,1.177921,177,0.516035,0.916667,0.521058,-0.101983,5.630811
451,2615181614371,1,orb_cpu,stereo,70.969695,73.674246,0.000000,0.000000,0.000000,0.000000,0.000000,0.000000,0.000000,0.000000,600,600,73.975996,10.115326,8.811071,92.902393,323,236,223,0.690402,0.416667,0.000000,4.800003,0.000000,0.000000,0.000000,0.000000,0.000000,215,0.665635,0.395833,0.892069,0.393415,6.167479
451,2615181614371,1,xfeat_guided,temporal,33.858280,23.328911,4.059847,4.506307,0.000833,0.001000,17.230975,16.915140,12.566417,1.906131,600,600,57.187191,3.157052,3.718971,64.063214,368,308,308,0.836957,0.937500,0.000000,nan,0.000000,0.000000,0.000000,0.000000,0.000000,0,0.000000,0.000000,nan,nan,0.000000
451,2615181614371,1,orb_cpu,temporal,71.414656,70.969695,0.000000,0.000000,0.000000,0.000000,0.000000,0.000000,0.000000,0.000000,600,600,142.384351,10.087533,3.563137,156.035021,442,375,375,0.848416,0.458333,2.000000,nan,0.000000,0.000000,0.000000,0.000000,0.000000,0,0.000000,0.000000,nan,nan,0.000000
460,2616171608872,1,xfeat_star_coarse,stereo,40.915053,23.045869,4.732641,4.704099,16.615805,0.000917,18.053144,16.595222,1.513213,1.745381,600,600,41.392513,4.890517,1.185296,47.468326,351,351,351,1.000000,1.000000,0.000000,8.000000,0.000000,0.000000,0.000000,0.000000,0.000000,180,0.512821,0.854167,0.517311,-0.086258,25.394626
460,2616171608872,1,xfeat_star_fine,stereo,40.915053,23.045869,4.732641,4.704099,16.615805,0.000917,18.053144,16.595222,1.513213,1.745381,600,600,41.392513,4.890517,1.179545,67.830768,336,336,333,0.991071,1.000000,0.000000,8.229645,20.368193,0.394835,0.000875,14.523090,5.449101,192,0.571429,0.875000,0.560109,-0.139735,21.456572
460,2616171608872,1,orb_cpu,stereo,72.669951,68.336644,0.000000,0.000000,0.000000,0.000000,0.000000,0.000000,0.000000,0.000000,600,600,72.923660,21.361488,14.231631,108.516779,303,211,209,0.689769,0.458333,0.288002,4.976654,0.000000,0.000000,0.000000,0.000000,0.000000,202,0.666667,0.458333,0.865533,0.321887,5.869394
461,2616261654247,1,xfeat_star_coarse,stereo,22.305033,39.247922,4.745349,4.693640,0.000916,15.872011,15.851137,17.149349,1.707297,1.532755,600,600,39.642507,1.452796,0.656628,41.751931,340,340,340,1.000000,1.000000,0.000000,8.000000,0.000000,0.000000,0.000000,0.000000,0.000000,161,0.473529,0.916667,0.479259,-0.138024,13.151460
461,2616261654247,1,xfeat_star_fine,stereo,22.305033,39.247922,4.745349,4.693640,0.000916,15.872011,15.851137,17.149349,1.707297,1.532755,600,600,39.642507,1.452796,0.306293,52.213465,328,328,327,0.996951,1.000000,0.000000,8.195778,10.811869,0.390376,0.001000,9.294822,1.125379,168,0.512195,0.916667,0.524543,-0.107076,11.722206
461,2616261654247,1,orb_cpu,stereo,70.385401,71.894490,0.000000,0.000000,0.000000,0.000000,0.000000,0.000000,0.000000,0.000000,600,600,72.134032,20.068025,17.731642,109.933699,291,193,187,0.642612,0.375000,0.576004,5.183990,0.000000,0.000000,0.000000,0.000000,0.000000,175,0.601375,0.375000,0.876210,0.368045,4.654433
461,2616261654247,1,xfeat_guided,temporal,40.915053,22.305033,4.732641,4.745349,16.615805,0.000916,18.053144,15.851137,1.513213,1.707297,600,600,63.220086,2.568675,2.859593,68.648354,351,289,289,0.823362,0.916667,0.000000,nan,0.000000,0.000000,0.000000,0.000000,0.000000,0,0.000000,0.000000,nan,nan,0.000000
461,2616261654247,1,orb_cpu,temporal,72.669951,70.385401,0.000000,0.000000,0.000000,0.000000,0.000000,0.000000,0.000000,0.000000,600,600,143.055352,9.906158,4.299556,157.261066,434,357,357,0.822581,0.520833,3.000000,nan,0.000000,0.000000,0.000000,0.000000,0.000000,0,0.000000,0.000000,nan,nan,0.000000
470,2617161630789,1,xfeat_star_coarse,stereo,23.206952,38.889171,4.008180,3.965763,0.001125,17.365474,17.350558,15.864761,1.846756,1.692964,600,600,39.233589,1.695798,0.350210,41.279597,341,341,341,1.000000,1.000000,0.000000,8.000000,0.000000,0.000000,0.000000,0.000000,0.000000,172,0.504399,0.916667,0.512408,-0.149128,11.720080
470,2617161630789,1,xfeat_star_fine,stereo,23.206952,38.889171,4.008180,3.965763,0.001125,17.365474,17.350558,15.864761,1.846756,1.692964,600,600,39.233589,1.695798,0.302751,52.088799,324,324,324,1.000000,1.000000,0.000000,8.706032,10.856661,0.426376,0.000834,9.291489,1.137712,172,0.530864,0.895833,0.561251,-0.091846,17.293850
470,2617161630789,1,orb_cpu,stereo,69.765650,71.951823,0.000000,0.000000,0.000000,0.000000,0.000000,0.000000,0.000000,0.000000,600,600,72.412283,20.113942,17.328182,109.854407,292,194,191,0.654110,0.437500,0.959995,5.183990,0.000000,0.000000,0.000000,0.000000,0.000000,182,0.623288,0.437500,0.883723,0.221555,11.187121
471,2617251651414,1,xfeat_star_coarse,stereo,23.665745,39.487756,4.441723,4.394306,0.001042,17.579642,17.561641,15.856469,1.661089,1.657214,600,600,39.907133,1.719172,0.365126,41.991431,352,352,352,1.000000,1.000000,0.000000,8.000000,0.000000,0.000000,0.000000,0.000000,0.000000,200,0.568182,0.875000,0.585397,-0.063125,7.142815
471,2617251651414,1,xfeat_star_fine,stereo,23.665745,39.487756,4.441723,4.394306,0.001042,17.579642,17.561641,15.856469,1.661089,1.657214,600,600,39.907133,1.719172,0.314376,52.672509,343,343,340,0.991254,1.000000,0.000000,8.704609,10.731828,0.287418,0.000541,9.295073,1.148629,190,0.553936,0.875000,0.589793,-0.061425,12.158249
471,2617251651414,1,orb_cpu,stereo,67.904768,69.544939,0.000000,0.000000,0.000000,0.000000,0.000000,0.000000,0.000000,0.000000,600,600,69.962066,10.134784,30.139184,110.236034,272,168,152,0.558824,0.375000,0.586586,4.976654,0.000000,0.000000,0.000000,0.000000,0.000000,144,0.529412,0.375000,0.884830,0.082483,5.065683
471,2617251651414,1,xfeat_guided,temporal,23.206952,23.665745,4.008180,4.441723,0.001125,0.001042,17.350558,17.561641,1.846756,1.661089,600,600,46.872697,2.792509,3.914721,53.579927,368,298,298,0.809783,0.895833,0.000000,nan,0.000000,0.000000,0.000000,0.000000,0.000000,0,0.000000,0.000000,nan,nan,0.000000
471,2617251651414,1,orb_cpu,temporal,69.765650,67.904768,0.000000,0.000000,0.000000,0.000000,0.000000,0.000000,0.000000,0.000000,600,600,137.670418,8.550570,4.710140,150.931128,410,323,323,0.787805,0.458333,1.727997,nan,0.000000,0.000000,0.000000,0.000000,0.000000,0,0.000000,0.000000,nan,nan,0.000000
480,2618151625790,1,xfeat_star_coarse,stereo,23.422911,39.435464,4.705099,4.649765,0.001208,17.219141,17.209266,15.890595,1.507088,1.675838,600,600,39.958174,6.265646,1.256421,47.480241,348,348,348,1.000000,0.979167,0.000000,8.000000,0.000000,0.000000,0.000000,0.000000,0.000000,199,0.571839,0.833333,0.600895,-0.030391,26.484129
480,2618151625790,1,xfeat_star_fine,stereo,23.422911,39.435464,4.705099,4.649765,0.001208,17.219141,17.209266,15.890595,1.507088,1.675838,600,600,39.958174,6.265646,0.307751,57.635732,333,333,332,0.996997,0.979167,0.000000,8.891541,11.104161,0.574043,0.001416,9.358073,1.170045,191,0.573574,0.833333,0.604726,-0.025640,11.944082
480,2618151625790,1,orb_cpu,stereo,73.497203,67.601766,0.000000,0.000000,0.000000,0.000000,0.000000,0.000000,0.000000,0.000000,600,600,73.728454,26.875256,14.190256,114.793966,301,209,202,0.671096,0.333333,0.000000,5.760010,0.000000,0.000000,0.000000,0.000000,0.000000,192,0.637874,0.333333,0.878957,0.006579,5.487476
481,2618331621415,1,xfeat_star_coarse,stereo,21.515030,38.275835,3.992889,3.941221,0.000666,15.853552,15.843678,16.871556,1.677547,1.609422,600,600,38.637004,1.851464,0.259668,40.748136,347,347,347,1.000000,1.000000,0.000000,8.000000,0.000000,0.000000,0.000000,0.000000,0.000000,200,0.576369,0.833333,0.603750,-0.063768,6.910064
481,2618331621415,1,xfeat_star_fine,stereo,21.515030,38.275835,3.992889,3.941221,0.000666,15.853552,15.843678,16.871556,1.677547,1.609422,600,600,38.637004,1.851464,0.304418,51.896965,340,340,339,0.997059,1.000000,0.000000,8.931396,11.104079,0.253668,0.000666,9.704407,1.145171,204,0.600000,0.854167,0.611069,-0.037626,8.787112
481,2618331621415,1,orb_cpu,stereo,74.401997,69.547272,0.000000,0.000000,0.000000,0.000000,0.000000,0.000000,0.000000,0.000000,600,600,74.627331,11.349955,14.989175,100.966461,287,190,188,0.655052,0.375000,0.400009,5.760010,0.000000,0.000000,0.000000,0.000000,0.000000,175,0.609756,0.375000,0.876059,0.280386,5.527226
481,2618331621415,1,xfeat_guided,temporal,23.422911,21.515030,4.705099,3.992889,0.001208,0.000666,17.209266,15.843678,1.507088,1.677547,600,600,44.937941,3.265428,1.084753,49.288122,354,334,334,0.943503,1.000000,0.000000,nan,0.000000,0.000000,0.000000,0.000000,0.000000,0,0.000000,0.000000,nan,nan,0.000000
481,2618331621415,1,orb_cpu,temporal,73.497203,74.401997,0.000000,0.000000,0.000000,0.000000,0.000000,0.000000,0.000000,0.000000,600,600,147.899200,10.493076,2.541300,160.933576,428,375,375,0.876168,0.416667,1.000000,nan,0.000000,0.000000,0.000000,0.000000,0.000000,0,0.000000,0.000000,nan,nan,0.000000
490,2619231633707,1,xfeat_star_coarse,stereo,39.656715,21.714447,3.967971,3.926430,16.077304,0.000791,16.957473,16.058345,2.653842,1.728756,600,600,40.136425,3.722845,0.673419,44.532689,380,380,380,1.000000,1.000000,0.000000,8.000000,0.000000,0.000000,0.000000,0.000000,0.000000,253,0.665789,0.916667,0.691768,-0.025912,14.836882
490,2619231633707,1,xfeat_star_fine,stereo,39.656715,21.714447,3.967971,3.926430,16.077304,0.000791,16.957473,16.058345,2.653842,1.728756,600,600,40.136425,3.722845,0.324835,55.115266,370,370,370,1.000000,1.000000,0.000000,8.580460,10.931161,0.375710,0.000625,9.308323,1.246170,246,0.664865,0.895833,0.712395,0.020054,12.489249
490,2619231633707,1,orb_cpu,stereo,74.168913,75.453792,0.000000,0.000000,0.000000,0.000000,0.000000,0.000000,0.000000,0.000000,600,600,75.941294,26.185879,12.018665,114.145838,273,198,197,0.721612,0.437500,0.000000,4.788773,0.000000,0.000000,0.000000,0.000000,0.000000,182,0.666667,0.437500,0.870881,0.395277,5.385393
491,2619321627082,1,xfeat_star_coarse,stereo,23.213702,39.159505,4.708891,4.657307,0.000792,17.036806,17.020681,15.875553,1.483172,1.589714,600,600,39.599465,2.027131,0.355667,41.982263,369,369,369,1.000000,1.000000,0.000000,8.000000,0.000000,0.000000,0.000000,0.000000,0.000000,264,0.715447,0.937500,0.761996,0.057543,7.329441
491,2619321627082,1,xfeat_star_fine,stereo,23.213702,39.159505,4.708891,4.657307,0.000792,17.036806,17.020681,15.875553,1.483172,1.589714,600,600,39.599465,2.027131,0.317793,52.701925,354,354,353,0.997175,1.000000,0.000000,8.567593,10.757536,0.280459,0.000833,9.262197,1.213838,242,0.683616,0.916667,0.761007,0.056385,13.733378
491,2619321627082,1,orb_cpu,stereo,72.928242,74.930541,0.000000,0.000000,0.000000,0.000000,0.000000,0.000000,0.000000,0.000000,600,600,75.224416,19.328189,11.009745,105.562350,278,194,193,0.694245,0.416667,0.000000,4.780823,0.000000,0.000000,0.000000,0.000000,0.000000,188,0.676259,0.416667,0.874116,0.421387,5.394018
491,2619321627082,1,xfeat_guided,temporal,39.656715,23.213702,3.967971,4.708891,16.077304,0.000792,16.957473,17.020681,2.653842,1.483172,600,600,62.870417,3.818513,4.577641,71.266571,354,286,286,0.807910,0.937500,0.000000,nan,0.000000,0.000000,0.000000,0.000000,0.000000,0,0.000000,0.000000,nan,nan,0.000000
491,2619321627082,1,orb_cpu,temporal,74.168913,72.928242,0.000000,0.000000,0.000000,0.000000,0.000000,0.000000,0.000000,0.000000,600,600,147.097155,11.200454,2.750592,161.048201,390,336,336,0.861538,0.458333,1.727997,nan,0.000000,0.000000,0.000000,0.000000,0.000000,0,0.000000,0.000000,nan,nan,0.000000
500,2620221624874,0,xfeat_star_coarse,stereo,22.947201,40.634969,4.704932,4.616057,0.000917,16.569972,16.548096,18.002268,1.693131,1.446505,600,600,41.161511,1.649464,0.305667,43.116642,379,379,379,1.000000,1.000000,0.000000,8.000000,0.000000,0.000000,0.000000,0.000000,0.000000,210,0.554090,0.916667,0.560053,-0.051123,25.293792
500,2620221624874,0,xfeat_star_fine,stereo,22.947201,40.634969,4.704932,4.616057,0.000917,16.569972,16.548096,18.002268,1.693131,1.446505,600,600,41.161511,1.649464,0.325168,54.387889,370,370,369,0.997297,0.979167,0.000000,8.632355,11.251746,0.625502,0.001584,9.357989,1.266213,217,0.586486,0.895833,0.611493,-0.096582,24.417039
500,2620221624874,0,orb_cpu,stereo,73.738785,75.244166,0.000000,0.000000,0.000000,0.000000,0.000000,0.000000,0.000000,0.000000,600,600,75.515542,21.642988,13.627921,110.786451,252,179,179,0.710317,0.458333,0.000000,5.971985,0.000000,0.000000,0.000000,0.000000,0.000000,167,0.662698,0.458333,0.854942,0.073154,4.954641
501,2620311640082,0,xfeat_star_coarse,stereo,22.272616,38.714295,4.661141,4.660891,0.000959,15.868553,15.900386,16.556721,1.709839,1.627964,600,600,39.162922,2.463092,0.497127,42.123141,366,366,366,1.000000,1.000000,0.000000,8.000000,0.000000,0.000000,0.000000,0.000000,0.000000,193,0.527322,0.937500,0.531572,-0.085521,14.238297
501,2620311640082,0,xfeat_star_fine,stereo,22.272616,38.714295,4.661141,4.660891,0.000959,15.868553,15.900386,16.556721,1.709839,1.627964,600,600,39.162922,2.463092,0.316042,52.843051,358,358,358,1.000000,1.000000,0.000000,8.688442,10.900995,0.389043,0.000792,9.303364,1.207504,198,0.553073,0.916667,0.574349,-0.087399,11.074537
501,2620311640082,0,orb_cpu,stereo,76.378919,77.689466,0.000000,0.000000,0.000000,0.000000,0.000000,0.000000,0.000000,0.000000,600,600,77.942091,20.982528,16.559138,115.483757,240,158,155,0.645833,0.416667,0.345589,5.184006,0.000000,0.000000,0.000000,0.000000,0.000000,150,0.625000,0.416667,0.852683,0.160102,4.750224
501,2620311640082,0,xfeat_guided,temporal,22.947201,22.272616,4.704932,4.661141,0.000917,0.000959,16.548096,15.900386,1.693131,1.709839,600,600,45.219817,3.234386,4.990392,53.444595,344,275,275,0.799419,1.000000,0.000000,nan,0.000000,0.000000,0.000000,0.000000,0.000000,0,0.000000,0.000000,nan,nan,0.000000
501,2620311640082,0,orb_cpu,temporal,73.738785,76.378919,0.000000,0.000000,0.000000,0.000000,0.000000,0.000000,0.000000,0.000000,600,600,150.117704,10.375034,3.625178,164.117916,384,308,308,0.802083,0.583333,1.000000,nan,0.000000,0.000000,0.000000,0.000000,0.000000,0,0.000000,0.000000,nan,nan,0.000000
510,2621211645708,0,xfeat_star_coarse,stereo,23.320160,42.761308,4.285847,4.299972,0.001125,17.471599,17.511850,18.244727,1.521088,2.744843,600,600,43.188018,1.757839,0.364751,45.310608,363,363,363,1.000000,0.979167,0.000000,8.000000,0.000000,0.000000,0.000000,0.000000,0.000000,183,0.504132,0.895833,0.516850,-0.071892,7.236524
510,2621211645708,0,xfeat_star_fine,stereo,23.320160,42.761308,4.285847,4.299972,0.001125,17.471599,17.511850,18.244727,1.521088,2.744843,600,600,43.188018,1.757839,0.318293,56.358645,352,352,350,0.994318,0.979167,0.000000,8.900162,11.094495,0.303293,0.000875,9.609740,1.180379,184,0.522727,0.895833,0.564946,-0.094755,9.914949
510,2621211645708,0,orb_cpu,stereo,70.101524,72.572865,0.000000,0.000000,0.000000,0.000000,0.000000,0.000000,0.000000,0.000000,600,600,73.059909,19.354814,8.901321,101.316044,298,216,212,0.711409,0.354167,0.000000,4.800003,0.000000,0.000000,0.000000,0.000000,0.000000,193,0.647651,0.354167,0.878307,0.363561,5.658019
511,2621391656083,0,xfeat_star_coarse,stereo,22.929326,40.346717,4.538682,4.481015,0.000917,16.703638,16.701347,17.671434,1.688214,1.490505,600,600,40.687176,1.436713,0.319251,42.443140,356,356,356,1.000000,1.000000,0.000000,8.000000,0.000000,0.000000,0.000000,0.000000,0.000000,187,0.525281,0.833333,0.528060,-0.080871,6.770023
511,2621391656083,0,xfeat_star_fine,stereo,22.929326,40.346717,4.538682,4.481015,0.000917,16.703638,16.701347,17.671434,1.688214,1.490505,600,600,40.687176,1.436713,0.329376,53.774636,343,343,343,1.000000,1.000000,0.000000,8.826599,11.321371,0.405460,0.000750,9.743991,1.171004,186,0.542274,0.812500,0.540465,-0.082679,5.525685
511,2621391656083,0,orb_cpu,stereo,68.919895,71.886904,0.000000,0.000000,0.000000,0.000000,0.000000,0.000000,0.000000,0.000000,600,600,72.153696,10.773161,8.707904,91.634761,297,217,213,0.717172,0.354167,0.000000,4.561951,0.000000,0.000000,0.000000,0.000000,0.000000,205,0.690236,0.354167,0.883510,0.228373,5.667810
511,2621391656083,0,xfeat_guided,temporal,23.320160,22.929326,4.285847,4.538682,0.001125,0.000917,17.511850,16.701347,1.521088,1.688214,600,600,46.249486,2.961968,6.048853,55.260307,263,201,201,0.764259,0.875000,0.000000,nan,0.000000,0.000000,0.000000,0.000000,0.000000,0,0.000000,0.000000,nan,nan,0.000000
511,2621391656083,0,orb_cpu,temporal,70.101524,68.919895,0.000000,0.000000,0.000000,0.000000,0.000000,0.000000,0.000000,0.000000,600,600,139.021419,10.018533,5.418351,154.458303,373,283,283,0.758713,0.395833,1.000000,nan,0.000000,0.000000,0.000000,0.000000,0.000000,0,0.000000,0.000000,nan,nan,0.000000
520,2622291640458,0,xfeat_star_coarse,stereo,38.384085,21.464612,3.965555,3.920929,15.862469,0.000875,16.803389,15.841386,1.752547,1.701297,600,600,38.710878,4.544390,0.927920,44.183188,364,364,364,1.000000,0.979167,0.000000,8.000000,0.000000,0.000000,0.000000,0.000000,0.000000,189,0.519231,0.875000,0.517818,-0.153022,17.235057
520,2622291640458,0,xfeat_star_fine,stereo,38.384085,21.464612,3.965555,3.920929,15.862469,0.000875,16.803389,15.841386,1.752547,1.701297,600,600,38.710878,4.544390,0.483668,57.135188,354,354,354,1.000000,0.958333,0.000000,8.695095,13.396252,0.296334,0.000583,10.236367,2.862801,193,0.545198,0.854167,0.543659,-0.180907,13.970505
520,2622291640458,0,orb_cpu,stereo,65.140548,67.473556,0.000000,0.000000,0.000000,0.000000,0.000000,0.000000,0.000000,0.000000,600,600,67.764557,14.788257,6.717814,89.270628,310,237,234,0.754839,0.270833,0.000000,4.319992,0.000000,0.000000,0.000000,0.000000,0.000000,222,0.716129,0.270833,0.862986,0.157129,5.897145
521,2622381647208,0,xfeat_star_coarse,stereo,21.922656,37.374373,4.724474,4.671390,0.001000,15.692343,15.669219,15.476510,1.527630,1.533963,600,600,37.770416,1.271421,0.244418,39.286255,362,362,362,1.000000,1.000000,0.000000,8.000000,0.000000,0.000000,0.000000,0.000000,0.000000,192,0.530387,0.833333,0.547834,-0.135634,6.803397
521,2622381647208,0,xfeat_star_fine,stereo,21.922656,37.374373,4.724474,4.671390,0.001000,15.692343,15.669219,15.476510,1.527630,1.533963,600,600,37.770416,1.271421,0.698419,53.801011,350,350,350,1.000000,1.000000,0.000000,8.683403,14.060755,0.406418,0.000709,10.808660,2.844718,196,0.560000,0.854167,0.579323,-0.184678,13.683087
521,2622381647208,0,orb_cpu,stereo,67.876224,70.281691,0.000000,0.000000,0.000000,0.000000,0.000000,0.000000,0.000000,0.000000,600,600,70.530649,18.237477,6.107770,94.875896,324,249,246,0.759259,0.291667,0.000000,4.147186,0.000000,0.000000,0.000000,0.000000,0.000000,228,0.703704,0.291667,0.852914,0.362040,6.200771
521,2622381647208,0,xfeat_guided,temporal,38.384085,21.922656,3.965555,4.724474,15.862469,0.001000,16.803389,15.669219,1.752547,1.527630,600,600,60.306741,3.328928,5.503351,69.139020,340,266,266,0.782353,0.875000,0.000000,nan,0.000000,0.000000,0.000000,0.000000,0.000000,0,0.000000,0.000000,nan,nan,0.000000
521,2622381647208,0,orb_cpu,temporal,65.140548,67.876224,0.000000,0.000000,0.000000,0.000000,0.000000,0.000000,0.000000,0.000000,600,600,133.016772,9.984199,4.207514,147.208485,360,290,290,0.805556,0.312500,1.439972,nan,0.000000,0.000000,0.000000,0.000000,0.000000,0,0.000000,0.000000,nan,nan,0.000000
530,2623281631334,0,xfeat_star_coarse,stereo,21.518946,37.977417,3.935638,3.921929,0.000583,15.849177,15.856219,16.560846,1.726172,1.645381,600,600,38.324460,1.680006,0.382293,40.386759,384,384,384,1.000000,1.000000,0.000000,8.000000,0.000000,0.000000,0.000000,0.000000,0.000000,206,0.536458,0.916667,0.550077,-0.119066,8.923321
530,2623281631334,0,xfeat_star_fine,stereo,21.518946,37.977417,3.935638,3.921929,0.000583,15.849177,15.856219,16.560846,1.726172,1.645381,600,600,38.324460,1.680006,0.318168,53.942387,374,374,374,1.000000,1.000000,0.000000,8.730972,13.619753,0.407918,0.000792,11.957456,1.253296,212,0.566845,0.895833,0.580937,-0.218116,6.064186
530,2623281631334,0,orb_cpu,stereo,67.780015,70.037606,0.000000,0.000000,0.000000,0.000000,0.000000,0.000000,0.000000,0.000000,600,600,70.496107,14.257963,13.211502,97.965572,296,207,199,0.672297,0.270833,0.319992,4.888321,0.000000,0.000000,0.000000,0.000000,0.000000,188,0.635135,0.270833,0.822029,-0.065878,5.601560
531,2623371634875,0,xfeat_star_coarse,stereo,39.070670,23.026118,4.075680,4.030305,17.465140,0.001125,15.824011,17.446557,1.705464,1.547756,600,600,39.378547,1.681339,0.376584,41.436470,378,378,378,1.000000,0.979167,0.000000,8.000000,0.000000,0.000000,0.000000,0.000000,0.000000,195,0.515873,0.895833,0.525505,-0.218699,7.624525
531,2623371634875,0,xfeat_star_fine,stereo,39.070670,23.026118,4.075680,4.030305,17.465140,0.001125,15.824011,17.446557,1.705464,1.547756,600,600,39.378547,1.681339,0.329834,52.377840,368,368,368,1.000000,0.979167,0.000000,8.821701,10.988120,0.397627,0.000875,9.360948,1.228462,208,0.565217,0.854167,0.574593,-0.219172,11.075787
531,2623371634875,0,orb_cpu,stereo,67.535555,69.796188,0.000000,0.000000,0.000000,0.000000,0.000000,0.000000,0.000000,0.000000,600,600,70.098981,15.825261,12.469374,98.393616,288,201,174,0.604167,0.270833,0.288006,5.000000,0.000000,0.000000,0.000000,0.000000,0.000000,159,0.552083,0.270833,0.851144,-0.016960,5.517393
531,2623371634875,0,xfeat_guided,temporal,21.518946,39.070670,3.935638,4.075680,0.000583,17.465140,15.856219,15.824011,1.726172,1.705464,600,600,60.589616,3.366262,4.630473,68.586351,371,299,299,0.805930,0.875000,0.000000,nan,0.000000,0.000000,0.000000,0.000000,0.000000,0,0.000000,0.000000,nan,nan,0.000000
531,2623371634875,0,orb_cpu,temporal,67.780015,67.535555,0.000000,0.000000,0.000000,0.000000,0.000000,0.000000,0.000000,0.000000,600,600,135.315570,9.844949,3.812471,148.972990,372,307,307,0.825269,0.312500,2.540169,nan,0.000000,0.000000,0.000000,0.000000,0.000000,0,0.000000,0.000000,nan,nan,0.000000
540,2624361630126,1,xfeat_star_coarse,stereo,40.701134,22.917576,4.756641,4.679807,16.552055,0.000833,17.998892,16.530096,1.393380,1.706548,600,600,41.211511,5.633352,1.194212,48.039075,377,377,377,1.000000,1.000000,0.000000,8.000000,0.000000,0.000000,0.000000,0.000000,0.000000,242,0.641910,0.895833,0.660175,0.022626,28.803011
540,2624361630126,1,xfeat_star_fine,stereo,40.701134,22.917576,4.756641,4.679807,16.552055,0.000833,17.998892,16.530096,1.393380,1.706548,600,600,41.211511,5.633352,1.062086,59.089403,369,369,368,0.997290,0.979167,0.000000,8.943756,11.182454,0.586961,0.001459,9.367114,1.225004,232,0.628726,0.875000,0.621383,-0.214160,28.324885
540,2624361630126,1,orb_cpu,stereo,72.212029,69.968188,0.000000,0.000000,0.000000,0.000000,0.000000,0.000000,0.000000,0.000000,600,600,72.464905,21.297320,8.072068,101.834293,289,215,212,0.733564,0.250000,0.000000,5.971985,0.000000,0.000000,0.000000,0.000000,0.000000,197,0.681661,0.250000,0.887351,0.196796,5.565268
541,2624451647501,1,xfeat_star_coarse,stereo,21.646529,36.988830,4.687140,4.651224,0.001083,15.452926,15.433634,15.410926,1.524338,1.473546,600,600,37.352665,2.951427,0.490626,40.794718,374,374,374,1.000000,0.979167,0.000000,8.000000,0.000000,0.000000,0.000000,0.000000,0.000000,220,0.588235,0.833333,0.620595,-0.060290,14.505631
541,2624451647501,1,xfeat_star_fine,stereo,21.646529,36.988830,4.687140,4.651224,0.001083,15.452926,15.433634,15.410926,1.524338,1.473546,600,600,37.352665,2.951427,0.644836,52.353507,363,363,362,0.997245,0.979167,0.000000,8.939857,11.404579,0.375959,0.000834,9.328197,1.699339,217,0.597796,0.854167,0.633755,-0.195575,14.217713
541,2624451647501,1,orb_cpu,stereo,69.122061,71.398026,0.000000,0.000000,0.000000,0.000000,0.000000,0.000000,0.000000,0.000000,600,600,71.685902,21.543071,6.192728,99.421701,285,224,220,0.771930,0.250000,0.000000,5.971970,0.000000,0.000000,0.000000,0.000000,0.000000,193,0.677193,0.250000,0.884906,0.078337,5.455227
541,2624451647501,1,xfeat_guided,temporal,40.701134,21.646529,4.756641,4.687140,16.552055,0.001083,17.998892,15.433634,1.393380,1.524338,600,600,62.347663,3.526012,6.356855,72.230530,378,292,292,0.772487,0.916667,0.000000,nan,0.000000,0.000000,0.000000,0.000000,0.000000,0,0.000000,0.000000,nan,nan,0.000000
541,2624451647501,1,orb_cpu,temporal,72.212029,69.122061,0.000000,0.000000,0.000000,0.000000,0.000000,0.000000,0.000000,0.000000,600,600,141.334090,10.113700,6.754439,158.202229,372,282,282,0.758065,0.208333,2.399994,nan,0.000000,0.000000,0.000000,0.000000,0.000000,0,0.000000,0.000000,nan,nan,0.000000
550,2625351641793,1,xfeat_star_coarse,stereo,48.060575,43.010391,13.221544,13.057709,17.316140,0.000709,15.888052,17.298390,1.634714,12.653333,600,600,48.481159,1.842090,0.485460,50.808709,384,384,384,1.000000,1.000000,0.000000,8.000000,0.000000,0.000000,0.000000,0.000000,0.000000,248,0.645833,0.833333,0.717687,-0.054469,9.464031
550,2625351641793,1,xfeat_star_fine,stereo,48.060575,43.010391,13.221544,13.057709,17.316140,0.000709,15.888052,17.298390,1.634714,12.653333,600,600,48.481159,1.842090,0.904295,72.066612,380,380,380,1.000000,1.000000,0.000000,9.165848,20.839068,0.408834,0.001000,14.469756,5.959186,236,0.621053,0.854167,0.690130,-0.072113,23.132659
550,2625351641793,1,orb_cpu,stereo,70.650857,72.125112,0.000000,0.000000,0.000000,0.000000,0.000000,0.000000,0.000000,0.000000,600,600,72.598447,24.108579,5.544685,102.251711,315,246,244,0.774603,0.291667,0.000000,2.000000,0.000000,0.000000,0.000000,0.000000,0.000000,229,0.726984,0.291667,0.874914,0.298262,6.065187
551,2625441641585,1,xfeat_star_coarse,stereo,39.123378,22.995867,4.044346,3.936513,17.536058,0.000625,15.853469,17.583183,1.689255,1.475338,600,600,39.434630,1.830339,0.379168,41.644137,368,368,368,1.000000,0.979167,0.000000,8.000000,0.000000,0.000000,0.000000,0.000000,0.000000,244,0.663043,0.833333,0.709963,-0.069690,7.723609
551,2625441641585,1,xfeat_star_fine,stereo,39.123378,22.995867,4.044346,3.936513,17.536058,0.000625,15.853469,17.583183,1.689255,1.475338,600,600,39.434630,1.830339,0.313251,52.343839,361,361,359,0.994460,0.979167,0.000000,9.143799,10.765619,0.249209,0.000750,9.284405,1.231088,223,0.617729,0.937500,0.669969,-0.044418,12.187082
551,2625441641585,1,orb_cpu,stereo,71.507944,73.149782,0.000000,0.000000,0.000000,0.000000,0.000000,0.000000,0.000000,0.000000,600,600,73.421116,20.164025,4.874474,98.459615,338,270,267,0.789941,0.270833,0.000000,2.000000,0.000000,0.000000,0.000000,0.000000,0.000000,252,0.745562,0.250000,0.892662,0.336049,6.428855
551,2625441641585,1,xfeat_guided,temporal,48.060575,39.123378,13.221544,4.044346,17.316140,17.536058,15.888052,15.853469,1.634714,1.689255,600,600,87.183953,3.459678,5.677394,96.321025,377,301,301,0.798408,0.791667,0.000000,nan,0.000000,0.000000,0.000000,0.000000,0.000000,0,0.000000,0.000000,nan,nan,0.000000
551,2625441641585,1,orb_cpu,temporal,70.650857,71.507944,0.000000,0.000000,0.000000,0.000000,0.000000,0.000000,0.000000,0.000000,600,600,142.158801,11.647580,4.110972,157.917353,376,306,306,0.813830,0.333333,1.200012,nan,0.000000,0.000000,0.000000,0.000000,0.000000,0,0.000000,0.000000,nan,nan,0.000000
560,2626341651877,1,xfeat_star_coarse,stereo,40.408341,22.952242,4.643473,4.608223,16.679804,0.000917,17.656058,16.659388,1.428797,1.683589,600,600,40.906676,1.542380,0.320876,42.769932,384,384,384,1.000000,1.000000,0.000000,8.000000,0.000000,0.000000,0.000000,0.000000,0.000000,252,0.656250,0.854167,0.684796,-0.000435,17.732642
560,2626341651877,1,xfeat_star_fine,stereo,40.408341,22.952242,4.643473,4.608223,16.679804,0.000917,17.656058,16.659388,1.428797,1.683589,600,600,40.906676,1.542380,0.327376,55.688433,376,376,376,1.000000,1.000000,0.000000,9.108292,12.912001,0.399377,0.000834,11.238620,1.272879,250,0.664894,0.854167,0.695546,0.015903,14.424214
560,2626341651877,1,orb_cpu,stereo,71.437610,72.574488,0.000000,0.000000,0.000000,0.000000,0.000000,0.000000,0.000000,0.000000,587,586,72.874697,16.155803,4.184306,93.214806,327,257,255,0.779817,0.333333,0.000000,2.000000,0.000000,0.000000,0.000000,0.000000,0.000000,245,0.749235,0.333333,0.889629,0.336264,5.007433
561,2626521639835,1,xfeat_star_coarse,stereo,40.429508,22.874491,4.756808,4.680390,16.515429,0.001083,17.620183,16.491054,1.536838,1.701797,600,600,40.747092,1.446004,0.306835,42.499931,369,369,369,1.000000,1.000000,0.000000,8.000000,0.000000,0.000000,0.000000,0.000000,0.000000,261,0.707317,0.937500,0.729630,0.141514,5.972644
561,2626521639835,1,xfeat_star_fine,stereo,40.429508,22.874491,4.756808,4.680390,16.515429,0.001083,17.620183,16.491054,1.536838,1.701797,600,600,40.747092,1.446004,0.656169,56.669019,362,362,361,0.997238,1.000000,0.000000,9.100922,13.819754,0.261835,0.000542,10.676160,2.881051,235,0.649171,0.875000,0.701333,0.034036,13.880545
561,2626521639835,1,orb_cpu,stereo,69.767604,71.606693,0.000000,0.000000,0.000000,0.000000,0.000000,0.000000,0.000000,0.000000,565,565,71.904028,14.396131,4.789807,91.089966,299,237,236,0.789298,0.312500,0.000000,7.166351,0.000000,0.000000,0.000000,0.000000,0.000000,225,0.752508,0.312500,0.905417,0.330303,5.737102
561,2626521639835,1,xfeat_guided,temporal,40.408341,40.429508,4.643473,4.756808,16.679804,16.515429,17.656058,17.620183,1.428797,1.536838,600,600,80.837849,2.586050,32.591441,116.015340,232,147,147,0.633621,0.708333,0.000000,nan,0.000000,0.000000,0.000000,0.000000,0.000000,0,0.000000,0.000000,nan,nan,0.000000
561,2626521639835,1,orb_cpu,temporal,71.437610,69.767604,0.000000,0.000000,0.000000,0.000000,0.000000,0.000000,0.000000,0.000000,587,565,141.205214,8.454277,12.941293,162.600784,215,142,142,0.660465,0.312500,3.583191,nan,0.000000,0.000000,0.000000,0.000000,0.000000,0,0.000000,0.000000,nan,nan,0.000000
570,2627421649586,1,xfeat_star_coarse,stereo,22.715991,38.753669,4.115055,4.106597,0.000916,17.047181,17.064764,15.894094,1.534964,1.705589,600,600,39.100628,1.663714,0.279709,41.044051,369,369,369,1.000000,1.000000,0.000000,8.000000,0.000000,0.000000,0.000000,0.000000,0.000000,204,0.552846,0.937500,0.566146,-0.001130,12.327707
570,2627421649586,1,xfeat_star_fine,stereo,22.715991,38.753669,4.115055,4.106597,0.000916,17.047181,17.064764,15.894094,1.534964,1.705589,600,600,39.100628,1.663714,0.666252,55.285181,353,353,352,0.997167,1.000000,0.000000,9.438416,13.854587,0.296292,0.000666,10.673785,2.883677,197,0.558074,0.895833,0.572366,-0.038111,14.033046
570,2627421649586,1,orb_cpu,stereo,62.078829,63.967668,0.000000,0.000000,0.000000,0.000000,0.000000,0.000000,0.000000,0.000000,502,492,64.482420,7.220607,1.450088,73.153115,291,265,265,0.910653,0.416667,0.000000,8.639999,0.000000,0.000000,0.000000,0.000000,0.000000,256,0.879725,0.416667,0.903576,0.541626,5.645894
571,2627511643836,1,xfeat_star_coarse,stereo,22.815658,38.292709,4.671349,4.608765,0.000750,16.684096,16.664054,15.447717,1.479338,1.551922,600,600,38.663210,1.708089,0.374251,40.745550,364,364,364,1.000000,1.000000,0.000000,8.000000,0.000000,0.000000,0.000000,0.000000,0.000000,184,0.505495,0.875000,0.527516,-0.068804,7.186524
571,2627511643836,1,xfeat_star_fine,stereo,22.815658,38.292709,4.671349,4.608765,0.000750,16.684096,16.664054,15.447717,1.479338,1.551922,600,600,38.663210,1.708089,0.307043,51.425085,351,351,349,0.994302,1.000000,0.000000,9.464203,10.746743,0.270751,0.000542,9.291780,1.183504,192,0.547009,0.833333,0.562385,-0.120459,13.662378
571,2627511643836,1,orb_cpu,stereo,64.289669,65.712132,0.000000,0.000000,0.000000,0.000000,0.000000,0.000000,0.000000,0.000000,507,480,66.008633,14.456131,1.809881,82.274645,285,259,259,0.908772,0.416667,0.000000,9.465591,0.000000,0.000000,0.000000,0.000000,0.000000,247,0.866667,0.416667,0.904236,0.527776,5.526518
571,2627511643836,1,xfeat_guided,temporal,22.715991,22.815658,4.115055,4.671349,0.000916,0.000750,17.064764,16.664054,1.534964,1.479338,600,600,45.531649,3.421053,29.662764,78.615466,348,215,215,0.617816,0.770833,0.000000,nan,0.000000,0.000000,0.000000,0.000000,0.000000,0,0.000000,0.000000,nan,nan,0.000000
571,2627511643836,1,orb_cpu,temporal,62.078829,64.289669,0.000000,0.000000,0.000000,0.000000,0.000000,0.000000,0.000000,0.000000,502,507,126.368498,5.988561,2.756259,135.113318,301,248,248,0.823920,0.354167,3.456001,nan,0.000000,0.000000,0.000000,0.000000,0.000000,0,0.000000,0.000000,nan,nan,0.000000
580,2628411645336,1,xfeat_star_coarse,stereo,23.168534,40.338507,4.752807,4.631349,0.000958,16.737721,16.733805,17.532516,1.680797,1.436713,600,600,40.959467,2.778551,0.639752,44.377770,354,354,354,1.000000,0.979167,0.000000,16.000000,0.000000,0.000000,0.000000,0.000000,0.000000,182,0.514124,0.854167,0.529490,-0.061175,20.196691
580,2628411645336,1,xfeat_star_fine,stereo,23.168534,40.338507,4.752807,4.631349,0.000958,16.737721,16.733805,17.532516,1.680797,1.436713,600,600,40.959467,2.778551,0.305334,55.172430,343,343,343,1.000000,0.979167,0.000000,16.767334,11.129078,0.568086,0.001333,9.389989,1.169170,208,0.606414,0.937500,0.659141,-0.084765,16.835430
580,2628411645336,1,orb_cpu,stereo,58.665442,59.522403,0.000000,0.000000,0.000000,0.000000,0.000000,0.000000,0.000000,0.000000,509,502,59.814196,14.608965,2.822175,77.245336,292,265,264,0.904110,0.416667,0.000000,11.000000,0.000000,0.000000,0.000000,0.000000,0.000000,250,0.856164,0.416667,0.908278,0.515118,10.702452
581,2628501648336,1,xfeat_star_coarse,stereo,40.157048,23.109076,4.699849,4.649016,16.822764,0.000750,17.130056,16.794888,1.504129,1.664172,600,600,40.492008,1.302629,0.234542,42.029179,354,354,354,1.000000,0.979167,0.000000,16.000000,0.000000,0.000000,0.000000,0.000000,0.000000,191,0.539548,0.875000,0.536472,-0.016105,9.365573
581,2628501648336,1,xfeat_star_fine,stereo,40.157048,23.109076,4.699849,4.649016,16.822764,0.000750,17.130056,16.794888,1.504129,1.664172,600,600,40.492008,1.302629,0.315668,54.653929,342,342,340,0.994152,0.979167,0.000000,16.542496,12.543624,0.522627,0.000917,10.858743,1.161087,214,0.625731,0.916667,0.666522,0.019426,12.886333
581,2628501648336,1,orb_cpu,stereo,63.190456,63.799750,0.000000,0.000000,0.000000,0.000000,0.000000,0.000000,0.000000,0.000000,519,513,64.078751,15.081133,2.864717,82.024601,291,262,261,0.896907,0.395833,0.000000,11.971970,0.000000,0.000000,0.000000,0.000000,0.000000,245,0.841924,0.395833,0.899509,0.480941,5.544810
581,2628501648336,1,xfeat_guided,temporal,23.168534,40.157048,4.752807,4.699849,0.000958,16.822764,16.733805,17.130056,1.680797,1.504129,600,600,63.325582,3.256302,64.803879,131.385763,311,168,168,0.540193,0.708333,0.000000,nan,0.000000,0.000000,0.000000,0.000000,0.000000,0,0.000000,0.000000,nan,nan,0.000000
581,2628501648336,1,orb_cpu,temporal,58.665442,63.190456,0.000000,0.000000,0.000000,0.000000,0.000000,0.000000,0.000000,0.000000,509,519,121.855898,6.031520,4.402181,132.289599,300,232,232,0.773333,0.312500,2.399994,nan,0.000000,0.000000,0.000000,0.000000,0.000000,0,0.000000,0.000000,nan,nan,0.000000
590,2629401658545,1,xfeat_star_coarse,stereo,21.517945,39.375378,3.933054,3.893929,0.000958,15.898511,15.876844,16.829804,1.706964,2.753009,600,600,39.773047,2.724717,0.643835,43.141599,328,328,328,1.000000,1.000000,0.000000,16.000000,0.000000,0.000000,0.000000,0.000000,0.000000,107,0.326220,0.750000,0.315524,-0.301687,12.286165
590,2629401658545,1,xfeat_star_fine,stereo,21.517945,39.375378,3.933054,3.893929,0.000958,15.898511,15.876844,16.829804,1.706964,2.753009,600,600,39.773047,2.724717,0.293168,53.569384,305,305,302,0.990164,1.000000,0.000000,17.376541,10.778452,0.382627,0.000834,9.308905,1.085795,155,0.508197,0.875000,0.514815,-0.134221,10.654326
590,2629401658545,1,orb_cpu,stereo,63.590666,65.146088,0.000000,0.000000,0.000000,0.000000,0.000000,0.000000,0.000000,0.000000,523,514,65.719173,20.425400,2.046090,88.190663,254,237,237,0.933071,0.416667,0.000000,13.200005,0.000000,0.000000,0.000000,0.000000,0.000000,230,0.905512,0.416667,0.908119,0.571829,8.869987
591,2629581652920,1,xfeat_star_coarse,stereo,22.904283,40.073005,4.453348,4.408514,0.000667,16.776263,16.754346,17.443890,1.695756,1.444088,600,600,40.398132,1.423963,0.369376,42.191471,359,359,359,1.000000,0.979167,0.000000,16.000000,0.000000,0.000000,0.000000,0.000000,0.000000,115,0.320334,0.666667,0.292034,-0.329467,7.108440
591,2629581652920,1,xfeat_star_fine,stereo,22.904283,40.073005,4.453348,4.408514,0.000667,16.776263,16.754346,17.443890,1.695756,1.444088,600,600,40.398132,1.423963,0.305667,53.400549,343,343,337,0.982507,0.979167,0.000000,17.303680,11.272787,0.291793,0.000667,9.783657,1.196504,162,0.472303,0.812500,0.488012,-0.176005,6.608522
591,2629581652920,1,orb_cpu,stereo,65.407714,66.979635,0.000000,0.000000,0.000000,0.000000,0.000000,0.000000,0.000000,0.000000,530,521,67.275136,15.951927,3.753512,86.980575,280,247,244,0.871429,0.500000,0.000000,13.823990,0.000000,0.000000,0.000000,0.000000,0.000000,231,0.825000,0.500000,0.908114,0.487320,7.202732
591,2629581652920,1,xfeat_guided,temporal,21.517945,22.904283,3.933054,4.453348,0.000958,0.000667,15.876844,16.754346,1.706964,1.695756,600,600,44.422228,2.779634,118.509971,165.711833,282,124,124,0.439716,0.687500,8.000000,nan,0.000000,0.000000,0.000000,0.000000,0.000000,0,0.000000,0.000000,nan,nan,0.000000
591,2629581652920,1,orb_cpu,temporal,63.590666,65.407714,0.000000,0.000000,0.000000,0.000000,0.000000,0.000000,0.000000,0.000000,523,530,128.998380,6.343938,3.928388,139.270706,227,176,176,0.775330,0.395833,2.880005,nan,0.000000,0.000000,0.000000,0.000000,0.000000,0,0.000000,0.000000,nan,nan,0.000000
600,2630481650920,1,xfeat_star_coarse,stereo,30.421182,39.325420,4.708765,4.621224,0.000875,17.039764,17.028805,15.949927,8.682570,1.714380,600,600,39.887963,1.310754,0.296418,41.495135,345,345,345,1.000000,0.979167,0.000000,16.000000,0.000000,0.000000,0.000000,0.000000,0.000000,177,0.513043,0.687500,0.567541,-0.165828,14.389588
600,2630481650920,1,xfeat_star_fine,stereo,30.421182,39.325420,4.708765,4.621224,0.000875,17.039764,17.028805,15.949927,8.682570,1.714380,600,600,39.887963,1.310754,0.305210,52.589546,325,325,325,1.000000,0.979167,0.000000,17.490128,11.085619,0.584126,0.001542,9.362197,1.137212,206,0.633846,0.770833,0.697313,-0.227801,14.639964
600,2630481650920,1,orb_cpu,stereo,63.358915,64.433294,0.000000,0.000000,0.000000,0.000000,0.000000,0.000000,0.000000,0.000000,555,523,64.710919,17.198723,3.978763,85.888405,289,252,251,0.868512,0.375000,0.000000,17.915909,0.000000,0.000000,0.000000,0.000000,0.000000,235,0.813149,0.375000,0.913154,0.577050,10.648452
601,2630571658754,1,xfeat_star_coarse,stereo,22.598115,38.576709,4.664224,4.600848,0.001166,16.435220,16.409929,15.857927,1.522546,1.682089,600,600,38.947877,2.789051,0.591918,42.328846,317,317,317,1.000000,0.958333,0.000000,16.000000,0.000000,0.000000,0.000000,0.000000,0.000000,146,0.460568,0.750000,0.481875,-0.139291,12.059915
601,2630571658754,1,xfeat_star_fine,stereo,22.598115,38.576709,4.664224,4.600848,0.001166,16.435220,16.409929,15.857927,1.522546,1.682089,600,600,38.947877,2.789051,0.240501,52.871839,304,304,302,0.993421,0.958333,0.000000,17.729164,10.894410,0.420793,0.001042,9.406864,1.065378,177,0.582237,0.833333,0.619020,-0.148165,10.939994
601,2630571658754,1,orb_cpu,stereo,58.093147,59.621611,0.000000,0.000000,0.000000,0.000000,0.000000,0.000000,0.000000,0.000000,534,522,59.938071,16.279012,3.626804,79.843887,282,254,254,0.900709,0.395833,0.000000,18.662399,0.000000,0.000000,0.000000,0.000000,0.000000,239,0.847518,0.395833,0.911494,0.504841,6.419896
601,2630571658754,1,xfeat_guided,temporal,30.421182,22.598115,4.708765,4.664224,0.000875,0.001166,17.028805,16.409929,8.682570,1.522546,600,600,53.019297,3.371761,91.513006,147.904064,323,166,166,0.513932,0.708333,8.000000,nan,0.000000,0.000000,0.000000,0.000000,0.000000,0,0.000000,0.000000,nan,nan,0.000000
601,2630571658754,1,orb_cpu,temporal,63.358915,58.093147,0.000000,0.000000,0.000000,0.000000,0.000000,0.000000,0.000000,0.000000,555,534,121.452062,6.787647,4.512557,132.752266,305,237,237,0.777049,0.291667,2.400024,nan,0.000000,0.000000,0.000000,0.000000,0.000000,0,0.000000,0.000000,nan,nan,0.000000
610,2631471649421,1,xfeat_star_coarse,stereo,22.683990,42.174137,4.323847,4.284097,0.001041,16.865763,16.847472,18.351144,1.511421,2.673008,600,600,42.759889,3.110302,0.616377,46.486568,325,325,325,1.000000,0.979167,0.000000,32.000000,0.000000,0.000000,0.000000,0.000000,0.000000,151,0.464615,0.729167,0.481435,-0.160709,12.486124
610,2631471649421,1,xfeat_star_fine,stereo,22.683990,42.174137,4.323847,4.284097,0.001041,16.865763,16.847472,18.351144,1.511421,2.673008,600,600,42.759889,3.110302,0.299293,56.920353,311,311,309,0.993569,0.979167,0.000000,32.470226,10.750869,0.363418,0.000875,9.313947,1.072295,189,0.607717,0.812500,0.639369,0.005886,10.043116
610,2631471649421,1,orb_cpu,stereo,64.895377,59.907112,0.000000,0.000000,0.000000,0.000000,0.000000,0.000000,0.000000,0.000000,582,567,65.370879,18.520852,5.154933,89.046664,283,235,234,0.826855,0.437500,0.000000,28.800003,0.000000,0.000000,0.000000,0.000000,0.000000,227,0.802120,0.437500,0.924577,0.457594,5.418143
611,2631561670921,1,xfeat_star_coarse,stereo,21.411070,39.369128,3.856305,3.818929,0.000666,15.853510,15.840844,17.027431,1.713130,2.669008,600,600,39.777546,3.091469,0.610044,43.479059,307,307,307,1.000000,0.937500,0.000000,32.000000,0.000000,0.000000,0.000000,0.000000,0.000000,134,0.436482,0.750000,0.440542,-0.281579,11.723246
611,2631561670921,1,xfeat_star_fine,stereo,21.411070,39.369128,3.856305,3.818929,0.000666,15.853510,15.840844,17.027431,1.713130,2.669008,600,600,39.777546,3.091469,0.290251,54.090010,287,287,287,1.000000,0.937500,0.000000,32.758667,10.930744,0.438918,0.001000,9.449489,1.041045,139,0.484321,0.812500,0.497471,-0.153492,8.755861
611,2631561670921,1,orb_cpu,stereo,64.299043,65.937714,0.000000,0.000000,0.000000,0.000000,0.000000,0.000000,0.000000,0.000000,595,586,66.220966,19.603731,9.001280,94.825977,304,243,242,0.796053,0.479167,0.000000,28.800003,0.000000,0.000000,0.000000,0.000000,0.000000,231,0.759868,0.479167,0.903190,0.334935,6.236728
611,2631561670921,1,xfeat_guided,temporal,22.683990,21.411070,4.323847,3.856305,0.001041,0.000666,16.847472,15.840844,1.511421,1.713130,600,600,44.095060,3.335552,41.062758,88.493370,331,194,194,0.586103,0.708333,0.000000,nan,0.000000,0.000000,0.000000,0.000000,0.000000,0,0.000000,0.000000,nan,nan,0.000000
611,2631561670921,1,orb_cpu,temporal,64.895377,64.299043,0.000000,0.000000,0.000000,0.000000,0.000000,0.000000,0.000000,0.000000,582,595,129.194420,9.097363,2.684967,140.976750,373,313,313,0.839142,0.375000,2.880005,nan,0.000000,0.000000,0.000000,0.000000,0.000000,0,0.000000,0.000000,nan,nan,0.000000
620,2632551758046,1,xfeat_star_coarse,stereo,39.518503,34.369945,4.701890,4.620890,17.249598,0.000667,15.937093,17.229431,1.629797,12.518707,600,600,40.116047,1.378338,0.295418,41.789803,316,316,316,1.000000,0.958333,0.000000,32.000000,0.000000,0.000000,0.000000,0.000000,0.000000,135,0.427215,0.770833,0.455810,-0.199644,4.941849
620,2632551758046,1,xfeat_star_fine,stereo,39.518503,34.369945,4.701890,4.620890,17.249598,0.000667,15.937093,17.229431,1.629797,12.518707,600,600,40.116047,1.378338,0.297418,59.653153,306,306,305,0.996732,0.937500,0.000000,32.885391,17.861350,0.527710,0.001292,16.268052,1.063671,146,0.477124,0.770833,0.499004,-0.035677,14.742423
620,2632551758046,1,orb_cpu,stereo,65.039753,64.490126,0.000000,0.000000,0.000000,0.000000,0.000000,0.000000,0.000000,0.000000,597,585,65.316171,19.588272,7.833233,92.737676,321,257,257,0.800623,0.458333,0.000000,30.000000,0.000000,0.000000,0.000000,0.000000,0.000000,245,0.763240,0.458333,0.925768,0.454466,6.118895
621,2632641665630,1,xfeat_star_coarse,stereo,21.849571,37.919248,4.761599,4.691015,0.000750,15.611675,15.586593,15.858385,1.500421,1.757964,600,600,38.313166,1.358421,0.293709,39.965296,302,302,302,1.000000,0.979167,0.000000,32.000000,0.000000,0.000000,0.000000,0.000000,0.000000,122,0.403974,0.750000,0.423303,-0.289670,9.744865
621,2632641665630,1,xfeat_star_fine,stereo,21.849571,37.919248,4.761599,4.691015,0.000750,15.611675,15.586593,15.858385,1.500421,1.757964,600,600,38.313166,1.358421,0.573252,51.779168,293,293,293,1.000000,0.979167,0.000000,32.670700,11.534329,0.329293,0.000792,9.978574,1.225337,133,0.453925,0.791667,0.476396,-0.115546,11.116119
621,2632641665630,1,orb_cpu,stereo,60.038320,60.723739,0.000000,0.000000,0.000000,0.000000,0.000000,0.000000,0.000000,0.000000,597,590,60.985199,18.715019,3.543095,83.243313,317,262,262,0.826498,0.416667,0.000000,29.859848,0.000000,0.000000,0.000000,0.000000,0.000000,247,0.779180,0.416667,0.926118,0.473919,6.069770
621,2632641665630,1,xfeat_guided,temporal,39.518503,21.849571,4.701890,4.761599,17.249598,0.000750,15.937093,15.586593,1.629797,1.500421,600,600,61.368074,3.618845,0.850378,65.837297,384,380,380,0.989583,1.000000,0.000000,nan,0.000000,0.000000,0.000000,0.000000,0.000000,0,0.000000,0.000000,nan,nan,0.000000
621,2632641665630,1,orb_cpu,temporal,65.039753,60.038320,0.000000,0.000000,0.000000,0.000000,0.000000,0.000000,0.000000,0.000000,597,597,125.078073,9.969032,0.799044,135.846149,525,520,520,0.990476,0.479167,0.000000,nan,0.000000,0.000000,0.000000,0.000000,0.000000,0,0.000000,0.000000,nan,nan,0.000000
630,2633541655214,1,xfeat_star_coarse,stereo,22.810116,42.162054,4.424723,4.420348,0.001042,16.778138,16.794429,18.227059,1.589589,2.736342,600,600,42.591013,1.624839,0.349835,44.565687,312,312,312,1.000000,0.958333,0.000000,32.000000,0.000000,0.000000,0.000000,0.000000,0.000000,136,0.435897,0.770833,0.463615,-0.180334,6.122478
630,2633541655214,1,xfeat_star_fine,stereo,22.810116,42.162054,4.424723,4.420348,0.001042,16.778138,16.794429,18.227059,1.589589,2.736342,600,600,42.591013,1.624839,0.301251,55.542888,300,300,298,0.993333,0.937500,0.000000,32.746735,11.025785,0.248834,0.000500,9.713199,1.062961,148,0.493333,0.854167,0.511067,-0.068575,9.592698
630,2633541655214,1,orb_cpu,stereo,64.219750,65.399837,0.000000,0.000000,0.000000,0.000000,0.000000,0.000000,0.000000,0.000000,596,587,65.890339,19.508063,3.815054,89.213456,320,261,259,0.809375,0.437500,0.000000,29.859833,0.000000,0.000000,0.000000,0.000000,0.000000,245,0.765625,0.437500,0.917174,0.429544,6.132562
631,2633631673172,1,xfeat_star_coarse,stereo,21.478320,38.233332,3.951388,3.907179,0.000542,15.857635,15.835176,16.946055,1.691006,1.522255,600,600,38.587709,1.645547,0.267834,40.501090,306,306,306,1.000000,0.979167,0.000000,32.000000,0.000000,0.000000,0.000000,0.000000,0.000000,136,0.444444,0.729167,0.448720,-0.307642,6.087603
631,2633631673172,1,xfeat_star_fine,stereo,21.478320,38.233332,3.951388,3.907179,0.000542,15.857635,15.835176,16.946055,1.691006,1.522255,600,600,38.587709,1.645547,0.289584,51.455251,300,300,300,1.000000,0.979167,0.000000,32.532188,10.932411,0.252293,0.000625,9.678115,1.001212,145,0.483333,0.833333,0.497426,-0.103954,8.756779
631,2633631673172,1,orb_cpu,stereo,62.802953,64.198458,0.000000,0.000000,0.000000,0.000000,0.000000,0.000000,0.000000,0.000000,597,582,64.488667,19.746814,11.600413,95.835894,310,234,231,0.745161,0.416667,0.000000,30.000000,0.000000,0.000000,0.000000,0.000000,0.000000,217,0.700000,0.416667,0.922771,0.472752,5.974977
631,2633631673172,1,xfeat_guided,temporal,22.810116,21.478320,4.424723,3.951388,0.001042,0.000542,16.794429,15.835176,1.589589,1.691006,600,600,44.288436,3.416136,0.825503,48.530075,384,375,375,0.976562,1.000000,0.000000,nan,0.000000,0.000000,0.000000,0.000000,0.000000,0,0.000000,0.000000,nan,nan,0.000000
631,2633631673172,1,orb_cpu,temporal,64.219750,62.802953,0.000000,0.000000,0.000000,0.000000,0.000000,0.000000,0.000000,0.000000,596,597,127.022703,7.971275,0.496794,135.490772,534,531,531,0.994382,0.479167,0.000000,nan,0.000000,0.000000,0.000000,0.000000,0.000000,0,0.000000,0.000000,nan,nan,0.000000
640,2634531667381,1,xfeat_star_coarse,stereo,42.885972,23.377993,4.355098,4.321139,17.586098,0.000625,18.202309,17.568307,2.742217,1.487672,600,600,43.302724,1.359921,0.288542,44.951187,302,302,302,1.000000,0.937500,0.000000,32.000000,0.000000,0.000000,0.000000,0.000000,0.000000,141,0.466887,0.770833,0.477983,-0.246243,17.307806
640,2634531667381,1,xfeat_star_fine,stereo,42.885972,23.377993,4.355098,4.321139,17.586098,0.000625,18.202309,17.568307,2.742217,1.487672,600,600,43.302724,1.359921,0.228834,55.762430,291,291,291,1.000000,0.916667,0.000000,32.569458,10.870951,0.499835,0.001292,9.351780,1.017336,149,0.512027,0.750000,0.526058,-0.133822,7.817401
640,2634531667381,1,orb_cpu,stereo,63.045205,65.160627,0.000000,0.000000,0.000000,0.000000,0.000000,0.000000,0.000000,0.000000,599,588,65.462504,19.769814,7.106731,92.339049,316,259,259,0.819620,0.458333,0.000000,29.859848,0.000000,0.000000,0.000000,0.000000,0.000000,248,0.784810,0.458333,0.915283,0.458767,6.025728
641,2634621663297,1,xfeat_star_coarse,stereo,21.909946,38.009373,4.729182,4.741557,0.000917,15.610134,15.647550,15.905176,1.532047,1.752339,600,600,38.393457,2.906009,0.611711,41.911177,310,310,310,1.000000,0.979167,0.000000,32.000000,0.000000,0.000000,0.000000,0.000000,0.000000,142,0.458065,0.770833,0.480472,-0.222036,11.531662
641,2634621663297,1,xfeat_star_fine,stereo,21.909946,38.009373,4.729182,4.741557,0.000917,15.610134,15.647550,15.905176,1.532047,1.752339,600,600,38.393457,2.906009,0.586752,52.857711,297,297,297,1.000000,0.979167,0.000000,32.569969,10.971493,0.484459,0.001208,9.369531,1.116003,155,0.521886,0.833333,0.542285,-0.064477,11.353120
641,2634621663297,1,orb_cpu,stereo,67.176551,61.127573,0.000000,0.000000,0.000000,0.000000,0.000000,0.000000,0.000000,0.000000,596,584,67.413176,20.321649,6.611522,94.346347,311,256,255,0.819936,0.479167,0.000000,30.000000,0.000000,0.000000,0.000000,0.000000,0.000000,241,0.774920,0.479167,0.922621,0.422953,5.960852
641,2634621663297,1,xfeat_guided,temporal,42.885972,21.909946,4.355098,4.729182,17.586098,0.000917,18.202309,15.647550,2.742217,1.532047,600,600,64.795918,3.394761,0.707586,68.898265,384,379,379,0.986979,1.000000,0.000000,nan,0.000000,0.000000,0.000000,0.000000,0.000000,0,0.000000,0.000000,nan,nan,0.000000
641,2634621663297,1,orb_cpu,temporal,63.045205,67.176551,0.000000,0.000000,0.000000,0.000000,0.000000,0.000000,0.000000,0.000000,599,596,130.221756,10.022782,0.652836,140.897374,529,525,525,0.992439,0.479167,0.000000,nan,0.000000,0.000000,0.000000,0.000000,0.000000,0,0.000000,0.000000,nan,nan,0.000000
