frame_index,stamp_ns,tracking_state,method,pair_type,extract_a_ms,extract_b_ms,preprocess_a_ms,preprocess_b_ms,bpu_queue_a_ms,bpu_queue_b_ms,bpu_a_ms,bpu_b_ms,postprocess_a_ms,postprocess_b_ms,keypoints_a,keypoints_b,extraction_wall_ms,match_ms,geometry_ms,end_to_end_pair_ms,matches,ransac_inliers,strict_inliers,strict_inlier_ratio,strict_grid_coverage,median_vertical_error_px,median_disparity_px,fine_total_ms,fine_preprocess_ms,fine_bpu_queue_ms,fine_bpu_ms,fine_postprocess_ms,photometric_inliers,photometric_inlier_ratio,photometric_grid_coverage,patch_ncc_median,patch_ncc_p10,photometric_ms
0,2569011476808,-1,xfeat_star_coarse,stereo,23.078024,39.641737,5.033973,4.995098,0.001167,16.000212,15.977670,16.757797,2.064881,1.888297,600,600,39.958404,1.367503,0.443002,41.768909,334,334,334,1.000000,0.979167,0.000000,0.000000,0.000000,0.000000,0.000000,0.000000,0.000000,168,0.502994,0.750000,0.520672,-0.389721,15.843003
0,2569011476808,-1,xfeat_star_fine,stereo,23.078024,39.641737,5.033973,4.995098,0.001167,16.000212,15.977670,16.757797,2.064881,1.888297,600,600,39.958404,1.367503,0.306418,53.231732,321,321,318,0.990654,0.958333,0.000000,1.627930,11.599407,0.865960,0.001417,9.624027,1.107461,183,0.570093,0.750000,0.637557,-0.091691,14.651208
0,2569011476808,-1,orb_cpu,stereo,65.427767,68.032067,0.000000,0.000000,0.000000,0.000000,0.000000,0.000000,0.000000,0.000000,599,600,68.300442,19.853431,2.270465,90.424338,379,333,332,0.875989,0.354167,0.000000,1.727997,0.000000,0.000000,0.000000,0.000000,0.000000,318,0.839050,0.354167,0.929630,0.575860,7.183562
1,2569101470849,-1,xfeat_star_coarse,stereo,22.281688,39.391861,4.477846,5.624307,0.000834,14.974793,16.153670,16.662130,1.649130,2.130506,600,600,39.753195,1.612672,0.345668,41.711535,335,335,335,1.000000,1.000000,0.000000,0.000000,0.000000,0.000000,0.000000,0.000000,0.000000,168,0.501493,0.770833,0.519717,-0.323354,6.597852
1,2569101470849,-1,xfeat_star_fine,stereo,22.281688,39.391861,4.477846,5.624307,0.000834,14.974793,16.153670,16.662130,1.649130,2.130506,600,600,39.753195,1.612672,0.310168,52.798942,328,328,325,0.990854,0.979167,0.000000,1.562164,11.122907,0.268876,0.000500,9.735860,1.117462,192,0.585366,0.750000,0.626042,-0.082277,10.113153
1,2569101470849,-1,orb_cpu,stereo,70.440448,64.577015,0.000000,0.000000,0.000000,0.000000,0.000000,0.000000,0.000000,0.000000,600,598,70.664074,20.214432,4.236970,95.115476,386,342,341,0.883420,0.333333,0.000000,1.728003,0.000000,0.000000,0.000000,0.000000,0.000000,322,0.834197,0.312500,0.934296,0.577358,9.027859
1,2569101470849,-1,xfeat_guided,temporal,23.078024,22.281688,5.033973,4.477846,0.001167,0.000834,15.977670,16.153670,2.064881,1.649130,600,600,45.359712,3.580510,0.694960,49.635182,384,383,383,0.997396,1.000000,0.000000,nan,0.000000,0.000000,0.000000,0.000000,0.000000,0,0.000000,0.000000,nan,nan,0.000000
1,2569101470849,-1,orb_cpu,temporal,65.427767,70.440448,0.000000,0.000000,0.000000,0.000000,0.000000,0.000000,0.000000,0.000000,599,600,135.868215,10.050320,0.676210,146.594745,519,517,517,0.996146,0.375000,0.000000,nan,0.000000,0.000000,0.000000,0.000000,0.000000,0,0.000000,0.000000,nan,nan,0.000000
10,2570001461725,-1,xfeat_star_coarse,stereo,21.487060,38.107024,3.917428,3.895553,0.001083,15.903919,15.907253,16.626089,1.660796,1.681338,600,600,38.442441,1.638421,0.360334,40.441196,345,345,345,1.000000,0.979167,0.000000,0.000000,0.000000,0.000000,0.000000,0.000000,0.000000,160,0.463768,0.750000,0.464637,-0.340827,7.144604
10,2570001461725,-1,xfeat_star_fine,stereo,21.487060,38.107024,3.917428,3.895553,0.001083,15.903919,15.907253,16.626089,1.660796,1.681338,600,600,38.442441,1.638421,0.307668,51.138644,334,334,333,0.997006,0.979167,0.000000,1.649307,10.750114,0.277584,0.000667,9.347109,1.124587,181,0.541916,0.791667,0.584545,-0.094201,6.006267
10,2570001461725,-1,orb_cpu,stereo,62.371467,63.968388,0.000000,0.000000,0.000000,0.000000,0.000000,0.000000,0.000000,0.000000,599,600,64.396473,10.244279,4.013886,78.654638,371,333,331,0.892183,0.312500,0.000000,1.727997,0.000000,0.000000,0.000000,0.000000,0.000000,316,0.851752,0.312500,0.935809,0.614560,10.472946
11,2570181473058,-1,xfeat_star_coarse,stereo,21.463436,38.275233,3.931720,3.888719,0.000666,15.909253,15.891795,16.860672,1.639005,1.616380,600,600,38.604983,1.645879,0.462251,40.713113,332,332,332,1.000000,0.979167,0.000000,0.000000,0.000000,0.000000,0.000000,0.000000,0.000000,157,0.472892,0.750000,0.474767,-0.374532,7.303437
11,2570181473058,-1,xfeat_star_fine,stereo,21.463436,38.275233,3.931720,3.888719,0.000666,15.909253,15.891795,16.860672,1.639005,1.616380,600,600,38.604983,1.645879,0.358293,54.413652,324,324,322,0.993827,0.979167,0.000000,1.717194,13.804497,0.365335,0.000917,12.094034,1.343878,179,0.552469,0.770833,0.604594,-0.140693,6.480935
11,2570181473058,-1,orb_cpu,stereo,67.308231,68.815152,0.000000,0.000000,0.000000,0.000000,0.000000,0.000000,0.000000,0.000000,600,600,69.070153,16.085170,2.611924,87.767247,371,322,320,0.862534,0.312500,0.000000,1.727997,0.000000,0.000000,0.000000,0.000000,0.000000,305,0.822102,0.291667,0.938222,0.607757,7.088270
11,2570181473058,-1,xfeat_guided,temporal,21.487060,21.463436,3.917428,3.931720,0.001083,0.000666,15.907253,15.891795,1.660796,1.639005,600,600,42.950496,3.635219,0.704252,47.289967,384,378,378,0.984375,1.000000,0.000000,nan,0.000000,0.000000,0.000000,0.000000,0.000000,0,0.000000,0.000000,nan,nan,0.000000
11,2570181473058,-1,orb_cpu,temporal,62.371467,67.308231,0.000000,0.000000,0.000000,0.000000,0.000000,0.000000,0.000000,0.000000,599,600,129.679698,10.046862,0.582585,140.309145,521,517,517,0.992322,0.375000,0.000000,nan,0.000000,0.000000,0.000000,0.000000,0.000000,0,0.000000,0.000000,nan,nan,0.000000
20,2571081465434,-1,xfeat_star_coarse,stereo,48.615553,32.253007,13.364329,13.188995,17.582591,0.001250,15.970920,17.564757,1.697463,1.497713,600,600,49.101596,3.048675,0.468710,52.618981,349,349,349,1.000000,0.979167,0.000000,0.000000,0.000000,0.000000,0.000000,0.000000,0.000000,160,0.458453,0.687500,0.469977,-0.271686,13.707080
20,2571081465434,-1,xfeat_star_fine,stereo,48.615553,32.253007,13.364329,13.188995,17.582591,0.001250,15.970920,17.564757,1.697463,1.497713,600,600,49.101596,3.048675,0.604460,63.659303,332,332,332,1.000000,0.979167,0.000000,1.647209,10.904572,0.378793,0.001000,9.392860,1.131586,184,0.554217,0.687500,0.605430,-0.070339,12.848328
20,2571081465434,-1,orb_cpu,stereo,64.549390,66.991855,0.000000,0.000000,0.000000,0.000000,0.000000,0.000000,0.000000,0.000000,600,599,67.270564,18.327843,1.568296,87.166703,395,361,361,0.913924,0.333333,0.000000,1.727997,0.000000,0.000000,0.000000,0.000000,0.000000,345,0.873418,0.333333,0.936223,0.642194,7.498146
21,2571171462517,-1,xfeat_star_coarse,stereo,39.307819,22.335562,4.659764,4.600804,16.044962,0.000625,17.053922,16.021462,1.548838,1.712421,600,600,39.631278,1.353879,0.844086,41.829243,340,340,340,1.000000,0.979167,0.000000,0.000000,0.000000,0.000000,0.000000,0.000000,0.000000,165,0.485294,0.791667,0.502018,-0.231287,12.863661
21,2571171462517,-1,xfeat_star_fine,stereo,39.307819,22.335562,4.659764,4.600804,16.044962,0.000625,17.053922,16.021462,1.548838,1.712421,600,600,39.631278,1.353879,0.310501,52.282938,328,328,326,0.993902,0.979167,0.000000,1.570930,10.987280,0.468834,0.001000,9.372151,1.145003,191,0.582317,0.854167,0.606577,-0.018250,10.443529
21,2571171462517,-1,orb_cpu,stereo,64.732390,66.994938,0.000000,0.000000,0.000000,0.000000,0.000000,0.000000,0.000000,0.000000,599,600,67.274605,20.164598,4.343387,91.782590,403,357,356,0.883375,0.333333,0.000000,1.440002,0.000000,0.000000,0.000000,0.000000,0.000000,338,0.838710,0.333333,0.934257,0.557285,7.649105
21,2571171462517,-1,xfeat_guided,temporal,48.615553,39.307819,13.364329,4.659764,17.582591,16.044962,15.970920,17.053922,1.697463,1.548838,600,600,87.923372,3.416968,0.873627,92.213967,384,377,377,0.981771,1.000000,0.000000,nan,0.000000,0.000000,0.000000,0.000000,0.000000,0,0.000000,0.000000,nan,nan,0.000000
21,2571171462517,-1,orb_cpu,temporal,64.549390,64.732390,0.000000,0.000000,0.000000,0.000000,0.000000,0.000000,0.000000,0.000000,600,599,129.281780,10.045695,0.690335,140.017810,526,525,525,0.998099,0.354167,0.000000,nan,0.000000,0.000000,0.000000,0.000000,0.000000,0,0.000000,0.000000,nan,nan,0.000000
30,2572071470309,1,xfeat_star_coarse,stereo,21.577436,38.072690,3.941595,3.926928,0.000666,15.880878,15.885253,16.556880,1.749672,1.707879,600,600,38.392899,1.606130,0.374001,40.373030,346,346,346,1.000000,0.979167,0.000000,0.000000,0.000000,0.000000,0.000000,0.000000,0.000000,176,0.508671,0.812500,0.523143,-0.196436,6.797936
30,2572071470309,1,xfeat_star_fine,stereo,21.577436,38.072690,3.941595,3.926928,0.000666,15.880878,15.885253,16.556880,1.749672,1.707879,600,600,38.392899,1.606130,0.639085,51.713895,338,338,334,0.988166,0.979167,0.000000,1.597679,11.075781,0.252751,0.000583,9.324818,1.497421,197,0.582840,0.770833,0.609856,-0.033123,12.908828
30,2572071470309,1,orb_cpu,stereo,64.100346,65.404016,0.000000,0.000000,0.000000,0.000000,0.000000,0.000000,0.000000,0.000000,600,600,65.941810,11.204490,4.455513,81.601813,395,353,352,0.891139,0.333333,0.000000,1.727997,0.000000,0.000000,0.000000,0.000000,0.000000,333,0.843038,0.333333,0.933896,0.573164,10.892739
31,2572161479393,1,xfeat_star_coarse,stereo,38.212483,22.694480,4.361013,4.268803,16.897881,0.000833,15.480751,16.924631,1.472505,1.499879,600,600,38.503608,1.728421,0.372918,40.604947,354,354,354,1.000000,0.979167,0.000000,0.000000,0.000000,0.000000,0.000000,0.000000,0.000000,180,0.508475,0.812500,0.523514,-0.151457,7.175145
31,2572161479393,1,xfeat_star_fine,stereo,38.212483,22.694480,4.361013,4.268803,16.897881,0.000833,15.480751,16.924631,1.472505,1.499879,600,600,38.503608,1.728421,0.308417,51.671977,348,348,347,0.997126,0.979167,0.000000,1.537720,11.131531,0.273625,0.000667,9.708652,1.148462,206,0.591954,0.854167,0.621587,0.020228,12.485244
31,2572161479393,1,orb_cpu,stereo,65.011140,65.983185,0.000000,0.000000,0.000000,0.000000,0.000000,0.000000,0.000000,0.000000,600,600,66.249561,10.214612,2.266757,78.730930,411,365,364,0.885645,0.333333,0.000000,1.727997,0.000000,0.000000,0.000000,0.000000,0.000000,347,0.844282,0.333333,0.932741,0.609955,7.806563
31,2572161479393,1,xfeat_guided,temporal,21.577436,38.212483,3.941595,4.361013,0.000666,16.897881,15.885253,15.480751,1.749672,1.472505,600,600,59.789919,3.432926,0.870794,64.093639,384,379,379,0.986979,1.000000,0.000000,nan,0.000000,0.000000,0.000000,0.000000,0.000000,0,0.000000,0.000000,nan,nan,0.000000
31,2572161479393,1,orb_cpu,temporal,64.100346,65.011140,0.000000,0.000000,0.000000,0.000000,0.000000,0.000000,0.000000,0.000000,600,600,129.111486,10.046528,1.026711,140.184725,546,540,540,0.989011,0.354167,0.000000,nan,0.000000,0.000000,0.000000,0.000000,0.000000,0,0.000000,0.000000,nan,nan,0.000000
40,2573151513851,1,xfeat_star_coarse,stereo,22.737730,38.754317,4.699888,4.614013,0.001333,16.586589,16.569380,15.913127,1.467004,1.640422,600,600,39.276568,1.397087,0.306501,40.980156,346,346,346,1.000000,0.979167,0.000000,0.000000,0.000000,0.000000,0.000000,0.000000,0.000000,169,0.488439,0.729167,0.500234,-0.185046,20.520808
40,2573151513851,1,xfeat_star_fine,stereo,22.737730,38.754317,4.699888,4.614013,0.001333,16.586589,16.569380,15.913127,1.467004,1.640422,600,600,39.276568,1.397087,0.302917,52.182104,329,329,326,0.990881,0.979167,0.000000,1.542080,11.205532,0.632002,0.001416,9.403485,1.168045,195,0.592705,0.770833,0.648499,-0.045372,19.995348
40,2573151513851,1,orb_cpu,stereo,65.233599,66.832645,0.000000,0.000000,0.000000,0.000000,0.000000,0.000000,0.000000,0.000000,600,600,67.092688,20.109139,4.779680,91.981507,407,354,353,0.867322,0.333333,0.000000,1.520004,0.000000,0.000000,0.000000,0.000000,0.000000,338,0.830467,0.333333,0.935424,0.588273,9.619069
41,2573241482810,1,xfeat_star_coarse,stereo,37.230395,21.698603,4.729679,4.655597,15.524793,0.001042,15.505335,15.529210,1.470379,1.512421,600,600,37.547480,1.586005,0.372459,39.505944,354,354,354,1.000000,0.979167,0.000000,0.000000,0.000000,0.000000,0.000000,0.000000,0.000000,174,0.491525,0.770833,0.505437,-0.253288,6.874019
41,2573241482810,1,xfeat_star_fine,stereo,37.230395,21.698603,4.729679,4.655597,15.524793,0.001042,15.505335,15.529210,1.470379,1.512421,600,600,37.547480,1.586005,0.303626,50.535558,342,342,339,0.991228,0.979167,0.000000,1.433502,11.098447,0.262625,0.000792,9.666735,1.168170,195,0.570175,0.812500,0.633217,-0.064643,7.870105
41,2573241482810,1,orb_cpu,stereo,64.130221,65.916643,0.000000,0.000000,0.000000,0.000000,0.000000,0.000000,0.000000,0.000000,600,600,66.187018,20.197848,3.239550,89.624416,404,354,354,0.876238,0.333333,0.000000,1.440002,0.000000,0.000000,0.000000,0.000000,0.000000,338,0.836634,0.333333,0.934649,0.617072,7.662855
41,2573241482810,1,xfeat_guided,temporal,22.737730,37.230395,4.699888,4.729679,0.001333,15.524793,16.569380,15.505335,1.467004,1.470379,600,600,59.968125,3.635677,0.673210,64.277012,384,381,381,0.992188,1.000000,0.000000,nan,0.000000,0.000000,0.000000,0.000000,0.000000,0,0.000000,0.000000,nan,nan,0.000000
41,2573241482810,1,orb_cpu,temporal,65.233599,64.130221,0.000000,0.000000,0.000000,0.000000,0.000000,0.000000,0.000000,0.000000,600,600,129.363820,10.175445,0.790169,140.329434,526,520,520,0.988593,0.354167,0.000000,nan,0.000000,0.000000,0.000000,0.000000,0.000000,0,0.000000,0.000000,nan,nan,0.000000
50,2574141488394,1,xfeat_star_coarse,stereo,38.804442,22.701105,4.073428,4.033678,17.162006,0.001000,15.884878,17.143422,1.683880,1.522671,600,600,39.087942,1.669713,0.288334,41.045989,354,354,354,1.000000,0.979167,0.000000,0.000000,0.000000,0.000000,0.000000,0.000000,0.000000,184,0.519774,0.729167,0.549691,-0.169293,7.033645
50,2574141488394,1,xfeat_star_fine,stereo,38.804442,22.701105,4.073428,4.033678,17.162006,0.001000,15.884878,17.143422,1.683880,1.522671,600,600,39.087942,1.669713,0.244000,51.719144,348,348,346,0.994253,0.979167,0.000000,1.476913,10.717489,0.254584,0.000917,9.290234,1.171587,216,0.620690,0.750000,0.661864,-0.047453,12.781619
50,2574141488394,1,orb_cpu,stereo,65.193599,66.147060,0.000000,0.000000,0.000000,0.000000,0.000000,0.000000,0.000000,0.000000,600,600,66.577895,20.462599,2.153047,89.193541,408,366,362,0.887255,0.333333,0.000000,1.440002,0.000000,0.000000,0.000000,0.000000,0.000000,346,0.848039,0.333333,0.937371,0.592056,7.762105
51,2574231483935,1,xfeat_star_coarse,stereo,21.502935,38.136273,3.842469,3.911636,0.001292,15.865711,15.981878,16.731463,1.676588,1.627338,600,600,38.480732,1.723422,0.360459,40.564613,343,343,343,1.000000,0.979167,0.000000,0.000000,0.000000,0.000000,0.000000,0.000000,0.000000,168,0.489796,0.687500,0.504836,-0.161671,6.921019
51,2574231483935,1,xfeat_star_fine,stereo,21.502935,38.136273,3.842469,3.911636,0.001292,15.865711,15.981878,16.731463,1.676588,1.627338,600,600,38.480732,1.723422,0.307001,51.225018,334,334,334,1.000000,0.979167,0.000000,1.551804,10.713863,0.269584,0.000708,9.324526,1.118878,194,0.580838,0.812500,0.630529,-0.048668,6.648435
51,2574231483935,1,orb_cpu,stereo,59.681250,60.595211,0.000000,0.000000,0.000000,0.000000,0.000000,0.000000,0.000000,0.000000,600,600,60.870337,18.282051,1.603088,80.755476,411,377,377,0.917275,0.333333,0.000000,1.727997,0.000000,0.000000,0.000000,0.000000,0.000000,360,0.875912,0.333333,0.934620,0.618671,7.971147
51,2574231483935,1,xfeat_guided,temporal,38.804442,21.502935,4.073428,3.842469,17.162006,0.001292,15.884878,15.981878,1.683880,1.676588,600,600,60.307377,3.554594,0.811044,64.673015,384,380,380,0.989583,1.000000,0.000000,nan,0.000000,0.000000,0.000000,0.000000,0.000000,0,0.000000,0.000000,nan,nan,0.000000
51,2574231483935,1,orb_cpu,temporal,65.193599,59.681250,0.000000,0.000000,0.000000,0.000000,0.000000,0.000000,0.000000,0.000000,600,600,124.874849,10.051403,0.734919,135.661171,523,518,518,0.990440,0.354167,0.000000,nan,0.000000,0.000000,0.000000,0.000000,0.000000,0,0.000000,0.000000,nan,nan,0.000000
60,2575131484561,1,xfeat_star_coarse,stereo,21.543685,38.140356,3.931428,3.866385,0.000833,15.856836,15.856044,16.736839,1.755255,1.679796,600,600,38.523982,1.380587,0.297834,40.202403,349,349,349,1.000000,0.979167,0.000000,0.000000,0.000000,0.000000,0.000000,0.000000,0.000000,183,0.524355,0.750000,0.545719,-0.124783,5.509974
60,2575131484561,1,xfeat_star_fine,stereo,21.543685,38.140356,3.931428,3.866385,0.000833,15.856836,15.856044,16.736839,1.755255,1.679796,600,600,38.523982,1.380587,0.312251,58.334829,338,338,335,0.991124,0.979167,0.000000,1.535706,18.118009,0.436668,0.001791,16.530755,1.148128,197,0.582840,0.812500,0.652918,-0.010025,5.437432
60,2575131484561,1,orb_cpu,stereo,63.547261,65.214973,0.000000,0.000000,0.000000,0.000000,0.000000,0.000000,0.000000,0.000000,600,596,65.477349,14.385290,3.351259,83.213898,417,365,344,0.824940,0.333333,0.000000,1.727997,0.000000,0.000000,0.000000,0.000000,0.000000,333,0.798561,0.333333,0.933839,0.590659,7.941189
61,2575221484144,1,xfeat_star_coarse,stereo,21.701269,38.097439,4.679513,4.674013,0.000792,15.502752,15.546043,16.053545,1.474838,1.866963,600,600,38.504691,1.377420,0.378667,40.260778,349,349,349,1.000000,0.979167,0.000000,0.000000,0.000000,0.000000,0.000000,0.000000,0.000000,172,0.492837,0.791667,0.514684,-0.188070,7.368729
61,2575221484144,1,xfeat_star_fine,stereo,21.701269,38.097439,4.679513,4.674013,0.000792,15.502752,15.546043,16.053545,1.474838,1.866963,600,600,38.504691,1.377420,0.310209,53.657399,335,335,334,0.997015,0.979167,0.000000,1.470192,13.465079,0.357459,0.001000,11.971825,1.134420,187,0.558209,0.812500,0.625235,-0.030575,5.392807
61,2575221484144,1,orb_cpu,stereo,63.329719,65.009390,0.000000,0.000000,0.000000,0.000000,0.000000,0.000000,0.000000,0.000000,600,600,65.279891,15.881836,2.737132,83.898859,413,373,372,0.900726,0.333333,0.000000,1.727997,0.000000,0.000000,0.000000,0.000000,0.000000,359,0.869249,0.333333,0.935457,0.602736,7.887189
61,2575221484144,1,xfeat_guided,temporal,21.543685,21.701269,3.931428,4.679513,0.000833,0.000792,15.856044,15.546043,1.755255,1.474838,600,600,43.244954,3.468427,0.587377,47.300758,384,382,382,0.994792,1.000000,0.000000,nan,0.000000,0.000000,0.000000,0.000000,0.000000,0,0.000000,0.000000,nan,nan,0.000000
61,2575221484144,1,orb_cpu,temporal,63.547261,63.329719,0.000000,0.000000,0.000000,0.000000,0.000000,0.000000,0.000000,0.000000,600,600,126.876980,10.084362,0.795127,137.756469,526,518,518,0.984791,0.354167,0.000000,nan,0.000000,0.000000,0.000000,0.000000,0.000000,0,0.000000,0.000000,nan,nan,0.000000
70,2576211494853,1,xfeat_star_coarse,stereo,21.521810,38.079689,3.928510,3.883719,0.000542,15.948211,15.927878,16.626172,1.664755,1.621379,600,600,38.425648,1.657129,0.273625,40.356402,343,343,343,1.000000,0.979167,0.000000,0.000000,0.000000,0.000000,0.000000,0.000000,0.000000,171,0.498542,0.750000,0.525115,-0.205548,6.741061
70,2576211494853,1,xfeat_star_fine,stereo,21.521810,38.079689,3.928510,3.883719,0.000542,15.948211,15.927878,16.626172,1.664755,1.621379,600,600,38.425648,1.657129,0.302292,51.083141,331,331,329,0.993958,0.979167,0.000000,1.504028,10.698072,0.251834,0.000541,9.318026,1.127462,193,0.583082,0.812500,0.644339,-0.052252,11.725741
70,2576211494853,1,orb_cpu,stereo,64.218846,65.099556,0.000000,0.000000,0.000000,0.000000,0.000000,0.000000,0.000000,0.000000,600,599,65.581266,16.726339,2.013089,84.320694,408,369,367,0.899510,0.333333,0.000000,1.727997,0.000000,0.000000,0.000000,0.000000,0.000000,354,0.867647,0.333333,0.932087,0.623808,7.797480
71,2576301492853,1,xfeat_star_coarse,stereo,20.884141,36.898519,3.931761,3.885511,0.000833,15.504834,15.486877,15.861128,1.464545,1.646796,600,600,37.221437,1.662380,0.271376,39.155193,349,349,349,1.000000,0.958333,0.000000,0.000000,0.000000,0.000000,0.000000,0.000000,0.000000,165,0.472779,0.708333,0.493194,-0.188361,6.815977
71,2576301492853,1,xfeat_star_fine,stereo,20.884141,36.898519,3.931761,3.885511,0.000833,15.504834,15.486877,15.861128,1.464545,1.646796,600,600,37.221437,1.662380,0.624627,50.246390,340,340,339,0.997059,0.958333,0.000000,1.466553,10.737946,0.246584,0.000875,9.312692,1.177628,195,0.573529,0.812500,0.611790,-0.070094,12.872202
71,2576301492853,1,orb_cpu,stereo,63.441051,64.454180,0.000000,0.000000,0.000000,0.000000,0.000000,0.000000,0.000000,0.000000,600,600,64.717472,10.679446,2.659507,78.056425,424,370,367,0.865566,0.333333,0.000000,1.727997,0.000000,0.000000,0.000000,0.000000,0.000000,350,0.825472,0.333333,0.929648,0.569531,8.138023
71,2576301492853,1,xfeat_guided,temporal,21.521810,20.884141,3.928510,3.931761,0.000542,0.000833,15.927878,15.486877,1.664755,1.464545,600,600,42.405951,3.563468,0.782377,46.751796,384,379,379,0.986979,1.000000,0.000000,nan,0.000000,0.000000,0.000000,0.000000,0.000000,0,0.000000,0.000000,nan,nan,0.000000
71,2576301492853,1,orb_cpu,temporal,64.218846,63.441051,0.000000,0.000000,0.000000,0.000000,0.000000,0.000000,0.000000,0.000000,600,600,127.659897,10.100528,0.669252,138.429677,522,516,516,0.988506,0.354167,0.000000,nan,0.000000,0.000000,0.000000,0.000000,0.000000,0,0.000000,0.000000,nan,nan,0.000000
80,2577201491645,1,xfeat_star_coarse,stereo,21.495684,38.320981,3.934552,14.941208,0.001209,4.855472,15.892877,17.055714,1.666921,1.468504,600,600,38.658399,5.602307,1.610380,45.871086,350,350,350,1.000000,0.979167,0.000000,0.000000,0.000000,0.000000,0.000000,0.000000,0.000000,187,0.534286,0.770833,0.540686,-0.115206,26.249406
80,2577201491645,1,xfeat_star_fine,stereo,21.495684,38.320981,3.934552,14.941208,0.001209,4.855472,15.892877,17.055714,1.666921,1.468504,600,600,38.658399,5.602307,0.307584,55.720655,337,337,335,0.994065,0.979167,0.000000,1.538574,11.152365,0.554752,0.001542,9.399943,1.195462,203,0.602374,0.812500,0.650341,0.037145,24.835819
80,2577201491645,1,orb_cpu,stereo,64.332346,66.070017,0.000000,0.000000,0.000000,0.000000,0.000000,0.000000,0.000000,0.000000,600,600,66.334685,21.031392,2.099089,89.465166,408,363,361,0.884804,0.333333,0.000000,1.727997,0.000000,0.000000,0.000000,0.000000,0.000000,344,0.843137,0.333333,0.937758,0.611902,7.867814
81,2577291484020,1,xfeat_star_coarse,stereo,22.408104,38.948150,4.706138,4.716805,0.001166,15.891211,15.940461,16.803005,1.760005,1.536921,600,600,39.333776,1.373337,0.291917,40.999030,335,335,335,1.000000,0.979167,0.000000,0.000000,0.000000,0.000000,0.000000,0.000000,0.000000,178,0.531343,0.729167,0.566930,-0.190701,12.961328
81,2577291484020,1,xfeat_star_fine,stereo,22.408104,38.948150,4.706138,4.716805,0.001166,15.891211,15.940461,16.803005,1.760005,1.536921,600,600,39.333776,1.373337,0.306251,51.843811,326,326,323,0.990798,0.979167,0.000000,1.501465,10.830447,0.359418,0.001000,9.333693,1.136045,185,0.567485,0.750000,0.646663,-0.080822,8.318856
81,2577291484020,1,orb_cpu,stereo,64.697013,66.334977,0.000000,0.000000,0.000000,0.000000,0.000000,0.000000,0.000000,0.000000,600,600,66.571227,19.088845,1.887005,87.547077,404,359,358,0.886139,0.333333,0.000000,1.440002,0.000000,0.000000,0.000000,0.000000,0.000000,343,0.849010,0.333333,0.932020,0.618190,7.692813
81,2577291484020,1,xfeat_guided,temporal,21.495684,22.408104,3.934552,4.706138,0.001209,0.001166,15.892877,15.940461,1.666921,1.760005,600,600,43.903788,3.671760,0.684461,48.260009,384,382,382,0.994792,1.000000,0.000000,nan,0.000000,0.000000,0.000000,0.000000,0.000000,0,0.000000,0.000000,nan,nan,0.000000
81,2577291484020,1,orb_cpu,temporal,64.332346,64.697013,0.000000,0.000000,0.000000,0.000000,0.000000,0.000000,0.000000,0.000000,600,600,129.029359,10.073736,0.700127,139.803222,527,526,526,0.998102,0.354167,0.000000,nan,0.000000,0.000000,0.000000,0.000000,0.000000,0,0.000000,0.000000,nan,nan,0.000000
90,2578191503937,1,xfeat_star_coarse,stereo,38.147439,21.419310,3.926678,3.884678,15.874169,0.000875,16.715213,15.856169,1.631129,1.677380,600,600,38.441482,1.620088,0.358168,40.419738,337,337,337,1.000000,0.979167,0.000000,0.000000,0.000000,0.000000,0.000000,0.000000,0.000000,173,0.513353,0.750000,0.553901,-0.147601,6.542018
90,2578191503937,1,xfeat_star_fine,stereo,38.147439,21.419310,3.926678,3.884678,15.874169,0.000875,16.715213,15.856169,1.631129,1.677380,600,600,38.441482,1.620088,0.625335,51.805853,326,326,325,0.996933,0.979167,0.000000,1.435394,11.118948,0.306543,0.000666,9.272151,1.539421,188,0.576687,0.812500,0.639895,-0.025440,12.424618
90,2578191503937,1,orb_cpu,stereo,63.778094,64.732639,0.000000,0.000000,0.000000,0.000000,0.000000,0.000000,0.000000,0.000000,600,600,65.243848,18.125384,2.859424,86.228656,409,355,354,0.865526,0.333333,0.000000,1.727997,0.000000,0.000000,0.000000,0.000000,0.000000,339,0.828851,0.333333,0.926328,0.587117,7.777522
91,2578281501270,1,xfeat_star_coarse,stereo,21.426559,37.959897,3.928677,3.890678,0.000792,15.863003,15.844835,16.578254,1.652088,1.627796,600,600,38.284898,1.607338,0.357959,40.250195,337,337,337,1.000000,0.979167,0.000000,0.000000,0.000000,0.000000,0.000000,0.000000,0.000000,175,0.519288,0.770833,0.571406,-0.154788,6.963478
91,2578281501270,1,xfeat_star_fine,stereo,21.426559,37.959897,3.928677,3.890678,0.000792,15.863003,15.844835,16.578254,1.652088,1.627796,600,600,38.284898,1.607338,0.356710,54.082526,328,328,325,0.990854,0.979167,0.000000,1.445236,13.833580,0.364501,0.000958,12.079201,1.388628,198,0.603659,0.791667,0.661303,0.029564,6.374226
91,2578281501270,1,orb_cpu,stereo,59.537999,60.508960,0.000000,0.000000,0.000000,0.000000,0.000000,0.000000,0.000000,0.000000,600,598,60.860752,10.587571,2.976342,74.424665,405,346,340,0.839506,0.333333,0.000000,1.727997,0.000000,0.000000,0.000000,0.000000,0.000000,325,0.802469,0.333333,0.929271,0.592413,7.755479
91,2578281501270,1,xfeat_guided,temporal,38.147439,21.426559,3.926678,3.928677,15.874169,0.000792,16.715213,15.844835,1.631129,1.652088,600,600,59.573998,3.452676,1.054920,64.081594,384,373,373,0.971354,1.000000,0.000000,nan,0.000000,0.000000,0.000000,0.000000,0.000000,0,0.000000,0.000000,nan,nan,0.000000
91,2578281501270,1,orb_cpu,temporal,63.778094,59.537999,0.000000,0.000000,0.000000,0.000000,0.000000,0.000000,0.000000,0.000000,600,600,123.316093,9.483693,0.611793,133.411579,525,522,522,0.994286,0.354167,0.000000,nan,0.000000,0.000000,0.000000,0.000000,0.000000,0,0.000000,0.000000,nan,nan,0.000000
100,2579271529354,1,xfeat_star_coarse,stereo,23.285523,39.152859,4.777055,4.626888,0.001000,16.975172,16.964172,15.869502,1.543046,1.681172,600,600,39.813652,1.388129,0.297626,41.499407,345,345,345,1.000000,0.979167,0.000000,0.000000,0.000000,0.000000,0.000000,0.000000,0.000000,179,0.518841,0.812500,0.539377,-0.184531,5.428015
100,2579271529354,1,xfeat_star_fine,stereo,23.285523,39.152859,4.777055,4.626888,0.001000,16.975172,16.964172,15.869502,1.543046,1.681172,600,600,39.813652,1.388129,0.639752,55.148278,337,337,336,0.997033,0.979167,0.000000,1.430025,13.306745,0.231667,0.000708,10.340737,2.733549,203,0.602374,0.812500,0.655474,-0.030036,19.132720
100,2579271529354,1,orb_cpu,stereo,64.075052,65.438056,0.000000,0.000000,0.000000,0.000000,0.000000,0.000000,0.000000,0.000000,598,598,65.667849,18.738511,2.091089,86.497449,389,350,350,0.899743,0.333333,0.000000,1.727997,0.000000,0.000000,0.000000,0.000000,0.000000,331,0.850900,0.333333,0.938090,0.572656,7.411729
101,2579361495313,1,xfeat_star_coarse,stereo,22.624313,39.213692,4.695764,4.642679,0.001333,16.097086,16.074169,16.939631,1.852797,1.534046,600,600,39.588402,1.347712,0.309710,41.245824,350,350,350,1.000000,0.979167,0.000000,0.000000,0.000000,0.000000,0.000000,0.000000,0.000000,180,0.514286,0.791667,0.545375,-0.180332,6.662810
101,2579361495313,1,xfeat_star_fine,stereo,22.624313,39.213692,4.695764,4.642679,0.001333,16.097086,16.074169,16.939631,1.852797,1.534046,600,600,39.588402,1.347712,0.620460,57.078533,339,339,337,0.994100,0.979167,0.000000,1.548573,15.521959,0.270292,0.000459,12.521909,2.729091,196,0.578171,0.812500,0.650831,-0.071988,7.464563
101,2579361495313,1,orb_cpu,stereo,64.659638,66.224059,0.000000,0.000000,0.000000,0.000000,0.000000,0.000000,0.000000,0.000000,598,600,66.492892,9.120358,2.237673,77.850923,401,360,358,0.892768,0.333333,0.000000,1.727997,0.000000,0.000000,0.000000,0.000000,0.000000,340,0.847880,0.333333,0.937004,0.608255,7.613479
101,2579361495313,1,xfeat_guided,temporal,23.285523,22.624313,4.777055,4.695764,0.001000,0.001333,16.964172,16.074169,1.543046,1.852797,600,600,45.909836,3.543843,0.791253,50.244932,384,379,379,0.986979,1.000000,0.000000,nan,0.000000,0.000000,0.000000,0.000000,0.000000,0,0.000000,0.000000,nan,nan,0.000000
101,2579361495313,1,orb_cpu,temporal,64.075052,64.659638,0.000000,0.000000,0.000000,0.000000,0.000000,0.000000,0.000000,0.000000,598,598,128.734690,10.016403,0.970877,139.721970,520,516,516,0.992308,0.354167,0.000000,nan,0.000000,0.000000,0.000000,0.000000,0.000000,0,0.000000,0.000000,nan,nan,0.000000
110,2580261503230,1,xfeat_star_coarse,stereo,40.138570,23.047439,4.629596,4.588513,16.650629,0.000958,17.402590,16.625879,1.455421,1.831922,600,600,40.465487,1.477504,0.308460,42.251451,358,358,358,1.000000,1.000000,0.000000,0.000000,0.000000,0.000000,0.000000,0.000000,0.000000,208,0.581006,0.812500,0.657577,-0.059978,6.674143
110,2580261503230,1,xfeat_star_fine,stereo,40.138570,23.047439,4.629596,4.588513,16.650629,0.000958,17.402590,16.625879,1.455421,1.831922,600,600,40.465487,1.477504,0.641210,56.381406,355,355,355,1.000000,1.000000,0.000000,1.503242,13.797205,0.265542,0.000958,10.692738,2.837717,234,0.659155,0.833333,0.729860,-0.063331,13.517371
110,2580261503230,1,orb_cpu,stereo,63.326258,65.221472,0.000000,0.000000,0.000000,0.000000,0.000000,0.000000,0.000000,0.000000,600,597,65.664724,20.467307,2.667299,88.799330,419,392,388,0.926014,0.333333,0.000000,1.440006,0.000000,0.000000,0.000000,0.000000,0.000000,374,0.892601,0.333333,0.938647,0.639990,7.888146
111,2580351508313,1,xfeat_star_coarse,stereo,21.477226,38.086606,3.920135,3.999094,0.000875,15.789294,15.889627,16.823754,1.666505,1.474255,600,600,38.407231,1.666505,0.360084,40.433820,355,355,355,1.000000,1.000000,0.000000,0.000000,0.000000,0.000000,0.000000,0.000000,0.000000,209,0.588732,0.895833,0.576636,-0.021939,7.005645
111,2580351508313,1,xfeat_star_fine,stereo,21.477226,38.086606,3.920135,3.999094,0.000875,15.789294,15.889627,16.823754,1.666505,1.474255,600,600,38.407231,1.666505,0.640877,52.450521,345,345,343,0.994203,1.000000,0.000000,1.649689,11.735908,0.289668,0.000750,9.561985,1.883339,208,0.602899,0.875000,0.656738,-0.032962,13.210745
111,2580351508313,1,orb_cpu,stereo,66.272184,61.568837,0.000000,0.000000,0.000000,0.000000,0.000000,0.000000,0.000000,0.000000,600,600,66.516976,10.369779,1.898964,78.785719,417,382,379,0.908873,0.354167,0.000000,1.727997,0.000000,0.000000,0.000000,0.000000,0.000000,370,0.887290,0.354167,0.950386,0.687922,7.845022
111,2580351508313,1,xfeat_guided,temporal,40.138570,21.477226,4.629596,3.920135,16.650629,0.000875,17.402590,15.889627,1.455421,1.666505,600,600,61.615796,3.345634,7.999230,72.960660,362,272,272,0.751381,0.895833,0.000000,nan,0.000000,0.000000,0.000000,0.000000,0.000000,0,0.000000,0.000000,nan,nan,0.000000
111,2580351508313,1,orb_cpu,temporal,63.326258,66.272184,0.000000,0.000000,0.000000,0.000000,0.000000,0.000000,0.000000,0.000000,600,600,129.598442,10.051486,3.090300,142.740228,427,363,363,0.850117,0.312500,1.440002,nan,0.000000,0.000000,0.000000,0.000000,0.000000,0,0.000000,0.000000,nan,nan,0.000000
120,2581341517064,1,xfeat_star_coarse,stereo,23.251314,38.634648,4.713096,4.594054,0.001375,17.077297,17.074881,15.495710,1.461837,1.467379,600,600,39.223442,5.667224,1.204836,46.095502,336,336,336,1.000000,1.000000,0.000000,0.000000,0.000000,0.000000,0.000000,0.000000,0.000000,199,0.592262,0.854167,0.637090,-0.148476,18.568635
120,2581341517064,1,xfeat_star_fine,stereo,23.251314,38.634648,4.713096,4.594054,0.001375,17.077297,17.074881,15.495710,1.461837,1.467379,600,600,39.223442,5.667224,0.303834,58.593787,331,331,331,1.000000,1.000000,0.000000,1.808273,13.399287,0.363084,0.000791,11.919908,1.115170,212,0.640483,0.937500,0.694503,0.006072,10.322112
120,2581341517064,1,orb_cpu,stereo,68.584815,62.755298,0.000000,0.000000,0.000000,0.000000,0.000000,0.000000,0.000000,0.000000,600,598,68.961358,23.028147,3.246384,95.235889,414,377,377,0.910628,0.416667,0.000000,1.728004,0.000000,0.000000,0.000000,0.000000,0.000000,368,0.888889,0.416667,0.954952,0.662182,8.738149
121,2581431510480,1,xfeat_star_coarse,stereo,22.350562,39.234692,4.725555,4.668763,0.001458,15.889169,15.887044,17.273715,1.736172,1.402879,600,600,39.608651,3.053758,0.638377,43.300786,351,351,351,1.000000,1.000000,0.000000,0.000000,0.000000,0.000000,0.000000,0.000000,0.000000,186,0.529915,0.812500,0.561928,-0.173192,13.409912
121,2581431510480,1,xfeat_star_fine,stereo,22.350562,39.234692,4.725555,4.668763,0.001458,15.889169,15.887044,17.273715,1.736172,1.402879,600,600,39.608651,3.053758,0.665293,54.234524,345,345,345,1.000000,1.000000,0.000000,1.810791,10.906822,0.401418,0.001000,9.336943,1.167170,210,0.608696,0.895833,0.659585,-0.031211,13.210495
121,2581431510480,1,orb_cpu,stereo,63.595176,59.487206,0.000000,0.000000,0.000000,0.000000,0.000000,0.000000,0.000000,0.000000,600,598,63.862344,20.066888,3.284093,87.213325,410,369,362,0.882927,0.354167,0.000000,1.728004,0.000000,0.000000,0.000000,0.000000,0.000000,349,0.851220,0.354167,0.930139,0.611851,9.182108
121,2581431510480,1,xfeat_guided,temporal,23.251314,22.350562,4.713096,4.725555,0.001375,0.001458,17.074881,15.887044,1.461837,1.736172,600,600,45.601876,3.175842,7.138395,55.916113,341,258,258,0.756598,0.875000,0.000000,nan,0.000000,0.000000,0.000000,0.000000,0.000000,0,0.000000,0.000000,nan,nan,0.000000
121,2581431510480,1,orb_cpu,temporal,68.584815,63.595176,0.000000,0.000000,0.000000,0.000000,0.000000,0.000000,0.000000,0.000000,600,600,132.179991,10.085902,2.802799,145.068692,439,378,378,0.861048,0.312500,1.000000,nan,0.000000,0.000000,0.000000,0.000000,0.000000,0,0.000000,0.000000,nan,nan,0.000000
130,2582331513856,1,xfeat_star_coarse,stereo,21.456560,38.335231,3.900594,3.866469,0.000833,15.871544,15.857502,16.773005,1.697422,1.824088,600,600,38.681898,1.689380,0.476752,40.848030,345,345,345,1.000000,1.000000,0.000000,0.000000,0.000000,0.000000,0.000000,0.000000,0.000000,161,0.466667,0.770833,0.479772,-0.271085,6.978894
130,2582331513856,1,xfeat_star_fine,stereo,21.456560,38.335231,3.900594,3.866469,0.000833,15.871544,15.857502,16.773005,1.697422,1.824088,600,600,38.681898,1.689380,0.658835,51.771309,328,328,327,0.996951,1.000000,0.000000,1.657410,10.741196,0.295792,0.000875,9.296234,1.148170,193,0.588415,0.895833,0.612198,-0.041389,12.612118
130,2582331513856,1,orb_cpu,stereo,63.185424,64.588637,0.000000,0.000000,0.000000,0.000000,0.000000,0.000000,0.000000,0.000000,599,588,65.019930,9.974861,1.531171,76.525962,395,364,361,0.913924,0.416667,0.000000,1.727997,0.000000,0.000000,0.000000,0.000000,0.000000,350,0.886076,0.416667,0.943886,0.622508,7.548604
131,2582421519397,1,xfeat_star_coarse,stereo,22.754896,38.724024,4.034428,4.001344,0.001042,17.238089,17.220714,15.865002,1.498587,1.619422,600,600,39.040733,1.557963,0.273668,40.872364,357,357,357,1.000000,0.979167,0.000000,0.000000,0.000000,0.000000,0.000000,0.000000,0.000000,188,0.526611,0.833333,0.579096,-0.256007,7.072936
131,2582421519397,1,xfeat_star_fine,stereo,22.754896,38.724024,4.034428,4.001344,0.001042,17.238089,17.220714,15.865002,1.498587,1.619422,600,600,39.040733,1.557963,0.321251,51.675060,350,350,350,1.000000,0.979167,0.000000,1.623749,10.755113,0.296875,0.000792,9.284484,1.172837,216,0.617143,0.895833,0.697846,0.039494,10.163820
131,2582421519397,1,orb_cpu,stereo,59.437330,60.610376,0.000000,0.000000,0.000000,0.000000,0.000000,0.000000,0.000000,0.000000,595,583,60.865793,11.753740,1.928631,74.548164,387,351,350,0.904393,0.395833,0.000000,1.727997,0.000000,0.000000,0.000000,0.000000,0.000000,341,0.881137,0.395833,0.945703,0.713940,7.528479
131,2582421519397,1,xfeat_guided,temporal,21.456560,22.754896,3.900594,4.034428,0.000833,0.001042,15.857502,17.220714,1.697422,1.498587,600,600,44.211456,2.920675,9.252942,56.385073,328,240,240,0.731707,0.875000,0.000000,nan,0.000000,0.000000,0.000000,0.000000,0.000000,0,0.000000,0.000000,nan,nan,0.000000
131,2582421519397,1,orb_cpu,temporal,63.185424,59.437330,0.000000,0.000000,0.000000,0.000000,0.000000,0.000000,0.000000,0.000000,599,595,122.622754,10.043777,2.174506,134.841037,404,359,359,0.888614,0.416667,0.000000,nan,0.000000,0.000000,0.000000,0.000000,0.000000,0,0.000000,0.000000,nan,nan,0.000000
140,2583321508481,1,xfeat_star_coarse,stereo,23.221731,40.444820,4.725347,4.631513,0.000833,16.826754,16.807380,17.551299,1.687921,1.435004,600,600,41.039530,1.341629,0.308584,42.689743,357,357,357,1.000000,1.000000,0.000000,0.000000,0.000000,0.000000,0.000000,0.000000,0.000000,199,0.557423,0.833333,0.573364,-0.188980,17.478382
140,2583321508481,1,xfeat_star_fine,stereo,23.221731,40.444820,4.725347,4.631513,0.000833,16.826754,16.807380,17.551299,1.687921,1.435004,600,600,41.039530,1.341629,0.242626,53.744857,351,351,350,0.997151,1.000000,0.000000,1.642323,11.121072,0.564501,0.001250,9.376484,1.178253,218,0.621083,0.895833,0.663026,0.002114,24.576817
140,2583321508481,1,orb_cpu,stereo,66.095807,61.704920,0.000000,0.000000,0.000000,0.000000,0.000000,0.000000,0.000000,0.000000,597,593,66.308100,20.431015,2.615965,89.355080,390,367,365,0.935897,0.458333,0.000000,2.000000,0.000000,0.000000,0.000000,0.000000,0.000000,355,0.910256,0.458333,0.951619,0.648335,10.015611
141,2583411508940,1,xfeat_star_coarse,stereo,37.920104,21.663226,4.728221,4.675971,15.514126,0.000708,15.911169,15.493126,1.766296,1.493171,600,600,38.253064,1.410837,0.309126,39.973027,359,359,359,1.000000,0.979167,0.000000,0.000000,0.000000,0.000000,0.000000,0.000000,0.000000,195,0.543175,0.791667,0.575490,-0.205580,7.006144
141,2583411508940,1,xfeat_star_fine,stereo,37.920104,21.663226,4.728221,4.675971,15.514126,0.000708,15.911169,15.493126,1.766296,1.493171,600,600,38.253064,1.410837,0.656127,54.248942,352,352,352,1.000000,0.979167,0.000000,1.665401,13.928914,0.366460,0.000667,10.715613,2.845966,223,0.633523,0.875000,0.717651,-0.047792,13.439454
141,2583411508940,1,orb_cpu,stereo,63.350133,64.034176,0.000000,0.000000,0.000000,0.000000,0.000000,0.000000,0.000000,0.000000,600,591,64.322844,17.432256,1.137378,82.892478,375,353,351,0.936000,0.395833,0.000000,1.864006,0.000000,0.000000,0.000000,0.000000,0.000000,341,0.909333,0.395833,0.945084,0.716952,7.116020
141,2583411508940,1,xfeat_guided,temporal,23.221731,37.920104,4.725347,4.728221,0.000833,15.514126,16.807380,15.911169,1.687921,1.766296,600,600,61.141835,3.170758,7.324687,71.637280,356,272,272,0.764045,0.895833,0.000000,nan,0.000000,0.000000,0.000000,0.000000,0.000000,0,0.000000,0.000000,nan,nan,0.000000
141,2583411508940,1,orb_cpu,temporal,66.095807,63.350133,0.000000,0.000000,0.000000,0.000000,0.000000,0.000000,0.000000,0.000000,597,600,129.445940,10.010402,2.320298,141.776640,422,375,375,0.888626,0.395833,1.440002,nan,0.000000,0.000000,0.000000,0.000000,0.000000,0,0.000000,0.000000,nan,nan,0.000000
150,2584401515940,1,xfeat_star_coarse,stereo,48.363217,32.114756,13.186995,13.027495,17.620507,0.000875,15.874919,17.600465,1.680546,1.485755,600,600,48.843218,1.616505,0.580044,51.039767,344,344,344,1.000000,0.979167,0.000000,0.000000,0.000000,0.000000,0.000000,0.000000,0.000000,167,0.485465,0.770833,0.500923,-0.150127,6.742560
150,2584401515940,1,xfeat_star_fine,stereo,48.363217,32.114756,13.186995,13.027495,17.620507,0.000875,15.874919,17.600465,1.680546,1.485755,600,600,48.843218,1.616505,0.468709,61.876962,334,334,333,0.997006,0.979167,0.000000,1.702438,10.948530,0.236042,0.000750,9.313276,1.398295,194,0.580838,0.854167,0.620455,-0.028128,12.951161
150,2584401515940,1,orb_cpu,stereo,62.927048,64.808303,0.000000,0.000000,0.000000,0.000000,0.000000,0.000000,0.000000,0.000000,600,582,65.260221,10.199820,1.431629,76.891670,384,355,350,0.911458,0.395833,0.000000,2.000000,0.000000,0.000000,0.000000,0.000000,0.000000,343,0.893229,0.395833,0.947475,0.683199,7.341270
151,2584491539523,1,xfeat_star_coarse,stereo,38.082897,21.396767,3.905844,3.847802,15.886377,0.000667,16.659046,15.880794,1.631505,1.667296,600,600,38.388897,1.600463,0.374251,40.363611,334,334,334,1.000000,1.000000,0.000000,0.000000,0.000000,0.000000,0.000000,0.000000,0.000000,168,0.502994,0.812500,0.557924,-0.245387,6.468476
151,2584491539523,1,xfeat_star_fine,stereo,38.082897,21.396767,3.905844,3.847802,15.886377,0.000667,16.659046,15.880794,1.631505,1.667296,600,600,38.388897,1.600463,0.308876,50.927223,324,324,324,1.000000,1.000000,0.000000,1.800789,10.628987,0.235417,0.000625,9.295276,1.097544,185,0.570988,0.875000,0.659442,-0.070132,5.989100
151,2584491539523,1,orb_cpu,stereo,58.770203,60.578459,0.000000,0.000000,0.000000,0.000000,0.000000,0.000000,0.000000,0.000000,600,592,60.836917,11.209864,1.481171,73.527952,382,357,357,0.934555,0.437500,0.000000,2.000000,0.000000,0.000000,0.000000,0.000000,0.000000,345,0.903141,0.437500,0.946772,0.677901,6.855352
151,2584491539523,1,xfeat_guided,temporal,48.363217,38.082897,13.186995,3.905844,17.620507,15.886377,15.874919,16.659046,1.680546,1.631505,600,600,86.446114,2.590173,9.917527,98.953814,329,234,234,0.711246,0.854167,0.000000,nan,0.000000,0.000000,0.000000,0.000000,0.000000,0,0.000000,0.000000,nan,nan,0.000000
151,2584491539523,1,orb_cpu,temporal,62.927048,58.770203,0.000000,0.000000,0.000000,0.000000,0.000000,0.000000,0.000000,0.000000,600,600,121.697251,10.565446,1.688047,133.950744,412,369,369,0.895631,0.416667,0.000000,nan,0.000000,0.000000,0.000000,0.000000,0.000000,0,0.000000,0.000000,nan,nan,0.000000
160,2585391530899,1,xfeat_star_coarse,stereo,23.215148,39.099608,4.707388,4.628555,0.001000,16.969005,16.948255,15.858002,1.558338,1.643713,600,600,39.627984,5.388015,1.211253,46.227252,361,361,361,1.000000,1.000000,0.000000,0.000000,0.000000,0.000000,0.000000,0.000000,0.000000,174,0.481994,0.791667,0.484560,-0.254409,27.159908
160,2585391530899,1,xfeat_star_fine,stereo,23.215148,39.099608,4.707388,4.628555,0.001000,16.969005,16.948255,15.858002,1.558338,1.643713,600,600,39.627984,5.388015,0.309793,56.494990,350,350,347,0.991429,1.000000,0.000000,1.831100,11.169198,0.577085,0.001542,9.390650,1.199379,192,0.548571,0.875000,0.621162,-0.052967,14.918541
160,2585391530899,1,orb_cpu,stereo,63.779884,66.394807,0.000000,0.000000,0.000000,0.000000,0.000000,0.000000,0.000000,0.000000,600,592,66.669475,19.972430,4.426470,91.068375,362,320,315,0.870166,0.416667,0.000000,1.728004,0.000000,0.000000,0.000000,0.000000,0.000000,300,0.828729,0.416667,0.937992,0.576455,8.328898
161,2585481522149,1,xfeat_star_coarse,stereo,22.324020,39.021024,4.760555,4.710513,0.000917,15.899668,15.876960,16.742963,1.685338,1.667671,600,600,39.396108,2.989759,0.669419,43.055286,370,370,370,1.000000,1.000000,0.000000,0.000000,0.000000,0.000000,0.000000,0.000000,0.000000,182,0.491892,0.729167,0.519905,-0.200275,14.110330
161,2585481522149,1,xfeat_star_fine,stereo,22.324020,39.021024,4.760555,4.710513,0.000917,15.899668,15.876960,16.742963,1.685338,1.667671,600,600,39.396108,2.989759,0.772252,54.465692,358,358,357,0.997207,1.000000,0.000000,1.610474,11.307573,0.371460,0.000959,9.344609,1.590254,199,0.555866,0.791667,0.620944,-0.012568,13.678371
161,2585481522149,1,orb_cpu,stereo,62.029670,64.596094,0.000000,0.000000,0.000000,0.000000,0.000000,0.000000,0.000000,0.000000,599,592,64.868387,17.739715,2.034297,84.642399,367,328,327,0.891008,0.479167,0.000000,1.727997,0.000000,0.000000,0.000000,0.000000,0.000000,314,0.855586,0.479167,0.932674,0.573081,7.029311
161,2585481522149,1,xfeat_guided,temporal,23.215148,22.324020,4.707388,4.760555,0.001000,0.000917,16.948255,15.876960,1.558338,1.685338,600,600,45.539168,3.164967,9.425818,58.129953,351,255,255,0.726496,0.854167,0.000000,nan,0.000000,0.000000,0.000000,0.000000,0.000000,0,0.000000,0.000000,nan,nan,0.000000
161,2585481522149,1,orb_cpu,temporal,63.779884,62.029670,0.000000,0.000000,0.000000,0.000000,0.000000,0.000000,0.000000,0.000000,600,599,125.809554,8.877441,1.748047,136.435042,401,356,356,0.887781,0.375000,0.200012,nan,0.000000,0.000000,0.000000,0.000000,0.000000,0,0.000000,0.000000,nan,nan,0.000000
170,2586381516566,1,xfeat_star_coarse,stereo,21.516767,38.151854,3.933844,3.966219,0.001125,15.800168,15.886169,16.700129,1.695046,1.685213,600,600,38.526106,1.551629,0.359751,40.437486,355,355,355,1.000000,1.000000,0.000000,8.000000,0.000000,0.000000,0.000000,0.000000,0.000000,177,0.498592,0.875000,0.543198,-0.275566,7.055520
170,2586381516566,1,xfeat_star_fine,stereo,21.516767,38.151854,3.933844,3.966219,0.001125,15.800168,15.886169,16.700129,1.695046,1.685213,600,600,38.526106,1.551629,0.325875,51.220723,346,346,344,0.994220,1.000000,0.000000,7.689454,10.817113,0.293584,0.000541,9.309026,1.213795,198,0.572254,0.937500,0.658672,-0.129835,6.840603
170,2586381516566,1,orb_cpu,stereo,63.457757,65.423055,0.000000,0.000000,0.000000,0.000000,0.000000,0.000000,0.000000,0.000000,600,593,65.934806,14.058330,4.180428,84.173564,376,335,331,0.880319,0.395833,0.000000,2.000000,0.000000,0.000000,0.000000,0.000000,0.000000,315,0.837766,0.395833,0.936127,0.609075,7.581563
171,2586561521983,1,xfeat_star_coarse,stereo,23.305813,38.668398,4.674262,4.625263,0.000959,17.076047,17.070255,15.465584,1.559962,1.501296,600,600,39.096232,1.602046,0.374585,41.072863,346,346,346,1.000000,0.979167,0.000000,8.000000,0.000000,0.000000,0.000000,0.000000,0.000000,178,0.514451,0.812500,0.512810,-0.266467,6.834685
171,2586561521983,1,xfeat_star_fine,stereo,23.305813,38.668398,4.674262,4.625263,0.000959,17.076047,17.070255,15.465584,1.559962,1.501296,600,600,39.096232,1.602046,0.374001,54.947484,340,340,340,1.000000,0.979167,0.000000,8.448608,13.875205,0.365835,0.001208,12.108117,1.399712,200,0.588235,0.833333,0.621719,-0.108546,6.786686
171,2586561521983,1,orb_cpu,stereo,63.196257,65.228887,0.000000,0.000000,0.000000,0.000000,0.000000,0.000000,0.000000,0.000000,591,582,65.512971,16.455004,2.173506,84.141481,349,311,309,0.885387,0.354167,0.000000,1.728012,0.000000,0.000000,0.000000,0.000000,0.000000,295,0.845272,0.354167,0.937949,0.624554,6.727768
171,2586561521983,1,xfeat_guided,temporal,21.516767,23.305813,3.933844,4.674262,0.001125,0.000959,15.886169,17.070255,1.695046,1.559962,600,600,44.822580,2.960508,8.051105,55.834193,315,236,236,0.749206,0.812500,0.000000,nan,0.000000,0.000000,0.000000,0.000000,0.000000,0,0.000000,0.000000,nan,nan,0.000000
171,2586561521983,1,orb_cpu,temporal,63.457757,63.196257,0.000000,0.000000,0.000000,0.000000,0.000000,0.000000,0.000000,0.000000,600,591,126.654014,9.910444,3.531259,140.095717,370,304,304,0.821622,0.375000,1.000000,nan,0.000000,0.000000,0.000000,0.000000,0.000000,0,0.000000,0.000000,nan,nan,0.000000
180,2587461523650,1,xfeat_star_coarse,stereo,23.120689,40.363153,4.645680,4.585138,0.000875,16.795921,16.774546,17.474215,1.699422,1.507671,600,600,40.872946,2.097339,1.233504,44.203789,350,350,350,1.000000,1.000000,0.000000,8.000000,0.000000,0.000000,0.000000,0.000000,0.000000,202,0.577143,0.895833,0.632810,-0.250240,16.887296
180,2587461523650,1,xfeat_star_fine,stereo,23.120689,40.363153,4.645680,4.585138,0.000875,16.795921,16.774546,17.474215,1.699422,1.507671,600,600,40.872946,2.097339,0.308210,54.254317,339,339,337,0.994100,1.000000,0.000000,8.148884,10.975822,0.374793,0.000916,9.397484,1.202379,214,0.631268,0.916667,0.698178,0.021103,15.079749
180,2587461523650,1,orb_cpu,stereo,63.880050,66.086472,0.000000,0.000000,0.000000,0.000000,0.000000,0.000000,0.000000,0.000000,595,589,66.346223,20.126805,4.934139,91.407167,356,300,297,0.834270,0.354167,0.000000,2.000000,0.000000,0.000000,0.000000,0.000000,0.000000,288,0.808989,0.354167,0.922628,0.592208,6.785602
181,2587551526650,1,xfeat_star_coarse,stereo,39.144608,22.340895,4.708638,4.657680,15.922585,0.000750,17.015963,15.899627,1.496838,1.782255,600,600,39.480858,1.604088,0.352334,41.437280,351,351,351,1.000000,1.000000,0.000000,8.000000,0.000000,0.000000,0.000000,0.000000,0.000000,191,0.544160,0.791667,0.616187,-0.215040,8.319065
181,2587551526650,1,xfeat_star_fine,stereo,39.144608,22.340895,4.708638,4.657680,15.922585,0.000750,17.015963,15.899627,1.496838,1.782255,600,600,39.480858,1.604088,0.317210,52.288936,340,340,340,1.000000,1.000000,0.000000,8.201187,10.886780,0.417668,0.001292,9.312317,1.155295,208,0.611765,0.875000,0.694959,0.032308,11.806365
181,2587551526650,1,orb_cpu,stereo,61.259251,63.789508,0.000000,0.000000,0.000000,0.000000,0.000000,0.000000,0.000000,0.000000,600,591,64.066551,17.142088,2.276715,83.485354,339,293,292,0.861357,0.312500,0.000000,2.000000,0.000000,0.000000,0.000000,0.000000,0.000000,277,0.817109,0.312500,0.931037,0.617617,6.495559
181,2587551526650,1,xfeat_guided,temporal,23.120689,39.144608,4.645680,4.708638,0.000875,15.922585,16.774546,17.015963,1.699422,1.496838,600,600,62.265297,3.188217,8.598024,74.051538,321,236,236,0.735202,0.791667,0.000000,nan,0.000000,0.000000,0.000000,0.000000,0.000000,0,0.000000,0.000000,nan,nan,0.000000
181,2587551526650,1,orb_cpu,temporal,63.880050,61.259251,0.000000,0.000000,0.000000,0.000000,0.000000,0.000000,0.000000,0.000000,595,600,125.139301,9.950235,1.361337,136.450873,383,357,357,0.932115,0.395833,0.000000,nan,0.000000,0.000000,0.000000,0.000000,0.000000,0,0.000000,0.000000,nan,nan,0.000000
190,2588451552984,1,xfeat_star_coarse,stereo,31.635670,47.268838,12.357784,12.195742,0.000875,17.584965,17.576173,15.855585,1.700672,1.632421,600,600,47.866380,1.763005,0.362709,49.992094,355,355,355,1.000000,1.000000,0.000000,8.000000,0.000000,0.000000,0.000000,0.000000,0.000000,228,0.642254,0.875000,0.699809,0.018442,7.020311
190,2588451552984,1,xfeat_star_fine,stereo,31.635670,47.268838,12.357784,12.195742,0.000875,17.584965,17.576173,15.855585,1.700672,1.632421,600,600,47.866380,1.763005,0.249417,60.654915,346,346,344,0.994220,1.000000,0.000000,8.870071,10.776113,0.268875,0.000750,9.323901,1.182420,222,0.641618,0.916667,0.734572,-0.019070,13.123578
190,2588451552984,1,orb_cpu,stereo,61.949211,64.611385,0.000000,0.000000,0.000000,0.000000,0.000000,0.000000,0.000000,0.000000,578,589,65.046845,18.018633,2.367631,85.433109,360,316,315,0.875000,0.437500,0.000000,2.073608,0.000000,0.000000,0.000000,0.000000,0.000000,302,0.838889,0.437500,0.934237,0.624032,6.888811
191,2588541527025,1,xfeat_star_coarse,stereo,38.972274,22.828813,4.667555,4.621888,16.738505,0.000625,15.864126,16.712587,1.701797,1.493463,600,600,39.294149,1.794421,0.587044,41.675614,349,349,349,1.000000,1.000000,0.000000,8.000000,0.000000,0.000000,0.000000,0.000000,0.000000,223,0.638968,0.895833,0.679145,-0.113072,6.949185
191,2588541527025,1,xfeat_star_fine,stereo,38.972274,22.828813,4.667555,4.621888,16.738505,0.000625,15.864126,16.712587,1.701797,1.493463,600,600,39.294149,1.794421,0.244501,52.039850,337,337,337,1.000000,1.000000,0.000000,8.612640,10.706779,0.256709,0.000541,9.375401,1.073961,217,0.643917,0.895833,0.742517,-0.118440,13.066703
191,2588541527025,1,orb_cpu,stereo,57.900950,60.444832,0.000000,0.000000,0.000000,0.000000,0.000000,0.000000,0.000000,0.000000,584,578,60.739750,10.545154,3.136634,74.421538,379,323,321,0.846966,0.395833,0.000000,2.073593,0.000000,0.000000,0.000000,0.000000,0.000000,310,0.817942,0.395833,0.938301,0.659506,7.256019
191,2588541527025,1,xfeat_guided,temporal,31.635670,38.972274,12.357784,4.667555,0.000875,16.738505,17.576173,15.864126,1.700672,1.701797,600,600,70.607944,3.286884,6.729143,80.623971,356,274,274,0.769663,0.875000,0.000000,nan,0.000000,0.000000,0.000000,0.000000,0.000000,0,0.000000,0.000000,nan,nan,0.000000
191,2588541527025,1,orb_cpu,temporal,61.949211,57.900950,0.000000,0.000000,0.000000,0.000000,0.000000,0.000000,0.000000,0.000000,578,584,119.850161,9.450984,2.640048,131.941193,379,337,337,0.889182,0.375000,1.439987,nan,0.000000,0.000000,0.000000,0.000000,0.000000,0,0.000000,0.000000,nan,nan,0.000000
200,2589531530568,1,xfeat_star_coarse,stereo,23.204480,40.242276,4.726513,4.655679,0.001000,16.772379,16.751504,17.375172,1.725130,1.438879,600,600,40.797445,1.357504,0.307959,42.462908,359,359,359,1.000000,1.000000,0.000000,8.000000,0.000000,0.000000,0.000000,0.000000,0.000000,213,0.593315,0.895833,0.620257,-0.160490,14.869999
200,2589531530568,1,xfeat_star_fine,stereo,23.204480,40.242276,4.726513,4.655679,0.001000,16.772379,16.751504,17.375172,1.725130,1.438879,600,600,40.797445,1.357504,0.302626,56.011403,345,345,340,0.985507,1.000000,0.000000,8.912872,13.553828,0.382417,0.000709,11.986532,1.183920,230,0.666667,0.937500,0.761737,-0.038852,5.568057
200,2589531530568,1,orb_cpu,stereo,65.850472,66.232222,0.000000,0.000000,0.000000,0.000000,0.000000,0.000000,0.000000,0.000000,594,592,66.516057,17.900049,5.398764,89.814870,366,315,313,0.855191,0.458333,0.000000,2.488312,0.000000,0.000000,0.000000,0.000000,0.000000,298,0.814208,0.458333,0.935221,0.510974,9.256442
201,2589621546568,1,xfeat_star_coarse,stereo,22.500354,39.326399,4.722138,4.724971,0.001000,16.020961,16.045335,16.800879,1.731547,1.779421,600,600,39.689484,1.589462,0.364709,41.643655,361,361,361,1.000000,1.000000,0.000000,8.000000,0.000000,0.000000,0.000000,0.000000,0.000000,231,0.639889,0.937500,0.668510,0.017784,6.954644
201,2589621546568,1,xfeat_star_fine,stereo,22.500354,39.326399,4.722138,4.724971,0.001000,16.020961,16.045335,16.800879,1.731547,1.779421,600,600,39.689484,1.589462,0.245917,52.873436,343,343,340,0.991254,1.000000,0.000000,8.769470,11.348573,0.266376,0.000625,9.938319,1.143128,250,0.728863,0.895833,0.800043,0.138918,10.729779
201,2589621546568,1,orb_cpu,stereo,61.850711,64.681010,0.000000,0.000000,0.000000,0.000000,0.000000,0.000000,0.000000,0.000000,583,581,64.951136,18.705051,1.975923,85.632110,355,318,316,0.890141,0.437500,0.000000,2.400002,0.000000,0.000000,0.000000,0.000000,0.000000,305,0.859155,0.437500,0.939852,0.681259,6.799101
201,2589621546568,1,xfeat_guided,temporal,23.204480,22.500354,4.726513,4.722138,0.001000,0.001000,16.751504,16.045335,1.725130,1.731547,600,600,45.704834,3.304009,8.694524,57.703367,348,256,256,0.735632,0.812500,0.000000,nan,0.000000,0.000000,0.000000,0.000000,0.000000,0,0.000000,0.000000,nan,nan,0.000000
201,2589621546568,1,orb_cpu,temporal,65.850472,61.850711,0.000000,0.000000,0.000000,0.000000,0.000000,0.000000,0.000000,0.000000,594,583,127.701183,9.665776,2.778882,140.145841,342,306,306,0.894737,0.437500,0.000000,nan,0.000000,0.000000,0.000000,0.000000,0.000000,0,0.000000,0.000000,nan,nan,0.000000
210,2590521622443,1,xfeat_star_coarse,stereo,33.560758,49.517135,14.231580,14.089163,0.000792,17.829507,17.830215,15.930502,1.498004,1.667754,600,600,50.090512,1.604671,0.372459,52.067642,348,348,348,1.000000,1.000000,0.000000,8.000000,0.000000,0.000000,0.000000,0.000000,0.000000,204,0.586207,0.875000,0.635824,-0.283915,6.778768
210,2590521622443,1,xfeat_star_fine,stereo,33.560758,49.517135,14.231580,14.089163,0.000792,17.829507,17.830215,15.930502,1.498004,1.667754,600,600,50.090512,1.604671,0.361001,65.937555,336,336,335,0.997024,1.000000,0.000000,8.952484,13.881371,0.403959,0.000750,12.071324,1.405046,226,0.672619,0.895833,0.733650,-0.236622,6.673060
210,2590521622443,1,orb_cpu,stereo,61.861878,63.910091,0.000000,0.000000,0.000000,0.000000,0.000000,0.000000,0.000000,0.000000,588,573,64.348676,18.739301,2.515965,85.603942,349,306,305,0.873926,0.500000,0.000000,2.488312,0.000000,0.000000,0.000000,0.000000,0.000000,291,0.833811,0.500000,0.930301,0.617368,6.659726
211,2590611631985,1,xfeat_star_coarse,stereo,21.578393,38.394522,3.956761,3.916511,0.000792,15.939502,15.919293,16.833212,1.701422,1.705172,600,600,38.734230,1.610754,0.363334,40.708318,345,345,345,1.000000,1.000000,0.000000,8.000000,0.000000,0.000000,0.000000,0.000000,0.000000,188,0.544928,0.895833,0.599944,-0.246816,6.791143
211,2590611631985,1,xfeat_star_fine,stereo,21.578393,38.394522,3.956761,3.916511,0.000792,15.939502,15.919293,16.833212,1.701422,1.705172,600,600,38.734230,1.610754,0.361376,51.476431,338,338,337,0.997041,1.000000,0.000000,8.924225,10.770071,0.284876,0.000583,9.309067,1.175378,214,0.633136,0.895833,0.720396,-0.203461,6.601601
211,2590611631985,1,orb_cpu,stereo,61.290667,63.459965,0.000000,0.000000,0.000000,0.000000,0.000000,0.000000,0.000000,0.000000,583,563,63.752007,9.534110,7.738854,81.024971,335,274,272,0.811940,0.500000,0.000000,2.639984,0.000000,0.000000,0.000000,0.000000,0.000000,262,0.782090,0.500000,0.921744,0.604997,7.662521
211,2590611631985,1,xfeat_guided,temporal,33.560758,21.578393,14.231580,3.956761,0.000792,0.000792,17.830215,15.919293,1.498004,1.701422,600,600,55.139151,3.271342,11.819407,70.229900,346,245,245,0.708092,0.791667,0.000000,nan,0.000000,0.000000,0.000000,0.000000,0.000000,0,0.000000,0.000000,nan,nan,0.000000
211,2590611631985,1,orb_cpu,temporal,61.861878,61.290667,0.000000,0.000000,0.000000,0.000000,0.000000,0.000000,0.000000,0.000000,588,583,123.152545,9.621943,3.028550,135.803038,387,324,324,0.837209,0.500000,2.000000,nan,0.000000,0.000000,0.000000,0.000000,0.000000,0,0.000000,0.000000,nan,nan,0.000000
220,2591511565568,1,xfeat_star_coarse,stereo,38.425271,21.492058,3.863510,3.828843,16.001877,0.000791,17.131464,15.981002,1.428087,1.681213,600,600,38.761980,5.433932,0.868627,45.064539,337,337,337,1.000000,1.000000,0.000000,8.000000,0.000000,0.000000,0.000000,0.000000,0.000000,201,0.596439,0.979167,0.632000,-0.007162,25.403111
220,2591511565568,1,xfeat_star_fine,stereo,38.425271,21.492058,3.863510,3.828843,16.001877,0.000791,17.131464,15.981002,1.428087,1.681213,600,600,38.761980,5.433932,0.295793,55.599027,327,327,327,1.000000,1.000000,0.000000,8.875488,11.107322,0.562127,0.001250,9.417901,1.125461,207,0.633028,0.979167,0.699175,-0.007599,18.845634
220,2591511565568,1,orb_cpu,stereo,59.604787,62.242795,0.000000,0.000000,0.000000,0.000000,0.000000,0.000000,0.000000,0.000000,542,498,62.534878,23.025437,4.886013,90.446328,283,245,243,0.858657,0.458333,0.000000,2.073593,0.000000,0.000000,0.000000,0.000000,0.000000,235,0.830389,0.458333,0.936827,0.649698,10.701737
221,2591691540444,1,xfeat_star_coarse,stereo,23.146647,39.298899,4.700097,4.624555,0.000834,16.956421,16.946212,15.972252,1.499338,1.745505,600,600,39.769358,1.299753,0.304251,41.373362,355,355,355,1.000000,1.000000,0.000000,8.000000,0.000000,0.000000,0.000000,0.000000,0.000000,214,0.602817,0.916667,0.640961,-0.036606,6.205559
221,2591691540444,1,xfeat_star_fine,stereo,23.146647,39.298899,4.700097,4.624555,0.000834,16.956421,16.946212,15.972252,1.499338,1.745505,600,600,39.769358,1.299753,0.301876,54.950482,346,346,344,0.994220,1.000000,0.000000,9.565048,13.579495,0.384417,0.001041,12.012783,1.180920,233,0.673410,0.937500,0.727806,0.039825,5.558182
221,2591691540444,1,orb_cpu,stereo,56.724780,58.843411,0.000000,0.000000,0.000000,0.000000,0.000000,0.000000,0.000000,0.000000,544,511,59.153828,10.330695,4.966680,74.451203,298,262,260,0.872483,0.437500,0.000000,2.073601,0.000000,0.000000,0.000000,0.000000,0.000000,249,0.835570,0.437500,0.943925,0.650448,6.131683
221,2591691540444,1,xfeat_guided,temporal,38.425271,23.146647,3.863510,4.700097,16.001877,0.000834,17.131464,16.946212,1.428087,1.499338,600,600,61.571918,3.245592,13.408287,78.225797,293,201,201,0.686007,0.729167,0.000000,nan,0.000000,0.000000,0.000000,0.000000,0.000000,0,0.000000,0.000000,nan,nan,0.000000
221,2591691540444,1,orb_cpu,temporal,59.604787,56.724780,0.000000,0.000000,0.000000,0.000000,0.000000,0.000000,0.000000,0.000000,542,544,116.329567,8.282523,5.267890,129.879980,301,232,232,0.770764,0.333333,1.727997,nan,0.000000,0.000000,0.000000,0.000000,0.000000,0,0.000000,0.000000,nan,nan,0.000000
230,2592591563736,1,xfeat_star_coarse,stereo,22.743020,38.845523,4.301886,4.478054,0.001208,16.712546,16.910171,16.013627,1.529588,1.641171,600,600,39.174815,1.615546,0.363960,41.154321,336,336,336,1.000000,0.979167,0.000000,8.000000,0.000000,0.000000,0.000000,0.000000,0.000000,162,0.482143,0.791667,0.495615,-0.061315,6.703060
230,2592591563736,1,xfeat_star_fine,stereo,22.743020,38.845523,4.301886,4.478054,0.001208,16.712546,16.910171,16.013627,1.529588,1.641171,600,600,39.174815,1.615546,0.298875,51.813599,317,317,317,1.000000,0.979167,0.000000,8.745224,10.724363,0.275501,0.001042,9.315817,1.131837,183,0.577287,0.833333,0.627829,-0.017672,8.839649
230,2592591563736,1,orb_cpu,stereo,61.016708,63.242880,0.000000,0.000000,0.000000,0.000000,0.000000,0.000000,0.000000,0.000000,582,564,63.724298,10.983155,3.121134,77.828587,340,284,281,0.826471,0.437500,0.000000,2.073601,0.000000,0.000000,0.000000,0.000000,0.000000,264,0.776471,0.437500,0.919605,0.457842,6.469059
231,2592681564361,1,xfeat_star_coarse,stereo,21.539642,38.204229,3.934302,3.889469,0.000666,15.920835,15.898085,16.710962,1.706380,1.682796,600,600,38.604480,1.614338,0.479584,40.698402,350,350,350,1.000000,1.000000,0.000000,0.000000,0.000000,0.000000,0.000000,0.000000,0.000000,168,0.480000,0.854167,0.486807,-0.010263,7.039936
231,2592681564361,1,xfeat_star_fine,stereo,21.539642,38.204229,3.934302,3.889469,0.000666,15.920835,15.898085,16.710962,1.706380,1.682796,600,600,38.604480,1.614338,0.336001,51.293598,334,334,329,0.985030,1.000000,0.000000,1.801208,10.738779,0.278125,0.000542,9.306983,1.152962,193,0.577844,0.895833,0.620669,0.027829,6.758726
231,2592681564361,1,orb_cpu,stereo,62.636004,64.435883,0.000000,0.000000,0.000000,0.000000,0.000000,0.000000,0.000000,0.000000,581,555,64.708510,9.119775,2.122339,75.950624,325,291,289,0.889231,0.375000,0.000000,2.073601,0.000000,0.000000,0.000000,0.000000,0.000000,278,0.855385,0.375000,0.933146,0.495622,6.170017
231,2592681564361,1,xfeat_guided,temporal,22.743020,21.539642,4.301886,3.934302,0.001208,0.000666,16.910171,15.898085,1.529588,1.706380,600,600,44.282662,3.079092,4.565221,51.926975,310,249,249,0.803226,0.958333,0.000000,nan,0.000000,0.000000,0.000000,0.000000,0.000000,0,0.000000,0.000000,nan,nan,0.000000
231,2592681564361,1,orb_cpu,temporal,61.016708,62.636004,0.000000,0.000000,0.000000,0.000000,0.000000,0.000000,0.000000,0.000000,582,581,123.652712,9.533526,2.466132,135.652370,390,335,335,0.858974,0.437500,0.000000,nan,0.000000,0.000000,0.000000,0.000000,0.000000,0,0.000000,0.000000,nan,nan,0.000000
240,2593581543194,1,xfeat_star_coarse,stereo,38.967648,22.866604,4.691846,4.661138,16.716712,0.001083,15.885627,16.696296,1.673171,1.507879,600,600,39.442690,1.324545,0.308750,41.075985,361,361,361,1.000000,1.000000,0.000000,0.000000,0.000000,0.000000,0.000000,0.000000,0.000000,225,0.623269,0.895833,0.649210,-0.026007,18.083258
240,2593581543194,1,xfeat_star_fine,stereo,38.967648,22.866604,4.691846,4.661138,16.716712,0.001083,15.885627,16.696296,1.673171,1.507879,600,600,39.442690,1.324545,0.320501,52.301392,354,354,354,1.000000,1.000000,0.000000,2.909546,11.213656,0.581502,0.001333,9.395776,1.234545,242,0.683616,0.895833,0.771654,0.020605,24.071899
240,2593581543194,1,orb_cpu,stereo,62.753503,65.502386,0.000000,0.000000,0.000000,0.000000,0.000000,0.000000,0.000000,0.000000,600,599,65.791304,20.292305,3.319050,89.402659,365,327,325,0.890411,0.479167,0.000000,2.073578,0.000000,0.000000,0.000000,0.000000,0.000000,305,0.835616,0.479167,0.918046,0.506961,9.178567
241,2593671559611,1,xfeat_star_coarse,stereo,21.789184,37.809145,4.782221,4.729180,0.000750,15.506876,15.487292,15.916126,1.518504,1.656630,600,600,38.197354,2.810174,1.202545,42.210073,366,366,366,1.000000,1.000000,0.000000,0.000000,0.000000,0.000000,0.000000,0.000000,0.000000,222,0.606557,0.916667,0.675796,-0.016432,14.303580
241,2593671559611,1,xfeat_star_fine,stereo,21.789184,37.809145,4.782221,4.729180,0.000750,15.506876,15.487292,15.916126,1.518504,1.656630,600,600,38.197354,2.810174,0.503835,52.537893,358,358,357,0.997207,1.000000,0.000000,1.620155,11.026530,0.407126,0.000792,9.355942,1.262420,248,0.692737,0.937500,0.790979,0.016754,14.058122
241,2593671559611,1,orb_cpu,stereo,63.726548,66.480014,0.000000,0.000000,0.000000,0.000000,0.000000,0.000000,0.000000,0.000000,600,600,66.781973,20.318138,4.518220,91.618331,370,326,324,0.875676,0.458333,0.000000,2.073578,0.000000,0.000000,0.000000,0.000000,0.000000,302,0.816216,0.437500,0.920026,0.492310,7.281812
241,2593671559611,1,xfeat_guided,temporal,38.967648,21.789184,4.691846,4.782221,16.716712,0.000750,15.885627,15.487292,1.673171,1.518504,600,600,60.756832,3.189884,4.098469,68.045185,347,283,283,0.815562,0.916667,0.000000,nan,0.000000,0.000000,0.000000,0.000000,0.000000,0,0.000000,0.000000,nan,nan,0.000000
241,2593671559611,1,orb_cpu,temporal,62.753503,63.726548,0.000000,0.000000,0.000000,0.000000,0.000000,0.000000,0.000000,0.000000,600,600,126.480051,10.071111,1.643296,138.194458,408,368,368,0.901961,0.500000,1.300003,nan,0.000000,0.000000,0.000000,0.000000,0.000000,0,0.000000,0.000000,nan,nan,0.000000
250,2594661566570,1,xfeat_star_coarse,stereo,47.725629,31.460168,12.854327,12.689451,17.298505,0.001125,15.864710,17.276922,1.707879,1.492504,600,600,48.136172,1.622213,0.485043,50.243428,364,364,364,1.000000,1.000000,0.000000,0.000000,0.000000,0.000000,0.000000,0.000000,0.000000,209,0.574176,0.895833,0.634282,-0.011645,8.290856
250,2594661566570,1,xfeat_star_fine,stereo,47.725629,31.460168,12.854327,12.689451,17.298505,0.001125,15.864710,17.276922,1.707879,1.492504,600,600,48.136172,1.622213,0.281501,63.980965,356,356,355,0.997191,1.000000,0.000000,1.426819,13.941079,0.382751,0.000916,12.093116,1.464004,242,0.679775,0.937500,0.764811,0.124432,10.657987
250,2594661566570,1,orb_cpu,stereo,67.838517,63.766382,0.000000,0.000000,0.000000,0.000000,0.000000,0.000000,0.000000,0.000000,600,600,68.309477,20.392263,2.028672,90.730412,393,362,357,0.908397,0.500000,0.000000,1.728004,0.000000,0.000000,0.000000,0.000000,0.000000,344,0.875318,0.500000,0.929592,0.615839,7.489478
251,2594751555028,1,xfeat_star_coarse,stereo,21.453600,38.221603,3.919969,3.885844,0.000584,15.870126,15.848751,16.853921,1.684130,1.611504,600,600,38.530438,1.636712,0.279751,40.446901,371,371,371,1.000000,1.000000,0.000000,0.000000,0.000000,0.000000,0.000000,0.000000,0.000000,233,0.628032,0.958333,0.652721,0.008337,7.453979
251,2594751555028,1,xfeat_star_fine,stereo,21.453600,38.221603,3.919969,3.885844,0.000584,15.870126,15.848751,16.853921,1.684130,1.611504,600,600,38.530438,1.636712,0.320584,51.509639,361,361,358,0.991690,1.000000,0.000000,1.343500,11.021905,0.412751,0.000875,9.414609,1.193462,267,0.739612,0.958333,0.766589,0.143846,13.668162
251,2594751555028,1,orb_cpu,stereo,62.167501,64.740843,0.000000,0.000000,0.000000,0.000000,0.000000,0.000000,0.000000,0.000000,600,600,64.988176,10.231902,1.598671,76.818749,408,375,372,0.911765,0.541667,0.000000,1.764023,0.000000,0.000000,0.000000,0.000000,0.000000,356,0.872549,0.541667,0.937419,0.618318,7.839855
251,2594751555028,1,xfeat_guided,temporal,47.725629,21.453600,12.854327,3.919969,17.298505,0.000584,15.864710,15.848751,1.707879,1.684130,600,600,69.179229,3.368300,2.135464,74.682993,379,343,343,0.905013,0.979167,0.000000,nan,0.000000,0.000000,0.000000,0.000000,0.000000,0,0.000000,0.000000,nan,nan,0.000000
251,2594751555028,1,orb_cpu,temporal,67.838517,62.167501,0.000000,0.000000,0.000000,0.000000,0.000000,0.000000,0.000000,0.000000,600,600,130.006018,10.035611,2.276881,142.318510,428,375,375,0.876168,0.562500,1.000000,nan,0.000000,0.000000,0.000000,0.000000,0.000000,0,0.000000,0.000000,nan,nan,0.000000
260,2595651569362,1,xfeat_star_coarse,stereo,38.545063,22.950103,4.743596,4.660262,16.816463,0.000875,15.525667,16.794504,1.459087,1.494295,600,600,39.079190,1.480504,0.707752,41.267446,372,372,372,1.000000,1.000000,0.000000,0.000000,0.000000,0.000000,0.000000,0.000000,0.000000,207,0.556452,0.937500,0.592483,-0.055518,11.348531
260,2595651569362,1,xfeat_star_fine,stereo,38.545063,22.950103,4.743596,4.660262,16.816463,0.000875,15.525667,16.794504,1.459087,1.494295,600,600,39.079190,1.480504,0.642751,52.980769,361,361,361,1.000000,1.000000,0.000000,1.436035,11.778324,0.405502,0.000958,9.366525,2.005089,235,0.650970,0.916667,0.711790,0.034779,14.068372
260,2595651569362,1,orb_cpu,stereo,68.256977,64.898051,0.000000,0.000000,0.000000,0.000000,0.000000,0.000000,0.000000,0.000000,600,600,68.505560,17.022296,1.444462,86.972318,401,377,374,0.932668,0.541667,0.000000,2.073586,0.000000,0.000000,0.000000,0.000000,0.000000,357,0.890274,0.520833,0.944257,0.604078,7.647604
261,2595741559945,1,xfeat_star_coarse,stereo,37.872144,21.946768,4.685096,4.642346,15.554000,0.001042,15.893127,15.531500,1.739546,1.771630,600,600,38.187936,1.732921,0.848252,40.769109,384,384,384,1.000000,1.000000,0.000000,0.000000,0.000000,0.000000,0.000000,0.000000,0.000000,211,0.549479,0.895833,0.581796,-0.061489,7.604729
261,2595741559945,1,xfeat_star_fine,stereo,37.872144,21.946768,4.685096,4.642346,15.554000,0.001042,15.893127,15.531500,1.739546,1.771630,600,600,38.187936,1.732921,0.322376,51.241013,375,375,373,0.994667,1.000000,0.000000,1.391205,10.997780,0.302334,0.000542,9.441900,1.252837,248,0.661333,0.937500,0.714640,0.060679,6.859894
261,2595741559945,1,orb_cpu,stereo,69.741106,66.040720,0.000000,0.000000,0.000000,0.000000,0.000000,0.000000,0.000000,0.000000,600,600,69.969023,11.093446,1.686838,82.749307,389,357,356,0.915167,0.520833,0.000000,2.073608,0.000000,0.000000,0.000000,0.000000,0.000000,345,0.886889,0.520833,0.944475,0.624820,7.419811
261,2595741559945,1,xfeat_guided,temporal,38.545063,37.872144,4.743596,4.685096,16.816463,15.554000,15.525667,15.893127,1.459087,1.739546,600,600,76.417207,3.325134,4.191844,83.934185,340,277,277,0.814706,0.979167,0.000000,nan,0.000000,0.000000,0.000000,0.000000,0.000000,0,0.000000,0.000000,nan,nan,0.000000
261,2595741559945,1,orb_cpu,temporal,68.256977,69.741106,0.000000,0.000000,0.000000,0.000000,0.000000,0.000000,0.000000,0.000000,600,600,137.998083,10.056069,1.011920,149.066072,376,354,354,0.941489,0.562500,1.200005,nan,0.000000,0.000000,0.000000,0.000000,0.000000,0,0.000000,0.000000,nan,nan,0.000000
270,2596641604738,1,xfeat_star_coarse,stereo,33.271215,48.690882,14.446789,14.294122,0.000834,17.342421,17.330505,15.452376,1.492837,1.601796,600,600,49.262592,1.711338,0.291375,51.265305,384,384,384,1.000000,1.000000,0.000000,0.000000,0.000000,0.000000,0.000000,0.000000,0.000000,225,0.585938,0.937500,0.576876,0.003278,8.044481
270,2596641604738,1,xfeat_star_fine,stereo,33.271215,48.690882,14.446789,14.294122,0.000834,17.342421,17.330505,15.452376,1.492837,1.601796,600,600,49.262592,1.711338,0.311001,64.979801,373,373,373,1.000000,1.000000,0.000000,1.508987,13.694870,0.423043,0.001167,12.010782,1.259587,266,0.713137,0.958333,0.768265,0.120348,6.140267
270,2596641604738,1,orb_cpu,stereo,64.966425,67.005682,0.000000,0.000000,0.000000,0.000000,0.000000,0.000000,0.000000,0.000000,600,600,67.454016,16.099627,1.780629,85.334272,379,343,342,0.902375,0.458333,0.000000,2.488312,0.000000,0.000000,0.000000,0.000000,0.000000,335,0.883905,0.458333,0.932592,0.598243,7.246853
271,2596731559446,1,xfeat_star_coarse,stereo,22.760603,38.792229,4.206095,4.164678,0.001209,17.041254,17.023046,15.892585,1.530045,1.693462,600,600,39.152981,1.693630,0.388584,41.235195,384,384,384,1.000000,0.979167,0.000000,0.000000,0.000000,0.000000,0.000000,0.000000,0.000000,216,0.562500,0.937500,0.589376,-0.038296,7.749646
271,2596731559446,1,xfeat_star_fine,stereo,22.760603,38.792229,4.206095,4.164678,0.001209,17.041254,17.023046,15.892585,1.530045,1.693462,600,600,39.152981,1.693630,0.323751,52.276309,375,375,372,0.992000,0.979167,0.000000,1.441681,11.105947,0.413002,0.000833,9.435942,1.256045,270,0.720000,0.958333,0.745317,0.106410,14.017580
271,2596731559446,1,orb_cpu,stereo,68.436226,70.380566,0.000000,0.000000,0.000000,0.000000,0.000000,0.000000,0.000000,0.000000,600,600,70.656233,19.133218,1.536504,91.325955,386,362,360,0.932642,0.541667,0.000000,2.488312,0.000000,0.000000,0.000000,0.000000,0.000000,345,0.893782,0.541667,0.929921,0.590727,7.353937
271,2596731559446,1,xfeat_guided,temporal,33.271215,22.760603,14.446789,4.206095,0.000834,0.001209,17.330505,17.023046,1.492837,1.530045,600,600,56.031818,3.148425,2.740674,61.920917,352,303,303,0.860795,0.979167,0.000000,nan,0.000000,0.000000,0.000000,0.000000,0.000000,0,0.000000,0.000000,nan,nan,0.000000
271,2596731559446,1,orb_cpu,temporal,64.966425,68.436226,0.000000,0.000000,0.000000,0.000000,0.000000,0.000000,0.000000,0.000000,600,600,133.402651,10.018110,2.837841,146.258602,387,327,327,0.844961,0.520833,1.440002,nan,0.000000,0.000000,0.000000,0.000000,0.000000,0,0.000000,0.000000,nan,nan,0.000000
280,2597721589446,1,xfeat_star_coarse,stereo,23.210688,39.264315,4.709430,4.681096,0.001125,17.017755,17.020463,15.894251,1.479379,1.671088,600,600,39.837274,1.385920,0.243917,41.467111,384,384,384,1.000000,1.000000,0.000000,0.000000,0.000000,0.000000,0.000000,0.000000,0.000000,210,0.546875,0.875000,0.566215,-0.023734,15.835459
280,2597721589446,1,xfeat_star_fine,stereo,23.210688,39.264315,4.709430,4.681096,0.001125,17.017755,17.020463,15.894251,1.479379,1.671088,600,600,39.837274,1.385920,0.323584,52.852601,368,368,368,1.000000,1.000000,0.000000,1.676308,11.305823,0.601544,0.001416,9.432276,1.269962,250,0.679348,0.958333,0.722718,0.166663,21.913518
280,2597721589446,1,orb_cpu,stereo,66.796972,69.572438,0.000000,0.000000,0.000000,0.000000,0.000000,0.000000,0.000000,0.000000,600,600,69.825564,20.793807,2.803965,93.423336,382,344,343,0.897906,0.395833,0.000000,2.073593,0.000000,0.000000,0.000000,0.000000,0.000000,324,0.848168,0.375000,0.911105,0.496344,5.807308
281,2597811572530,1,xfeat_star_coarse,stereo,22.903437,38.981564,4.161678,4.123845,0.001417,17.272714,17.271213,15.907793,1.468838,1.677046,600,600,39.324314,1.436920,0.414084,41.175318,383,383,383,1.000000,1.000000,0.000000,0.000000,0.000000,0.000000,0.000000,0.000000,0.000000,201,0.524804,0.916667,0.547320,0.035979,6.776269
281,2597811572530,1,xfeat_star_fine,stereo,22.903437,38.981564,4.161678,4.123845,0.001417,17.272714,17.271213,15.907793,1.468838,1.677046,600,600,39.324314,1.436920,0.643919,55.497108,363,363,363,1.000000,1.000000,0.000000,1.564209,14.091955,0.348501,0.000625,10.759404,2.983217,264,0.727273,0.937500,0.803648,0.209569,14.275538
281,2597811572530,1,orb_cpu,stereo,66.149762,68.839978,0.000000,0.000000,0.000000,0.000000,0.000000,0.000000,0.000000,0.000000,600,600,69.124020,13.458786,1.967672,84.550478,373,331,325,0.871314,0.291667,0.000000,2.073593,0.000000,0.000000,0.000000,0.000000,0.000000,306,0.820375,0.291667,0.898230,0.504188,5.986850
281,2597811572530,1,xfeat_guided,temporal,23.210688,22.903437,4.709430,4.161678,0.001125,0.001417,17.020463,17.271213,1.479379,1.468838,600,600,46.114125,2.794715,8.121814,57.030654,322,233,233,0.723602,0.895833,0.000000,nan,0.000000,0.000000,0.000000,0.000000,0.000000,0,0.000000,0.000000,nan,nan,0.000000
281,2597811572530,1,orb_cpu,temporal,66.796972,66.149762,0.000000,0.000000,0.000000,0.000000,0.000000,0.000000,0.000000,0.000000,600,600,132.946734,10.037319,2.027047,145.011100,424,382,382,0.900943,0.333333,3.455994,nan,0.000000,0.000000,0.000000,0.000000,0.000000,0,0.000000,0.000000,nan,nan,0.000000
290,2598711564989,1,xfeat_star_coarse,stereo,23.041437,38.865022,4.085594,4.101136,0.000875,17.085755,17.126463,15.889584,1.828297,1.788422,600,600,39.216647,1.636212,0.378501,41.231360,376,376,376,1.000000,1.000000,0.000000,0.000000,0.000000,0.000000,0.000000,0.000000,0.000000,200,0.531915,0.854167,0.551796,0.055357,7.553228
290,2598711564989,1,xfeat_star_fine,stereo,23.041437,38.865022,4.085594,4.101136,0.000875,17.085755,17.126463,15.889584,1.828297,1.788422,600,600,39.216647,1.636212,0.332334,52.034847,362,362,362,1.000000,1.000000,0.000000,1.695587,10.849654,0.315459,0.000541,9.298317,1.235212,242,0.668508,0.937500,0.725781,0.160410,14.305247
290,2598711564989,1,orb_cpu,stereo,65.239426,67.684724,0.000000,0.000000,0.000000,0.000000,0.000000,0.000000,0.000000,0.000000,600,600,68.195725,19.383677,2.126922,89.706324,406,364,360,0.886700,0.375000,0.000000,2.073608,0.000000,0.000000,0.000000,0.000000,0.000000,339,0.834975,0.375000,0.920416,0.482796,7.664271
291,2598801568989,1,xfeat_star_coarse,stereo,22.986812,38.469979,4.673888,4.631012,0.000667,16.842254,16.827128,15.455875,1.485004,1.540671,600,600,38.814813,1.694547,0.367501,40.876861,365,365,365,1.000000,1.000000,0.000000,0.000000,0.000000,0.000000,0.000000,0.000000,0.000000,188,0.515068,0.916667,0.532695,0.013272,7.182977
291,2598801568989,1,xfeat_star_fine,stereo,22.986812,38.469979,4.673888,4.631012,0.000667,16.842254,16.827128,15.455875,1.485004,1.540671,600,600,38.814813,1.694547,0.361292,55.593983,353,353,352,0.997167,1.000000,0.000000,1.641602,14.723331,0.390917,0.000958,12.865160,1.466004,228,0.645892,0.916667,0.715634,0.067547,8.077439
291,2598801568989,1,orb_cpu,stereo,69.932813,63.626755,0.000000,0.000000,0.000000,0.000000,0.000000,0.000000,0.000000,0.000000,600,600,70.166772,17.244005,1.629421,89.040198,393,359,346,0.880407,0.354167,0.000000,2.073608,0.000000,0.000000,0.000000,0.000000,0.000000,331,0.842239,0.354167,0.922075,0.578490,7.400895
291,2598801568989,1,xfeat_guided,temporal,23.041437,22.986812,4.085594,4.673888,0.000875,0.000667,17.126463,16.827128,1.828297,1.485004,600,600,46.028249,3.271676,4.996430,54.296355,384,311,311,0.809896,0.854167,0.000000,nan,0.000000,0.000000,0.000000,0.000000,0.000000,0,0.000000,0.000000,nan,nan,0.000000
291,2598801568989,1,orb_cpu,temporal,65.239426,69.932813,0.000000,0.000000,0.000000,0.000000,0.000000,0.000000,0.000000,0.000000,600,600,135.172239,10.019694,1.678297,146.870230,434,395,395,0.910138,0.354167,1.000000,nan,0.000000,0.000000,0.000000,0.000000,0.000000,0,0.000000,0.000000,nan,nan,0.000000
300,2599701567739,1,xfeat_star_coarse,stereo,40.476525,23.133229,4.773679,4.671096,16.781129,0.000833,17.459505,16.757587,1.461962,1.703546,600,600,40.923485,1.359962,0.317626,42.601073,372,372,372,1.000000,1.000000,0.000000,0.000000,0.000000,0.000000,0.000000,0.000000,0.000000,212,0.569892,0.979167,0.609920,0.030230,9.457859
300,2599701567739,1,xfeat_star_fine,stereo,40.476525,23.133229,4.773679,4.671096,16.781129,0.000833,17.459505,16.757587,1.461962,1.703546,600,600,40.923485,1.359962,0.311043,55.409774,357,357,353,0.988796,0.979167,0.000000,1.623016,12.815284,0.388459,0.000833,11.201947,1.223795,246,0.689076,0.958333,0.735307,0.088043,13.336744
300,2599701567739,1,orb_cpu,stereo,65.997053,68.620435,0.000000,0.000000,0.000000,0.000000,0.000000,0.000000,0.000000,0.000000,600,600,68.872894,18.663634,2.037464,89.573992,413,371,371,0.898305,0.333333,0.000000,2.000000,0.000000,0.000000,0.000000,0.000000,0.000000,356,0.861985,0.333333,0.916168,0.544632,7.828229
301,2599881589447,1,xfeat_star_coarse,stereo,22.441352,39.146189,4.666512,4.657930,0.001125,16.044418,16.083710,16.772128,1.689755,1.671588,600,600,39.523065,1.628380,0.356542,41.507987,365,365,365,1.000000,1.000000,0.000000,0.000000,0.000000,0.000000,0.000000,0.000000,0.000000,197,0.539726,0.916667,0.576199,0.063284,7.117269
301,2599881589447,1,xfeat_star_fine,stereo,22.441352,39.146189,4.666512,4.657930,0.001125,16.044418,16.083710,16.772128,1.689755,1.671588,600,600,39.523065,1.628380,0.311835,52.543852,351,351,349,0.994302,1.000000,0.000000,1.733887,11.080572,0.276418,0.000708,9.575359,1.227962,242,0.689459,0.937500,0.719203,0.129932,11.110571
301,2599881589447,1,orb_cpu,stereo,65.924886,69.124519,0.000000,0.000000,0.000000,0.000000,0.000000,0.000000,0.000000,0.000000,600,600,69.404687,18.580675,2.132714,90.118076,404,358,356,0.881188,0.354167,0.000000,2.073593,0.000000,0.000000,0.000000,0.000000,0.000000,336,0.831683,0.354167,0.913687,0.542916,7.680854
301,2599881589447,1,xfeat_guided,temporal,40.476525,22.441352,4.773679,4.666512,16.781129,0.001125,17.459505,16.083710,1.461962,1.689755,600,600,62.917877,3.185217,3.119050,69.222144,352,300,300,0.852273,0.937500,0.000000,nan,0.000000,0.000000,0.000000,0.000000,0.000000,0,0.000000,0.000000,nan,nan,0.000000
301,2599881589447,1,orb_cpu,temporal,65.997053,65.924886,0.000000,0.000000,0.000000,0.000000,0.000000,0.000000,0.000000,0.000000,600,600,131.921939,10.056110,2.292923,144.270972,430,387,387,0.900000,0.333333,0.000000,nan,0.000000,0.000000,0.000000,0.000000,0.000000,0,0.000000,0.000000,nan,nan,0.000000
310,2600781575823,1,xfeat_star_coarse,stereo,23.072687,38.926230,4.044678,4.072428,0.000958,17.300047,17.352589,15.882001,1.674129,1.671588,600,600,39.270939,1.698047,0.286250,41.255236,366,366,366,1.000000,1.000000,0.000000,0.000000,0.000000,0.000000,0.000000,0.000000,0.000000,201,0.549180,0.958333,0.574680,-0.054987,7.326520
310,2600781575823,1,xfeat_star_fine,stereo,23.072687,38.926230,4.044678,4.072428,0.000958,17.300047,17.352589,15.882001,1.674129,1.671588,600,600,39.270939,1.698047,0.307876,52.084683,352,352,349,0.991477,1.000000,0.000000,1.861877,10.807821,0.322626,0.001000,9.293025,1.191045,233,0.661932,0.979167,0.712912,0.095481,11.448448
310,2600781575823,1,orb_cpu,stereo,65.335634,67.821474,0.000000,0.000000,0.000000,0.000000,0.000000,0.000000,0.000000,0.000000,600,600,68.268683,20.310513,2.261756,90.840952,407,365,364,0.894349,0.312500,0.000000,2.073601,0.000000,0.000000,0.000000,0.000000,0.000000,343,0.842752,0.312500,0.925482,0.569362,7.638854
311,2600871572490,1,xfeat_star_coarse,stereo,22.708520,38.746271,3.983011,4.042177,0.001584,17.167296,17.248379,15.868959,1.475338,1.667672,600,600,39.097563,1.618504,0.384126,41.100193,368,368,368,1.000000,0.979167,0.000000,0.000000,0.000000,0.000000,0.000000,0.000000,0.000000,201,0.546196,0.937500,0.588848,0.014196,6.500726
311,2600871572490,1,xfeat_star_fine,stereo,22.708520,38.746271,3.983011,4.042177,0.001584,17.167296,17.248379,15.868959,1.475338,1.667672,600,600,39.097563,1.618504,0.291126,52.405140,358,358,357,0.997207,0.979167,0.000000,1.825653,11.397947,0.304668,0.000583,9.684276,1.408295,231,0.645251,0.937500,0.707621,0.099048,7.381103
311,2600871572490,1,orb_cpu,stereo,65.101175,67.753641,0.000000,0.000000,0.000000,0.000000,0.000000,0.000000,0.000000,0.000000,600,600,67.999224,18.125382,2.363548,88.488154,427,380,380,0.889930,0.333333,0.000000,2.000000,0.000000,0.000000,0.000000,0.000000,0.000000,360,0.843091,0.333333,0.924316,0.546897,8.078813
311,2600871572490,1,xfeat_guided,temporal,23.072687,22.708520,4.044678,3.983011,0.000958,0.001584,17.352589,17.248379,1.674129,1.475338,600,600,45.781207,3.432135,4.274637,53.487979,384,313,313,0.815104,0.895833,0.000000,nan,0.000000,0.000000,0.000000,0.000000,0.000000,0,0.000000,0.000000,nan,nan,0.000000
311,2600871572490,1,orb_cpu,temporal,65.335634,65.101175,0.000000,0.000000,0.000000,0.000000,0.000000,0.000000,0.000000,0.000000,600,600,130.436809,10.082152,3.986385,144.505346,422,344,344,0.815166,0.312500,1.199997,nan,0.000000,0.000000,0.000000,0.000000,0.000000,0,0.000000,0.000000,nan,nan,0.000000
320,2601771586323,1,xfeat_star_coarse,stereo,23.111312,40.336025,4.718346,4.650388,0.000750,16.716670,16.727503,17.444588,1.664463,1.524254,600,600,40.929609,1.442004,0.306917,42.678530,369,369,369,1.000000,1.000000,0.000000,0.000000,0.000000,0.000000,0.000000,0.000000,0.000000,199,0.539295,0.895833,0.545193,-0.052076,20.447764
320,2601771586323,1,xfeat_star_fine,stereo,23.111312,40.336025,4.718346,4.650388,0.000750,16.716670,16.727503,17.444588,1.664463,1.524254,600,600,40.929609,1.442004,1.212378,55.493523,356,356,355,0.997191,0.958333,0.000000,2.080948,11.909532,0.583209,0.001417,9.397359,1.926922,242,0.679775,0.937500,0.711660,0.031416,22.639686
320,2601771586323,1,orb_cpu,stereo,60.293370,63.451462,0.000000,0.000000,0.000000,0.000000,0.000000,0.000000,0.000000,0.000000,600,600,63.691254,20.214138,3.674510,87.579902,423,383,381,0.900709,0.333333,0.000000,2.073608,0.000000,0.000000,0.000000,0.000000,0.000000,365,0.862884,0.333333,0.910973,0.554606,8.509314
321,2601861564115,1,xfeat_star_coarse,stereo,38.999146,22.256393,4.747137,4.673220,15.910543,0.001000,16.620253,15.886251,1.720838,1.695630,600,600,39.316313,1.385337,0.249042,40.950692,384,384,384,1.000000,1.000000,0.000000,8.000000,0.000000,0.000000,0.000000,0.000000,0.000000,224,0.583333,0.958333,0.618712,0.082202,6.835643
321,2601861564115,1,xfeat_star_fine,stereo,38.999146,22.256393,4.747137,4.673220,15.910543,0.001000,16.620253,15.886251,1.720838,1.695630,600,600,39.316313,1.385337,0.675461,55.356315,373,373,372,0.997319,1.000000,0.000000,7.742065,13.979204,0.280209,0.000750,10.700903,2.997217,260,0.697051,0.979167,0.742161,0.163315,14.556164
321,2601861564115,1,orb_cpu,stereo,65.836135,67.696389,0.000000,0.000000,0.000000,0.000000,0.000000,0.000000,0.000000,0.000000,600,600,67.932016,18.572966,2.166881,88.671863,419,369,365,0.871122,0.333333,0.000000,2.399994,0.000000,0.000000,0.000000,0.000000,0.000000,335,0.799523,0.333333,0.908705,0.474777,7.914063
321,2601861564115,1,xfeat_guided,temporal,23.111312,38.999146,4.718346,4.747137,0.000750,15.910543,16.727503,16.620253,1.664463,1.720838,600,600,62.110458,3.635427,2.571882,68.317767,384,335,335,0.872396,0.958333,0.000000,nan,0.000000,0.000000,0.000000,0.000000,0.000000,0,0.000000,0.000000,nan,nan,0.000000
321,2601861564115,1,orb_cpu,temporal,60.293370,65.836135,0.000000,0.000000,0.000000,0.000000,0.000000,0.000000,0.000000,0.000000,600,600,126.129505,10.031569,2.629507,138.790581,458,397,397,0.866812,0.333333,0.000000,nan,0.000000,0.000000,0.000000,0.000000,0.000000,0,0.000000,0.000000,nan,nan,0.000000
330,2602851578699,1,xfeat_star_coarse,stereo,38.134102,21.464891,3.934219,3.893927,15.881585,0.000666,16.726836,15.859501,1.591254,1.710588,600,600,38.445561,1.788921,0.379460,40.613942,378,378,378,1.000000,1.000000,0.000000,8.000000,0.000000,0.000000,0.000000,0.000000,0.000000,205,0.542328,0.916667,0.550949,0.015540,7.384478
330,2602851578699,1,xfeat_star_fine,stereo,38.134102,21.464891,3.934219,3.893927,15.881585,0.000666,16.726836,15.859501,1.591254,1.710588,600,600,38.445561,1.788921,0.321334,51.355637,372,372,367,0.986559,1.000000,0.000000,8.053558,10.799821,0.265917,0.000625,9.304900,1.228254,245,0.658602,0.937500,0.717323,0.146578,13.899329
330,2602851578699,1,orb_cpu,stereo,65.649634,67.858973,0.000000,0.000000,0.000000,0.000000,0.000000,0.000000,0.000000,0.000000,600,600,68.351475,16.402211,3.290718,88.044404,397,334,334,0.841310,0.312500,0.000000,2.399998,0.000000,0.000000,0.000000,0.000000,0.000000,315,0.793451,0.312500,0.882511,0.499661,7.485811
331,2602941576366,1,xfeat_star_coarse,stereo,40.731234,22.971562,4.696596,4.649930,16.575669,0.000542,17.937465,16.553503,1.521254,1.767421,600,600,41.017110,1.401587,0.238876,42.657573,367,367,367,1.000000,1.000000,0.000000,8.000000,0.000000,0.000000,0.000000,0.000000,0.000000,198,0.539510,0.895833,0.557851,0.015669,7.058227
331,2602941576366,1,xfeat_star_fine,stereo,40.731234,22.971562,4.696596,4.649930,16.575669,0.000542,17.937465,16.553503,1.521254,1.767421,600,600,41.017110,1.401587,0.324126,54.118562,362,362,362,1.000000,1.000000,0.000000,8.121101,11.375739,0.260584,0.000708,9.987069,1.127211,246,0.679558,0.937500,0.720971,0.146138,5.797474
331,2602941576366,1,orb_cpu,stereo,70.597231,66.654721,0.000000,0.000000,0.000000,0.000000,0.000000,0.000000,0.000000,0.000000,600,600,70.856815,9.366817,2.665132,82.888764,394,341,338,0.857868,0.312500,0.000000,2.400000,0.000000,0.000000,0.000000,0.000000,0.000000,311,0.789340,0.312500,0.882721,0.448995,7.448354
331,2602941576366,1,xfeat_guided,temporal,38.134102,40.731234,3.934219,4.696596,15.881585,16.575669,16.726836,17.937465,1.591254,1.521254,600,600,78.865336,3.534593,3.770760,86.170689,384,321,321,0.835938,0.875000,0.000000,nan,0.000000,0.000000,0.000000,0.000000,0.000000,0,0.000000,0.000000,nan,nan,0.000000
331,2602941576366,1,orb_cpu,temporal,65.649634,70.597231,0.000000,0.000000,0.000000,0.000000,0.000000,0.000000,0.000000,0.000000,600,600,136.246865,10.116819,1.806546,148.170230,464,423,423,0.911638,0.312500,0.000000,nan,0.000000,0.000000,0.000000,0.000000,0.000000,0,0.000000,0.000000,nan,nan,0.000000
340,2603841603324,1,xfeat_star_coarse,stereo,39.447730,23.191104,4.752262,4.663429,17.071213,0.001000,15.870501,17.053713,1.753504,1.472754,600,600,39.910565,1.444588,0.321792,41.676945,372,372,372,1.000000,1.000000,0.000000,8.000000,0.000000,0.000000,0.000000,0.000000,0.000000,191,0.513441,0.916667,0.534010,-0.030462,24.665233
340,2603841603324,1,xfeat_star_fine,stereo,39.447730,23.191104,4.752262,4.663429,17.071213,0.001000,15.870501,17.053713,1.753504,1.472754,600,600,39.910565,1.444588,0.316375,52.920808,362,362,359,0.991713,1.000000,0.000000,8.001129,11.249280,0.619793,0.001459,9.393067,1.234461,240,0.662983,0.916667,0.694418,0.075480,24.350732
340,2603841603324,1,orb_cpu,stereo,68.187600,64.657756,0.000000,0.000000,0.000000,0.000000,0.000000,0.000000,0.000000,0.000000,600,600,68.399517,20.167595,4.482054,93.049166,399,350,349,0.874687,0.270833,0.000000,2.400002,0.000000,0.000000,0.000000,0.000000,0.000000,325,0.814536,0.270833,0.913807,0.419434,10.130360
341,2603931574908,1,xfeat_star_coarse,stereo,22.430269,38.913438,4.719763,4.674721,0.001125,15.951667,15.932668,16.674295,1.776463,1.612463,600,600,39.360356,1.406171,0.301959,41.068486,361,361,361,1.000000,0.979167,0.000000,8.000000,0.000000,0.000000,0.000000,0.000000,0.000000,195,0.540166,0.895833,0.536464,-0.027421,7.832229
341,2603931574908,1,xfeat_star_fine,stereo,22.430269,38.913438,4.719763,4.674721,0.001125,15.951667,15.932668,16.674295,1.776463,1.612463,600,600,39.360356,1.406171,0.641418,59.843494,352,352,351,0.997159,0.979167,0.000000,8.346771,18.435549,0.370084,0.000958,14.519289,3.544926,221,0.627841,0.895833,0.629460,0.019926,13.794079
341,2603931574908,1,orb_cpu,stereo,65.846759,68.521974,0.000000,0.000000,0.000000,0.000000,0.000000,0.000000,0.000000,0.000000,600,600,68.758184,20.461554,4.025677,93.245415,404,351,350,0.866337,0.270833,0.000000,2.400002,0.000000,0.000000,0.000000,0.000000,0.000000,326,0.806931,0.270833,0.913557,0.462581,7.605729
341,2603931574908,1,xfeat_guided,temporal,39.447730,22.430269,4.752262,4.719763,17.071213,0.001125,15.870501,15.932668,1.753504,1.776463,600,600,61.877999,3.365509,1.542213,66.785721,384,355,355,0.924479,1.000000,0.000000,nan,0.000000,0.000000,0.000000,0.000000,0.000000,0,0.000000,0.000000,nan,nan,0.000000
341,2603931574908,1,orb_cpu,temporal,68.187600,65.846759,0.000000,0.000000,0.000000,0.000000,0.000000,0.000000,0.000000,0.000000,600,600,134.034359,11.656532,2.805299,148.496190,442,384,384,0.868778,0.291667,0.000000,nan,0.000000,0.000000,0.000000,0.000000,0.000000,0,0.000000,0.000000,nan,nan,0.000000
350,2604831605908,1,xfeat_star_coarse,stereo,21.504057,38.049310,3.945052,3.916761,0.000667,15.859501,15.856626,16.566836,1.701504,1.706087,600,600,38.388352,1.668671,0.372209,40.429232,354,354,354,1.000000,0.979167,0.000000,8.000000,0.000000,0.000000,0.000000,0.000000,0.000000,189,0.533898,0.895833,0.540490,-0.015921,7.938313
350,2604831605908,1,xfeat_star_fine,stereo,21.504057,38.049310,3.945052,3.916761,0.000667,15.859501,15.856626,16.566836,1.701504,1.706087,600,600,38.388352,1.668671,0.317126,53.938935,348,348,348,1.000000,0.979167,0.000000,8.022232,13.564786,0.408501,0.000875,11.999282,1.155836,212,0.609195,0.895833,0.654455,0.059417,5.695807
350,2604831605908,1,orb_cpu,stereo,64.443089,66.790845,0.000000,0.000000,0.000000,0.000000,0.000000,0.000000,0.000000,0.000000,600,600,67.274054,16.702086,3.425884,87.402024,395,331,330,0.835443,0.187500,0.000000,2.000000,0.000000,0.000000,0.000000,0.000000,0.000000,306,0.774684,0.187500,0.840164,0.420039,7.399894
351,2605011594408,1,xfeat_star_coarse,stereo,20.849223,36.862890,3.860677,3.816718,0.000750,15.530708,15.512250,15.896293,1.475254,1.619046,600,600,37.219849,1.648754,0.381667,39.250270,374,374,374,1.000000,1.000000,0.000000,0.000000,0.000000,0.000000,0.000000,0.000000,0.000000,195,0.521390,0.875000,0.525085,-0.005543,7.578479
351,2605011594408,1,xfeat_star_fine,stereo,20.849223,36.862890,3.860677,3.816718,0.000750,15.530708,15.512250,15.896293,1.475254,1.619046,600,600,37.219849,1.648754,0.459501,50.156716,365,365,365,1.000000,1.000000,0.000000,2.011650,10.828612,0.295084,0.000666,9.304775,1.227962,243,0.665753,0.875000,0.697677,0.116167,14.313164
351,2605011594408,1,orb_cpu,stereo,61.050372,63.213418,0.000000,0.000000,0.000000,0.000000,0.000000,0.000000,0.000000,0.000000,600,600,63.509628,10.600653,2.510048,76.620329,403,352,349,0.866005,0.270833,0.000000,2.000000,0.000000,0.000000,0.000000,0.000000,0.000000,319,0.791563,0.270833,0.878872,0.477837,7.635687
351,2605011594408,1,xfeat_guided,temporal,21.504057,20.849223,3.945052,3.860677,0.000667,0.000750,15.856626,15.512250,1.701504,1.475254,600,600,42.353280,3.037883,2.611882,48.003045,297,253,253,0.851852,1.000000,0.000000,nan,0.000000,0.000000,0.000000,0.000000,0.000000,0,0.000000,0.000000,nan,nan,0.000000
351,2605011594408,1,orb_cpu,temporal,64.443089,61.050372,0.000000,0.000000,0.000000,0.000000,0.000000,0.000000,0.000000,0.000000,600,600,125.493461,10.006360,3.726844,139.226665,390,320,320,0.820513,0.145833,1.199997,nan,0.000000,0.000000,0.000000,0.000000,0.000000,0,0.000000,0.000000,nan,nan,0.000000
360,2605911594867,1,xfeat_star_coarse,stereo,23.328979,39.410730,4.722138,4.623513,0.001125,17.119087,17.096920,15.888001,1.508504,1.780004,600,600,39.957565,1.413753,0.319167,41.690485,384,384,384,1.000000,1.000000,0.000000,0.000000,0.000000,0.000000,0.000000,0.000000,0.000000,208,0.541667,0.937500,0.529018,-0.032329,18.697092
360,2605911594867,1,xfeat_star_fine,stereo,23.328979,39.410730,4.722138,4.623513,0.001125,17.119087,17.096920,15.888001,1.508504,1.780004,600,600,39.957565,1.413753,0.894335,53.715642,379,379,376,0.992084,1.000000,0.000000,1.834834,11.449989,0.635669,0.001875,9.371775,1.440128,259,0.683377,0.937500,0.687738,0.104657,16.612461
360,2605911594867,1,orb_cpu,stereo,68.583849,71.366732,0.000000,0.000000,0.000000,0.000000,0.000000,0.000000,0.000000,0.000000,600,600,71.617566,9.445775,6.179142,87.242483,384,334,333,0.867188,0.416667,0.000000,2.400009,0.000000,0.000000,0.000000,0.000000,0.000000,315,0.820312,0.395833,0.914149,0.530115,9.251983
361,2606001629450,1,xfeat_star_coarse,stereo,39.029604,22.252309,4.686554,4.607470,15.959042,0.000959,16.679503,15.938959,1.704380,1.704671,600,600,39.403939,2.895966,0.647002,42.946907,371,371,371,1.000000,0.979167,0.000000,0.000000,0.000000,0.000000,0.000000,0.000000,0.000000,189,0.509434,0.875000,0.519246,-0.000436,14.458997
361,2606001629450,1,xfeat_star_fine,stereo,39.029604,22.252309,4.686554,4.607470,15.959042,0.000959,16.679503,15.938959,1.704380,1.704671,600,600,39.403939,2.895966,0.658002,54.293979,364,364,364,1.000000,0.979167,0.000000,1.819416,11.336072,0.490376,0.000750,9.336942,1.507629,228,0.626374,0.916667,0.686325,0.083137,14.205746
361,2606001629450,1,orb_cpu,stereo,69.178351,71.921983,0.000000,0.000000,0.000000,0.000000,0.000000,0.000000,0.000000,0.000000,600,600,72.200484,19.482010,2.448173,94.130667,383,334,334,0.872063,0.333333,0.000000,2.488312,0.000000,0.000000,0.000000,0.000000,0.000000,321,0.838120,0.333333,0.926171,0.561142,7.297728
361,2606001629450,1,xfeat_guided,temporal,23.328979,39.029604,4.722138,4.686554,0.001125,15.959042,17.096920,16.679503,1.508504,1.704380,600,600,62.358583,3.403384,2.240923,68.002890,334,289,289,0.865269,1.000000,0.000000,nan,0.000000,0.000000,0.000000,0.000000,0.000000,0,0.000000,0.000000,nan,nan,0.000000
361,2606001629450,1,orb_cpu,temporal,68.583849,69.178351,0.000000,0.000000,0.000000,0.000000,0.000000,0.000000,0.000000,0.000000,600,600,137.762200,10.054444,2.761299,150.577943,402,344,344,0.855721,0.416667,1.199989,nan,0.000000,0.000000,0.000000,0.000000,0.000000,0,0.000000,0.000000,nan,nan,0.000000
370,2606901590826,1,xfeat_star_coarse,stereo,41.043651,23.215020,4.731429,4.689554,16.708461,0.000833,18.046757,16.683086,1.556629,1.841297,600,600,41.330277,1.458129,0.759377,43.547783,369,369,369,1.000000,1.000000,0.000000,0.000000,0.000000,0.000000,0.000000,0.000000,0.000000,210,0.569106,0.875000,0.585464,0.029630,6.454976
370,2606901590826,1,xfeat_star_fine,stereo,41.043651,23.215020,4.731429,4.689554,16.708461,0.000833,18.046757,16.683086,1.556629,1.841297,600,600,41.330277,1.458129,0.322793,54.319271,366,366,364,0.994536,1.000000,0.000000,1.580298,11.208072,0.269251,0.000500,9.732526,1.205587,268,0.732240,0.916667,0.786542,0.199366,5.995224
370,2606901590826,1,orb_cpu,stereo,67.997681,70.309062,0.000000,0.000000,0.000000,0.000000,0.000000,0.000000,0.000000,0.000000,600,600,70.790689,10.119777,2.936883,83.847349,374,325,322,0.860963,0.250000,0.000000,2.399994,0.000000,0.000000,0.000000,0.000000,0.000000,313,0.836898,0.250000,0.920193,0.541949,7.092185
371,2606991578576,1,xfeat_star_coarse,stereo,22.967020,40.339816,4.581388,4.537554,0.000916,16.754961,16.734628,17.586880,1.649713,1.460088,600,600,40.664608,1.524671,0.325959,42.515238,384,384,384,1.000000,1.000000,0.000000,0.000000,0.000000,0.000000,0.000000,0.000000,0.000000,222,0.578125,0.895833,0.612451,0.000018,7.291561
371,2606991578576,1,xfeat_star_fine,stereo,22.967020,40.339816,4.581388,4.537554,0.000916,16.754961,16.734628,17.586880,1.649713,1.460088,600,600,40.664608,1.524671,0.325168,53.850019,378,378,378,1.000000,1.000000,0.000000,1.595978,11.335572,0.296334,0.000791,9.765318,1.272962,291,0.769841,0.937500,0.778629,0.101273,6.029557
371,2606991578576,1,orb_cpu,stereo,68.159056,70.483395,0.000000,0.000000,0.000000,0.000000,0.000000,0.000000,0.000000,0.000000,600,600,70.764855,14.949248,2.970466,88.684569,374,318,311,0.831551,0.270833,0.000000,2.399994,0.000000,0.000000,0.000000,0.000000,0.000000,299,0.799465,0.270833,0.914281,0.471063,7.162353
371,2606991578576,1,xfeat_guided,temporal,41.043651,22.967020,4.731429,4.581388,16.708461,0.000916,18.046757,16.734628,1.556629,1.649713,600,600,64.010671,3.420551,1.129920,68.561142,356,337,337,0.946629,1.000000,0.000000,nan,0.000000,0.000000,0.000000,0.000000,0.000000,0,0.000000,0.000000,nan,nan,0.000000
371,2606991578576,1,orb_cpu,temporal,67.997681,68.159056,0.000000,0.000000,0.000000,0.000000,0.000000,0.000000,0.000000,0.000000,600,600,136.156737,10.039152,1.720338,147.916227,427,385,385,0.901639,0.291667,0.000000,nan,0.000000,0.000000,0.000000,0.000000,0.000000,0,0.000000,0.000000,nan,nan,0.000000
380,2607981583576,1,xfeat_star_coarse,stereo,23.071645,39.010812,4.702513,4.638387,0.000792,16.881628,16.862795,15.904917,1.505379,1.585713,600,600,39.610939,1.465796,0.310001,41.386736,362,362,362,1.000000,1.000000,0.000000,0.000000,0.000000,0.000000,0.000000,0.000000,0.000000,203,0.560773,0.937500,0.571539,-0.080129,22.140350
380,2607981583576,1,xfeat_star_fine,stereo,23.071645,39.010812,4.702513,4.638387,0.000792,16.881628,16.862795,15.904917,1.505379,1.585713,600,600,39.610939,1.465796,1.196961,62.834251,357,357,355,0.994398,1.000000,0.000000,1.610199,20.560555,0.396668,0.000875,14.539580,5.623182,247,0.691877,0.958333,0.736802,0.147070,27.364531
380,2607981583576,1,orb_cpu,stereo,72.336443,73.443654,0.000000,0.000000,0.000000,0.000000,0.000000,0.000000,0.000000,0.000000,600,600,73.715446,20.723263,2.437299,96.876008,376,328,323,0.859043,0.375000,0.000000,2.400024,0.000000,0.000000,0.000000,0.000000,0.000000,309,0.821809,0.375000,0.922470,0.583016,7.185519
381,2608071593160,1,xfeat_star_coarse,stereo,22.227434,38.919145,4.675637,4.627554,0.001083,15.930084,15.912250,16.684461,1.638255,1.676754,600,600,39.299604,3.125008,0.641960,43.066572,367,367,367,1.000000,1.000000,0.000000,0.000000,0.000000,0.000000,0.000000,0.000000,0.000000,200,0.544959,0.937500,0.559258,-0.147109,14.247247
381,2608071593160,1,xfeat_star_fine,stereo,22.227434,38.919145,4.675637,4.627554,0.001083,15.930084,15.912250,16.684461,1.638255,1.676754,600,600,39.299604,3.125008,0.653877,54.558644,362,362,361,0.997238,1.000000,0.000000,1.659790,11.480155,0.387459,0.000875,9.345483,1.746046,235,0.649171,0.937500,0.703786,0.073461,14.178204
381,2608071593160,1,orb_cpu,stereo,66.810845,69.963435,0.000000,0.000000,0.000000,0.000000,0.000000,0.000000,0.000000,0.000000,600,600,70.242103,17.261712,2.726966,90.230781,359,309,301,0.838440,0.375000,0.000000,2.399994,0.000000,0.000000,0.000000,0.000000,0.000000,287,0.799443,0.375000,0.925332,0.515797,11.946031
381,2608071593160,1,xfeat_guided,temporal,23.071645,22.227434,4.702513,4.675637,0.000792,0.001083,16.862795,15.912250,1.505379,1.638255,600,600,45.299079,8.369981,2.953841,56.622901,384,332,332,0.864583,0.875000,0.000000,nan,0.000000,0.000000,0.000000,0.000000,0.000000,0,0.000000,0.000000,nan,nan,0.000000
381,2608071593160,1,orb_cpu,temporal,72.336443,66.810845,0.000000,0.000000,0.000000,0.000000,0.000000,0.000000,0.000000,0.000000,600,600,139.147288,10.119694,2.468757,151.735739,447,395,395,0.883669,0.375000,0.000000,nan,0.000000,0.000000,0.000000,0.000000,0.000000,0,0.000000,0.000000,nan,nan,0.000000
390,2608971591952,1,xfeat_star_coarse,stereo,38.387935,21.801266,3.943677,3.901927,16.047459,0.000833,16.756920,16.024543,1.639629,1.873630,600,600,38.693894,1.797088,0.367376,40.858358,367,367,367,1.000000,1.000000,0.000000,0.000000,0.000000,0.000000,0.000000,0.000000,0.000000,199,0.542234,0.958333,0.553687,-0.109088,7.469145
390,2608971591952,1,xfeat_star_fine,stereo,38.387935,21.801266,3.943677,3.901927,16.047459,0.000833,16.756920,16.024543,1.639629,1.873630,600,600,38.693894,1.797088,0.639251,52.174346,359,359,359,1.000000,1.000000,0.000000,1.730145,11.044113,0.274584,0.000542,9.309983,1.458837,254,0.707521,0.958333,0.709233,0.095887,14.106580
390,2608971591952,1,orb_cpu,stereo,70.676688,73.360903,0.000000,0.000000,0.000000,0.000000,0.000000,0.000000,0.000000,0.000000,600,600,73.818196,20.047178,2.386673,96.252047,353,309,304,0.861190,0.354167,0.000000,2.800026,0.000000,0.000000,0.000000,0.000000,0.000000,294,0.832861,0.354167,0.915724,0.542350,6.679018
391,2609061609910,1,xfeat_star_coarse,stereo,20.959889,36.908390,3.948802,3.901760,0.000458,15.492707,15.473500,15.872918,1.536671,1.640546,600,600,37.251473,1.754796,0.355460,39.361729,363,363,363,1.000000,1.000000,0.000000,0.000000,0.000000,0.000000,0.000000,0.000000,0.000000,190,0.523416,0.979167,0.553742,-0.107642,7.186727
391,2609061609910,1,xfeat_star_fine,stereo,20.959889,36.908390,3.948802,3.901760,0.000458,15.492707,15.473500,15.872918,1.536671,1.640546,600,600,37.251473,1.754796,0.371417,53.499474,356,356,355,0.997191,1.000000,0.000000,1.652412,14.121788,0.563627,0.000958,12.087866,1.469004,251,0.705056,1.000000,0.731558,0.112839,7.281353
391,2609061609910,1,orb_cpu,stereo,73.111027,75.629784,0.000000,0.000000,0.000000,0.000000,0.000000,0.000000,0.000000,0.000000,600,600,75.907076,16.801919,2.003380,94.712375,346,311,305,0.881503,0.375000,0.000000,2.880005,0.000000,0.000000,0.000000,0.000000,0.000000,294,0.849711,0.375000,0.928758,0.595772,6.584976
391,2609061609910,1,xfeat_guided,temporal,38.387935,20.959889,3.943677,3.948802,16.047459,0.000458,16.756920,15.473500,1.639629,1.536671,600,600,59.347824,3.484384,3.488426,66.320634,384,323,323,0.841146,0.958333,0.000000,nan,0.000000,0.000000,0.000000,0.000000,0.000000,0,0.000000,0.000000,nan,nan,0.000000
391,2609061609910,1,orb_cpu,temporal,70.676688,73.111027,0.000000,0.000000,0.000000,0.000000,0.000000,0.000000,0.000000,0.000000,600,600,143.787715,10.067610,3.262717,157.118042,443,373,373,0.841986,0.333333,1.199997,nan,0.000000,0.000000,0.000000,0.000000,0.000000,0,0.000000,0.000000,nan,nan,0.000000
400,2609961605702,1,xfeat_star_coarse,stereo,40.370982,22.978978,4.700263,4.631138,16.697586,0.000708,17.571671,16.675502,1.401337,1.671380,600,600,40.822525,1.415796,0.309376,42.547697,356,356,356,1.000000,1.000000,0.000000,0.000000,0.000000,0.000000,0.000000,0.000000,0.000000,176,0.494382,0.937500,0.499215,-0.006467,12.937076
400,2609961605702,1,xfeat_star_fine,stereo,40.370982,22.978978,4.700263,4.631138,16.697586,0.000708,17.571671,16.675502,1.401337,1.671380,600,600,40.822525,1.415796,0.316584,59.389783,349,349,348,0.997135,1.000000,0.000000,1.680115,16.834878,0.563585,0.001167,15.092706,1.176837,243,0.696275,0.979167,0.697615,0.137428,17.684339
400,2609961605702,1,orb_cpu,stereo,70.486562,73.955696,0.000000,0.000000,0.000000,0.000000,0.000000,0.000000,0.000000,0.000000,600,600,74.218197,20.149303,3.574218,97.941718,352,307,302,0.857955,0.395833,0.000000,3.000000,0.000000,0.000000,0.000000,0.000000,0.000000,294,0.835227,0.395833,0.933556,0.532016,6.683934
401,2610051594786,1,xfeat_star_coarse,stereo,22.390226,38.983728,4.745804,4.690179,0.001042,15.946793,15.927833,16.816294,1.715255,1.530171,600,600,39.367855,1.478879,0.384918,41.231652,352,352,352,1.000000,0.979167,0.000000,0.000000,0.000000,0.000000,0.000000,0.000000,0.000000,172,0.488636,0.875000,0.476165,-0.099986,9.044357
401,2610051594786,1,xfeat_star_fine,stereo,22.390226,38.983728,4.745804,4.690179,0.001042,15.946793,15.927833,16.816294,1.715255,1.530171,600,600,39.367855,1.478879,0.243543,54.164687,346,346,343,0.991329,0.979167,0.000000,1.740448,13.074410,0.373376,0.000792,11.543197,1.156795,222,0.641618,0.937500,0.696508,0.014727,7.142394
401,2610051594786,1,orb_cpu,stereo,73.188069,76.671536,0.000000,0.000000,0.000000,0.000000,0.000000,0.000000,0.000000,0.000000,600,600,76.913537,16.739795,2.842841,96.496173,328,282,278,0.847561,0.416667,0.000000,3.000000,0.000000,0.000000,0.000000,0.000000,0.000000,270,0.823171,0.416667,0.919100,0.497973,6.266808
401,2610051594786,1,xfeat_guided,temporal,40.370982,22.390226,4.700263,4.745804,16.697586,0.001042,17.571671,15.927833,1.401337,1.715255,600,600,62.761208,3.658760,3.148425,69.568393,384,326,326,0.848958,0.916667,0.000000,nan,0.000000,0.000000,0.000000,0.000000,0.000000,0,0.000000,0.000000,nan,nan,0.000000
401,2610051594786,1,orb_cpu,temporal,70.486562,73.188069,0.000000,0.000000,0.000000,0.000000,0.000000,0.000000,0.000000,0.000000,600,600,143.674631,10.058819,3.866094,157.599544,417,351,351,0.841727,0.395833,1.727997,nan,0.000000,0.000000,0.000000,0.000000,0.000000,0,0.000000,0.000000,nan,nan,0.000000
410,2611041611078,1,xfeat_star_coarse,stereo,23.099728,40.309856,4.398637,4.376595,0.000833,16.982003,16.980086,17.461755,1.719922,1.489337,600,600,40.637274,1.550129,0.379293,42.566696,352,352,352,1.000000,1.000000,0.000000,0.000000,0.000000,0.000000,0.000000,0.000000,0.000000,173,0.491477,1.000000,0.488082,-0.126808,7.083810
410,2611041611078,1,xfeat_star_fine,stereo,23.099728,40.309856,4.398637,4.376595,0.000833,16.982003,16.980086,17.461755,1.719922,1.489337,600,600,40.637274,1.550129,0.315167,53.534474,344,344,342,0.994186,1.000000,0.000000,1.834923,11.031904,0.293959,0.000708,9.582776,1.154336,221,0.642442,0.979167,0.671397,0.037393,9.543692
410,2611041611078,1,orb_cpu,stereo,73.433361,75.561408,0.000000,0.000000,0.000000,0.000000,0.000000,0.000000,0.000000,0.000000,600,600,76.106577,12.832909,3.953010,92.892496,356,298,293,0.823034,0.520833,0.000000,3.000000,0.000000,0.000000,0.000000,0.000000,0.000000,286,0.803371,0.520833,0.929908,0.542301,6.826019
411,2611131593328,1,xfeat_star_coarse,stereo,39.087270,22.828686,4.028261,3.956844,17.346879,0.000750,15.950834,17.359296,1.761004,1.511504,600,600,39.386896,1.751338,0.389793,41.528027,378,378,378,1.000000,1.000000,0.000000,0.000000,0.000000,0.000000,0.000000,0.000000,0.000000,201,0.531746,0.958333,0.524298,-0.068423,7.685979
411,2611131593328,1,xfeat_star_fine,stereo,39.087270,22.828686,4.028261,3.956844,17.346879,0.000750,15.950834,17.359296,1.761004,1.511504,600,600,39.386896,1.751338,0.320501,52.404222,370,370,369,0.997297,1.000000,0.000000,1.880280,10.945487,0.288125,0.000667,9.415483,1.241045,249,0.672973,0.979167,0.665586,0.069893,11.279613
411,2611131593328,1,orb_cpu,stereo,70.657979,72.496025,0.000000,0.000000,0.000000,0.000000,0.000000,0.000000,0.000000,0.000000,600,600,72.759234,10.811737,2.999966,86.570937,355,302,302,0.850704,0.541667,0.000000,3.144012,0.000000,0.000000,0.000000,0.000000,0.000000,292,0.822535,0.541667,0.925538,0.486040,6.729518
411,2611131593328,1,xfeat_guided,temporal,23.099728,39.087270,4.398637,4.028261,0.000833,17.346879,16.980086,15.950834,1.719922,1.761004,600,600,62.186998,3.487426,1.986130,67.660554,384,347,347,0.903646,1.000000,0.000000,nan,0.000000,0.000000,0.000000,0.000000,0.000000,0,0.000000,0.000000,nan,nan,0.000000
411,2611131593328,1,orb_cpu,temporal,73.433361,70.657979,0.000000,0.000000,0.000000,0.000000,0.000000,0.000000,0.000000,0.000000,600,600,144.091340,10.082527,2.267590,156.441457,456,410,410,0.899123,0.520833,0.000000,nan,0.000000,0.000000,0.000000,0.000000,0.000000,0,0.000000,0.000000,nan,nan,0.000000
420,2612031624287,1,xfeat_star_coarse,stereo,23.354978,40.443107,4.756638,4.646054,0.000833,16.774336,16.827836,17.502838,1.769463,1.519754,600,600,41.066984,5.408890,0.927128,47.403002,384,384,384,1.000000,1.000000,0.000000,0.000000,0.000000,0.000000,0.000000,0.000000,0.000000,179,0.466146,0.916667,0.463083,-0.171728,29.581120
420,2612031624287,1,xfeat_star_fine,stereo,23.354978,40.443107,4.756638,4.646054,0.000833,16.774336,16.827836,17.502838,1.769463,1.519754,600,600,41.066984,5.408890,1.233879,61.306664,377,377,376,0.997347,1.000000,0.000000,1.666718,13.596911,0.606126,0.001459,9.429150,3.559551,237,0.628647,0.958333,0.637343,-0.015327,27.577489
420,2612031624287,1,orb_cpu,stereo,72.570858,75.568116,0.000000,0.000000,0.000000,0.000000,0.000000,0.000000,0.000000,0.000000,600,600,75.791450,21.571099,7.614437,104.976986,348,282,276,0.793103,0.520833,0.000000,3.455994,0.000000,0.000000,0.000000,0.000000,0.000000,265,0.761494,0.520833,0.916574,0.481715,6.694267
421,2612121617578,1,xfeat_star_coarse,stereo,22.395768,39.121728,4.719471,4.662262,0.000625,15.935125,15.929001,16.939420,1.746463,1.584754,600,600,39.521062,1.374921,0.482710,41.378693,368,368,368,1.000000,1.000000,0.000000,0.000000,0.000000,0.000000,0.000000,0.000000,0.000000,167,0.453804,0.916667,0.440603,-0.227223,6.773434
421,2612121617578,1,xfeat_star_fine,stereo,22.395768,39.121728,4.719471,4.662262,0.000625,15.935125,15.929001,16.939420,1.746463,1.584754,600,600,39.521062,1.374921,0.654001,55.427562,360,360,359,0.997222,1.000000,0.000000,1.760315,13.877578,0.303667,0.000542,10.680612,2.892424,211,0.586111,0.958333,0.639992,-0.101523,14.256996
421,2612121617578,1,orb_cpu,stereo,74.482071,77.196370,0.000000,0.000000,0.000000,0.000000,0.000000,0.000000,0.000000,0.000000,600,600,77.455955,10.677778,2.302714,90.436447,360,305,302,0.838889,0.541667,0.000000,3.399994,0.000000,0.000000,0.000000,0.000000,0.000000,289,0.802778,0.541667,0.920472,0.522237,6.833560
421,2612121617578,1,xfeat_guided,temporal,23.354978,22.395768,4.756638,4.719471,0.000833,0.000625,16.827836,15.929001,1.769463,1.746463,600,600,45.750746,3.329634,1.918755,50.999135,384,348,348,0.906250,0.958333,0.000000,nan,0.000000,0.000000,0.000000,0.000000,0.000000,0,0.000000,0.000000,nan,nan,0.000000
421,2612121617578,1,orb_cpu,temporal,72.570858,74.482071,0.000000,0.000000,0.000000,0.000000,0.000000,0.000000,0.000000,0.000000,600,600,147.052929,10.259819,3.005133,160.317881,445,382,382,0.858427,0.541667,1.199997,nan,0.000000,0.000000,0.000000,0.000000,0.000000,0,0.000000,0.000000,nan,nan,0.000000
430,2613021602579,1,xfeat_star_coarse,stereo,23.119602,39.999355,4.442886,4.402553,0.000792,16.795128,16.766419,17.378338,1.909255,1.423128,600,600,40.329773,1.391546,0.380667,42.101986,348,348,348,1.000000,1.000000,0.000000,0.000000,0.000000,0.000000,0.000000,0.000000,0.000000,156,0.448276,0.854167,0.441846,-0.243068,7.025936
430,2613021602579,1,xfeat_star_fine,stereo,23.119602,39.999355,4.442886,4.402553,0.000792,16.795128,16.766419,17.378338,1.909255,1.423128,600,600,40.329773,1.391546,0.311792,53.070140,337,337,334,0.991098,1.000000,0.000000,1.920670,11.037029,0.278000,0.000500,9.616109,1.142253,182,0.540059,0.875000,0.550451,-0.098727,8.948857
430,2613021602579,1,orb_cpu,stereo,71.294354,73.115609,0.000000,0.000000,0.000000,0.000000,0.000000,0.000000,0.000000,0.000000,600,600,73.388027,13.300452,3.197300,89.885779,335,281,275,0.820896,0.479167,0.000000,3.599991,0.000000,0.000000,0.000000,0.000000,0.000000,262,0.782090,0.479167,0.905740,0.499481,6.421975
431,2613201601995,1,xfeat_star_coarse,stereo,38.488559,22.973894,4.680220,4.618012,16.857919,0.000875,15.460916,16.835461,1.489337,1.519421,600,600,38.795394,1.656296,0.368626,40.820316,346,346,346,1.000000,1.000000,0.000000,0.000000,0.000000,0.000000,0.000000,0.000000,0.000000,164,0.473988,0.895833,0.478148,-0.132723,7.090643
431,2613201601995,1,xfeat_star_fine,stereo,38.488559,22.973894,4.680220,4.618012,16.857919,0.000875,15.460916,16.835461,1.489337,1.519421,600,600,38.795394,1.656296,0.306917,51.816637,334,334,332,0.994012,1.000000,0.000000,2.109856,11.058030,0.274376,0.000750,9.694275,1.088462,192,0.574850,0.937500,0.604529,-0.028010,6.476893
431,2613201601995,1,orb_cpu,stereo,72.180940,66.998510,0.000000,0.000000,0.000000,0.000000,0.000000,0.000000,0.000000,0.000000,600,600,72.440399,10.481361,4.154803,87.076563,325,265,259,0.796923,0.416667,0.000000,3.799988,0.000000,0.000000,0.000000,0.000000,0.000000,248,0.763077,0.416667,0.891612,0.394815,6.259849
431,2613201601995,1,xfeat_guided,temporal,23.119602,38.488559,4.442886,4.680220,0.000792,16.857919,16.766419,15.460916,1.909255,1.489337,600,600,61.608161,3.019633,2.828299,67.456093,357,305,305,0.854342,0.937500,0.000000,nan,0.000000,0.000000,0.000000,0.000000,0.000000,0,0.000000,0.000000,nan,nan,0.000000
431,2613201601995,1,orb_cpu,temporal,71.294354,72.180940,0.000000,0.000000,0.000000,0.000000,0.000000,0.000000,0.000000,0.000000,600,600,143.475294,10.052568,4.763554,158.291416,419,336,336,0.801909,0.458333,1.200005,nan,0.000000,0.000000,0.000000,0.000000,0.000000,0,0.000000,0.000000,nan,nan,0.000000
440,2614101615246,1,xfeat_star_coarse,stereo,23.093394,39.063561,4.702887,4.600720,0.001083,16.860711,16.870045,15.880417,1.519129,1.721546,600,600,39.673230,1.933880,1.225962,42.833072,356,356,356,1.000000,1.000000,0.000000,4.000000,0.000000,0.000000,0.000000,0.000000,0.000000,155,0.435393,0.854167,0.432512,-0.134045,27.358614
440,2614101615246,1,xfeat_star_fine,stereo,23.093394,39.063561,4.702887,4.600720,0.001083,16.860711,16.870045,15.880417,1.519129,1.721546,600,600,39.673230,1.933880,0.315834,53.159349,351,351,350,0.997151,1.000000,0.000000,3.136688,11.236405,0.657585,0.001375,9.395858,1.181045,190,0.541311,0.937500,0.552554,-0.068012,22.582226
440,2614101615246,1,orb_cpu,stereo,73.548735,76.082450,0.000000,0.000000,0.000000,0.000000,0.000000,0.000000,0.000000,0.000000,600,600,76.387909,21.466848,8.078605,105.933362,324,252,244,0.753086,0.479167,0.000000,4.000000,0.000000,0.000000,0.000000,0.000000,0.000000,234,0.722222,0.479167,0.892424,0.453566,6.278266
441,2614191603579,1,xfeat_star_coarse,stereo,38.947811,22.246809,4.687554,4.633346,15.910917,0.000916,16.699502,15.887042,1.649588,1.725255,600,600,39.304103,1.278170,0.295959,40.878232,343,343,343,1.000000,1.000000,0.000000,0.000000,0.000000,0.000000,0.000000,0.000000,0.000000,171,0.498542,0.854167,0.499786,-0.154113,5.585932
441,2614191603579,1,xfeat_star_fine,stereo,38.947811,22.246809,4.687554,4.633346,15.910917,0.000916,16.699502,15.887042,1.649588,1.725255,600,600,39.304103,1.278170,0.617502,54.423685,337,337,335,0.994065,0.979167,0.000000,2.314072,13.223910,0.265959,0.000584,10.244693,2.712549,199,0.590504,0.916667,0.592703,-0.029583,13.369994
441,2614191603579,1,orb_cpu,stereo,73.618819,76.597827,0.000000,0.000000,0.000000,0.000000,0.000000,0.000000,0.000000,0.000000,600,600,76.876911,19.246342,6.309517,102.432770,336,261,259,0.770833,0.437500,0.000000,4.000008,0.000000,0.000000,0.000000,0.000000,0.000000,253,0.752976,0.437500,0.880494,0.407808,6.434975
441,2614191603579,1,xfeat_guided,temporal,23.093394,38.947811,4.702887,4.687554,0.001083,15.910917,16.870045,16.699502,1.519129,1.649588,600,600,62.041205,2.933383,1.964546,66.939134,384,345,345,0.898438,1.000000,0.000000,nan,0.000000,0.000000,0.000000,0.000000,0.000000,0,0.000000,0.000000,nan,nan,0.000000
441,2614191603579,1,orb_cpu,temporal,73.548735,73.618819,0.000000,0.000000,0.000000,0.000000,0.000000,0.000000,0.000000,0.000000,600,600,147.167554,10.142693,3.374759,160.685006,463,400,400,0.863931,0.500000,1.200012,nan,0.000000,0.000000,0.000000,0.000000,0.000000,0,0.000000,0.000000,nan,nan,0.000000
450,2615091610705,1,xfeat_star_coarse,stereo,39.155145,23.287562,4.419928,4.380470,17.212795,0.000750,15.879167,17.191420,1.643046,1.714755,600,600,39.464187,1.533421,0.373959,41.371567,346,346,346,1.000000,1.000000,0.000000,8.000000,0.000000,0.000000,0.000000,0.000000,0.000000,153,0.442197,0.833333,0.444890,-0.112640,7.078727
450,2615091610705,1,xfeat_star_fine,stereo,39.155145,23.287562,4.419928,4.380470,17.212795,0.000750,15.879167,17.191420,1.643046,1.714755,600,600,39.464187,1.533421,0.310209,52.002304,341,341,341,1.000000,1.000000,0.000000,8.061813,10.694487,0.286168,0.000375,9.264608,1.143170,173,0.507331,0.875000,0.520219,-0.072361,6.558267
450,2615091610705,1,orb_cpu,stereo,71.996522,74.509779,0.000000,0.000000,0.000000,0.000000,0.000000,0.000000,0.000000,0.000000,600,600,75.048073,13.563494,13.126909,101.738476,332,236,232,0.698795,0.416667,0.287994,4.799988,0.000000,0.000000,0.000000,0.000000,0.000000,220,0.662651,0.416667,0.877940,0.406371,6.374683
451,2615181614371,1,xfeat_star_coarse,stereo,36.925639,20.857971,3.930594,3.893593,15.455915,0.000792,15.873292,15.432374,1.665213,1.531004,600,600,37.216306,1.510754,0.371917,39.098977,352,352,352,1.000000,1.000000,0.000000,8.000000,0.000000,0.000000,0.000000,0.000000,0.000000,150,0.426136,0.875000,0.402295,-0.137521,7.149644
451,2615181614371,1,xfeat_star_fine,stereo,36.925639,20.857971,3.930594,3.893593,15.455915,0.000792,15.873292,15.432374,1.665213,1.531004,600,600,37.216306,1.510754,0.314334,49.950631,343,343,340,0.991254,1.000000,0.000000,7.942837,10.909237,0.270168,0.000500,9.462484,1.175919,177,0.516035,0.916667,0.521058,-0.101983,6.370142
451,2615181614371,1,orb_cpu,stereo,66.445467,68.615472,0.000000,0.000000,0.000000,0.000000,0.000000,0.000000,0.000000,0.000000,600,600,68.945264,10.186944,8.787773,87.919981,323,236,223,0.690402,0.416667,0.000000,4.800003,0.000000,0.000000,0.000000,0.000000,0.000000,215,0.665635,0.395833,0.892069,0.393415,6.176141
451,2615181614371,1,xfeat_guided,temporal,39.155145,36.925639,4.419928,3.930594,17.212795,15.455915,15.879167,15.873292,1.643046,1.665213,600,600,76.080784,3.169925,3.633843,82.884552,368,308,308,0.836957,0.937500,0.000000,nan,0.000000,0.000000,0.000000,0.000000,0.000000,0,0.000000,0.000000,nan,nan,0.000000
451,2615181614371,1,orb_cpu,temporal,71.996522,66.445467,0.000000,0.000000,0.000000,0.000000,0.000000,0.000000,0.000000,0.000000,600,600,138.441989,10.071693,3.932927,152.446609,442,375,375,0.848416,0.458333,2.000000,nan,0.000000,0.000000,0.000000,0.000000,0.000000,0,0.000000,0.000000,nan,nan,0.000000
460,2616171608872,1,xfeat_star_coarse,stereo,22.742101,38.780060,4.706804,4.620595,0.000875,16.519085,16.505460,15.899125,1.528796,1.741130,600,600,39.364770,1.302878,0.302375,40.970023,351,351,351,1.000000,1.000000,0.000000,8.000000,0.000000,0.000000,0.000000,0.000000,0.000000,180,0.512821,0.854167,0.517311,-0.086258,20.989056
460,2616171608872,1,xfeat_star_fine,stereo,22.742101,38.780060,4.706804,4.620595,0.000875,16.519085,16.505460,15.899125,1.528796,1.741130,600,600,39.364770,1.302878,0.313959,52.207720,336,336,333,0.991071,1.000000,0.000000,8.229645,11.226113,0.665002,0.001459,9.367899,1.191128,192,0.571429,0.875000,0.560109,-0.139735,19.126800
460,2616171608872,1,orb_cpu,stereo,70.654393,72.957358,0.000000,0.000000,0.000000,0.000000,0.000000,0.000000,0.000000,0.000000,600,600,73.239651,20.465928,16.520585,110.226164,303,211,209,0.689769,0.458333,0.288002,4.976654,0.000000,0.000000,0.000000,0.000000,0.000000,202,0.666667,0.458333,0.865533,0.321887,5.921557
461,2616261654247,1,xfeat_star_coarse,stereo,38.926102,22.209058,4.663262,4.588970,15.886667,0.000792,16.818128,15.864666,1.557795,1.754380,600,600,39.258728,1.280837,0.311043,40.850608,340,340,340,1.000000,1.000000,0.000000,8.000000,0.000000,0.000000,0.000000,0.000000,0.000000,161,0.473529,0.916667,0.479259,-0.138024,6.291433
461,2616261654247,1,xfeat_star_fine,stereo,38.926102,22.209058,4.663262,4.588970,15.886667,0.000792,16.818128,15.864666,1.557795,1.754380,600,600,39.258728,1.280837,0.624001,54.805352,328,328,327,0.996951,1.000000,0.000000,8.195778,13.641786,0.281709,0.000500,10.689111,2.670299,168,0.512195,0.916667,0.524543,-0.107076,13.041993
461,2616261654247,1,orb_cpu,stereo,70.057976,72.364398,0.000000,0.000000,0.000000,0.000000,0.000000,0.000000,0.000000,0.000000,600,600,72.610316,19.095175,16.452543,108.158034,291,193,187,0.642612,0.375000,0.576004,5.183990,0.000000,0.000000,0.000000,0.000000,0.000000,175,0.601375,0.375000,0.876210,0.368045,5.596806
461,2616261654247,1,xfeat_guided,temporal,22.742101,38.926102,4.706804,4.663262,0.000875,15.886667,16.505460,16.818128,1.528796,1.557795,600,600,61.668203,3.114509,3.585676,68.368388,351,289,289,0.823362,0.916667,0.000000,nan,0.000000,0.000000,0.000000,0.000000,0.000000,0,0.000000,0.000000,nan,nan,0.000000
461,2616261654247,1,orb_cpu,temporal,70.654393,70.057976,0.000000,0.000000,0.000000,0.000000,0.000000,0.000000,0.000000,0.000000,600,600,140.712369,10.275360,3.483092,154.470821,434,357,357,0.822581,0.520833,3.000000,nan,0.000000,0.000000,0.000000,0.000000,0.000000,0,0.000000,0.000000,nan,nan,0.000000
470,2617161630789,1,xfeat_star_coarse,stereo,21.664931,38.396767,3.932218,3.888760,0.000958,15.881792,15.864833,17.132878,1.866713,1.493087,600,600,38.738560,1.669713,0.353751,40.762024,341,341,341,1.000000,1.000000,0.000000,8.000000,0.000000,0.000000,0.000000,0.000000,0.000000,172,0.504399,0.916667,0.512408,-0.149128,6.938393
470,2617161630789,1,xfeat_star_fine,stereo,21.664931,38.396767,3.932218,3.888760,0.000958,15.881792,15.864833,17.132878,1.866713,1.493087,600,600,38.738560,1.669713,0.306001,51.515010,324,324,324,1.000000,1.000000,0.000000,8.706032,10.800736,0.290709,0.000541,9.392025,1.117294,172,0.530864,0.895833,0.561251,-0.091846,9.698067
470,2617161630789,1,orb_cpu,stereo,70.409184,72.121355,0.000000,0.000000,0.000000,0.000000,0.000000,0.000000,0.000000,0.000000,600,600,72.568107,17.922672,16.854670,107.345449,292,194,191,0.654110,0.437500,0.959995,5.183990,0.000000,0.000000,0.000000,0.000000,0.000000,182,0.623288,0.437500,0.883723,0.221555,5.716931
471,2617251651414,1,xfeat_star_coarse,stereo,21.563306,38.095058,3.939552,3.899219,0.001042,15.859500,15.835458,16.580335,1.787046,1.755796,600,600,38.440142,1.694005,0.366876,40.501023,352,352,352,1.000000,1.000000,0.000000,8.000000,0.000000,0.000000,0.000000,0.000000,0.000000,200,0.568182,0.875000,0.585397,-0.063125,7.092894
471,2617251651414,1,xfeat_star_fine,stereo,21.563306,38.095058,3.939552,3.899219,0.001042,15.859500,15.835458,16.580335,1.787046,1.755796,600,600,38.440142,1.694005,0.316626,51.383677,343,343,340,0.991254,1.000000,0.000000,8.704609,10.932904,0.427876,0.000833,9.336941,1.167087,190,0.553936,0.875000,0.589793,-0.061425,10.280027
471,2617251651414,1,orb_cpu,stereo,67.219968,68.718180,0.000000,0.000000,0.000000,0.000000,0.000000,0.000000,0.000000,0.000000,600,600,68.986140,18.350173,30.082204,117.418517,272,168,152,0.558824,0.375000,0.586586,4.976654,0.000000,0.000000,0.000000,0.000000,0.000000,144,0.529412,0.375000,0.884830,0.082483,5.256847
471,2617251651414,1,xfeat_guided,temporal,21.664931,21.563306,3.932218,3.939552,0.000958,0.001042,15.864833,15.835458,1.866713,1.787046,600,600,43.228237,3.121925,3.836885,50.187047,368,298,298,0.809783,0.895833,0.000000,nan,0.000000,0.000000,0.000000,0.000000,0.000000,0,0.000000,0.000000,nan,nan,0.000000
471,2617251651414,1,orb_cpu,temporal,70.409184,67.219968,0.000000,0.000000,0.000000,0.000000,0.000000,0.000000,0.000000,0.000000,600,600,137.629152,8.028480,4.673221,150.330853,410,323,323,0.787805,0.458333,1.727997,nan,0.000000,0.000000,0.000000,0.000000,0.000000,0,0.000000,0.000000,nan,nan,0.000000
480,2618151625790,1,xfeat_star_coarse,stereo,20.923722,36.346012,3.950094,3.898052,0.000958,15.495832,15.474708,15.477499,1.497712,1.474504,600,600,36.730638,1.600380,0.309501,38.640519,348,348,348,1.000000,0.979167,0.000000,8.000000,0.000000,0.000000,0.000000,0.000000,0.000000,199,0.571839,0.833333,0.600895,-0.030391,22.698310
480,2618151625790,1,xfeat_star_fine,stereo,20.923722,36.346012,3.950094,3.898052,0.000958,15.495832,15.474708,15.477499,1.497712,1.474504,600,600,36.730638,1.600380,0.308709,49.741423,333,333,332,0.996997,0.979167,0.000000,8.891541,11.101696,0.560335,0.003000,9.397150,1.140628,191,0.573574,0.833333,0.604726,-0.025640,16.460626
480,2618151625790,1,orb_cpu,stereo,71.386812,73.923985,0.000000,0.000000,0.000000,0.000000,0.000000,0.000000,0.000000,0.000000,600,600,74.246652,24.869731,20.303678,119.420061,301,209,202,0.671096,0.333333,0.000000,5.760010,0.000000,0.000000,0.000000,0.000000,0.000000,192,0.637874,0.333333,0.878957,0.006579,5.947391
481,2618331621415,1,xfeat_star_coarse,stereo,22.252141,38.946560,4.696137,4.611179,0.000708,15.881209,15.872166,16.817210,1.682963,1.636754,600,600,39.343311,1.533629,0.229168,41.106108,347,347,347,1.000000,1.000000,0.000000,8.000000,0.000000,0.000000,0.000000,0.000000,0.000000,200,0.576369,0.833333,0.603750,-0.063768,6.021015
481,2618331621415,1,xfeat_star_fine,stereo,22.252141,38.946560,4.696137,4.611179,0.000708,15.881209,15.872166,16.817210,1.682963,1.636754,600,600,39.343311,1.533629,0.621001,55.175393,340,340,339,0.997059,1.000000,0.000000,8.931396,13.677452,0.254584,0.000834,10.670903,2.750965,204,0.600000,0.854167,0.611069,-0.037626,13.377119
481,2618331621415,1,orb_cpu,stereo,71.975438,72.702232,0.000000,0.000000,0.000000,0.000000,0.000000,0.000000,0.000000,0.000000,600,600,72.971566,10.744695,14.914622,98.630883,287,190,188,0.655052,0.375000,0.400009,5.760010,0.000000,0.000000,0.000000,0.000000,0.000000,175,0.609756,0.375000,0.876059,0.280386,5.517973
481,2618331621415,1,xfeat_guided,temporal,20.923722,22.252141,3.950094,4.696137,0.000958,0.000708,15.474708,15.872166,1.497712,1.682963,600,600,43.175863,3.255050,1.075170,47.506083,354,334,334,0.943503,1.000000,0.000000,nan,0.000000,0.000000,0.000000,0.000000,0.000000,0,0.000000,0.000000,nan,nan,0.000000
481,2618331621415,1,orb_cpu,temporal,71.386812,71.975438,0.000000,0.000000,0.000000,0.000000,0.000000,0.000000,0.000000,0.000000,600,600,143.362250,9.096941,2.150631,154.609822,428,375,375,0.876168,0.416667,1.000000,nan,0.000000,0.000000,0.000000,0.000000,0.000000,0,0.000000,0.000000,nan,nan,0.000000
490,2619231633707,1,xfeat_star_coarse,stereo,38.411100,21.607848,3.962802,3.920969,16.057584,0.000708,16.883419,16.035958,1.507129,1.650088,600,600,38.715351,2.020630,0.380792,41.116773,380,380,380,1.000000,1.000000,0.000000,8.000000,0.000000,0.000000,0.000000,0.000000,0.000000,253,0.665789,0.916667,0.691768,-0.025912,7.724521
490,2619231633707,1,xfeat_star_fine,stereo,38.411100,21.607848,3.962802,3.920969,16.057584,0.000708,16.883419,16.035958,1.507129,1.650088,600,600,38.715351,2.020630,0.390460,51.919511,370,370,370,1.000000,1.000000,0.000000,8.580460,10.793070,0.268750,0.000500,9.271941,1.251670,246,0.664865,0.895833,0.712395,0.020054,14.441496
490,2619231633707,1,orb_cpu,stereo,74.587570,75.274822,0.000000,0.000000,0.000000,0.000000,0.000000,0.000000,0.000000,0.000000,600,600,75.739656,19.121758,8.961565,103.822979,273,198,197,0.721612,0.437500,0.000000,4.788773,0.000000,0.000000,0.000000,0.000000,0.000000,182,0.666667,0.437500,0.870881,0.395277,5.265264
491,2619321627082,1,xfeat_star_coarse,stereo,37.988057,21.370097,3.885927,3.847385,15.900083,0.000792,16.740794,15.877625,1.461128,1.644212,600,600,38.289433,1.946963,0.358460,40.594856,369,369,369,1.000000,1.000000,0.000000,8.000000,0.000000,0.000000,0.000000,0.000000,0.000000,264,0.715447,0.937500,0.761996,0.057543,7.325852
491,2619321627082,1,xfeat_star_fine,stereo,37.988057,21.370097,3.885927,3.847385,15.900083,0.000792,16.740794,15.877625,1.461128,1.644212,600,600,38.289433,1.946963,0.350209,51.489716,354,354,353,0.997175,1.000000,0.000000,8.567593,10.903111,0.393167,0.000833,9.271316,1.237628,242,0.683616,0.916667,0.761007,0.056385,7.097102
491,2619321627082,1,orb_cpu,stereo,69.909516,71.010519,0.000000,0.000000,0.000000,0.000000,0.000000,0.000000,0.000000,0.000000,600,600,71.261186,10.289819,16.311459,97.862464,278,194,193,0.694245,0.416667,0.000000,4.780823,0.000000,0.000000,0.000000,0.000000,0.000000,188,0.676259,0.416667,0.874116,0.421387,5.392514
491,2619321627082,1,xfeat_guided,temporal,38.411100,37.988057,3.962802,3.885927,16.057584,15.900083,16.883419,16.740794,1.507129,1.461128,600,600,76.399157,3.862052,4.571720,84.832929,354,286,286,0.807910,0.937500,0.000000,nan,0.000000,0.000000,0.000000,0.000000,0.000000,0,0.000000,0.000000,nan,nan,0.000000
491,2619321627082,1,orb_cpu,temporal,74.587570,69.909516,0.000000,0.000000,0.000000,0.000000,0.000000,0.000000,0.000000,0.000000,600,600,144.497086,10.051609,2.242548,156.791243,390,336,336,0.861538,0.458333,1.727997,nan,0.000000,0.000000,0.000000,0.000000,0.000000,0,0.000000,0.000000,nan,nan,0.000000
500,2620221624874,0,xfeat_star_coarse,stereo,22.925143,40.563689,4.744929,4.643679,0.000958,16.519752,16.503876,17.990047,1.675130,1.410045,600,600,41.196608,1.622087,0.308001,43.126696,379,379,379,1.000000,1.000000,0.000000,8.000000,0.000000,0.000000,0.000000,0.000000,0.000000,210,0.554090,0.916667,0.560053,-0.051123,20.098552
500,2620221624874,0,xfeat_star_fine,stereo,22.925143,40.563689,4.744929,4.643679,0.000958,16.519752,16.503876,17.990047,1.675130,1.410045,600,600,41.196608,1.622087,0.318918,54.402350,370,370,369,0.997297,0.979167,0.000000,8.632355,11.264737,0.597501,0.001292,9.379524,1.285920,217,0.586486,0.895833,0.611493,-0.096582,19.068924
500,2620221624874,0,orb_cpu,stereo,73.751192,75.418072,0.000000,0.000000,0.000000,0.000000,0.000000,0.000000,0.000000,0.000000,600,600,75.706405,20.347553,10.196735,106.250693,252,179,179,0.710317,0.458333,0.000000,5.971985,0.000000,0.000000,0.000000,0.000000,0.000000,167,0.662698,0.458333,0.854942,0.073154,4.972971
501,2620311640082,0,xfeat_star_coarse,stereo,21.619848,37.664474,4.673971,4.619137,0.001000,15.469207,15.464832,15.891541,1.479754,1.684255,600,600,38.052641,3.423967,0.493835,41.970443,366,366,366,1.000000,1.000000,0.000000,8.000000,0.000000,0.000000,0.000000,0.000000,0.000000,193,0.527322,0.937500,0.531572,-0.085521,14.202870
501,2620311640082,0,xfeat_star_fine,stereo,21.619848,37.664474,4.673971,4.619137,0.001000,15.469207,15.464832,15.891541,1.479754,1.684255,600,600,38.052641,3.423967,0.652501,53.456389,358,358,358,1.000000,1.000000,0.000000,8.688442,11.327280,0.392209,0.000834,9.325357,1.608630,198,0.553073,0.916667,0.574349,-0.087399,14.074579
501,2620311640082,0,orb_cpu,stereo,75.088488,77.275118,0.000000,0.000000,0.000000,0.000000,0.000000,0.000000,0.000000,0.000000,600,600,77.545535,17.343087,16.470418,111.359040,240,158,155,0.645833,0.416667,0.345589,5.184006,0.000000,0.000000,0.000000,0.000000,0.000000,150,0.625000,0.416667,0.852683,0.160102,4.799221
501,2620311640082,0,xfeat_guided,temporal,22.925143,21.619848,4.744929,4.673971,0.000958,0.001000,16.503876,15.464832,1.675130,1.479754,600,600,44.544991,3.360383,5.077347,52.982721,344,275,275,0.799419,1.000000,0.000000,nan,0.000000,0.000000,0.000000,0.000000,0.000000,0,0.000000,0.000000,nan,nan,0.000000
501,2620311640082,0,orb_cpu,temporal,73.751192,75.088488,0.000000,0.000000,0.000000,0.000000,0.000000,0.000000,0.000000,0.000000,600,600,148.839680,9.491566,3.622259,161.953505,384,308,308,0.802083,0.583333,1.000000,nan,0.000000,0.000000,0.000000,0.000000,0.000000,0,0.000000,0.000000,nan,nan,0.000000
510,2621211645708,0,xfeat_star_coarse,stereo,23.000226,38.951435,3.960427,3.896635,0.000875,17.518129,17.497920,15.860041,1.540712,1.676380,600,600,39.306644,1.720129,0.360917,41.387690,363,363,363,1.000000,0.979167,0.000000,8.000000,0.000000,0.000000,0.000000,0.000000,0.000000,183,0.504132,0.895833,0.516850,-0.071892,7.528645
510,2621211645708,0,xfeat_star_fine,stereo,23.000226,38.951435,3.960427,3.896635,0.000875,17.518129,17.497920,15.860041,1.540712,1.676380,600,600,39.306644,1.720129,0.651210,53.016763,352,352,350,0.994318,0.979167,0.000000,8.900162,11.338780,0.281876,0.000709,9.283399,1.772630,184,0.522727,0.895833,0.564946,-0.094755,14.060037
510,2621211645708,0,orb_cpu,stereo,70.264641,72.377814,0.000000,0.000000,0.000000,0.000000,0.000000,0.000000,0.000000,0.000000,600,600,72.905065,10.218151,8.898190,92.021406,298,216,212,0.711409,0.354167,0.000000,4.800003,0.000000,0.000000,0.000000,0.000000,0.000000,193,0.647651,0.354167,0.878307,0.363561,5.700432
511,2621391656083,0,xfeat_star_coarse,stereo,36.384636,20.972513,4.037677,3.932885,15.433291,0.000917,15.435581,15.442831,1.478004,1.595713,600,600,36.715596,1.717213,0.386626,38.819435,356,356,356,1.000000,1.000000,0.000000,8.000000,0.000000,0.000000,0.000000,0.000000,0.000000,187,0.525281,0.833333,0.528060,-0.080871,7.302811
511,2621391656083,0,xfeat_star_fine,stereo,36.384636,20.972513,4.037677,3.932885,15.433291,0.000917,15.435581,15.442831,1.478004,1.595713,600,600,36.715596,1.717213,0.635210,50.396590,343,343,343,1.000000,1.000000,0.000000,8.826599,11.328571,0.254792,0.000708,9.504192,1.568712,186,0.542274,0.812500,0.540465,-0.082679,13.665786
511,2621391656083,0,orb_cpu,stereo,68.874471,70.853768,0.000000,0.000000,0.000000,0.000000,0.000000,0.000000,0.000000,0.000000,600,600,71.149394,19.773844,8.653939,99.577177,297,217,213,0.717172,0.354167,0.000000,4.561951,0.000000,0.000000,0.000000,0.000000,0.000000,205,0.690236,0.354167,0.883510,0.228373,5.737807
511,2621391656083,0,xfeat_guided,temporal,23.000226,36.384636,3.960427,4.037677,0.000875,15.433291,17.497920,15.435581,1.540712,1.478004,600,600,59.384862,3.004550,6.066974,68.456386,263,201,201,0.764259,0.875000,0.000000,nan,0.000000,0.000000,0.000000,0.000000,0.000000,0,0.000000,0.000000,nan,nan,0.000000
511,2621391656083,0,orb_cpu,temporal,70.264641,68.874471,0.000000,0.000000,0.000000,0.000000,0.000000,0.000000,0.000000,0.000000,600,600,139.139112,10.064692,6.567475,155.771279,373,283,283,0.758713,0.395833,1.000000,nan,0.000000,0.000000,0.000000,0.000000,0.000000,0,0.000000,0.000000,nan,nan,0.000000
520,2622291640458,0,xfeat_star_coarse,stereo,23.064434,38.399350,4.744887,4.620887,0.000750,16.783461,16.763293,15.462373,1.555337,1.532379,600,600,39.050185,1.285003,0.244084,40.579272,364,364,364,1.000000,0.979167,0.000000,8.000000,0.000000,0.000000,0.000000,0.000000,0.000000,189,0.519231,0.875000,0.517818,-0.153022,24.576314
520,2622291640458,0,xfeat_star_fine,stereo,23.064434,38.399350,4.744887,4.620887,0.000750,16.783461,16.763293,15.462373,1.555337,1.532379,600,600,39.050185,1.285003,0.250501,51.800260,354,354,354,1.000000,0.958333,0.000000,8.695095,11.214571,0.610752,0.001750,9.367900,1.233503,193,0.545198,0.854167,0.543659,-0.180907,24.263646
520,2622291640458,0,orb_cpu,stereo,69.582348,70.486267,0.000000,0.000000,0.000000,0.000000,0.000000,0.000000,0.000000,0.000000,600,600,70.762976,20.087261,11.537072,102.387309,310,237,234,0.754839,0.270833,0.000000,4.319992,0.000000,0.000000,0.000000,0.000000,0.000000,222,0.716129,0.270833,0.862986,0.157129,5.945391
521,2622381647208,0,xfeat_star_coarse,stereo,39.249435,22.244642,4.694470,4.644637,15.897749,0.001000,17.053462,15.874000,1.603462,1.724630,600,600,39.615145,1.234837,0.239543,41.089525,362,362,362,1.000000,1.000000,0.000000,8.000000,0.000000,0.000000,0.000000,0.000000,0.000000,192,0.530387,0.833333,0.547834,-0.135634,6.824101
521,2622381647208,0,xfeat_star_fine,stereo,39.249435,22.244642,4.694470,4.644637,15.897749,0.001000,17.053462,15.874000,1.603462,1.724630,600,600,39.615145,1.234837,0.685335,55.332644,350,350,350,1.000000,1.000000,0.000000,8.683403,13.797327,0.290000,0.000833,10.662361,2.843966,196,0.560000,0.854167,0.579323,-0.184678,13.735202
521,2622381647208,0,orb_cpu,stereo,65.348003,68.710637,0.000000,0.000000,0.000000,0.000000,0.000000,0.000000,0.000000,0.000000,600,600,68.954805,18.114714,6.112016,93.181535,324,249,246,0.759259,0.291667,0.000000,4.147186,0.000000,0.000000,0.000000,0.000000,0.000000,228,0.703704,0.291667,0.852914,0.362040,5.359014
521,2622381647208,0,xfeat_guided,temporal,23.064434,39.249435,4.744887,4.694470,0.000750,15.897749,16.763293,17.053462,1.555337,1.603462,600,600,62.313869,2.689757,4.404511,69.408137,340,266,266,0.782353,0.875000,0.000000,nan,0.000000,0.000000,0.000000,0.000000,0.000000,0,0.000000,0.000000,nan,nan,0.000000
521,2622381647208,0,orb_cpu,temporal,69.582348,65.348003,0.000000,0.000000,0.000000,0.000000,0.000000,0.000000,0.000000,0.000000,600,600,134.930351,11.189821,4.248552,150.368724,360,290,290,0.805556,0.312500,1.439972,nan,0.000000,0.000000,0.000000,0.000000,0.000000,0,0.000000,0.000000,nan,nan,0.000000
530,2623281631334,0,xfeat_star_coarse,stereo,49.294753,33.012961,14.438954,14.276037,17.243836,0.000666,15.861375,17.223628,1.750046,1.512088,600,600,49.719045,1.671379,0.381043,51.771467,384,384,384,1.000000,1.000000,0.000000,8.000000,0.000000,0.000000,0.000000,0.000000,0.000000,206,0.536458,0.916667,0.550077,-0.119066,7.574644
530,2623281631334,0,xfeat_star_fine,stereo,49.294753,33.012961,14.438954,14.276037,17.243836,0.000666,15.861375,17.223628,1.750046,1.512088,600,600,49.719045,1.671379,0.651960,62.847954,374,374,374,1.000000,1.000000,0.000000,8.730972,10.805570,0.274459,0.000666,9.272816,1.257462,212,0.566845,0.895833,0.580937,-0.218116,14.480746
530,2623281631334,0,orb_cpu,stereo,68.167885,70.193640,0.000000,0.000000,0.000000,0.000000,0.000000,0.000000,0.000000,0.000000,600,600,70.660892,20.135927,12.267907,103.064726,296,207,199,0.672297,0.270833,0.319992,4.888321,0.000000,0.000000,0.000000,0.000000,0.000000,188,0.635135,0.270833,0.822029,-0.065878,5.597348
531,2623371634875,0,xfeat_star_coarse,stereo,22.957934,40.177563,4.425845,4.379679,0.000833,16.799960,16.781002,17.416212,1.750004,1.581546,600,600,40.528688,1.425670,0.323835,42.278193,378,378,378,1.000000,0.979167,0.000000,8.000000,0.000000,0.000000,0.000000,0.000000,0.000000,195,0.515873,0.895833,0.525505,-0.218699,7.027726
531,2623371634875,0,xfeat_star_fine,stereo,22.957934,40.177563,4.425845,4.379679,0.000833,16.799960,16.781002,17.416212,1.750004,1.581546,600,600,40.528688,1.425670,0.669919,56.551438,368,368,368,1.000000,0.979167,0.000000,8.821701,13.927161,0.295959,0.000834,10.663444,2.966758,208,0.565217,0.854167,0.574593,-0.219172,14.502621
531,2623371634875,0,orb_cpu,stereo,69.887640,71.982270,0.000000,0.000000,0.000000,0.000000,0.000000,0.000000,0.000000,0.000000,600,600,72.243730,16.397210,12.366324,101.007264,288,201,174,0.604167,0.270833,0.288006,5.000000,0.000000,0.000000,0.000000,0.000000,0.000000,159,0.552083,0.270833,0.851144,-0.016960,5.525014
531,2623371634875,0,xfeat_guided,temporal,49.294753,22.957934,14.438954,4.425845,17.243836,0.000833,15.861375,16.781002,1.750046,1.750004,600,600,72.252687,3.445967,4.634053,80.332707,371,299,299,0.805930,0.875000,0.000000,nan,0.000000,0.000000,0.000000,0.000000,0.000000,0,0.000000,0.000000,nan,nan,0.000000
531,2623371634875,0,orb_cpu,temporal,68.167885,69.887640,0.000000,0.000000,0.000000,0.000000,0.000000,0.000000,0.000000,0.000000,600,600,138.055525,10.445402,3.828469,152.329396,372,307,307,0.825269,0.312500,2.540169,nan,0.000000,0.000000,0.000000,0.000000,0.000000,0,0.000000,0.000000,nan,nan,0.000000
540,2624361630126,1,xfeat_star_coarse,stereo,39.260935,22.912893,4.736137,4.590637,16.833293,0.000875,15.980167,16.814794,1.711171,1.506421,600,600,39.729103,1.416837,0.314667,41.460607,377,377,377,1.000000,1.000000,0.000000,8.000000,0.000000,0.000000,0.000000,0.000000,0.000000,242,0.641910,0.895833,0.660175,0.022626,17.185628
540,2624361630126,1,xfeat_star_fine,stereo,39.260935,22.912893,4.736137,4.590637,16.833293,0.000875,15.980167,16.814794,1.711171,1.506421,600,600,39.729103,1.416837,0.705502,53.094846,369,369,368,0.997290,0.979167,0.000000,8.943756,11.243404,0.598585,0.001458,9.388274,1.254462,232,0.628726,0.875000,0.621383,-0.214160,26.078568
540,2624361630126,1,orb_cpu,stereo,69.119846,71.343685,0.000000,0.000000,0.000000,0.000000,0.000000,0.000000,0.000000,0.000000,600,600,71.644895,20.100010,10.542736,102.287641,289,215,212,0.733564,0.250000,0.000000,5.971985,0.000000,0.000000,0.000000,0.000000,0.000000,197,0.681661,0.250000,0.887351,0.196796,5.527931
541,2624451647501,1,xfeat_star_coarse,stereo,22.325100,38.827559,4.668137,4.616346,0.000708,15.993792,15.987625,16.573209,1.668421,1.644004,600,600,39.289060,3.026424,0.487001,42.802485,374,374,374,1.000000,0.979167,0.000000,8.000000,0.000000,0.000000,0.000000,0.000000,0.000000,220,0.588235,0.833333,0.620595,-0.060290,14.782830
541,2624451647501,1,xfeat_star_fine,stereo,22.325100,38.827559,4.668137,4.616346,0.000708,15.993792,15.987625,16.573209,1.668421,1.644004,600,600,39.289060,3.026424,0.654460,54.119556,363,363,362,0.997245,0.979167,0.000000,8.939857,11.149612,0.372918,0.000750,9.352441,1.423253,217,0.597796,0.854167,0.633755,-0.195575,14.431246
541,2624451647501,1,orb_cpu,stereo,69.076804,71.370477,0.000000,0.000000,0.000000,0.000000,0.000000,0.000000,0.000000,0.000000,600,600,71.625103,13.511451,4.017927,89.154481,285,224,220,0.771930,0.250000,0.000000,5.971970,0.000000,0.000000,0.000000,0.000000,0.000000,193,0.677193,0.250000,0.884906,0.078337,4.985763
541,2624451647501,1,xfeat_guided,temporal,39.260935,22.325100,4.736137,4.668137,16.833293,0.000708,15.980167,15.987625,1.711171,1.668421,600,600,61.586035,3.606134,6.364808,71.556977,378,292,292,0.772487,0.916667,0.000000,nan,0.000000,0.000000,0.000000,0.000000,0.000000,0,0.000000,0.000000,nan,nan,0.000000
541,2624451647501,1,orb_cpu,temporal,69.119846,69.076804,0.000000,0.000000,0.000000,0.000000,0.000000,0.000000,0.000000,0.000000,600,600,138.196650,11.922948,6.755143,156.874741,372,282,282,0.758065,0.208333,2.399994,nan,0.000000,0.000000,0.000000,0.000000,0.000000,0,0.000000,0.000000,nan,nan,0.000000
550,2625351641793,1,xfeat_star_coarse,stereo,23.141310,40.100062,4.410803,4.350095,0.000833,16.916336,16.897794,17.432378,1.831588,1.401087,600,600,40.457730,1.495129,0.414126,42.366985,384,384,384,1.000000,1.000000,0.000000,8.000000,0.000000,0.000000,0.000000,0.000000,0.000000,248,0.645833,0.833333,0.717687,-0.054469,6.964351
550,2625351641793,1,xfeat_star_fine,stereo,23.141310,40.100062,4.410803,4.350095,0.000833,16.916336,16.897794,17.432378,1.831588,1.401087,600,600,40.457730,1.495129,0.247709,53.514930,380,380,380,1.000000,1.000000,0.000000,9.165848,11.314362,0.290375,0.000625,9.765734,1.257503,236,0.621053,0.854167,0.690130,-0.072113,6.111183
550,2625351641793,1,orb_cpu,stereo,71.543185,72.124603,0.000000,0.000000,0.000000,0.000000,0.000000,0.000000,0.000000,0.000000,600,600,72.607313,9.581942,5.573973,87.763228,315,246,244,0.774603,0.291667,0.000000,2.000000,0.000000,0.000000,0.000000,0.000000,0.000000,229,0.726984,0.291667,0.874914,0.298262,5.912849
551,2625441641585,1,xfeat_star_coarse,stereo,36.388761,20.822429,3.884719,3.835343,15.560540,0.000709,15.511582,15.541832,1.431712,1.444420,600,600,36.708762,1.802754,0.376835,38.888351,368,368,368,1.000000,0.979167,0.000000,8.000000,0.000000,0.000000,0.000000,0.000000,0.000000,244,0.663043,0.833333,0.709963,-0.069690,7.314935
551,2625441641585,1,xfeat_star_fine,stereo,36.388761,20.822429,3.884719,3.835343,15.560540,0.000709,15.511582,15.541832,1.431712,1.444420,600,600,36.708762,1.802754,0.685002,50.319338,361,361,359,0.994460,0.979167,0.000000,9.143799,11.122820,0.242750,0.000458,9.321858,1.557545,223,0.617729,0.937500,0.669969,-0.044418,14.112995
551,2625441641585,1,orb_cpu,stereo,72.857730,73.933816,0.000000,0.000000,0.000000,0.000000,0.000000,0.000000,0.000000,0.000000,600,600,74.217109,10.236735,4.777804,89.231648,338,270,267,0.789941,0.270833,0.000000,2.000000,0.000000,0.000000,0.000000,0.000000,0.000000,252,0.745562,0.250000,0.892662,0.336049,6.428392
551,2625441641585,1,xfeat_guided,temporal,23.141310,36.388761,4.410803,3.884719,0.000833,15.560540,16.897794,15.511582,1.831588,1.431712,600,600,59.530071,3.345634,5.726723,68.602428,377,301,301,0.798408,0.791667,0.000000,nan,0.000000,0.000000,0.000000,0.000000,0.000000,0,0.000000,0.000000,nan,nan,0.000000
551,2625441641585,1,orb_cpu,temporal,71.543185,72.857730,0.000000,0.000000,0.000000,0.000000,0.000000,0.000000,0.000000,0.000000,600,600,144.400915,9.146524,3.282259,156.829698,376,306,306,0.813830,0.333333,1.200012,nan,0.000000,0.000000,0.000000,0.000000,0.000000,0,0.000000,0.000000,nan,nan,0.000000
560,2626341651877,1,xfeat_star_coarse,stereo,39.264268,23.225560,4.690179,4.670595,17.009460,0.000667,15.885208,16.990293,1.679254,1.563838,600,600,39.836520,5.925474,1.340878,47.102872,384,384,384,1.000000,1.000000,0.000000,8.000000,0.000000,0.000000,0.000000,0.000000,0.000000,252,0.656250,0.854167,0.684796,-0.000435,28.973117
560,2626341651877,1,xfeat_star_fine,stereo,39.264268,23.225560,4.690179,4.670595,17.009460,0.000667,15.885208,16.990293,1.679254,1.563838,600,600,39.836520,5.925474,0.326126,59.864198,376,376,376,1.000000,1.000000,0.000000,9.108292,13.776078,0.542585,0.000792,11.980739,1.251629,250,0.664894,0.854167,0.695546,0.015903,6.055016
560,2626341651877,1,orb_cpu,stereo,72.883230,68.817303,0.000000,0.000000,0.000000,0.000000,0.000000,0.000000,0.000000,0.000000,587,586,73.141480,16.802627,6.651684,96.595791,327,257,255,0.779817,0.333333,0.000000,2.000000,0.000000,0.000000,0.000000,0.000000,0.000000,245,0.749235,0.333333,0.889629,0.336264,6.250683
561,2626521639835,1,xfeat_star_coarse,stereo,22.625600,39.044685,4.685179,4.645137,0.001417,15.952958,15.946916,16.783627,1.991922,1.662838,600,600,39.445477,1.452295,0.304542,41.202314,369,369,369,1.000000,1.000000,0.000000,8.000000,0.000000,0.000000,0.000000,0.000000,0.000000,261,0.707317,0.937500,0.729630,0.141514,6.277058
561,2626521639835,1,xfeat_star_fine,stereo,22.625600,39.044685,4.685179,4.645137,0.001417,15.952958,15.946916,16.783627,1.991922,1.662838,600,600,39.445477,1.452295,0.319917,54.781474,362,362,361,0.997238,1.000000,0.000000,9.100922,13.563785,0.377084,0.000792,11.986906,1.198753,235,0.649171,0.875000,0.701333,0.034036,5.866765
561,2626521639835,1,orb_cpu,stereo,70.119723,72.317312,0.000000,0.000000,0.000000,0.000000,0.000000,0.000000,0.000000,0.000000,565,565,72.589021,14.669496,7.002894,94.261411,299,237,236,0.789298,0.312500,0.000000,7.166351,0.000000,0.000000,0.000000,0.000000,0.000000,225,0.752508,0.312500,0.905417,0.330303,5.730431
561,2626521639835,1,xfeat_guided,temporal,39.264268,22.625600,4.690179,4.685179,17.009460,0.001417,15.885208,15.946916,1.679254,1.991922,600,600,61.889868,2.621716,33.834420,98.346004,232,147,147,0.633621,0.708333,0.000000,nan,0.000000,0.000000,0.000000,0.000000,0.000000,0,0.000000,0.000000,nan,nan,0.000000
561,2626521639835,1,orb_cpu,temporal,72.883230,70.119723,0.000000,0.000000,0.000000,0.000000,0.000000,0.000000,0.000000,0.000000,587,565,143.002953,7.469769,12.843658,163.316380,215,142,142,0.660465,0.312500,3.583191,nan,0.000000,0.000000,0.000000,0.000000,0.000000,0,0.000000,0.000000,nan,nan,0.000000
570,2627421649586,1,xfeat_star_coarse,stereo,21.541056,38.337807,3.926552,3.905885,0.000917,15.932458,15.937999,16.798377,1.675338,1.700921,600,600,38.699100,1.698213,0.276251,40.673564,369,369,369,1.000000,1.000000,0.000000,8.000000,0.000000,0.000000,0.000000,0.000000,0.000000,204,0.552846,0.937500,0.566146,-0.001130,7.246893
570,2627421649586,1,xfeat_star_fine,stereo,21.541056,38.337807,3.926552,3.905885,0.000917,15.932458,15.937999,16.798377,1.675338,1.700921,600,600,38.699100,1.698213,0.319459,54.279515,353,353,352,0.997167,1.000000,0.000000,9.438416,13.562743,0.387501,0.001041,11.977906,1.196003,197,0.558074,0.895833,0.572366,-0.038111,5.705057
570,2627421649586,1,orb_cpu,stereo,62.348620,63.525497,0.000000,0.000000,0.000000,0.000000,0.000000,0.000000,0.000000,0.000000,502,492,64.002207,6.514725,1.419712,71.936644,291,265,265,0.910653,0.416667,0.000000,8.639999,0.000000,0.000000,0.000000,0.000000,0.000000,256,0.879725,0.416667,0.903576,0.541626,5.541806
571,2627511643836,1,xfeat_star_coarse,stereo,26.650694,42.159609,8.665939,8.615230,0.000834,16.482001,16.517584,15.530374,1.465962,1.531754,600,600,42.567319,1.638671,0.373126,44.579116,364,364,364,1.000000,1.000000,0.000000,8.000000,0.000000,0.000000,0.000000,0.000000,0.000000,184,0.505495,0.875000,0.527516,-0.068804,7.218352
571,2627511643836,1,xfeat_star_fine,stereo,26.650694,42.159609,8.665939,8.615230,0.000834,16.482001,16.517584,15.530374,1.465962,1.531754,600,600,42.567319,1.638671,0.309542,55.280727,351,351,349,0.994302,1.000000,0.000000,9.464203,10.765195,0.272168,0.000750,9.290940,1.201087,192,0.547009,0.833333,0.562385,-0.120459,13.169909
571,2627511643836,1,orb_cpu,stereo,61.992243,63.090788,0.000000,0.000000,0.000000,0.000000,0.000000,0.000000,0.000000,0.000000,507,480,63.344788,7.105893,1.784380,72.235061,285,259,259,0.908772,0.416667,0.000000,9.465591,0.000000,0.000000,0.000000,0.000000,0.000000,247,0.866667,0.416667,0.904236,0.527776,5.438889
571,2627511643836,1,xfeat_guided,temporal,21.541056,26.650694,3.926552,8.665939,0.000917,0.000834,15.937999,16.517584,1.675338,1.465962,600,600,48.191750,3.089300,28.719282,80.000332,348,215,215,0.617816,0.770833,0.000000,nan,0.000000,0.000000,0.000000,0.000000,0.000000,0,0.000000,0.000000,nan,nan,0.000000
571,2627511643836,1,orb_cpu,temporal,62.348620,61.992243,0.000000,0.000000,0.000000,0.000000,0.000000,0.000000,0.000000,0.000000,502,507,124.340863,5.819973,2.833216,132.994052,301,248,248,0.823920,0.354167,3.456001,nan,0.000000,0.000000,0.000000,0.000000,0.000000,0,0.000000,0.000000,nan,nan,0.000000
580,2628411645336,1,xfeat_star_coarse,stereo,39.470601,23.233143,4.735137,4.706429,17.027044,0.000833,15.953541,17.008377,1.754546,1.517254,600,600,39.966770,1.337212,0.303668,41.607650,354,354,354,1.000000,0.979167,0.000000,16.000000,0.000000,0.000000,0.000000,0.000000,0.000000,182,0.514124,0.854167,0.529490,-0.061175,24.367938
580,2628411645336,1,xfeat_star_fine,stereo,39.470601,23.233143,4.735137,4.706429,17.027044,0.000833,15.953541,17.008377,1.754546,1.517254,600,600,39.966770,1.337212,0.309292,52.718678,343,343,343,1.000000,0.979167,0.000000,16.767334,11.105404,0.572876,0.001458,9.369483,1.161003,208,0.606414,0.937500,0.659141,-0.084765,22.436017
580,2628411645336,1,orb_cpu,stereo,59.142694,60.410405,0.000000,0.000000,0.000000,0.000000,0.000000,0.000000,0.000000,0.000000,509,502,60.662073,15.644541,2.833132,79.139746,292,265,264,0.904110,0.416667,0.000000,11.000000,0.000000,0.000000,0.000000,0.000000,0.000000,250,0.856164,0.416667,0.908278,0.515118,11.009320
581,2628501648336,1,xfeat_star_coarse,stereo,23.393268,39.338393,4.749637,4.654178,0.000708,17.163169,17.151503,15.897999,1.491170,1.622880,600,600,39.815770,1.358920,0.245917,41.420607,354,354,354,1.000000,0.979167,0.000000,16.000000,0.000000,0.000000,0.000000,0.000000,0.000000,191,0.539548,0.875000,0.536472,-0.016105,6.891101
581,2628501648336,1,xfeat_star_fine,stereo,23.393268,39.338393,4.749637,4.654178,0.000708,17.163169,17.151503,15.897999,1.491170,1.622880,600,600,39.815770,1.358920,0.314167,55.096059,342,342,340,0.994152,0.979167,0.000000,16.542496,13.607202,0.477959,0.001042,11.964823,1.163128,214,0.625731,0.916667,0.666522,0.019426,5.467639
581,2628501648336,1,orb_cpu,stereo,63.675456,64.733250,0.000000,0.000000,0.000000,0.000000,0.000000,0.000000,0.000000,0.000000,519,513,65.041709,12.585074,3.454634,81.081417,291,262,261,0.896907,0.395833,0.000000,11.971970,0.000000,0.000000,0.000000,0.000000,0.000000,245,0.841924,0.395833,0.899509,0.480941,6.389642
581,2628501648336,1,xfeat_guided,temporal,39.470601,23.393268,4.735137,4.749637,17.027044,0.000708,15.953541,17.151503,1.754546,1.491170,600,600,62.863869,3.202967,64.886209,130.953045,311,168,168,0.540193,0.708333,0.000000,nan,0.000000,0.000000,0.000000,0.000000,0.000000,0,0.000000,0.000000,nan,nan,0.000000
581,2628501648336,1,orb_cpu,temporal,59.142694,63.675456,0.000000,0.000000,0.000000,0.000000,0.000000,0.000000,0.000000,0.000000,509,519,122.818150,6.066640,4.414178,133.298968,300,232,232,0.773333,0.312500,2.399994,nan,0.000000,0.000000,0.000000,0.000000,0.000000,0,0.000000,0.000000,nan,nan,0.000000
590,2629401658545,1,xfeat_star_coarse,stereo,39.214934,23.088267,4.679054,4.611095,16.986544,0.000875,15.834374,16.967752,1.714629,1.508212,600,600,39.526477,1.517670,0.362000,41.406147,328,328,328,1.000000,1.000000,0.000000,16.000000,0.000000,0.000000,0.000000,0.000000,0.000000,107,0.326220,0.750000,0.315524,-0.301687,6.326642
590,2629401658545,1,xfeat_star_fine,stereo,39.214934,23.088267,4.679054,4.611095,16.986544,0.000875,15.834374,16.967752,1.714629,1.508212,600,600,39.526477,1.517670,0.292751,51.944425,305,305,302,0.990164,1.000000,0.000000,17.376541,10.607527,0.254500,0.000625,9.267399,1.084878,155,0.508197,0.875000,0.514815,-0.134221,10.135651
590,2629401658545,1,orb_cpu,stereo,64.082582,64.971751,0.000000,0.000000,0.000000,0.000000,0.000000,0.000000,0.000000,0.000000,523,514,65.422501,15.353664,1.051002,81.827167,254,237,237,0.933071,0.416667,0.000000,13.200005,0.000000,0.000000,0.000000,0.000000,0.000000,230,0.905512,0.416667,0.908119,0.571829,4.904263
591,2629581652920,1,xfeat_star_coarse,stereo,38.196848,22.684058,4.296303,4.257719,16.920586,0.000958,15.442873,16.897711,1.536795,1.527545,600,600,38.511141,1.569129,0.363834,40.444104,359,359,359,1.000000,0.979167,0.000000,16.000000,0.000000,0.000000,0.000000,0.000000,0.000000,115,0.320334,0.666667,0.292034,-0.329467,7.119394
591,2629581652920,1,xfeat_star_fine,stereo,38.196848,22.684058,4.296303,4.257719,16.920586,0.000958,15.442873,16.897711,1.536795,1.527545,600,600,38.511141,1.569129,0.308293,51.131216,343,343,337,0.982507,0.979167,0.000000,17.303680,10.742653,0.286292,0.000542,9.273315,1.182337,162,0.472303,0.812500,0.488012,-0.176005,10.219401
591,2629581652920,1,orb_cpu,stereo,65.686753,66.605089,0.000000,0.000000,0.000000,0.000000,0.000000,0.000000,0.000000,0.000000,530,521,66.877047,10.073067,1.943713,78.893827,280,247,244,0.871429,0.500000,0.000000,13.823990,0.000000,0.000000,0.000000,0.000000,0.000000,231,0.825000,0.500000,0.908114,0.487320,5.480889
591,2629581652920,1,xfeat_guided,temporal,39.214934,38.196848,4.679054,4.296303,16.986544,16.920586,15.834374,15.442873,1.714629,1.536795,600,600,77.411782,2.718424,118.028846,198.159052,282,124,124,0.439716,0.687500,8.000000,nan,0.000000,0.000000,0.000000,0.000000,0.000000,0,0.000000,0.000000,nan,nan,0.000000
591,2629581652920,1,orb_cpu,temporal,64.082582,65.686753,0.000000,0.000000,0.000000,0.000000,0.000000,0.000000,0.000000,0.000000,523,530,129.769335,6.352891,3.919468,140.041694,227,176,176,0.775330,0.395833,2.880005,nan,0.000000,0.000000,0.000000,0.000000,0.000000,0,0.000000,0.000000,nan,nan,0.000000
600,2630481650920,1,xfeat_star_coarse,stereo,39.519435,23.324352,4.741137,4.660471,17.177878,0.000916,15.896916,17.162295,1.703254,1.500420,600,600,39.991437,1.350962,0.307167,41.649566,345,345,345,1.000000,0.979167,0.000000,16.000000,0.000000,0.000000,0.000000,0.000000,0.000000,177,0.513043,0.687500,0.567541,-0.165828,5.553640
600,2630481650920,1,xfeat_star_fine,stereo,39.519435,23.324352,4.741137,4.660471,17.177878,0.000916,15.896916,17.162295,1.703254,1.500420,600,600,39.991437,1.350962,0.308084,55.109601,325,325,325,1.000000,0.979167,0.000000,17.490128,13.459118,0.318834,0.000959,12.003489,1.135503,206,0.633846,0.770833,0.697313,-0.227801,5.213764
600,2630481650920,1,orb_cpu,stereo,61.535949,63.170829,0.000000,0.000000,0.000000,0.000000,0.000000,0.000000,0.000000,0.000000,555,523,63.450497,11.917655,3.857427,79.225579,289,252,251,0.868512,0.375000,0.000000,17.915909,0.000000,0.000000,0.000000,0.000000,0.000000,235,0.813149,0.375000,0.913154,0.577050,5.509681
601,2630571658754,1,xfeat_star_coarse,stereo,22.364474,38.868933,4.690596,4.655054,0.000791,15.956916,15.953708,16.631918,1.719129,1.624879,600,600,39.280267,1.316336,0.279334,40.875937,317,317,317,1.000000,0.958333,0.000000,16.000000,0.000000,0.000000,0.000000,0.000000,0.000000,146,0.460568,0.750000,0.481875,-0.139291,7.256936
601,2630571658754,1,xfeat_star_fine,stereo,22.364474,38.868933,4.690596,4.655054,0.000791,15.956916,15.953708,16.631918,1.719129,1.624879,600,600,39.280267,1.316336,0.239126,54.228972,304,304,302,0.993421,0.958333,0.000000,17.729164,13.393243,0.358793,0.000916,11.979406,1.053836,177,0.582237,0.833333,0.619020,-0.148165,4.937679
601,2630571658754,1,orb_cpu,stereo,64.522832,64.693791,0.000000,0.000000,0.000000,0.000000,0.000000,0.000000,0.000000,0.000000,534,522,64.976709,14.484204,3.191716,82.652629,282,254,254,0.900709,0.395833,0.000000,18.662399,0.000000,0.000000,0.000000,0.000000,0.000000,239,0.847518,0.395833,0.911494,0.504841,5.397431
601,2630571658754,1,xfeat_guided,temporal,39.519435,22.364474,4.741137,4.690596,17.177878,0.000791,15.896916,15.953708,1.703254,1.719129,600,600,61.883909,3.152550,90.964442,156.000901,323,166,166,0.513932,0.708333,8.000000,nan,0.000000,0.000000,0.000000,0.000000,0.000000,0,0.000000,0.000000,nan,nan,0.000000
601,2630571658754,1,orb_cpu,temporal,61.535949,64.522832,0.000000,0.000000,0.000000,0.000000,0.000000,0.000000,0.000000,0.000000,555,534,126.058781,7.705604,4.583637,138.348022,305,237,237,0.777049,0.291667,2.400024,nan,0.000000,0.000000,0.000000,0.000000,0.000000,0,0.000000,0.000000,nan,nan,0.000000
610,2631471649421,1,xfeat_star_coarse,stereo,38.200181,21.490180,3.951635,3.910718,15.891332,0.000583,16.719960,15.870124,1.637004,1.708630,600,600,38.545265,1.689255,0.347584,40.582104,325,325,325,1.000000,0.979167,0.000000,32.000000,0.000000,0.000000,0.000000,0.000000,0.000000,151,0.464615,0.729167,0.481435,-0.160709,6.499891
610,2631471649421,1,xfeat_star_fine,stereo,38.200181,21.490180,3.951635,3.910718,15.891332,0.000583,16.719960,15.870124,1.637004,1.708630,600,600,38.545265,1.689255,0.299668,51.142841,311,311,309,0.993569,0.979167,0.000000,32.470226,10.608653,0.261251,0.000500,9.277482,1.069295,189,0.607717,0.812500,0.639369,0.005886,11.406821
610,2631471649421,1,orb_cpu,stereo,63.032828,63.956289,0.000000,0.000000,0.000000,0.000000,0.000000,0.000000,0.000000,0.000000,582,567,64.443624,9.395066,3.830677,77.669367,283,235,234,0.826855,0.437500,0.000000,28.800003,0.000000,0.000000,0.000000,0.000000,0.000000,227,0.802120,0.437500,0.924577,0.457594,5.428639
611,2631561670921,1,xfeat_star_coarse,stereo,20.883929,36.926803,3.860760,3.826509,0.000667,15.531290,15.519665,15.853832,1.502629,1.714963,600,600,37.271429,1.777713,0.336876,39.386018,307,307,307,1.000000,0.937500,0.000000,32.000000,0.000000,0.000000,0.000000,0.000000,0.000000,134,0.436482,0.750000,0.440542,-0.281579,6.182349
611,2631561670921,1,xfeat_star_fine,stereo,20.883929,36.926803,3.860760,3.826509,0.000667,15.531290,15.519665,15.853832,1.502629,1.714963,600,600,37.271429,1.777713,0.290834,49.893003,287,287,287,1.000000,0.937500,0.000000,32.758667,10.553027,0.260084,0.000625,9.277232,1.014919,139,0.484321,0.812500,0.497471,-0.153492,8.109312
611,2631561670921,1,orb_cpu,stereo,65.583502,66.328879,0.000000,0.000000,0.000000,0.000000,0.000000,0.000000,0.000000,0.000000,595,586,66.613712,11.804989,4.607303,83.026004,304,243,242,0.796053,0.479167,0.000000,28.800003,0.000000,0.000000,0.000000,0.000000,0.000000,231,0.759868,0.479167,0.903190,0.334935,5.939557
611,2631561670921,1,xfeat_guided,temporal,38.200181,20.883929,3.951635,3.860760,15.891332,0.000667,16.719960,15.519665,1.637004,1.502629,600,600,59.084110,3.199008,40.591980,102.875098,331,194,194,0.586103,0.708333,0.000000,nan,0.000000,0.000000,0.000000,0.000000,0.000000,0,0.000000,0.000000,nan,nan,0.000000
611,2631561670921,1,orb_cpu,temporal,63.032828,65.583502,0.000000,0.000000,0.000000,0.000000,0.000000,0.000000,0.000000,0.000000,582,595,128.616330,7.889687,2.635132,139.141149,373,313,313,0.839142,0.375000,2.880005,nan,0.000000,0.000000,0.000000,0.000000,0.000000,0,0.000000,0.000000,nan,nan,0.000000
620,2632551758046,1,xfeat_star_coarse,stereo,23.042601,38.924683,4.765554,4.662137,0.001125,16.781209,16.768334,15.843082,1.507421,1.637921,600,600,39.568268,5.451389,1.160836,46.180493,316,316,316,1.000000,0.958333,0.000000,32.000000,0.000000,0.000000,0.000000,0.000000,0.000000,135,0.427215,0.770833,0.455810,-0.199644,23.367393
620,2632551758046,1,xfeat_star_fine,stereo,23.042601,38.924683,4.765554,4.662137,0.001125,16.781209,16.768334,15.843082,1.507421,1.637921,600,600,39.568268,5.451389,0.828127,56.806312,306,306,305,0.996732,0.937500,0.000000,32.885391,10.958528,0.528668,0.001167,9.362732,1.065461,146,0.477124,0.770833,0.499004,-0.035677,22.718933
620,2632551758046,1,orb_cpu,stereo,63.741039,65.069833,0.000000,0.000000,0.000000,0.000000,0.000000,0.000000,0.000000,0.000000,597,585,65.302251,19.779217,6.360516,91.441984,321,257,257,0.800623,0.458333,0.000000,30.000000,0.000000,0.000000,0.000000,0.000000,0.000000,245,0.763240,0.458333,0.925768,0.454466,6.183724
621,2632641665630,1,xfeat_star_coarse,stereo,22.307182,39.046767,4.714595,4.648512,0.000666,15.899749,15.890374,17.025669,1.701255,1.472670,600,600,39.429684,1.372962,0.293751,41.096397,302,302,302,1.000000,0.979167,0.000000,32.000000,0.000000,0.000000,0.000000,0.000000,0.000000,122,0.403974,0.750000,0.423303,-0.289670,5.305263
621,2632641665630,1,xfeat_star_fine,stereo,22.307182,39.046767,4.714595,4.648512,0.000666,15.899749,15.890374,17.025669,1.701255,1.472670,600,600,39.429684,1.372962,0.602835,54.690265,293,293,293,1.000000,0.979167,0.000000,32.670700,13.284784,0.233667,0.000625,10.664819,2.385506,133,0.453925,0.791667,0.476396,-0.115546,11.289737
621,2632641665630,1,orb_cpu,stereo,65.042333,66.385337,0.000000,0.000000,0.000000,0.000000,0.000000,0.000000,0.000000,0.000000,597,590,66.658588,15.876374,3.519759,86.054721,317,262,262,0.826498,0.416667,0.000000,29.859848,0.000000,0.000000,0.000000,0.000000,0.000000,247,0.779180,0.416667,0.926118,0.473919,6.064765
621,2632641665630,1,xfeat_guided,temporal,23.042601,22.307182,4.765554,4.714595,0.001125,0.000666,16.768334,15.890374,1.507421,1.701255,600,600,45.349783,3.537300,0.858502,49.745585,384,380,380,0.989583,1.000000,0.000000,nan,0.000000,0.000000,0.000000,0.000000,0.000000,0,0.000000,0.000000,nan,nan,0.000000
621,2632641665630,1,orb_cpu,temporal,63.741039,65.042333,0.000000,0.000000,0.000000,0.000000,0.000000,0.000000,0.000000,0.000000,597,597,128.783372,9.978359,0.764252,139.525983,525,520,520,0.990476,0.479167,0.000000,nan,0.000000,0.000000,0.000000,0.000000,0.000000,0,0.000000,0.000000,nan,nan,0.000000
630,2633541655214,1,xfeat_star_coarse,stereo,38.795557,22.676808,4.018635,3.976052,17.179628,0.000667,15.829082,17.162711,1.767879,1.537212,600,600,39.096642,1.617254,0.349584,41.063480,312,312,312,1.000000,0.958333,0.000000,32.000000,0.000000,0.000000,0.000000,0.000000,0.000000,136,0.435897,0.770833,0.463615,-0.180334,6.197474
630,2633541655214,1,xfeat_star_fine,stereo,38.795557,22.676808,4.018635,3.976052,17.179628,0.000667,15.829082,17.162711,1.767879,1.537212,600,600,39.096642,1.617254,0.357209,51.634382,300,300,298,0.993333,0.937500,0.000000,32.746735,10.563277,0.249876,0.000625,9.271899,1.040669,148,0.493333,0.854167,0.511067,-0.068575,5.977849
630,2633541655214,1,orb_cpu,stereo,64.735707,65.485668,0.000000,0.000000,0.000000,0.000000,0.000000,0.000000,0.000000,0.000000,596,587,65.981003,15.263873,3.806802,85.051678,320,261,259,0.809375,0.437500,0.000000,29.859833,0.000000,0.000000,0.000000,0.000000,0.000000,245,0.765625,0.437500,0.917174,0.429544,6.103057
631,2633631673172,1,xfeat_star_coarse,stereo,40.494396,23.011476,4.675262,4.631637,16.701793,0.000875,17.623170,16.679543,1.493879,1.699296,600,600,40.800312,1.340046,0.231417,42.371775,306,306,306,1.000000,0.979167,0.000000,32.000000,0.000000,0.000000,0.000000,0.000000,0.000000,136,0.444444,0.729167,0.448720,-0.307642,5.653931
631,2633631673172,1,xfeat_star_fine,stereo,40.494396,23.011476,4.675262,4.631637,16.701793,0.000875,17.623170,16.679543,1.493879,1.699296,600,600,40.800312,1.340046,0.300542,53.411386,300,300,300,1.000000,0.979167,0.000000,32.532188,10.970486,0.243125,0.000833,9.702233,1.024086,145,0.483333,0.833333,0.497426,-0.103954,4.798596
631,2633631673172,1,orb_cpu,stereo,66.538087,60.833573,0.000000,0.000000,0.000000,0.000000,0.000000,0.000000,0.000000,0.000000,597,582,66.816088,9.842191,7.623561,84.281840,310,234,231,0.745161,0.416667,0.000000,30.000000,0.000000,0.000000,0.000000,0.000000,0.000000,217,0.700000,0.416667,0.922771,0.472752,6.107765
631,2633631673172,1,xfeat_guided,temporal,38.795557,40.494396,4.018635,4.675262,17.179628,16.701793,15.829082,17.623170,1.767879,1.493879,600,600,79.289953,3.361050,0.899336,83.550339,384,375,375,0.976562,1.000000,0.000000,nan,0.000000,0.000000,0.000000,0.000000,0.000000,0,0.000000,0.000000,nan,nan,0.000000
631,2633631673172,1,orb_cpu,temporal,64.735707,66.538087,0.000000,0.000000,0.000000,0.000000,0.000000,0.000000,0.000000,0.000000,596,597,131.273794,10.076650,0.572960,141.923404,534,531,531,0.994382,0.479167,0.000000,nan,0.000000,0.000000,0.000000,0.000000,0.000000,0,0.000000,0.000000,nan,nan,0.000000
640,2634531667381,1,xfeat_star_coarse,stereo,22.941392,38.956641,4.174219,4.138844,0.000584,17.266127,17.248544,15.860665,1.517795,1.690880,600,600,39.289642,1.350295,0.294626,40.934563,302,302,302,1.000000,0.937500,0.000000,32.000000,0.000000,0.000000,0.000000,0.000000,0.000000,141,0.466887,0.770833,0.477983,-0.246243,4.770512
640,2634531667381,1,xfeat_star_fine,stereo,22.941392,38.956641,4.174219,4.138844,0.000584,17.266127,17.248544,15.860665,1.517795,1.690880,600,600,39.289642,1.350295,0.819543,58.224398,291,291,291,1.000000,0.916667,0.000000,32.569458,16.764918,0.216667,0.000541,11.857156,4.690387,149,0.512027,0.750000,0.526058,-0.133822,18.648423
640,2634531667381,1,orb_cpu,stereo,63.708329,64.917041,0.000000,0.000000,0.000000,0.000000,0.000000,0.000000,0.000000,0.000000,599,588,65.175208,19.834884,7.832479,92.842571,316,259,259,0.819620,0.458333,0.000000,29.859848,0.000000,0.000000,0.000000,0.000000,0.000000,248,0.784810,0.458333,0.915283,0.458767,6.007723
641,2634621663297,1,xfeat_star_coarse,stereo,39.388642,22.481682,4.735637,4.665095,16.116416,0.000917,16.989752,16.093166,1.546504,1.722171,600,600,39.722518,1.338836,0.297876,41.359230,310,310,310,1.000000,0.979167,0.000000,32.000000,0.000000,0.000000,0.000000,0.000000,0.000000,142,0.458065,0.770833,0.480472,-0.222036,4.836762
641,2634621663297,1,xfeat_star_fine,stereo,39.388642,22.481682,4.735637,4.665095,16.116416,0.000917,16.989752,16.093166,1.546504,1.722171,600,600,39.722518,1.338836,0.598085,56.334018,297,297,297,1.000000,0.979167,0.000000,32.569969,14.674579,0.233626,0.000583,12.004656,2.435589,155,0.521886,0.833333,0.542285,-0.064477,11.372529
641,2634621663297,1,orb_cpu,stereo,63.249911,64.570874,0.000000,0.000000,0.000000,0.000000,0.000000,0.000000,0.000000,0.000000,596,584,64.855958,19.534925,5.569640,89.960523,311,256,255,0.819936,0.479167,0.000000,30.000000,0.000000,0.000000,0.000000,0.000000,0.000000,241,0.774920,0.479167,0.922621,0.422953,5.957848
641,2634621663297,1,xfeat_guided,temporal,22.941392,39.388642,4.174219,4.735637,0.000584,16.116416,17.248544,16.989752,1.517795,1.546504,600,600,62.330034,3.560300,0.693044,66.583378,384,379,379,0.986979,1.000000,0.000000,nan,0.000000,0.000000,0.000000,0.000000,0.000000,0,0.000000,0.000000,nan,nan,0.000000
641,2634621663297,1,orb_cpu,temporal,63.708329,63.249911,0.000000,0.000000,0.000000,0.000000,0.000000,0.000000,0.000000,0.000000,599,596,126.958240,10.055693,0.680127,137.694060,529,525,525,0.992439,0.479167,0.000000,nan,0.000000,0.000000,0.000000,0.000000,0.000000,0,0.000000,0.000000,nan,nan,0.000000
