frame_index,stamp_ns,tracking_state,method,pair_type,extract_a_ms,extract_b_ms,preprocess_a_ms,preprocess_b_ms,bpu_queue_a_ms,bpu_queue_b_ms,bpu_a_ms,bpu_b_ms,postprocess_a_ms,postprocess_b_ms,keypoints_a,keypoints_b,extraction_wall_ms,match_ms,geometry_ms,end_to_end_pair_ms,matches,ransac_inliers,strict_inliers,strict_inlier_ratio,strict_grid_coverage,median_vertical_error_px,median_disparity_px,fine_total_ms,fine_preprocess_ms,fine_bpu_queue_ms,fine_bpu_ms,fine_postprocess_ms,photometric_inliers,photometric_inlier_ratio,photometric_grid_coverage,patch_ncc_median,patch_ncc_p10,photometric_ms
0,2569011476808,-1,xfeat_star_coarse,stereo,41.833354,24.246821,5.872581,5.820330,16.586450,0.001166,17.864616,16.565450,1.509374,1.859541,600,600,42.107853,4.239540,1.834290,48.181683,308,308,308,1.000000,0.979167,0.000000,0.000000,0.000000,0.000000,0.000000,0.000000,0.000000,151,0.490260,0.750000,0.499302,-0.413182,23.467613
0,2569011476808,-1,xfeat_star_fine,stereo,41.833354,24.246821,5.872581,5.820330,16.586450,0.001166,17.864616,16.565450,1.509374,1.859541,600,600,42.107853,4.239540,0.295791,58.168387,279,279,278,0.996416,0.958333,0.000000,1.622589,11.525203,0.877958,0.001250,9.614578,1.030750,165,0.591398,0.750000,0.653247,-0.130327,19.182282
0,2569011476808,-1,orb_cpu,stereo,68.064382,63.066134,0.000000,0.000000,0.000000,0.000000,0.000000,0.000000,0.000000,0.000000,599,600,68.278465,21.466406,4.388081,94.132952,379,333,332,0.875989,0.354167,0.000000,1.727997,0.000000,0.000000,0.000000,0.000000,0.000000,318,0.839050,0.354167,0.929630,0.575860,8.749287
1,2569101470849,-1,xfeat_star_coarse,stereo,22.166613,39.201647,4.458081,5.592247,0.001583,14.864825,16.053033,16.959534,1.653666,1.784374,600,600,39.626939,1.379791,0.227792,41.234522,306,306,306,1.000000,1.000000,0.000000,0.000000,0.000000,0.000000,0.000000,0.000000,0.000000,152,0.496732,0.770833,0.517428,-0.316253,8.322912
1,2569101470849,-1,xfeat_star_fine,stereo,22.166613,39.201647,4.458081,5.592247,0.001583,14.864825,16.053033,16.959534,1.653666,1.784374,600,600,39.626939,1.379791,0.286125,53.998849,289,289,286,0.989619,0.979167,0.000000,1.604744,12.705994,0.329208,0.001042,11.354411,1.021041,169,0.584775,0.750000,0.626042,-0.075399,8.739287
1,2569101470849,-1,orb_cpu,stereo,69.056965,63.370302,0.000000,0.000000,0.000000,0.000000,0.000000,0.000000,0.000000,0.000000,600,598,69.275756,20.357823,2.924457,92.558036,386,342,341,0.883420,0.333333,0.000000,1.728003,0.000000,0.000000,0.000000,0.000000,0.000000,322,0.834197,0.312500,0.934296,0.577358,7.338955
1,2569101470849,-1,xfeat_guided,temporal,41.833354,22.166613,5.872581,4.458081,16.586450,0.001583,17.864616,16.053033,1.509374,1.653666,600,600,63.999967,3.600915,0.500833,68.101715,380,379,379,0.997368,1.000000,0.000000,nan,0.000000,0.000000,0.000000,0.000000,0.000000,0,0.000000,0.000000,nan,nan,0.000000
1,2569101470849,-1,orb_cpu,temporal,68.064382,69.056965,0.000000,0.000000,0.000000,0.000000,0.000000,0.000000,0.000000,0.000000,599,600,137.121347,11.350827,0.706792,149.178966,519,517,517,0.996146,0.375000,0.000000,nan,0.000000,0.000000,0.000000,0.000000,0.000000,0,0.000000,0.000000,nan,nan,0.000000
10,2570001461725,-1,xfeat_star_coarse,stereo,21.673864,38.068314,3.972998,3.923623,0.001167,15.876159,15.854200,16.582908,1.845332,1.685458,600,600,38.392522,1.613958,0.349708,40.356188,315,315,315,1.000000,0.979167,0.000000,0.000000,0.000000,0.000000,0.000000,0.000000,0.000000,146,0.463492,0.750000,0.464637,-0.341948,6.352039
10,2570001461725,-1,xfeat_star_fine,stereo,21.673864,38.068314,3.972998,3.923623,0.001167,15.876159,15.854200,16.582908,1.845332,1.685458,600,600,38.392522,1.613958,0.549125,51.164224,286,286,285,0.996503,0.979167,0.000000,1.621002,10.608619,0.261500,0.000584,9.295037,1.051207,160,0.559441,0.770833,0.607977,-0.064576,11.077119
10,2570001461725,-1,orb_cpu,stereo,63.159010,64.752884,0.000000,0.000000,0.000000,0.000000,0.000000,0.000000,0.000000,0.000000,599,600,65.254842,10.679203,2.032332,77.966377,371,333,331,0.892183,0.312500,0.000000,1.727997,0.000000,0.000000,0.000000,0.000000,0.000000,316,0.851752,0.312500,0.935809,0.614560,7.052205
11,2570181473058,-1,xfeat_star_coarse,stereo,23.182030,39.281688,3.949165,3.916456,0.001041,17.797324,17.785075,15.882158,1.446457,1.685583,600,600,39.619105,1.642915,0.340042,41.602062,309,309,309,1.000000,0.979167,0.000000,0.000000,0.000000,0.000000,0.000000,0.000000,0.000000,147,0.475728,0.750000,0.475085,-0.400407,5.534705
11,2570181473058,-1,xfeat_star_fine,stereo,23.182030,39.281688,3.949165,3.916456,0.001041,17.797324,17.785075,15.882158,1.446457,1.685583,600,600,39.619105,1.642915,0.349874,52.583805,292,292,290,0.993151,0.979167,0.000000,1.702751,10.971911,0.226708,0.000500,9.477495,1.267041,167,0.571918,0.770833,0.618467,-0.109465,5.823623
11,2570181473058,-1,orb_cpu,stereo,65.333383,66.795799,0.000000,0.000000,0.000000,0.000000,0.000000,0.000000,0.000000,0.000000,600,600,67.038633,12.619452,2.630124,82.288209,371,322,320,0.862534,0.312500,0.000000,1.727997,0.000000,0.000000,0.000000,0.000000,0.000000,305,0.822102,0.291667,0.938222,0.607757,7.105955
11,2570181473058,-1,xfeat_guided,temporal,21.673864,23.182030,3.972998,3.949165,0.001167,0.001041,15.854200,17.785075,1.845332,1.446457,600,600,44.855894,3.594040,0.701708,49.151642,376,370,370,0.984043,1.000000,0.000000,nan,0.000000,0.000000,0.000000,0.000000,0.000000,0,0.000000,0.000000,nan,nan,0.000000
11,2570181473058,-1,orb_cpu,temporal,63.159010,65.333383,0.000000,0.000000,0.000000,0.000000,0.000000,0.000000,0.000000,0.000000,599,600,128.492393,10.114453,0.579791,139.186637,521,517,517,0.992322,0.375000,0.000000,nan,0.000000,0.000000,0.000000,0.000000,0.000000,0,0.000000,0.000000,nan,nan,0.000000
20,2571081465434,-1,xfeat_star_coarse,stereo,38.266855,21.560447,3.965164,3.909623,15.973117,0.001000,16.685075,15.951075,1.643165,1.698416,600,600,38.575106,3.014373,0.596333,42.185812,313,313,313,1.000000,0.979167,0.000000,0.000000,0.000000,0.000000,0.000000,0.000000,0.000000,142,0.453674,0.687500,0.461136,-0.285790,12.382910
20,2571081465434,-1,xfeat_star_fine,stereo,38.266855,21.560447,3.965164,3.909623,15.973117,0.001000,16.685075,15.951075,1.643165,1.698416,600,600,38.575106,3.014373,0.291583,52.596932,283,283,283,1.000000,0.979167,0.000000,1.636398,10.715870,0.326625,0.000791,9.351454,1.036708,158,0.558304,0.687500,0.605980,-0.063017,14.703117
20,2571081465434,-1,orb_cpu,stereo,64.453050,66.946466,0.000000,0.000000,0.000000,0.000000,0.000000,0.000000,0.000000,0.000000,600,599,67.247632,20.162865,3.033748,90.444245,395,361,361,0.913924,0.333333,0.000000,1.727997,0.000000,0.000000,0.000000,0.000000,0.000000,345,0.873418,0.333333,0.936223,0.642194,9.099329
21,2571171462517,-1,xfeat_star_coarse,stereo,39.306063,22.380738,5.463372,4.482164,15.293742,0.001333,16.765825,16.163783,1.782999,1.733166,600,600,39.595438,1.615165,0.341708,41.552311,314,314,314,1.000000,0.979167,0.000000,0.000000,0.000000,0.000000,0.000000,0.000000,0.000000,155,0.493631,0.791667,0.509683,-0.225114,6.190497
21,2571171462517,-1,xfeat_star_fine,stereo,39.306063,22.380738,5.463372,4.482164,15.293742,0.001333,16.765825,16.163783,1.782999,1.733166,600,600,39.595438,1.615165,0.291416,52.678638,291,291,289,0.993127,0.979167,0.000000,1.545898,11.176619,0.251792,0.000625,9.873579,1.050457,176,0.604811,0.833333,0.623858,-0.001681,8.282621
21,2571171462517,-1,orb_cpu,stereo,66.944299,60.615302,0.000000,0.000000,0.000000,0.000000,0.000000,0.000000,0.000000,0.000000,599,600,67.232633,18.582616,2.299040,88.114289,403,357,356,0.883375,0.333333,0.000000,1.440002,0.000000,0.000000,0.000000,0.000000,0.000000,338,0.838710,0.333333,0.934257,0.557285,7.672246
21,2571171462517,-1,xfeat_guided,temporal,38.266855,39.306063,3.965164,5.463372,15.973117,15.293742,16.685075,16.765825,1.643165,1.782999,600,600,77.572918,3.491248,0.597500,81.661666,365,360,360,0.986301,1.000000,0.000000,nan,0.000000,0.000000,0.000000,0.000000,0.000000,0,0.000000,0.000000,nan,nan,0.000000
21,2571171462517,-1,orb_cpu,temporal,64.453050,66.944299,0.000000,0.000000,0.000000,0.000000,0.000000,0.000000,0.000000,0.000000,600,599,131.397349,10.017620,0.690750,142.105719,526,525,525,0.998099,0.354167,0.000000,nan,0.000000,0.000000,0.000000,0.000000,0.000000,0,0.000000,0.000000,nan,nan,0.000000
30,2572071470309,1,xfeat_star_coarse,stereo,23.063739,39.110522,4.574581,4.602081,0.000916,16.932866,16.993825,15.888034,1.494083,1.687249,600,600,39.462813,1.618708,0.351750,41.433271,314,314,314,1.000000,0.979167,0.000000,0.000000,0.000000,0.000000,0.000000,0.000000,0.000000,162,0.515924,0.812500,0.531929,-0.203761,6.234997
30,2572071470309,1,xfeat_star_fine,stereo,23.063739,39.110522,4.574581,4.602081,0.000916,16.932866,16.993825,15.888034,1.494083,1.687249,600,600,39.462813,1.618708,0.296125,51.955224,292,292,289,0.989726,0.958333,0.000000,1.514160,10.577578,0.231250,0.000458,9.305871,1.039791,173,0.592466,0.770833,0.625840,-0.038169,5.527039
30,2572071470309,1,orb_cpu,stereo,64.647884,66.046341,0.000000,0.000000,0.000000,0.000000,0.000000,0.000000,0.000000,0.000000,600,600,66.519424,10.258578,2.272916,79.050918,395,353,352,0.891139,0.333333,0.000000,1.727997,0.000000,0.000000,0.000000,0.000000,0.000000,333,0.843038,0.333333,0.933896,0.573164,7.525829
31,2572161479393,1,xfeat_star_coarse,stereo,21.437156,38.053147,3.863165,3.791831,0.001041,15.913326,15.899242,16.813324,1.673458,1.534541,600,600,38.398980,1.700333,0.344083,40.443396,317,317,317,1.000000,0.979167,0.000000,0.000000,0.000000,0.000000,0.000000,0.000000,0.000000,164,0.517350,0.812500,0.533914,-0.183836,6.383497
31,2572161479393,1,xfeat_star_fine,stereo,21.437156,38.053147,3.863165,3.791831,0.001041,15.913326,15.899242,16.813324,1.673458,1.534541,600,600,38.398980,1.700333,0.299417,51.430933,301,301,300,0.996678,0.979167,0.000000,1.498940,11.032203,0.260458,0.000458,9.726787,1.044333,186,0.617940,0.833333,0.657059,0.044886,4.858373
31,2572161479393,1,orb_cpu,stereo,59.804053,60.601386,0.000000,0.000000,0.000000,0.000000,0.000000,0.000000,0.000000,0.000000,600,600,60.885386,15.858408,2.265374,79.009168,411,365,364,0.885645,0.333333,0.000000,1.727997,0.000000,0.000000,0.000000,0.000000,0.000000,347,0.844282,0.333333,0.932741,0.609955,7.887996
31,2572161479393,1,xfeat_guided,temporal,23.063739,21.437156,4.574581,3.863165,0.000916,0.001041,16.993825,15.899242,1.494083,1.673458,600,600,44.500895,3.361499,0.886333,48.748727,365,359,359,0.983562,1.000000,0.000000,nan,0.000000,0.000000,0.000000,0.000000,0.000000,0,0.000000,0.000000,nan,nan,0.000000
31,2572161479393,1,orb_cpu,temporal,64.647884,59.804053,0.000000,0.000000,0.000000,0.000000,0.000000,0.000000,0.000000,0.000000,600,600,124.451937,10.145078,1.149791,135.746806,546,540,540,0.989011,0.354167,0.000000,nan,0.000000,0.000000,0.000000,0.000000,0.000000,0,0.000000,0.000000,nan,nan,0.000000
40,2573151513851,1,xfeat_star_coarse,stereo,23.019697,38.345064,4.695456,4.563123,0.000917,16.816283,16.843033,15.454742,1.480083,1.510666,600,600,38.960647,5.661455,1.145124,45.767226,311,311,311,1.000000,0.979167,0.000000,0.000000,0.000000,0.000000,0.000000,0.000000,0.000000,152,0.488746,0.729167,0.507128,-0.178863,23.776780
40,2573151513851,1,xfeat_star_fine,stereo,23.019697,38.345064,4.695456,4.563123,0.000917,16.816283,16.843033,15.454742,1.480083,1.510666,600,600,38.960647,5.661455,0.230708,55.795305,289,289,288,0.996540,0.979167,0.000000,1.503994,10.942495,0.509542,0.001417,9.392036,1.039000,174,0.602076,0.770833,0.653873,-0.038333,17.326450
40,2573151513851,1,orb_cpu,stereo,64.023217,65.881717,0.000000,0.000000,0.000000,0.000000,0.000000,0.000000,0.000000,0.000000,600,600,66.134508,20.490198,4.800622,91.425328,407,354,353,0.867322,0.333333,0.000000,1.520004,0.000000,0.000000,0.000000,0.000000,0.000000,338,0.830467,0.333333,0.935424,0.588273,14.288785
41,2573241482810,1,xfeat_star_coarse,stereo,22.784030,38.194897,4.692998,4.622081,0.000917,16.634283,16.611158,15.450075,1.478707,1.488291,600,600,38.567272,1.344874,0.371416,40.283562,319,319,319,1.000000,0.979167,0.000000,0.000000,0.000000,0.000000,0.000000,0.000000,0.000000,159,0.498433,0.770833,0.510380,-0.209078,5.779122
41,2573241482810,1,xfeat_star_fine,stereo,22.784030,38.194897,4.692998,4.622081,0.000917,16.634283,16.611158,15.450075,1.478707,1.488291,600,600,38.567272,1.344874,0.608875,54.023681,302,302,299,0.990066,0.979167,0.000000,1.411774,13.502660,0.248459,0.000750,10.725037,2.528248,171,0.566225,0.791667,0.641867,-0.005001,11.683536
41,2573241482810,1,orb_cpu,stereo,63.153384,65.186467,0.000000,0.000000,0.000000,0.000000,0.000000,0.000000,0.000000,0.000000,600,600,65.470008,17.413366,2.232582,85.115956,404,354,354,0.876238,0.333333,0.000000,1.440002,0.000000,0.000000,0.000000,0.000000,0.000000,338,0.836634,0.333333,0.934649,0.617072,6.240538
41,2573241482810,1,xfeat_guided,temporal,23.019697,22.784030,4.695456,4.692998,0.000917,0.000917,16.843033,16.611158,1.480083,1.478707,600,600,45.803727,3.216123,0.699291,49.719141,374,370,370,0.989305,1.000000,0.000000,nan,0.000000,0.000000,0.000000,0.000000,0.000000,0,0.000000,0.000000,nan,nan,0.000000
41,2573241482810,1,orb_cpu,temporal,64.023217,63.153384,0.000000,0.000000,0.000000,0.000000,0.000000,0.000000,0.000000,0.000000,600,600,127.176601,9.997870,0.850208,138.024679,526,520,520,0.988593,0.354167,0.000000,nan,0.000000,0.000000,0.000000,0.000000,0.000000,0,0.000000,0.000000,nan,nan,0.000000
50,2574141488394,1,xfeat_star_coarse,stereo,31.672026,47.503642,12.573160,12.393493,0.001042,17.629450,17.612325,15.838867,1.485249,1.641582,600,600,48.212933,1.662791,0.345541,50.221265,317,317,317,1.000000,0.979167,0.000000,0.000000,0.000000,0.000000,0.000000,0.000000,0.000000,160,0.504732,0.729167,0.520485,-0.199967,6.311997
50,2574141488394,1,xfeat_star_fine,stereo,31.672026,47.503642,12.573160,12.393493,0.001042,17.629450,17.612325,15.838867,1.485249,1.641582,600,600,48.212933,1.662791,0.613625,61.088135,300,300,300,1.000000,0.979167,0.000000,1.468267,10.598786,0.240625,0.000625,9.311287,1.046082,189,0.630000,0.750000,0.663922,-0.037559,11.653952
50,2574141488394,1,orb_cpu,stereo,65.115717,59.741177,0.000000,0.000000,0.000000,0.000000,0.000000,0.000000,0.000000,0.000000,600,600,65.510258,10.305912,2.125957,77.942127,408,366,362,0.887255,0.333333,0.000000,1.440002,0.000000,0.000000,0.000000,0.000000,0.000000,346,0.848039,0.333333,0.937371,0.592056,7.757663
51,2574231483935,1,xfeat_star_coarse,stereo,20.917781,36.385023,3.949957,3.909623,0.001083,15.525117,15.500700,15.453575,1.465791,1.496458,600,600,36.696481,1.656915,0.342292,38.695688,309,309,309,1.000000,0.979167,0.000000,0.000000,0.000000,0.000000,0.000000,0.000000,0.000000,151,0.488673,0.687500,0.504500,-0.141166,6.068788
51,2574231483935,1,xfeat_star_fine,stereo,20.917781,36.385023,3.949957,3.909623,0.001083,15.525117,15.500700,15.453575,1.465791,1.496458,600,600,36.696481,1.656915,0.292209,49.485599,289,289,289,1.000000,0.979167,0.000000,1.538269,10.839994,0.303916,0.000792,9.516162,1.018999,173,0.598616,0.791667,0.642947,0.039133,4.683081
51,2574231483935,1,orb_cpu,stereo,66.804758,67.665882,0.000000,0.000000,0.000000,0.000000,0.000000,0.000000,0.000000,0.000000,600,600,67.941798,9.314370,1.278749,78.534917,411,377,377,0.917275,0.333333,0.000000,1.727997,0.000000,0.000000,0.000000,0.000000,0.000000,360,0.875912,0.333333,0.934620,0.618671,6.301955
51,2574231483935,1,xfeat_guided,temporal,31.672026,20.917781,12.573160,3.949957,0.001042,0.001083,17.612325,15.500700,1.485249,1.465791,600,600,52.589807,3.212957,0.686499,56.489263,369,365,365,0.989160,1.000000,0.000000,nan,0.000000,0.000000,0.000000,0.000000,0.000000,0,0.000000,0.000000,nan,nan,0.000000
51,2574231483935,1,orb_cpu,temporal,65.115717,66.804758,0.000000,0.000000,0.000000,0.000000,0.000000,0.000000,0.000000,0.000000,600,600,131.920475,10.023995,0.552999,142.497469,523,518,518,0.990440,0.354167,0.000000,nan,0.000000,0.000000,0.000000,0.000000,0.000000,0,0.000000,0.000000,nan,nan,0.000000
60,2575131484561,1,xfeat_star_coarse,stereo,39.209313,23.071155,4.730164,4.639956,16.971367,0.000875,15.890492,16.952241,1.617082,1.477833,600,600,39.746563,1.344249,0.294208,41.385020,317,317,317,1.000000,0.979167,0.000000,0.000000,0.000000,0.000000,0.000000,0.000000,0.000000,162,0.511041,0.750000,0.525015,-0.126352,10.008953
60,2575131484561,1,xfeat_star_fine,stereo,39.209313,23.071155,4.730164,4.639956,16.971367,0.000875,15.890492,16.952241,1.617082,1.477833,600,600,39.746563,1.344249,0.443167,54.644098,289,289,287,0.993080,0.979167,0.000000,1.535706,13.110119,0.519209,0.001292,11.545244,1.043833,167,0.577855,0.791667,0.643863,-0.004717,16.049242
60,2575131484561,1,orb_cpu,stereo,63.423426,65.336966,0.000000,0.000000,0.000000,0.000000,0.000000,0.000000,0.000000,0.000000,600,596,65.608008,15.625284,2.029957,83.263249,417,365,344,0.824940,0.333333,0.000000,1.727997,0.000000,0.000000,0.000000,0.000000,0.000000,333,0.798561,0.333333,0.933839,0.590659,6.529122
61,2575221484144,1,xfeat_star_coarse,stereo,39.728938,22.929363,5.596538,4.439581,15.488825,0.001458,16.804575,16.573700,1.838708,1.914374,600,600,40.060271,1.527458,0.338875,41.926604,319,319,319,1.000000,0.979167,0.000000,0.000000,0.000000,0.000000,0.000000,0.000000,0.000000,154,0.482759,0.770833,0.482653,-0.191928,6.256622
61,2575221484144,1,xfeat_star_fine,stereo,39.728938,22.929363,5.596538,4.439581,15.488825,0.001458,16.804575,16.573700,1.838708,1.914374,600,600,40.060271,1.527458,0.231334,53.011141,292,292,291,0.996575,0.979167,0.000000,1.467407,11.192078,0.245834,0.000625,9.962620,0.982708,166,0.568493,0.812500,0.628125,0.030024,5.609497
61,2575221484144,1,orb_cpu,stereo,66.430341,60.108594,0.000000,0.000000,0.000000,0.000000,0.000000,0.000000,0.000000,0.000000,600,600,66.660133,10.143078,2.059624,78.862835,413,373,372,0.900726,0.333333,0.000000,1.727997,0.000000,0.000000,0.000000,0.000000,0.000000,359,0.869249,0.333333,0.935457,0.602736,7.846871
61,2575221484144,1,xfeat_guided,temporal,39.209313,39.728938,4.730164,5.596538,16.971367,15.488825,15.890492,16.804575,1.617082,1.838708,600,600,78.938251,3.427373,0.779999,83.145623,370,367,367,0.991892,1.000000,0.000000,nan,0.000000,0.000000,0.000000,0.000000,0.000000,0,0.000000,0.000000,nan,nan,0.000000
61,2575221484144,1,orb_cpu,temporal,63.423426,66.430341,0.000000,0.000000,0.000000,0.000000,0.000000,0.000000,0.000000,0.000000,600,600,129.853767,10.043912,0.826292,140.723971,526,518,518,0.984791,0.354167,0.000000,nan,0.000000,0.000000,0.000000,0.000000,0.000000,0,0.000000,0.000000,nan,nan,0.000000
70,2576211494853,1,xfeat_star_coarse,stereo,38.818189,23.940988,4.348581,4.301373,16.868075,0.000917,15.911158,16.855325,1.690208,2.782998,600,600,39.110105,1.601166,0.456583,41.167854,315,315,315,1.000000,0.979167,0.000000,0.000000,0.000000,0.000000,0.000000,0.000000,0.000000,152,0.482540,0.750000,0.493816,-0.211156,6.350247
70,2576211494853,1,xfeat_star_fine,stereo,38.818189,23.940988,4.348581,4.301373,16.868075,0.000917,15.911158,16.855325,1.690208,2.782998,600,600,39.110105,1.601166,0.229667,51.523474,292,292,291,0.996575,0.979167,0.000000,1.504028,10.582536,0.236417,0.000625,9.292787,1.052541,170,0.582192,0.812500,0.632462,-0.071834,8.572329
70,2576211494853,1,orb_cpu,stereo,64.939258,66.484050,0.000000,0.000000,0.000000,0.000000,0.000000,0.000000,0.000000,0.000000,600,599,66.936757,12.232494,2.018374,81.187625,408,369,367,0.899510,0.333333,0.000000,1.727997,0.000000,0.000000,0.000000,0.000000,0.000000,354,0.867647,0.333333,0.932087,0.623808,7.794204
71,2576301492853,1,xfeat_star_coarse,stereo,23.323238,39.412979,4.098123,4.087623,0.001125,17.704408,17.729866,15.881658,1.493791,1.739124,600,600,39.762147,1.645291,0.270833,41.678271,316,316,316,1.000000,0.958333,0.000000,0.000000,0.000000,0.000000,0.000000,0.000000,0.000000,148,0.468354,0.708333,0.472834,-0.219595,6.317830
71,2576301492853,1,xfeat_star_fine,stereo,23.323238,39.412979,4.098123,4.087623,0.001125,17.704408,17.729866,15.881658,1.493791,1.739124,600,600,39.762147,1.645291,0.306458,52.315766,300,300,300,1.000000,0.958333,0.000000,1.488564,10.601870,0.258334,0.000625,9.294620,1.048125,173,0.576667,0.812500,0.610840,-0.069986,9.846204
71,2576301492853,1,orb_cpu,stereo,68.871548,63.628550,0.000000,0.000000,0.000000,0.000000,0.000000,0.000000,0.000000,0.000000,600,600,69.098881,13.452410,2.663957,85.215248,424,370,367,0.865566,0.333333,0.000000,1.727997,0.000000,0.000000,0.000000,0.000000,0.000000,350,0.825472,0.333333,0.929648,0.569531,8.130163
71,2576301492853,1,xfeat_guided,temporal,38.818189,23.323238,4.348581,4.098123,16.868075,0.001125,15.911158,17.729866,1.690208,1.493791,600,600,62.141427,3.421915,0.783042,66.346384,376,371,371,0.986702,1.000000,0.000000,nan,0.000000,0.000000,0.000000,0.000000,0.000000,0,0.000000,0.000000,nan,nan,0.000000
71,2576301492853,1,orb_cpu,temporal,64.939258,68.871548,0.000000,0.000000,0.000000,0.000000,0.000000,0.000000,0.000000,0.000000,600,600,133.810806,10.048995,0.693125,144.552926,522,516,516,0.988506,0.354167,0.000000,nan,0.000000,0.000000,0.000000,0.000000,0.000000,0,0.000000,0.000000,nan,nan,0.000000
80,2577201491645,1,xfeat_star_coarse,stereo,39.058646,22.876446,4.677872,4.583497,16.786325,0.000667,15.913283,16.768908,1.680874,1.523124,600,600,39.515063,3.064124,0.634750,43.213937,315,315,315,1.000000,0.979167,0.000000,0.000000,0.000000,0.000000,0.000000,0.000000,0.000000,168,0.533333,0.770833,0.537030,-0.123614,14.553451
80,2577201491645,1,xfeat_star_fine,stereo,39.058646,22.876446,4.677872,4.583497,16.786325,0.000667,15.913283,16.768908,1.680874,1.523124,600,600,39.515063,3.064124,0.228792,58.862054,291,291,289,0.993127,0.979167,0.000000,1.522148,16.054075,0.507792,0.002875,14.485159,1.057666,178,0.611684,0.791667,0.660910,0.041728,11.654369
80,2577201491645,1,orb_cpu,stereo,64.486967,64.431342,0.000000,0.000000,0.000000,0.000000,0.000000,0.000000,0.000000,0.000000,600,600,64.724717,21.731573,4.022832,90.479122,408,363,361,0.884804,0.333333,0.000000,1.727997,0.000000,0.000000,0.000000,0.000000,0.000000,344,0.843137,0.333333,0.937758,0.611902,13.200076
81,2577291484020,1,xfeat_star_coarse,stereo,21.969906,37.485022,4.489040,17.325325,0.001291,3.102124,15.996284,15.454825,1.483041,1.602457,600,600,37.850647,1.490291,0.378208,39.719146,305,305,305,1.000000,0.979167,0.000000,0.000000,0.000000,0.000000,0.000000,0.000000,0.000000,159,0.521311,0.729167,0.551145,-0.201840,12.102160
81,2577291484020,1,xfeat_star_fine,stereo,21.969906,37.485022,4.489040,17.325325,0.001291,3.102124,15.996284,15.454825,1.483041,1.602457,600,600,37.850647,1.490291,0.302500,50.440474,284,284,281,0.989437,0.958333,0.000000,1.451443,10.797036,0.435041,0.001000,9.342412,1.018291,162,0.570423,0.750000,0.645320,-0.069222,10.524120
81,2577291484020,1,orb_cpu,stereo,64.603509,66.947133,0.000000,0.000000,0.000000,0.000000,0.000000,0.000000,0.000000,0.000000,600,600,67.290174,20.167198,3.679623,91.136995,404,359,358,0.886139,0.333333,0.000000,1.440002,0.000000,0.000000,0.000000,0.000000,0.000000,343,0.849010,0.333333,0.932020,0.618190,8.564412
81,2577291484020,1,xfeat_guided,temporal,39.058646,21.969906,4.677872,4.489040,16.786325,0.001291,15.913283,15.996284,1.680874,1.483041,600,600,61.028552,3.661581,0.508334,65.198467,373,371,371,0.994638,1.000000,0.000000,nan,0.000000,0.000000,0.000000,0.000000,0.000000,0,0.000000,0.000000,nan,nan,0.000000
81,2577291484020,1,orb_cpu,temporal,64.486967,64.603509,0.000000,0.000000,0.000000,0.000000,0.000000,0.000000,0.000000,0.000000,600,600,129.090476,10.095245,0.707666,139.893387,527,526,526,0.998102,0.354167,0.000000,nan,0.000000,0.000000,0.000000,0.000000,0.000000,0,0.000000,0.000000,nan,nan,0.000000
90,2578191503937,1,xfeat_star_coarse,stereo,22.921696,40.387813,4.659789,4.618873,0.001166,16.612741,16.594534,17.601866,1.665957,1.554083,600,600,40.754729,1.346916,0.289084,42.390729,305,305,305,1.000000,0.979167,0.000000,0.000000,0.000000,0.000000,0.000000,0.000000,0.000000,157,0.514754,0.750000,0.553900,-0.148935,5.890246
90,2578191503937,1,xfeat_star_fine,stereo,22.921696,40.387813,4.659789,4.618873,0.001166,16.612741,16.594534,17.601866,1.665957,1.554083,600,600,40.754729,1.346916,0.230208,53.351972,288,288,287,0.996528,0.979167,0.000000,1.435394,11.020119,0.236625,0.000500,9.758911,1.023916,169,0.586806,0.770833,0.654758,-0.014148,4.682456
90,2578191503937,1,orb_cpu,stereo,64.375384,65.371841,0.000000,0.000000,0.000000,0.000000,0.000000,0.000000,0.000000,0.000000,600,600,65.853216,9.266079,2.858540,77.977835,409,355,354,0.865526,0.333333,0.000000,1.727997,0.000000,0.000000,0.000000,0.000000,0.000000,339,0.828851,0.333333,0.926328,0.587117,7.770746
91,2578281501270,1,xfeat_star_coarse,stereo,22.732405,38.723730,4.326706,4.273706,0.001041,16.937450,16.922033,15.887158,1.482250,1.625166,600,600,39.038063,1.597416,0.454708,41.090187,308,308,308,1.000000,0.979167,0.000000,0.000000,0.000000,0.000000,0.000000,0.000000,0.000000,159,0.516234,0.770833,0.566227,-0.132717,6.156413
91,2578281501270,1,xfeat_star_fine,stereo,22.732405,38.723730,4.326706,4.273706,0.001041,16.937450,16.922033,15.887158,1.482250,1.625166,600,600,39.038063,1.597416,0.290625,51.513932,285,285,283,0.992982,0.979167,0.000000,1.447372,10.587828,0.271583,0.000583,9.284371,1.031124,176,0.617544,0.791667,0.669605,0.055628,5.587789
91,2578281501270,1,orb_cpu,stereo,61.895301,63.264218,0.000000,0.000000,0.000000,0.000000,0.000000,0.000000,0.000000,0.000000,600,598,63.505426,10.455745,2.981332,76.942503,405,346,340,0.839506,0.333333,0.000000,1.727997,0.000000,0.000000,0.000000,0.000000,0.000000,325,0.802469,0.333333,0.929271,0.592413,7.730663
91,2578281501270,1,xfeat_guided,temporal,22.921696,22.732405,4.659789,4.326706,0.001166,0.001041,16.594534,16.922033,1.665957,1.482250,600,600,45.654101,3.434332,0.995083,50.083516,369,360,360,0.975610,1.000000,0.000000,nan,0.000000,0.000000,0.000000,0.000000,0.000000,0,0.000000,0.000000,nan,nan,0.000000
91,2578281501270,1,orb_cpu,temporal,64.375384,61.895301,0.000000,0.000000,0.000000,0.000000,0.000000,0.000000,0.000000,0.000000,600,600,126.270685,10.172412,0.794666,137.237763,525,522,522,0.994286,0.354167,0.000000,nan,0.000000,0.000000,0.000000,0.000000,0.000000,0,0.000000,0.000000,nan,nan,0.000000
100,2579271529354,1,xfeat_star_coarse,stereo,23.131947,38.615938,4.704665,4.616748,0.001500,16.966783,16.944741,15.470575,1.480708,1.561707,600,600,39.148438,5.505872,1.156249,45.810559,312,312,312,1.000000,0.979167,0.000000,0.000000,0.000000,0.000000,0.000000,0.000000,0.000000,161,0.516026,0.812500,0.537857,-0.188679,23.566363
100,2579271529354,1,xfeat_star_fine,stereo,23.131947,38.615938,4.704665,4.616748,0.001500,16.966783,16.944741,15.470575,1.480708,1.561707,600,600,39.148438,5.505872,0.297375,55.885429,293,293,292,0.996587,0.979167,0.000000,1.416842,10.933744,0.514083,0.001042,9.383787,1.034291,179,0.610922,0.812500,0.660880,0.002651,19.905948
100,2579271529354,1,orb_cpu,stereo,69.140256,63.064843,0.000000,0.000000,0.000000,0.000000,0.000000,0.000000,0.000000,0.000000,598,598,69.344673,20.338322,4.070123,93.753118,389,350,350,0.899743,0.333333,0.000000,1.727997,0.000000,0.000000,0.000000,0.000000,0.000000,331,0.850900,0.333333,0.938090,0.572656,13.390785
101,2579361495313,1,xfeat_star_coarse,stereo,22.814780,40.146855,4.671497,4.658206,0.000917,16.424575,16.436783,17.557325,1.705458,1.506499,600,600,40.502521,1.628749,0.347209,42.478479,310,310,310,1.000000,0.979167,0.000000,0.000000,0.000000,0.000000,0.000000,0.000000,0.000000,158,0.509677,0.770833,0.531283,-0.187514,6.112413
101,2579361495313,1,xfeat_star_fine,stereo,22.814780,40.146855,4.671497,4.658206,0.000917,16.424575,16.436783,17.557325,1.705458,1.506499,600,600,40.502521,1.628749,0.287959,53.462973,291,291,289,0.993127,0.979167,0.000000,1.543819,11.043744,0.245083,0.000500,9.735787,1.062207,168,0.577320,0.812500,0.645779,-0.072989,8.900495
101,2579361495313,1,orb_cpu,stereo,67.275841,62.228426,0.000000,0.000000,0.000000,0.000000,0.000000,0.000000,0.000000,0.000000,598,600,67.499882,20.142072,2.758248,90.400202,401,360,358,0.892768,0.333333,0.000000,1.727997,0.000000,0.000000,0.000000,0.000000,0.000000,340,0.847880,0.333333,0.937004,0.608255,7.597122
101,2579361495313,1,xfeat_guided,temporal,23.131947,22.814780,4.704665,4.671497,0.001500,0.000917,16.944741,16.436783,1.480708,1.705458,600,600,45.946727,3.623290,0.668041,50.238058,371,367,367,0.989218,1.000000,0.000000,nan,0.000000,0.000000,0.000000,0.000000,0.000000,0,0.000000,0.000000,nan,nan,0.000000
101,2579361495313,1,orb_cpu,temporal,69.140256,67.275841,0.000000,0.000000,0.000000,0.000000,0.000000,0.000000,0.000000,0.000000,598,598,136.416097,10.002537,1.008583,147.427217,520,516,516,0.992308,0.354167,0.000000,nan,0.000000,0.000000,0.000000,0.000000,0.000000,0,0.000000,0.000000,nan,nan,0.000000
110,2580261503230,1,xfeat_star_coarse,stereo,22.732613,38.682396,4.130831,4.113664,0.000916,17.085283,17.096075,15.898784,1.504499,1.584457,600,600,39.008647,1.744790,0.643499,41.396936,320,320,320,1.000000,1.000000,0.000000,0.000000,0.000000,0.000000,0.000000,0.000000,0.000000,188,0.587500,0.812500,0.657577,-0.077189,6.290455
110,2580261503230,1,xfeat_star_fine,stereo,22.732613,38.682396,4.130831,4.113664,0.000916,17.085283,17.096075,15.898784,1.504499,1.584457,600,600,39.008647,1.744790,0.232125,51.598140,313,313,313,1.000000,1.000000,0.000000,1.507599,10.612578,0.258875,0.000666,9.296495,1.056375,207,0.661342,0.812500,0.731878,-0.076366,10.865161
110,2580261503230,1,orb_cpu,stereo,64.019258,65.853841,0.000000,0.000000,0.000000,0.000000,0.000000,0.000000,0.000000,0.000000,600,597,66.319633,17.269407,1.395624,84.984664,419,392,388,0.926014,0.333333,0.000000,1.440006,0.000000,0.000000,0.000000,0.000000,0.000000,374,0.892601,0.333333,0.938647,0.639990,7.972580
111,2580351508313,1,xfeat_star_coarse,stereo,21.478031,38.210022,3.938415,3.895748,0.000834,15.913950,15.892575,16.986199,1.645999,1.413958,600,600,38.531480,1.657333,0.349625,40.538438,319,319,319,1.000000,1.000000,0.000000,0.000000,0.000000,0.000000,0.000000,0.000000,0.000000,193,0.605016,0.895833,0.585668,-0.009560,6.302413
111,2580351508313,1,xfeat_star_fine,stereo,21.478031,38.210022,3.938415,3.895748,0.000834,15.913950,15.892575,16.986199,1.645999,1.413958,600,600,38.531480,1.657333,0.304333,51.277766,293,293,292,0.996587,1.000000,0.000000,1.656036,10.784620,0.288042,0.000833,9.451495,1.044125,181,0.617747,0.854167,0.678517,-0.009621,10.777952
111,2580351508313,1,orb_cpu,stereo,58.614678,60.580427,0.000000,0.000000,0.000000,0.000000,0.000000,0.000000,0.000000,0.000000,600,600,60.859843,12.481743,1.877749,75.219335,417,382,379,0.908873,0.354167,0.000000,1.727997,0.000000,0.000000,0.000000,0.000000,0.000000,370,0.887290,0.354167,0.950386,0.687922,7.971454
111,2580351508313,1,xfeat_guided,temporal,22.732613,21.478031,4.130831,3.938415,0.000916,0.000834,17.096075,15.892575,1.504499,1.645999,600,600,44.210644,3.344123,7.625871,55.180638,323,241,241,0.746130,0.875000,0.000000,nan,0.000000,0.000000,0.000000,0.000000,0.000000,0,0.000000,0.000000,nan,nan,0.000000
111,2580351508313,1,orb_cpu,temporal,64.019258,58.614678,0.000000,0.000000,0.000000,0.000000,0.000000,0.000000,0.000000,0.000000,600,600,122.633936,10.277870,2.823416,135.735222,427,363,363,0.850117,0.312500,1.440002,nan,0.000000,0.000000,0.000000,0.000000,0.000000,0,0.000000,0.000000,nan,nan,0.000000
120,2581341517064,1,xfeat_star_coarse,stereo,40.890479,22.947488,4.692331,4.620539,16.681325,0.000708,18.072824,16.661825,1.443624,1.664124,600,600,41.395395,1.395707,0.297083,43.088185,308,308,308,1.000000,1.000000,0.000000,0.000000,0.000000,0.000000,0.000000,0.000000,0.000000,178,0.577922,0.854167,0.619915,-0.154972,7.857454
120,2581341517064,1,xfeat_star_fine,stereo,40.890479,22.947488,4.692331,4.620539,16.681325,0.000708,18.072824,16.661825,1.443624,1.664124,600,600,41.395395,1.395707,0.297667,56.320513,291,291,291,1.000000,1.000000,0.000000,1.786732,13.231744,0.339125,0.000833,11.858703,1.032791,190,0.652921,0.937500,0.704512,0.017724,9.693495
120,2581341517064,1,orb_cpu,stereo,61.140843,63.422217,0.000000,0.000000,0.000000,0.000000,0.000000,0.000000,0.000000,0.000000,600,598,63.645676,20.291573,2.129582,86.066831,414,377,377,0.910628,0.416667,0.000000,1.728004,0.000000,0.000000,0.000000,0.000000,0.000000,368,0.888889,0.416667,0.954952,0.662182,7.837329
121,2581431510480,1,xfeat_star_coarse,stereo,22.425905,38.845189,4.697122,4.633623,0.001208,15.934575,15.915825,16.628699,1.811166,1.648125,600,600,39.213814,1.467791,0.290124,40.971729,325,325,325,1.000000,1.000000,0.000000,0.000000,0.000000,0.000000,0.000000,0.000000,0.000000,169,0.520000,0.812500,0.541577,-0.165973,9.119787
121,2581431510480,1,xfeat_star_fine,stereo,22.425905,38.845189,4.697122,4.633623,0.001208,15.934575,15.915825,16.628699,1.811166,1.648125,600,600,39.213814,1.467791,0.303292,53.497765,310,310,310,1.000000,1.000000,0.000000,1.774094,12.512868,0.349374,0.000833,11.160870,1.001499,189,0.609677,0.875000,0.665578,-0.029537,11.704577
121,2581431510480,1,orb_cpu,stereo,64.238634,66.673382,0.000000,0.000000,0.000000,0.000000,0.000000,0.000000,0.000000,0.000000,600,598,66.906632,19.129240,1.691416,87.727288,410,369,362,0.882927,0.354167,0.000000,1.728004,0.000000,0.000000,0.000000,0.000000,0.000000,349,0.851220,0.354167,0.930139,0.611851,7.779788
121,2581431510480,1,xfeat_guided,temporal,40.890479,22.425905,4.692331,4.697122,16.681325,0.001208,18.072824,15.915825,1.443624,1.811166,600,600,63.316384,3.147415,8.802829,75.266628,306,225,225,0.735294,0.895833,0.000000,nan,0.000000,0.000000,0.000000,0.000000,0.000000,0,0.000000,0.000000,nan,nan,0.000000
121,2581431510480,1,orb_cpu,temporal,61.140843,64.238634,0.000000,0.000000,0.000000,0.000000,0.000000,0.000000,0.000000,0.000000,600,600,125.379477,10.019662,2.790581,138.189720,439,378,378,0.861048,0.312500,1.000000,nan,0.000000,0.000000,0.000000,0.000000,0.000000,0,0.000000,0.000000,nan,nan,0.000000
130,2582331513856,1,xfeat_star_coarse,stereo,38.477855,21.479239,3.933414,3.888623,15.917409,0.000625,16.812741,15.898451,1.814208,1.690999,600,600,38.788897,1.586957,0.532541,40.908395,308,308,308,1.000000,1.000000,0.000000,0.000000,0.000000,0.000000,0.000000,0.000000,0.000000,140,0.454545,0.770833,0.444839,-0.278524,6.083831
130,2582331513856,1,xfeat_star_fine,stereo,38.477855,21.479239,3.933414,3.888623,15.917409,0.000625,16.812741,15.898451,1.814208,1.690999,600,600,38.788897,1.586957,0.280208,51.252764,277,277,277,1.000000,1.000000,0.000000,1.618919,10.596702,0.235083,0.000500,9.324870,1.036124,162,0.584838,0.875000,0.630999,-0.058923,10.655994
130,2582331513856,1,orb_cpu,stereo,63.506758,65.018383,0.000000,0.000000,0.000000,0.000000,0.000000,0.000000,0.000000,0.000000,599,588,65.454050,14.480784,1.527958,81.462792,395,364,361,0.913924,0.416667,0.000000,1.727997,0.000000,0.000000,0.000000,0.000000,0.000000,350,0.886076,0.416667,0.943886,0.622508,7.536329
131,2582421519397,1,xfeat_star_coarse,stereo,39.086563,22.937655,4.339914,4.254373,17.134783,0.001083,15.914325,17.159866,1.696916,1.522041,600,600,39.389188,1.610416,0.347875,41.347479,323,323,323,1.000000,0.979167,0.000000,0.000000,0.000000,0.000000,0.000000,0.000000,0.000000,171,0.529412,0.833333,0.579096,-0.260194,6.415955
131,2582421519397,1,xfeat_star_fine,stereo,39.086563,22.937655,4.339914,4.254373,17.134783,0.001083,15.914325,17.159866,1.696916,1.522041,600,600,39.389188,1.610416,0.301792,51.897807,310,310,310,1.000000,0.979167,0.000000,1.647280,10.596411,0.252125,0.000833,9.291412,1.051791,195,0.629032,0.875000,0.700370,0.080965,7.713412
131,2582421519397,1,orb_cpu,stereo,61.797302,62.633551,0.000000,0.000000,0.000000,0.000000,0.000000,0.000000,0.000000,0.000000,595,583,62.920635,21.819739,3.625206,88.365580,387,351,350,0.904393,0.395833,0.000000,1.727997,0.000000,0.000000,0.000000,0.000000,0.000000,341,0.881137,0.395833,0.945703,0.713940,7.469163
131,2582421519397,1,xfeat_guided,temporal,38.477855,39.086563,3.933414,4.339914,15.917409,17.134783,16.812741,15.914325,1.814208,1.696916,600,600,77.564418,2.986791,10.396619,90.947828,305,220,220,0.721311,0.875000,0.000000,nan,0.000000,0.000000,0.000000,0.000000,0.000000,0,0.000000,0.000000,nan,nan,0.000000
131,2582421519397,1,orb_cpu,temporal,63.506758,61.797302,0.000000,0.000000,0.000000,0.000000,0.000000,0.000000,0.000000,0.000000,599,595,125.304060,9.997453,2.170082,137.471595,404,359,359,0.888614,0.416667,0.000000,nan,0.000000,0.000000,0.000000,0.000000,0.000000,0,0.000000,0.000000,nan,nan,0.000000
140,2583321508481,1,xfeat_star_coarse,stereo,23.462530,39.497730,4.625539,4.598540,0.000958,17.325950,17.308200,15.936367,1.527666,1.636707,600,600,39.995062,1.363791,1.595499,42.954352,330,330,330,1.000000,1.000000,0.000000,0.000000,0.000000,0.000000,0.000000,0.000000,0.000000,184,0.557576,0.833333,0.575561,-0.182007,24.561487
140,2583321508481,1,xfeat_star_fine,stereo,23.462530,39.497730,4.625539,4.598540,0.000958,17.325950,17.308200,15.936367,1.527666,1.636707,600,600,39.995062,1.363791,0.296792,52.705764,309,309,309,1.000000,1.000000,0.000000,1.638550,11.050119,0.537833,0.001125,9.419454,1.091207,196,0.634304,0.875000,0.674350,0.026332,13.783576
140,2583321508481,1,orb_cpu,stereo,62.012509,63.562758,0.000000,0.000000,0.000000,0.000000,0.000000,0.000000,0.000000,0.000000,597,593,63.857717,8.424579,1.104832,73.387128,390,367,365,0.935897,0.458333,0.000000,2.000000,0.000000,0.000000,0.000000,0.000000,0.000000,355,0.910256,0.458333,0.951619,0.648335,11.612078
141,2583411508940,1,xfeat_star_coarse,stereo,23.732946,39.135980,4.697789,4.627123,0.000958,17.579824,17.556033,15.469492,1.477874,1.459291,600,600,39.628021,1.406375,0.303041,41.337437,322,322,322,1.000000,0.979167,0.000000,0.000000,0.000000,0.000000,0.000000,0.000000,0.000000,173,0.537267,0.791667,0.559128,-0.235422,5.108581
141,2583411508940,1,xfeat_star_fine,stereo,23.732946,39.135980,4.697789,4.627123,0.000958,17.579824,17.556033,15.469492,1.477874,1.459291,600,600,39.628021,1.406375,0.307666,52.119181,306,306,306,1.000000,0.979167,0.000000,1.681145,10.777119,0.228917,0.000666,9.551495,0.995916,196,0.640523,0.875000,0.711180,0.005914,9.007371
141,2583411508940,1,orb_cpu,stereo,63.876217,65.866841,0.000000,0.000000,0.000000,0.000000,0.000000,0.000000,0.000000,0.000000,600,591,66.142258,16.370117,1.142083,83.654458,375,353,351,0.936000,0.395833,0.000000,1.864006,0.000000,0.000000,0.000000,0.000000,0.000000,341,0.909333,0.395833,0.945084,0.716952,7.167413
141,2583411508940,1,xfeat_guided,temporal,23.462530,23.732946,4.625539,4.697789,0.000958,0.000958,17.308200,17.556033,1.527666,1.477874,600,600,47.195476,3.154915,8.103745,58.454136,307,226,226,0.736156,0.854167,0.000000,nan,0.000000,0.000000,0.000000,0.000000,0.000000,0,0.000000,0.000000,nan,nan,0.000000
141,2583411508940,1,orb_cpu,temporal,62.012509,63.876217,0.000000,0.000000,0.000000,0.000000,0.000000,0.000000,0.000000,0.000000,597,600,125.888726,9.997329,2.345499,138.231554,422,375,375,0.888626,0.395833,1.440002,nan,0.000000,0.000000,0.000000,0.000000,0.000000,0,0.000000,0.000000,nan,nan,0.000000
150,2584401515940,1,xfeat_star_coarse,stereo,33.837357,49.009141,14.317367,14.157701,0.001000,17.271574,17.255866,15.906117,2.262832,1.673582,600,600,49.578724,1.612874,0.359792,51.551390,316,316,316,1.000000,0.979167,0.000000,0.000000,0.000000,0.000000,0.000000,0.000000,0.000000,153,0.484177,0.770833,0.496302,-0.147118,6.438080
150,2584401515940,1,xfeat_star_fine,stereo,33.837357,49.009141,14.317367,14.157701,0.001000,17.271574,17.255866,15.906117,2.262832,1.673582,600,600,49.578724,1.612874,0.236917,64.799424,290,290,290,1.000000,0.979167,0.000000,1.646779,13.370909,0.338083,0.000792,12.000244,1.031499,173,0.596552,0.854167,0.624491,-0.024108,4.651205
150,2584401515940,1,orb_cpu,stereo,66.684966,61.455634,0.000000,0.000000,0.000000,0.000000,0.000000,0.000000,0.000000,0.000000,600,582,67.104298,9.081496,1.438708,77.624502,384,355,350,0.911458,0.395833,0.000000,2.000000,0.000000,0.000000,0.000000,0.000000,0.000000,343,0.893229,0.395833,0.947475,0.683199,7.361704
151,2584491539523,1,xfeat_star_coarse,stereo,20.912364,37.031356,3.949331,3.891748,0.000958,15.498534,15.474784,15.881325,1.487124,1.759624,600,600,37.389730,1.548207,0.355875,39.293812,312,312,312,1.000000,1.000000,0.000000,0.000000,0.000000,0.000000,0.000000,0.000000,0.000000,153,0.490385,0.812500,0.521228,-0.252577,6.045705
151,2584491539523,1,xfeat_star_fine,stereo,20.912364,37.031356,3.949331,3.891748,0.000958,15.498534,15.474784,15.881325,1.487124,1.759624,600,600,37.389730,1.548207,0.302624,49.858348,294,294,294,1.000000,1.000000,0.000000,1.800789,10.617787,0.290125,0.000625,9.277870,1.048875,168,0.571429,0.875000,0.654612,-0.024370,8.384579
151,2584491539523,1,orb_cpu,stereo,64.810217,66.473841,0.000000,0.000000,0.000000,0.000000,0.000000,0.000000,0.000000,0.000000,600,592,66.746424,13.316409,1.418208,81.481041,382,357,357,0.934555,0.437500,0.000000,2.000000,0.000000,0.000000,0.000000,0.000000,0.000000,345,0.903141,0.437500,0.946772,0.677901,7.378746
151,2584491539523,1,xfeat_guided,temporal,33.837357,20.912364,14.317367,3.949331,0.001000,0.000958,17.255866,15.474784,2.262832,1.487124,600,600,54.749721,2.898540,13.971452,71.619713,299,205,205,0.685619,0.854167,0.000000,nan,0.000000,0.000000,0.000000,0.000000,0.000000,0,0.000000,0.000000,nan,nan,0.000000
151,2584491539523,1,orb_cpu,temporal,66.684966,64.810217,0.000000,0.000000,0.000000,0.000000,0.000000,0.000000,0.000000,0.000000,600,600,131.495183,10.042870,2.149082,143.687135,412,369,369,0.895631,0.416667,0.000000,nan,0.000000,0.000000,0.000000,0.000000,0.000000,0,0.000000,0.000000,nan,nan,0.000000
160,2585391530899,1,xfeat_star_coarse,stereo,23.508030,38.907897,4.710956,4.622998,0.001208,17.322533,17.301867,15.490284,1.493749,1.471916,600,600,39.466563,3.665582,1.177749,44.309894,324,324,324,1.000000,1.000000,0.000000,0.000000,0.000000,0.000000,0.000000,0.000000,0.000000,155,0.478395,0.791667,0.466415,-0.247892,24.342154
160,2585391530899,1,xfeat_star_fine,stereo,23.508030,38.907897,4.710956,4.622998,0.001208,17.322533,17.301867,15.490284,1.493749,1.471916,600,600,39.466563,3.665582,1.118749,55.417846,299,299,298,0.996656,1.000000,0.000000,1.748871,11.166952,0.517499,0.001417,9.397953,1.249541,169,0.565217,0.875000,0.629326,-0.049544,20.748073
160,2585391530899,1,orb_cpu,stereo,64.404758,66.704715,0.000000,0.000000,0.000000,0.000000,0.000000,0.000000,0.000000,0.000000,600,592,66.976340,20.334948,4.420789,91.732077,362,320,315,0.870166,0.416667,0.000000,1.728004,0.000000,0.000000,0.000000,0.000000,0.000000,300,0.828729,0.416667,0.937992,0.576455,8.419079
161,2585481522149,1,xfeat_star_coarse,stereo,21.756072,37.139439,4.771123,4.702872,0.000917,15.534533,15.510325,15.445826,1.473541,1.456041,600,600,37.515689,2.918290,0.627708,41.061687,333,333,333,1.000000,1.000000,0.000000,0.000000,0.000000,0.000000,0.000000,0.000000,0.000000,160,0.480480,0.729167,0.489556,-0.197693,12.760493
161,2585481522149,1,xfeat_star_fine,stereo,21.756072,37.139439,4.771123,4.702872,0.000917,15.534533,15.510325,15.445826,1.473541,1.456041,600,600,37.515689,2.918290,0.305125,51.526474,309,309,309,1.000000,1.000000,0.000000,1.734772,10.787370,0.339625,0.000667,9.316912,1.129833,172,0.556634,0.791667,0.617879,-0.012277,10.639078
161,2585481522149,1,orb_cpu,stereo,64.408758,66.732965,0.000000,0.000000,0.000000,0.000000,0.000000,0.000000,0.000000,0.000000,599,592,67.014174,19.926657,3.987997,90.928828,367,328,327,0.891008,0.479167,0.000000,1.727997,0.000000,0.000000,0.000000,0.000000,0.000000,314,0.855586,0.479167,0.932674,0.573081,10.401120
161,2585481522149,1,xfeat_guided,temporal,23.508030,21.756072,4.710956,4.771123,0.001208,0.000917,17.301867,15.510325,1.493749,1.473541,600,600,45.264102,3.122831,12.040619,60.427552,306,214,214,0.699346,0.854167,0.000000,nan,0.000000,0.000000,0.000000,0.000000,0.000000,0,0.000000,0.000000,nan,nan,0.000000
161,2585481522149,1,orb_cpu,temporal,64.404758,64.408758,0.000000,0.000000,0.000000,0.000000,0.000000,0.000000,0.000000,0.000000,600,599,128.813516,10.888828,2.119957,141.822301,401,356,356,0.887781,0.375000,0.200012,nan,0.000000,0.000000,0.000000,0.000000,0.000000,0,0.000000,0.000000,nan,nan,0.000000
170,2586381516566,1,xfeat_star_coarse,stereo,31.586192,47.566475,12.355160,12.207827,0.001250,17.725824,17.717824,15.869950,1.511541,1.762707,600,600,48.124641,1.554916,0.357916,50.037473,327,327,327,1.000000,1.000000,0.000000,8.000000,0.000000,0.000000,0.000000,0.000000,0.000000,164,0.501529,0.875000,0.550564,-0.264954,6.430622
170,2586381516566,1,xfeat_star_fine,stereo,31.586192,47.566475,12.355160,12.207827,0.001250,17.725824,17.717824,15.869950,1.511541,1.762707,600,600,48.124641,1.554916,0.338333,60.683134,310,310,308,0.993548,1.000000,0.000000,8.042263,10.665244,0.249916,0.000625,9.307912,1.106624,178,0.574194,0.937500,0.663377,-0.096575,6.150247
170,2586381516566,1,orb_cpu,stereo,63.809717,65.686674,0.000000,0.000000,0.000000,0.000000,0.000000,0.000000,0.000000,0.000000,600,593,66.126049,15.261408,2.156124,83.543581,376,335,331,0.880319,0.395833,0.000000,2.000000,0.000000,0.000000,0.000000,0.000000,0.000000,315,0.837766,0.395833,0.936127,0.609075,7.171454
171,2586561521983,1,xfeat_star_coarse,stereo,21.423322,38.021855,3.844456,3.807081,0.001250,15.920117,15.902658,16.615200,1.674749,1.679332,600,600,38.359563,1.593458,0.346499,40.299520,311,311,311,1.000000,0.979167,0.000000,8.000000,0.000000,0.000000,0.000000,0.000000,0.000000,163,0.524116,0.812500,0.514906,-0.257134,6.241539
171,2586561521983,1,xfeat_star_fine,stereo,21.423322,38.021855,3.844456,3.807081,0.001250,15.920117,15.902658,16.615200,1.674749,1.679332,600,600,38.359563,1.593458,0.305541,50.845724,296,296,296,1.000000,0.979167,0.000000,8.387634,10.587162,0.252709,0.000750,9.295120,1.038375,179,0.604730,0.812500,0.650824,-0.097398,5.603580
171,2586561521983,1,orb_cpu,stereo,61.941426,63.621092,0.000000,0.000000,0.000000,0.000000,0.000000,0.000000,0.000000,0.000000,591,582,63.910134,14.933117,4.182123,83.025374,349,311,309,0.885387,0.354167,0.000000,1.728012,0.000000,0.000000,0.000000,0.000000,0.000000,295,0.845272,0.354167,0.937949,0.624554,7.292330
171,2586561521983,1,xfeat_guided,temporal,31.586192,21.423322,12.355160,3.844456,0.001250,0.001250,17.717824,15.902658,1.511541,1.674749,600,600,53.009514,3.054707,8.607621,64.671842,284,207,207,0.728873,0.812500,0.000000,nan,0.000000,0.000000,0.000000,0.000000,0.000000,0,0.000000,0.000000,nan,nan,0.000000
171,2586561521983,1,orb_cpu,temporal,63.809717,61.941426,0.000000,0.000000,0.000000,0.000000,0.000000,0.000000,0.000000,0.000000,600,591,125.751143,10.192495,3.715790,139.659428,370,304,304,0.821622,0.375000,1.000000,nan,0.000000,0.000000,0.000000,0.000000,0.000000,0,0.000000,0.000000,nan,nan,0.000000
180,2587461523650,1,xfeat_star_coarse,stereo,23.193779,40.876687,4.687081,4.618914,0.001208,16.738616,16.724241,18.079283,1.780916,1.439541,600,600,41.434479,1.349374,0.287958,43.071811,319,319,319,1.000000,1.000000,0.000000,8.000000,0.000000,0.000000,0.000000,0.000000,0.000000,186,0.583072,0.895833,0.639340,-0.250240,12.046452
180,2587461523650,1,xfeat_star_fine,stereo,23.193779,40.876687,4.687081,4.618914,0.001208,16.738616,16.724241,18.079283,1.780916,1.439541,600,600,41.434479,1.349374,0.301791,54.166513,302,302,300,0.993377,1.000000,0.000000,8.201334,11.080869,0.600958,0.001333,9.389245,1.088791,195,0.645695,0.916667,0.705829,0.032737,16.282075
180,2587461523650,1,orb_cpu,stereo,61.951884,64.476383,0.000000,0.000000,0.000000,0.000000,0.000000,0.000000,0.000000,0.000000,595,589,64.725633,8.073663,2.457541,75.256837,356,300,297,0.834270,0.354167,0.000000,2.000000,0.000000,0.000000,0.000000,0.000000,0.000000,288,0.808989,0.354167,0.922628,0.592208,10.304411
181,2587551526650,1,xfeat_star_coarse,stereo,39.339479,23.246238,5.007039,4.916372,16.683908,0.001334,15.927783,16.664574,1.720499,1.663750,600,600,39.735146,1.328375,0.283917,41.347438,315,315,315,1.000000,1.000000,0.000000,8.000000,0.000000,0.000000,0.000000,0.000000,0.000000,174,0.552381,0.791667,0.619740,-0.133644,4.945331
181,2587551526650,1,xfeat_star_fine,stereo,39.339479,23.246238,5.007039,4.916372,16.683908,0.001334,15.927783,16.664574,1.720499,1.663750,600,600,39.735146,1.328375,0.460750,54.582140,294,294,294,1.000000,1.000000,0.000000,7.982422,13.057869,0.238959,0.000541,10.309412,2.508832,181,0.615646,0.875000,0.729617,0.079398,13.447451
181,2587551526650,1,orb_cpu,stereo,61.188677,63.197718,0.000000,0.000000,0.000000,0.000000,0.000000,0.000000,0.000000,0.000000,600,591,63.478258,9.985745,2.280374,75.744377,339,293,292,0.861357,0.312500,0.000000,2.000000,0.000000,0.000000,0.000000,0.000000,0.000000,277,0.817109,0.312500,0.931037,0.617617,6.519955
181,2587551526650,1,xfeat_guided,temporal,23.193779,39.339479,4.687081,5.007039,0.001208,16.683908,16.724241,15.927783,1.780916,1.720499,600,600,62.533258,3.094499,10.137495,75.765252,291,209,209,0.718213,0.812500,0.000000,nan,0.000000,0.000000,0.000000,0.000000,0.000000,0,0.000000,0.000000,nan,nan,0.000000
181,2587551526650,1,orb_cpu,temporal,61.951884,61.188677,0.000000,0.000000,0.000000,0.000000,0.000000,0.000000,0.000000,0.000000,595,600,123.140561,9.961162,1.365749,134.467472,383,357,357,0.932115,0.395833,0.000000,nan,0.000000,0.000000,0.000000,0.000000,0.000000,0,0.000000,0.000000,nan,nan,0.000000
190,2588451552984,1,xfeat_star_coarse,stereo,32.398775,48.329558,13.153327,12.985493,0.001459,17.773991,17.755199,15.937284,1.488374,1.632415,600,600,48.982016,1.745416,0.367917,51.095349,328,328,328,1.000000,1.000000,0.000000,8.000000,0.000000,0.000000,0.000000,0.000000,0.000000,210,0.640244,0.875000,0.699328,0.041172,6.471121
190,2588451552984,1,xfeat_star_fine,stereo,32.398775,48.329558,13.153327,12.985493,0.001459,17.773991,17.755199,15.937284,1.488374,1.632415,600,600,48.982016,1.745416,0.511959,61.888302,312,312,310,0.993590,1.000000,0.000000,8.842438,10.648911,0.255542,0.000625,9.332245,1.060333,204,0.653846,0.916667,0.740322,-0.014234,12.097327
190,2588451552984,1,orb_cpu,stereo,65.718882,61.835843,0.000000,0.000000,0.000000,0.000000,0.000000,0.000000,0.000000,0.000000,578,589,66.126757,18.721365,2.385374,87.233496,360,316,315,0.875000,0.437500,0.000000,2.073608,0.000000,0.000000,0.000000,0.000000,0.000000,302,0.838889,0.437500,0.934237,0.624032,6.884038
191,2588541527025,1,xfeat_star_coarse,stereo,23.127612,39.135688,4.673914,4.620956,0.001166,16.995408,16.975450,15.848367,1.476832,1.670749,600,600,39.479729,1.726208,0.354583,41.560520,314,314,314,1.000000,1.000000,0.000000,8.000000,0.000000,0.000000,0.000000,0.000000,0.000000,201,0.640127,0.895833,0.679692,-0.085575,6.165497
191,2588541527025,1,xfeat_star_fine,stereo,23.127612,39.135688,4.673914,4.620956,0.001166,16.995408,16.975450,15.848367,1.476832,1.670749,600,600,39.479729,1.726208,0.613333,52.755389,291,291,291,1.000000,1.000000,0.000000,8.512543,10.936119,0.250500,0.000334,9.525411,1.159666,193,0.663230,0.895833,0.752085,-0.103821,11.270952
191,2588541527025,1,orb_cpu,stereo,58.104886,60.519218,0.000000,0.000000,0.000000,0.000000,0.000000,0.000000,0.000000,0.000000,584,578,60.768719,9.617037,3.132374,73.518130,379,323,321,0.846966,0.395833,0.000000,2.073593,0.000000,0.000000,0.000000,0.000000,0.000000,310,0.817942,0.395833,0.938301,0.659506,7.255996
191,2588541527025,1,xfeat_guided,temporal,32.398775,23.127612,13.153327,4.673914,0.001459,0.001166,17.755199,16.975450,1.488374,1.476832,600,600,55.526387,3.271332,5.528414,64.326133,316,245,245,0.775316,0.895833,0.000000,nan,0.000000,0.000000,0.000000,0.000000,0.000000,0,0.000000,0.000000,nan,nan,0.000000
191,2588541527025,1,orb_cpu,temporal,65.718882,58.104886,0.000000,0.000000,0.000000,0.000000,0.000000,0.000000,0.000000,0.000000,578,584,123.823768,9.480412,2.636623,135.940803,379,337,337,0.889182,0.375000,1.439987,nan,0.000000,0.000000,0.000000,0.000000,0.000000,0,0.000000,0.000000,nan,nan,0.000000
200,2589531530568,1,xfeat_star_coarse,stereo,38.960063,23.435946,4.786539,4.714289,17.222866,0.001083,15.470826,17.200408,1.479624,1.519999,600,600,39.492521,5.547205,1.211999,46.251725,328,328,328,1.000000,1.000000,0.000000,8.000000,0.000000,0.000000,0.000000,0.000000,0.000000,197,0.600610,0.895833,0.623411,-0.048349,22.914446
200,2589531530568,1,xfeat_star_fine,stereo,38.960063,23.435946,4.786539,4.714289,17.222866,0.001083,15.470826,17.200408,1.479624,1.519999,600,600,39.492521,5.547205,1.094666,66.129882,299,299,295,0.986622,1.000000,0.000000,8.815582,19.995490,0.345083,0.001000,14.522659,5.126456,205,0.685619,0.916667,0.781157,0.101125,20.004073
200,2589531530568,1,orb_cpu,stereo,66.329673,62.111676,0.000000,0.000000,0.000000,0.000000,0.000000,0.000000,0.000000,0.000000,594,592,66.577465,22.444822,4.804540,93.826827,366,315,313,0.855191,0.458333,0.000000,2.488312,0.000000,0.000000,0.000000,0.000000,0.000000,298,0.814208,0.458333,0.935221,0.510974,7.110413
201,2589621546568,1,xfeat_star_coarse,stereo,39.114146,22.374530,4.723081,4.670331,15.901575,0.000959,16.785324,15.883658,1.703916,1.819416,600,600,39.439479,1.619083,0.345625,41.404187,327,327,327,1.000000,1.000000,0.000000,8.000000,0.000000,0.000000,0.000000,0.000000,0.000000,209,0.639144,0.937500,0.668510,0.048246,6.352413
201,2589621546568,1,xfeat_star_fine,stereo,39.114146,22.374530,4.723081,4.670331,15.901575,0.000959,16.785324,15.883658,1.703916,1.819416,600,600,39.439479,1.619083,0.307833,52.440681,298,298,297,0.996644,1.000000,0.000000,8.771332,11.074286,0.256917,0.000500,9.727495,1.089166,218,0.731544,0.875000,0.807250,0.172771,4.944081
201,2589621546568,1,orb_cpu,stereo,61.572843,64.668133,0.000000,0.000000,0.000000,0.000000,0.000000,0.000000,0.000000,0.000000,583,581,64.929716,19.252990,3.332498,87.515204,355,318,316,0.890141,0.437500,0.000000,2.400002,0.000000,0.000000,0.000000,0.000000,0.000000,305,0.859155,0.437500,0.939852,0.681259,6.841205
201,2589621546568,1,xfeat_guided,temporal,38.960063,39.114146,4.786539,4.723081,17.222866,15.901575,15.470826,16.785324,1.479624,1.703916,600,600,78.074209,3.256040,9.875662,91.205911,310,225,225,0.725806,0.812500,0.000000,nan,0.000000,0.000000,0.000000,0.000000,0.000000,0,0.000000,0.000000,nan,nan,0.000000
201,2589621546568,1,orb_cpu,temporal,66.329673,61.572843,0.000000,0.000000,0.000000,0.000000,0.000000,0.000000,0.000000,0.000000,594,583,127.902516,9.649745,2.815957,140.368218,342,306,306,0.894737,0.437500,0.000000,nan,0.000000,0.000000,0.000000,0.000000,0.000000,0,0.000000,0.000000,nan,nan,0.000000
210,2590521622443,1,xfeat_star_coarse,stereo,32.776941,48.094892,14.011159,13.830159,0.001000,17.258449,17.239949,15.451867,1.524583,1.554083,600,600,48.697349,1.628582,0.352541,50.678472,317,317,317,1.000000,1.000000,0.000000,8.000000,0.000000,0.000000,0.000000,0.000000,0.000000,187,0.589905,0.875000,0.630069,-0.293916,6.282497
210,2590521622443,1,xfeat_star_fine,stereo,32.776941,48.094892,14.011159,13.830159,0.001000,17.258449,17.239949,15.451867,1.524583,1.554083,600,600,48.697349,1.628582,0.318583,61.652550,294,294,294,1.000000,0.979167,0.000000,8.927887,11.008036,0.229916,0.000625,9.737828,1.039542,201,0.683673,0.875000,0.744222,-0.237107,4.936873
210,2590521622443,1,orb_cpu,stereo,62.287343,64.328633,0.000000,0.000000,0.000000,0.000000,0.000000,0.000000,0.000000,0.000000,588,573,64.849591,15.732659,2.542832,83.125082,349,306,305,0.873926,0.500000,0.000000,2.488312,0.000000,0.000000,0.000000,0.000000,0.000000,291,0.833811,0.500000,0.930301,0.617368,6.745913
211,2590611631985,1,xfeat_star_coarse,stereo,22.950238,38.855355,3.913831,3.879581,0.001208,17.408324,17.416699,15.863826,1.618083,1.703499,600,600,39.201313,1.613416,0.358667,41.173396,321,321,321,1.000000,1.000000,0.000000,8.000000,0.000000,0.000000,0.000000,0.000000,0.000000,174,0.542056,0.895833,0.590112,-0.247240,6.588288
211,2590611631985,1,xfeat_star_fine,stereo,22.950238,38.855355,3.913831,3.879581,0.001208,17.408324,17.416699,15.863826,1.618083,1.703499,600,600,39.201313,1.613416,0.298333,51.741265,304,304,303,0.996711,1.000000,0.000000,8.939148,10.628203,0.267667,0.000708,9.303328,1.056375,196,0.644737,0.895833,0.724120,-0.182074,10.146453
211,2590611631985,1,orb_cpu,stereo,63.066384,64.962549,0.000000,0.000000,0.000000,0.000000,0.000000,0.000000,0.000000,0.000000,583,563,65.229716,10.110203,3.937248,79.277167,335,274,272,0.811940,0.500000,0.000000,2.639984,0.000000,0.000000,0.000000,0.000000,0.000000,262,0.782090,0.500000,0.921744,0.604997,6.618205
211,2590611631985,1,xfeat_guided,temporal,32.776941,22.950238,14.011159,3.913831,0.001000,0.001208,17.239949,17.416699,1.524583,1.618083,600,600,55.727179,3.335456,10.394244,69.456879,301,215,215,0.714286,0.750000,0.000000,nan,0.000000,0.000000,0.000000,0.000000,0.000000,0,0.000000,0.000000,nan,nan,0.000000
211,2590611631985,1,orb_cpu,temporal,62.287343,63.066384,0.000000,0.000000,0.000000,0.000000,0.000000,0.000000,0.000000,0.000000,588,583,125.353727,9.656995,3.547415,138.558137,387,324,324,0.837209,0.500000,2.000000,nan,0.000000,0.000000,0.000000,0.000000,0.000000,0,0.000000,0.000000,nan,nan,0.000000
220,2591511565568,1,xfeat_star_coarse,stereo,22.772613,38.739522,4.703831,4.620415,0.001000,16.569867,16.551324,15.886783,1.516333,1.662291,600,600,39.371813,1.373374,0.229875,40.975062,304,304,304,1.000000,1.000000,0.000000,8.000000,0.000000,0.000000,0.000000,0.000000,0.000000,184,0.605263,0.979167,0.634015,-0.006676,11.062661
220,2591511565568,1,xfeat_star_fine,stereo,22.772613,38.739522,4.703831,4.620415,0.001000,16.569867,16.551324,15.886783,1.516333,1.662291,600,600,39.371813,1.373374,0.294166,52.754514,285,285,285,1.000000,1.000000,0.000000,8.875488,11.715161,0.497250,0.001333,10.164120,1.051833,184,0.645614,0.979167,0.711172,0.014249,7.450080
220,2591511565568,1,orb_cpu,stereo,61.237759,64.006383,0.000000,0.000000,0.000000,0.000000,0.000000,0.000000,0.000000,0.000000,542,498,64.269008,19.605448,4.819747,88.694203,283,245,243,0.858657,0.458333,0.000000,2.073593,0.000000,0.000000,0.000000,0.000000,0.000000,235,0.830389,0.458333,0.936827,0.649698,8.949579
221,2591691540444,1,xfeat_star_coarse,stereo,40.040146,23.017780,4.574873,4.524706,16.432116,0.001041,17.505283,16.410117,1.527582,2.081707,600,600,40.362979,1.304416,0.291583,41.958978,321,321,321,1.000000,1.000000,0.000000,8.000000,0.000000,0.000000,0.000000,0.000000,0.000000,195,0.607477,0.916667,0.627097,-0.038450,5.826747
221,2591691540444,1,xfeat_star_fine,stereo,40.040146,23.017780,4.574873,4.524706,16.432116,0.001041,17.505283,16.410117,1.527582,2.081707,600,600,40.362979,1.304416,0.599833,55.676596,293,293,292,0.996587,1.000000,0.000000,9.900208,13.409368,0.266458,0.000625,10.712077,2.430041,204,0.696246,0.937500,0.750084,0.061999,11.381244
221,2591691540444,1,orb_cpu,stereo,60.656594,63.225592,0.000000,0.000000,0.000000,0.000000,0.000000,0.000000,0.000000,0.000000,544,511,63.491092,16.278284,4.622040,84.391416,298,262,260,0.872483,0.437500,0.000000,2.073601,0.000000,0.000000,0.000000,0.000000,0.000000,249,0.835570,0.437500,0.943925,0.650448,5.741205
221,2591691540444,1,xfeat_guided,temporal,22.772613,40.040146,4.703831,4.574873,0.001000,16.432116,16.551324,17.505283,1.516333,1.527582,600,600,62.812759,3.186665,16.138283,82.137707,268,178,178,0.664179,0.729167,0.000000,nan,0.000000,0.000000,0.000000,0.000000,0.000000,0,0.000000,0.000000,nan,nan,0.000000
221,2591691540444,1,orb_cpu,temporal,61.237759,60.656594,0.000000,0.000000,0.000000,0.000000,0.000000,0.000000,0.000000,0.000000,542,544,121.894353,8.297746,5.948247,136.140346,301,232,232,0.770764,0.333333,1.727997,nan,0.000000,0.000000,0.000000,0.000000,0.000000,0,0.000000,0.000000,nan,nan,0.000000
230,2592591563736,1,xfeat_star_coarse,stereo,39.133188,22.699072,4.606456,4.563665,16.648408,0.001250,16.080825,16.624950,1.797124,1.508916,600,600,39.461646,1.695332,0.279542,41.436520,305,305,305,1.000000,0.979167,0.000000,8.000000,0.000000,0.000000,0.000000,0.000000,0.000000,146,0.478689,0.791667,0.491630,-0.025449,6.054371
230,2592591563736,1,xfeat_star_fine,stereo,39.133188,22.699072,4.606456,4.563665,16.648408,0.001250,16.080825,16.624950,1.797124,1.508916,600,600,39.461646,1.695332,0.236458,51.976764,276,276,276,1.000000,0.979167,0.000000,8.925385,10.583328,0.276792,0.000625,9.290829,1.014916,167,0.605072,0.833333,0.646577,0.023398,5.240914
230,2592591563736,1,orb_cpu,stereo,63.446300,59.516927,0.000000,0.000000,0.000000,0.000000,0.000000,0.000000,0.000000,0.000000,582,564,63.667425,9.529620,3.099457,76.296502,340,284,281,0.826471,0.437500,0.000000,2.073601,0.000000,0.000000,0.000000,0.000000,0.000000,264,0.776471,0.437500,0.919605,0.457842,6.499163
231,2592681564361,1,xfeat_star_coarse,stereo,40.191437,22.979738,4.439581,4.397915,16.776158,0.000916,17.448824,16.757533,1.526624,1.823207,600,600,40.476271,1.341083,0.297792,42.115146,317,317,317,1.000000,1.000000,0.000000,0.000000,0.000000,0.000000,0.000000,0.000000,0.000000,149,0.470032,0.854167,0.479437,-0.007991,6.241538
231,2592681564361,1,xfeat_star_fine,stereo,40.191437,22.979738,4.439581,4.397915,16.776158,0.000916,17.448824,16.757533,1.526624,1.823207,600,600,40.476271,1.341083,0.286292,53.221973,289,289,285,0.986159,1.000000,0.000000,2.026024,11.118327,0.263125,0.000958,9.772745,1.081374,167,0.577855,0.895833,0.610072,0.065000,4.806539
231,2592681564361,1,orb_cpu,stereo,63.399300,65.367257,0.000000,0.000000,0.000000,0.000000,0.000000,0.000000,0.000000,0.000000,581,555,65.649715,7.917788,2.109415,75.676918,325,291,289,0.889231,0.375000,0.000000,2.073601,0.000000,0.000000,0.000000,0.000000,0.000000,278,0.855385,0.375000,0.933146,0.495622,6.170955
231,2592681564361,1,xfeat_guided,temporal,39.133188,40.191437,4.606456,4.439581,16.648408,16.776158,16.080825,17.448824,1.797124,1.526624,600,600,79.324625,3.231498,7.193913,89.750036,292,231,231,0.791096,0.958333,0.000000,nan,0.000000,0.000000,0.000000,0.000000,0.000000,0,0.000000,0.000000,nan,nan,0.000000
231,2592681564361,1,orb_cpu,temporal,63.446300,63.399300,0.000000,0.000000,0.000000,0.000000,0.000000,0.000000,0.000000,0.000000,582,581,126.845600,10.168578,2.503707,139.517885,390,335,335,0.858974,0.437500,0.000000,nan,0.000000,0.000000,0.000000,0.000000,0.000000,0,0.000000,0.000000,nan,nan,0.000000
240,2593581543194,1,xfeat_star_coarse,stereo,23.058321,38.418855,4.785706,4.707914,0.000917,16.767033,16.742324,15.476992,1.529166,1.466749,600,600,38.959772,1.332999,0.296917,40.589688,319,319,319,1.000000,1.000000,0.000000,8.000000,0.000000,0.000000,0.000000,0.000000,0.000000,201,0.630094,0.895833,0.662855,-0.014769,5.162247
240,2593581543194,1,xfeat_star_fine,stereo,23.058321,38.418855,4.785706,4.707914,0.000917,16.767033,16.742324,15.476992,1.529166,1.466749,600,600,38.959772,1.332999,0.297375,53.894764,299,299,299,1.000000,1.000000,0.000000,2.363770,13.304618,0.254958,0.000917,11.994369,1.054083,214,0.715719,0.895833,0.785713,0.097921,4.908289
240,2593581543194,1,orb_cpu,stereo,64.655591,66.280507,0.000000,0.000000,0.000000,0.000000,0.000000,0.000000,0.000000,0.000000,600,599,66.571424,14.754159,1.715749,83.041332,365,327,325,0.890411,0.479167,0.000000,2.073578,0.000000,0.000000,0.000000,0.000000,0.000000,305,0.835616,0.479167,0.918046,0.506961,6.975372
241,2593671559611,1,xfeat_star_coarse,stereo,22.243447,39.108729,4.668081,4.610539,0.001084,15.900158,15.878908,16.680450,1.694999,1.917290,600,600,39.594563,1.524082,0.605999,41.724644,321,321,321,1.000000,1.000000,0.000000,0.000000,0.000000,0.000000,0.000000,0.000000,0.000000,194,0.604361,0.916667,0.666938,-0.043931,12.495869
241,2593671559611,1,xfeat_star_fine,stereo,22.243447,39.108729,4.668081,4.610539,0.001084,15.900158,15.878908,16.680450,1.694999,1.917290,600,600,39.594563,1.524082,0.307583,52.191722,301,301,300,0.996678,1.000000,0.000000,1.620609,10.765494,0.359125,0.000667,9.306537,1.098874,216,0.717608,0.937500,0.804342,0.083326,11.071744
241,2593671559611,1,orb_cpu,stereo,63.240634,66.414174,0.000000,0.000000,0.000000,0.000000,0.000000,0.000000,0.000000,0.000000,600,600,66.653507,20.704073,3.912623,91.270203,370,326,324,0.875676,0.458333,0.000000,2.073578,0.000000,0.000000,0.000000,0.000000,0.000000,302,0.816216,0.437500,0.920026,0.492310,7.103580
241,2593671559611,1,xfeat_guided,temporal,23.058321,22.243447,4.785706,4.668081,0.000917,0.001084,16.742324,15.878908,1.529166,1.694999,600,600,45.301768,3.094998,3.585456,51.982222,323,266,266,0.823529,0.916667,0.000000,nan,0.000000,0.000000,0.000000,0.000000,0.000000,0,0.000000,0.000000,nan,nan,0.000000
241,2593671559611,1,orb_cpu,temporal,64.655591,63.240634,0.000000,0.000000,0.000000,0.000000,0.000000,0.000000,0.000000,0.000000,600,600,127.896225,10.106203,1.462458,139.464886,408,368,368,0.901961,0.500000,1.300003,nan,0.000000,0.000000,0.000000,0.000000,0.000000,0,0.000000,0.000000,nan,nan,0.000000
250,2594661566570,1,xfeat_star_coarse,stereo,50.230390,33.936815,15.311575,15.143909,17.315949,0.001000,15.881200,17.296158,1.721333,1.495582,600,600,50.634223,1.587583,0.348333,52.570139,321,321,321,1.000000,1.000000,0.000000,0.000000,0.000000,0.000000,0.000000,0.000000,0.000000,177,0.551402,0.895833,0.618398,-0.039622,6.481580
250,2594661566570,1,xfeat_star_fine,stereo,50.230390,33.936815,15.311575,15.143909,17.315949,0.001000,15.881200,17.296158,1.721333,1.495582,600,600,50.634223,1.587583,0.602833,63.704967,305,305,304,0.996721,1.000000,0.000000,1.393837,10.880328,0.232791,0.000709,9.317912,1.328791,208,0.681967,0.916667,0.751633,0.118923,11.960285
250,2594661566570,1,orb_cpu,stereo,64.975591,67.481507,0.000000,0.000000,0.000000,0.000000,0.000000,0.000000,0.000000,0.000000,600,600,67.925589,16.589574,2.052874,86.568037,393,362,357,0.908397,0.500000,0.000000,1.728004,0.000000,0.000000,0.000000,0.000000,0.000000,344,0.875318,0.500000,0.929592,0.615839,7.520912
251,2594751555028,1,xfeat_star_coarse,stereo,36.398898,20.859197,3.940706,3.895415,15.453076,0.001083,15.486616,15.427701,1.518250,1.534790,600,600,36.673440,1.657874,0.279958,38.611272,332,332,332,1.000000,1.000000,0.000000,0.000000,0.000000,0.000000,0.000000,0.000000,0.000000,209,0.629518,0.958333,0.652721,0.008367,6.673121
251,2594751555028,1,xfeat_star_fine,stereo,36.398898,20.859197,3.940706,3.895415,15.453076,0.001083,15.486616,15.427701,1.518250,1.534790,600,600,36.673440,1.657874,0.309750,49.665058,318,318,315,0.990566,1.000000,0.000000,1.342350,11.023994,0.238167,0.000709,9.762411,1.022541,240,0.754717,0.958333,0.768852,0.181692,12.427118
251,2594751555028,1,orb_cpu,stereo,60.059552,62.649342,0.000000,0.000000,0.000000,0.000000,0.000000,0.000000,0.000000,0.000000,600,600,62.946967,11.238077,1.596166,75.781210,408,375,372,0.911765,0.541667,0.000000,1.764023,0.000000,0.000000,0.000000,0.000000,0.000000,356,0.872549,0.541667,0.937419,0.618318,7.802288
251,2594751555028,1,xfeat_guided,temporal,50.230390,36.398898,15.311575,3.940706,17.315949,15.453076,15.881200,15.486616,1.721333,1.518250,600,600,86.629288,3.305624,2.031124,91.966036,339,309,309,0.911504,0.979167,0.000000,nan,0.000000,0.000000,0.000000,0.000000,0.000000,0,0.000000,0.000000,nan,nan,0.000000
251,2594751555028,1,orb_cpu,temporal,64.975591,60.059552,0.000000,0.000000,0.000000,0.000000,0.000000,0.000000,0.000000,0.000000,600,600,125.035143,10.022745,2.035249,137.093137,428,375,375,0.876168,0.562500,1.000000,nan,0.000000,0.000000,0.000000,0.000000,0.000000,0,0.000000,0.000000,nan,nan,0.000000
260,2595651569362,1,xfeat_star_coarse,stereo,39.573437,23.344113,4.727914,4.633998,17.235366,0.001125,15.918700,17.214491,1.690874,1.493957,600,600,40.042479,1.462041,0.301333,41.805853,328,328,328,1.000000,1.000000,0.000000,0.000000,0.000000,0.000000,0.000000,0.000000,0.000000,183,0.557927,0.937500,0.593448,-0.033518,6.441872
260,2595651569362,1,xfeat_star_fine,stereo,39.573437,23.344113,4.727914,4.633998,17.235366,0.001125,15.918700,17.214491,1.690874,1.493957,600,600,40.042479,1.462041,0.238834,58.667512,304,304,304,1.000000,0.958333,0.000000,1.399460,16.924158,0.552583,0.001250,15.282617,1.087125,200,0.657895,0.875000,0.733121,0.097167,16.220074
260,2595651569362,1,orb_cpu,stereo,65.671798,68.468048,0.000000,0.000000,0.000000,0.000000,0.000000,0.000000,0.000000,0.000000,600,600,68.757338,20.298739,2.793082,91.849159,401,377,374,0.932668,0.541667,0.000000,2.073586,0.000000,0.000000,0.000000,0.000000,0.000000,357,0.890274,0.520833,0.944257,0.604078,8.308245
261,2595741559945,1,xfeat_star_coarse,stereo,22.539155,39.014772,4.755414,4.688623,0.001083,16.045992,16.028908,16.583991,1.753416,1.695833,600,600,39.380354,1.444375,0.516541,41.341270,336,336,336,1.000000,1.000000,0.000000,0.000000,0.000000,0.000000,0.000000,0.000000,0.000000,185,0.550595,0.895833,0.580427,-0.065442,6.084539
261,2595741559945,1,xfeat_star_fine,stereo,22.539155,39.014772,4.755414,4.688623,0.001083,16.045992,16.028908,16.583991,1.753416,1.695833,600,600,39.380354,1.444375,0.608875,55.281388,315,315,313,0.993651,1.000000,0.000000,1.384277,13.847784,0.404458,0.000958,10.810786,2.631457,213,0.676190,0.937500,0.729311,0.075909,12.350035
261,2595741559945,1,orb_cpu,stereo,65.542757,68.229631,0.000000,0.000000,0.000000,0.000000,0.000000,0.000000,0.000000,0.000000,600,600,68.535589,14.721117,1.710666,84.967372,389,357,356,0.915167,0.520833,0.000000,2.073608,0.000000,0.000000,0.000000,0.000000,0.000000,345,0.886889,0.520833,0.944475,0.624820,7.246829
261,2595741559945,1,xfeat_guided,temporal,39.573437,22.539155,4.727914,4.755414,17.235366,0.001083,15.918700,16.028908,1.690874,1.753416,600,600,62.112592,2.632707,3.569373,68.314672,312,251,251,0.804487,0.979167,0.000000,nan,0.000000,0.000000,0.000000,0.000000,0.000000,0,0.000000,0.000000,nan,nan,0.000000
261,2595741559945,1,orb_cpu,temporal,65.671798,65.542757,0.000000,0.000000,0.000000,0.000000,0.000000,0.000000,0.000000,0.000000,600,600,131.214555,9.142870,1.019666,141.377091,376,354,354,0.941489,0.562500,1.200005,nan,0.000000,0.000000,0.000000,0.000000,0.000000,0,0.000000,0.000000,nan,nan,0.000000
270,2596641604738,1,xfeat_star_coarse,stereo,33.746191,49.693391,15.030742,14.870034,0.001000,17.226949,17.213783,15.890241,1.500291,1.706000,600,600,50.260724,1.776791,0.357208,52.394723,349,349,349,1.000000,1.000000,0.000000,0.000000,0.000000,0.000000,0.000000,0.000000,0.000000,203,0.581662,0.916667,0.575965,-0.006037,7.098872
270,2596641604738,1,xfeat_star_fine,stereo,33.746191,49.693391,15.030742,14.870034,0.001000,17.226949,17.213783,15.890241,1.500291,1.706000,600,600,50.260724,1.776791,0.352833,66.264799,335,335,335,1.000000,1.000000,0.000000,1.497955,13.874451,0.385917,0.000792,12.091285,1.396082,242,0.722388,0.958333,0.768407,0.139603,6.785497
270,2596641604738,1,orb_cpu,stereo,67.207465,69.402006,0.000000,0.000000,0.000000,0.000000,0.000000,0.000000,0.000000,0.000000,600,600,69.888505,15.466283,1.781499,87.136287,379,343,342,0.902375,0.458333,0.000000,2.488312,0.000000,0.000000,0.000000,0.000000,0.000000,335,0.883905,0.458333,0.932592,0.598243,7.222496
271,2596731559446,1,xfeat_star_coarse,stereo,21.619780,38.278647,3.927623,3.878206,0.001000,15.926658,15.919075,16.859867,1.771707,1.613749,600,600,38.610980,1.697499,0.279292,40.587771,352,352,352,1.000000,0.979167,0.000000,0.000000,0.000000,0.000000,0.000000,0.000000,0.000000,197,0.559659,0.937500,0.585683,-0.036270,7.058746
271,2596731559446,1,xfeat_star_fine,stereo,21.619780,38.278647,3.927623,3.878206,0.001000,15.926658,15.919075,16.859867,1.771707,1.613749,600,600,38.610980,1.697499,0.611458,52.155181,341,341,339,0.994135,0.979167,0.000000,1.429047,11.235244,0.281041,0.000625,9.420537,1.532874,248,0.727273,0.958333,0.745317,0.109307,13.320577
271,2596731559446,1,orb_cpu,stereo,64.349924,66.058298,0.000000,0.000000,0.000000,0.000000,0.000000,0.000000,0.000000,0.000000,600,600,66.321507,10.208745,1.518916,78.049168,386,362,360,0.932642,0.541667,0.000000,2.488312,0.000000,0.000000,0.000000,0.000000,0.000000,345,0.893782,0.541667,0.929921,0.590727,7.357912
271,2596731559446,1,xfeat_guided,temporal,33.746191,21.619780,15.030742,3.927623,0.001000,0.001000,17.213783,15.919075,1.500291,1.771707,600,600,55.365971,3.190915,2.533165,61.090051,324,280,280,0.864198,0.979167,0.000000,nan,0.000000,0.000000,0.000000,0.000000,0.000000,0,0.000000,0.000000,nan,nan,0.000000
271,2596731559446,1,orb_cpu,temporal,67.207465,64.349924,0.000000,0.000000,0.000000,0.000000,0.000000,0.000000,0.000000,0.000000,600,600,131.557389,10.059328,2.839540,144.456257,387,327,327,0.844961,0.520833,1.440002,nan,0.000000,0.000000,0.000000,0.000000,0.000000,0,0.000000,0.000000,nan,nan,0.000000
280,2597721589446,1,xfeat_star_coarse,stereo,39.267479,22.971322,4.663539,4.583456,16.887616,0.000917,15.891158,16.869866,1.824957,1.516958,600,600,39.748229,5.658164,0.880416,46.286809,336,336,336,1.000000,1.000000,0.000000,0.000000,0.000000,0.000000,0.000000,0.000000,0.000000,184,0.547619,0.875000,0.563290,-0.000084,25.468987
280,2597721589446,1,xfeat_star_fine,stereo,39.267479,22.971322,4.663539,4.583456,16.887616,0.000917,15.891158,16.869866,1.824957,1.516958,600,600,39.748229,5.658164,0.315416,56.774011,314,314,314,1.000000,1.000000,0.000000,1.676308,11.052202,0.536208,0.003166,9.411120,1.101166,216,0.687898,0.958333,0.703411,0.186404,14.977576
280,2597721589446,1,orb_cpu,stereo,67.067048,68.236922,0.000000,0.000000,0.000000,0.000000,0.000000,0.000000,0.000000,0.000000,600,600,68.496423,20.866280,4.898581,94.261284,382,344,343,0.897906,0.395833,0.000000,2.073593,0.000000,0.000000,0.000000,0.000000,0.000000,324,0.848168,0.375000,0.911105,0.496344,14.510326
281,2597811572530,1,xfeat_star_coarse,stereo,23.172822,39.937521,4.680415,4.626039,0.001084,16.761908,16.754658,16.948575,1.736499,1.600749,600,600,40.304103,1.403749,0.356459,42.064311,329,329,329,1.000000,1.000000,0.000000,0.000000,0.000000,0.000000,0.000000,0.000000,0.000000,174,0.528875,0.916667,0.565836,0.043133,6.400330
281,2597811572530,1,xfeat_star_fine,stereo,23.172822,39.937521,4.680415,4.626039,0.001084,16.761908,16.754658,16.948575,1.736499,1.600749,600,600,40.304103,1.403749,0.449875,55.776137,305,305,305,1.000000,1.000000,0.000000,1.585815,13.618410,0.247958,0.000500,10.728786,2.641041,223,0.731148,0.916667,0.805629,0.236566,12.003243
281,2597811572530,1,orb_cpu,stereo,67.157257,63.519717,0.000000,0.000000,0.000000,0.000000,0.000000,0.000000,0.000000,0.000000,600,600,67.408256,18.484740,1.976999,87.869995,373,331,325,0.871314,0.291667,0.000000,2.073593,0.000000,0.000000,0.000000,0.000000,0.000000,306,0.820375,0.291667,0.898230,0.504188,7.069829
281,2597811572530,1,xfeat_guided,temporal,39.267479,23.172822,4.663539,4.680415,16.887616,0.001084,15.891158,16.754658,1.824957,1.736499,600,600,62.440301,3.387581,10.344745,76.172627,301,214,214,0.710963,0.895833,0.000000,nan,0.000000,0.000000,0.000000,0.000000,0.000000,0,0.000000,0.000000,nan,nan,0.000000
281,2597811572530,1,orb_cpu,temporal,67.067048,67.157257,0.000000,0.000000,0.000000,0.000000,0.000000,0.000000,0.000000,0.000000,600,600,134.224305,11.240994,2.065499,147.530798,424,382,382,0.900943,0.333333,3.455994,nan,0.000000,0.000000,0.000000,0.000000,0.000000,0,0.000000,0.000000,nan,nan,0.000000
290,2598711564989,1,xfeat_star_coarse,stereo,21.516822,38.139105,3.930998,3.887164,0.000833,15.912492,15.890783,16.630741,1.694083,1.708583,600,600,38.491271,1.623999,0.359250,40.474520,330,330,330,1.000000,1.000000,0.000000,0.000000,0.000000,0.000000,0.000000,0.000000,0.000000,174,0.527273,0.854167,0.552544,0.074437,6.644205
290,2598711564989,1,xfeat_star_fine,stereo,21.516822,38.139105,3.930998,3.887164,0.000833,15.912492,15.890783,16.630741,1.694083,1.708583,600,600,38.491271,1.623999,0.236792,51.045307,307,307,307,1.000000,1.000000,0.000000,1.715370,10.693245,0.281750,0.000500,9.319120,1.091708,209,0.680782,0.937500,0.729978,0.175798,5.901955
290,2598711564989,1,orb_cpu,stereo,65.842548,68.450922,0.000000,0.000000,0.000000,0.000000,0.000000,0.000000,0.000000,0.000000,600,600,68.905005,14.796951,4.140164,87.842120,406,364,360,0.886700,0.375000,0.000000,2.073608,0.000000,0.000000,0.000000,0.000000,0.000000,339,0.834975,0.375000,0.920416,0.482796,8.825745
291,2598801568989,1,xfeat_star_coarse,stereo,21.018947,37.034022,3.969331,3.922582,0.001083,15.558159,15.535284,15.925366,1.513082,1.627624,600,600,37.371231,1.641624,0.368833,39.381688,326,326,326,1.000000,1.000000,0.000000,0.000000,0.000000,0.000000,0.000000,0.000000,0.000000,170,0.521472,0.895833,0.535802,-0.017542,6.488246
291,2598801568989,1,xfeat_star_fine,stereo,21.018947,37.034022,3.969331,3.922582,0.001083,15.558159,15.535284,15.925366,1.513082,1.627624,600,600,37.371231,1.641624,0.301416,49.949891,302,302,301,0.996689,1.000000,0.000000,1.641754,10.635620,0.259667,0.000542,9.296453,1.078792,202,0.668874,0.916667,0.721345,0.097605,9.942828
291,2598801568989,1,orb_cpu,stereo,66.327840,68.579380,0.000000,0.000000,0.000000,0.000000,0.000000,0.000000,0.000000,0.000000,600,600,68.863881,12.534243,1.649499,83.047623,393,359,346,0.880407,0.354167,0.000000,2.073608,0.000000,0.000000,0.000000,0.000000,0.000000,331,0.842239,0.354167,0.922075,0.578490,7.505454
291,2598801568989,1,xfeat_guided,temporal,21.516822,21.018947,3.930998,3.969331,0.000833,0.001083,15.890783,15.535284,1.694083,1.513082,600,600,42.535769,3.226374,4.244165,50.006308,336,272,272,0.809524,0.916667,0.000000,nan,0.000000,0.000000,0.000000,0.000000,0.000000,0,0.000000,0.000000,nan,nan,0.000000
291,2598801568989,1,orb_cpu,temporal,65.842548,66.327840,0.000000,0.000000,0.000000,0.000000,0.000000,0.000000,0.000000,0.000000,600,600,132.170388,10.096745,1.653041,143.920174,434,395,395,0.910138,0.354167,1.000000,nan,0.000000,0.000000,0.000000,0.000000,0.000000,0,0.000000,0.000000,nan,nan,0.000000
300,2599701567739,1,xfeat_star_coarse,stereo,23.322863,40.429937,4.720247,4.609623,0.001250,16.853074,16.827658,17.520366,1.773458,1.446749,600,600,41.018145,2.864790,0.465916,44.348851,336,336,336,1.000000,1.000000,0.000000,0.000000,0.000000,0.000000,0.000000,0.000000,0.000000,188,0.559524,0.979167,0.596509,0.048262,17.465116
300,2599701567739,1,xfeat_star_fine,stereo,23.322863,40.429937,4.720247,4.609623,0.001250,16.853074,16.827658,17.520366,1.773458,1.446749,600,600,41.018145,2.864790,0.305999,55.266136,308,308,306,0.993506,0.979167,0.000000,1.591536,11.077202,0.538583,0.001250,9.424745,1.112041,213,0.691558,0.958333,0.729847,0.108448,12.158077
300,2599701567739,1,orb_cpu,stereo,66.391007,69.219046,0.000000,0.000000,0.000000,0.000000,0.000000,0.000000,0.000000,0.000000,600,600,69.491505,21.679406,4.063581,95.234492,413,371,371,0.898305,0.333333,0.000000,2.000000,0.000000,0.000000,0.000000,0.000000,0.000000,356,0.861985,0.333333,0.916168,0.544632,11.084786
301,2599881589447,1,xfeat_star_coarse,stereo,22.409488,38.980855,4.653414,4.598206,0.001000,16.070283,16.046242,16.631074,1.708624,1.681000,600,600,39.369104,1.359875,0.291500,41.020479,327,327,327,1.000000,1.000000,0.000000,0.000000,0.000000,0.000000,0.000000,0.000000,0.000000,175,0.535168,0.916667,0.576199,0.067058,6.362247
301,2599881589447,1,xfeat_star_fine,stereo,22.409488,38.980855,4.653414,4.598206,0.001000,16.070283,16.046242,16.631074,1.708624,1.681000,600,600,39.369104,1.359875,0.295708,54.399514,304,304,303,0.996711,1.000000,0.000000,1.797760,13.374827,0.372250,0.001000,11.939827,1.061458,208,0.684211,0.937500,0.700284,0.130729,5.001623
301,2599881589447,1,orb_cpu,stereo,65.893048,69.261797,0.000000,0.000000,0.000000,0.000000,0.000000,0.000000,0.000000,0.000000,600,600,69.577005,19.350657,2.127874,91.055536,404,358,356,0.881188,0.354167,0.000000,2.073593,0.000000,0.000000,0.000000,0.000000,0.000000,336,0.831683,0.354167,0.913687,0.542916,7.645913
301,2599881589447,1,xfeat_guided,temporal,23.322863,22.409488,4.720247,4.653414,0.001250,0.001000,16.827658,16.046242,1.773458,1.708624,600,600,45.732351,3.191790,3.223332,52.147473,311,261,261,0.839228,0.854167,0.000000,nan,0.000000,0.000000,0.000000,0.000000,0.000000,0,0.000000,0.000000,nan,nan,0.000000
301,2599881589447,1,orb_cpu,temporal,66.391007,65.893048,0.000000,0.000000,0.000000,0.000000,0.000000,0.000000,0.000000,0.000000,600,600,132.284055,10.048828,2.202249,144.535132,430,387,387,0.900000,0.333333,0.000000,nan,0.000000,0.000000,0.000000,0.000000,0.000000,0,0.000000,0.000000,nan,nan,0.000000
310,2600781575823,1,xfeat_star_coarse,stereo,23.004363,38.150522,3.932873,3.887915,0.000875,15.976741,15.956533,16.629200,3.113832,1.656416,600,600,38.500397,1.623207,0.272583,40.396187,331,331,331,1.000000,1.000000,0.000000,0.000000,0.000000,0.000000,0.000000,0.000000,0.000000,178,0.537764,0.958333,0.560916,-0.008052,6.522330
310,2600781575823,1,xfeat_star_fine,stereo,23.004363,38.150522,3.932873,3.887915,0.000875,15.976741,15.956533,16.629200,3.113832,1.656416,600,600,38.500397,1.623207,0.352875,54.352638,313,313,310,0.990415,0.979167,0.000000,1.999317,13.876159,0.408291,0.001208,12.119119,1.347166,205,0.654952,0.979167,0.685675,0.130653,6.735246
310,2600781575823,1,orb_cpu,stereo,66.379298,68.298713,0.000000,0.000000,0.000000,0.000000,0.000000,0.000000,0.000000,0.000000,600,600,68.773672,19.521823,2.197957,90.493452,407,365,364,0.894349,0.312500,0.000000,2.073601,0.000000,0.000000,0.000000,0.000000,0.000000,343,0.842752,0.312500,0.925482,0.569362,7.671913
311,2600871572490,1,xfeat_star_coarse,stereo,21.498906,38.097689,3.946248,3.905332,0.001125,15.902283,15.881784,16.688908,1.669499,1.600958,600,600,38.515480,1.628374,0.353208,40.497062,331,331,331,1.000000,0.979167,0.000000,0.000000,0.000000,0.000000,0.000000,0.000000,0.000000,181,0.546828,0.937500,0.579779,0.026801,6.554788
311,2600871572490,1,xfeat_star_fine,stereo,21.498906,38.097689,3.946248,3.905332,0.001125,15.902283,15.881784,16.688908,1.669499,1.600958,600,600,38.515480,1.628374,0.304167,51.102724,311,311,310,0.996785,0.979167,0.000000,1.803619,10.654703,0.272291,0.000625,9.298245,1.083375,208,0.668810,0.916667,0.740152,0.167681,9.108703
311,2600871572490,1,orb_cpu,stereo,59.949218,62.591217,0.000000,0.000000,0.000000,0.000000,0.000000,0.000000,0.000000,0.000000,600,600,62.882383,13.032576,2.371207,78.286166,427,380,380,0.889930,0.333333,0.000000,2.000000,0.000000,0.000000,0.000000,0.000000,0.000000,360,0.843091,0.333333,0.924316,0.546897,8.096788
311,2600871572490,1,xfeat_guided,temporal,23.004363,21.498906,3.932873,3.946248,0.000875,0.001125,15.956533,15.881784,3.113832,1.669499,600,600,44.503269,3.372248,4.271831,52.147348,340,275,275,0.808824,0.895833,0.000000,nan,0.000000,0.000000,0.000000,0.000000,0.000000,0,0.000000,0.000000,nan,nan,0.000000
311,2600871572490,1,orb_cpu,temporal,66.379298,59.949218,0.000000,0.000000,0.000000,0.000000,0.000000,0.000000,0.000000,0.000000,600,600,126.328516,8.696162,3.213498,138.238176,422,344,344,0.815166,0.312500,1.199997,nan,0.000000,0.000000,0.000000,0.000000,0.000000,0,0.000000,0.000000,nan,nan,0.000000
320,2601771586323,1,xfeat_star_coarse,stereo,23.113905,39.031105,4.763289,4.653331,0.001500,16.856699,16.841158,15.894450,1.507791,1.626458,600,600,39.640979,1.413916,0.295042,41.349937,331,331,331,1.000000,1.000000,0.000000,8.000000,0.000000,0.000000,0.000000,0.000000,0.000000,178,0.537764,0.895833,0.541564,-0.040024,15.380367
320,2601771586323,1,xfeat_star_fine,stereo,23.113905,39.031105,4.763289,4.653331,0.001500,16.856699,16.841158,15.894450,1.507791,1.626458,600,600,39.640979,1.413916,0.301666,52.392055,306,306,306,1.000000,0.958333,0.000000,4.101814,11.035494,0.534833,0.001167,9.406620,1.090833,209,0.683007,0.916667,0.715446,0.070708,14.551743
320,2601771586323,1,orb_cpu,stereo,65.336216,67.891422,0.000000,0.000000,0.000000,0.000000,0.000000,0.000000,0.000000,0.000000,600,600,68.201548,20.295031,3.720414,92.216993,423,383,381,0.900709,0.333333,0.000000,2.073608,0.000000,0.000000,0.000000,0.000000,0.000000,365,0.862884,0.333333,0.910973,0.554606,11.098619
321,2601861564115,1,xfeat_star_coarse,stereo,39.054688,22.404238,4.745331,4.689289,16.022575,0.001167,16.606283,16.009658,1.680333,1.703874,600,600,39.382813,1.415583,0.309042,41.107438,344,344,344,1.000000,1.000000,0.000000,8.000000,0.000000,0.000000,0.000000,0.000000,0.000000,202,0.587209,0.958333,0.619000,0.076148,6.016538
321,2601861564115,1,xfeat_star_fine,stereo,39.054688,22.404238,4.745331,4.689289,16.022575,0.001167,16.606283,16.009658,1.680333,1.703874,600,600,39.382813,1.415583,0.305291,54.739763,322,322,321,0.996894,1.000000,0.000000,7.836395,13.636076,0.475500,0.001000,12.018785,1.140541,232,0.720497,0.979167,0.742845,0.203520,5.288539
321,2601861564115,1,orb_cpu,stereo,65.088216,68.095214,0.000000,0.000000,0.000000,0.000000,0.000000,0.000000,0.000000,0.000000,600,600,68.381547,12.712826,4.211748,85.306121,419,369,365,0.871122,0.333333,0.000000,2.399994,0.000000,0.000000,0.000000,0.000000,0.000000,335,0.799523,0.333333,0.908705,0.474777,8.180621
321,2601861564115,1,xfeat_guided,temporal,23.113905,39.054688,4.763289,4.745331,0.001500,16.022575,16.841158,16.606283,1.507791,1.680333,600,600,62.168593,3.586123,2.932207,68.686923,337,287,287,0.851632,0.895833,0.000000,nan,0.000000,0.000000,0.000000,0.000000,0.000000,0,0.000000,0.000000,nan,nan,0.000000
321,2601861564115,1,orb_cpu,temporal,65.336216,65.088216,0.000000,0.000000,0.000000,0.000000,0.000000,0.000000,0.000000,0.000000,600,600,130.424432,10.120411,2.616623,143.161466,458,397,397,0.866812,0.333333,0.000000,nan,0.000000,0.000000,0.000000,0.000000,0.000000,0,0.000000,0.000000,nan,nan,0.000000
330,2602851578699,1,xfeat_star_coarse,stereo,33.596607,49.559473,14.711325,14.551367,0.001083,17.442199,17.435491,15.884158,1.448541,1.681499,600,600,50.148099,1.731540,0.278333,52.157972,332,332,332,1.000000,1.000000,0.000000,8.000000,0.000000,0.000000,0.000000,0.000000,0.000000,183,0.551205,0.916667,0.551095,-0.011287,6.461330
330,2602851578699,1,xfeat_star_fine,stereo,33.596607,49.559473,14.711325,14.551367,0.001083,17.442199,17.435491,15.884158,1.448541,1.681499,600,600,50.148099,1.731540,0.310542,62.917009,314,314,310,0.987261,1.000000,0.000000,8.121048,10.726828,0.284292,0.000500,9.309453,1.132291,214,0.681529,0.937500,0.721870,0.162364,10.994702
330,2602851578699,1,orb_cpu,stereo,66.286132,68.477881,0.000000,0.000000,0.000000,0.000000,0.000000,0.000000,0.000000,0.000000,600,600,68.964172,19.198240,3.306582,91.468994,397,334,334,0.841310,0.312500,0.000000,2.399998,0.000000,0.000000,0.000000,0.000000,0.000000,315,0.793451,0.312500,0.882511,0.499661,7.482412
331,2602941576366,1,xfeat_star_coarse,stereo,38.906396,22.755988,3.922373,3.883831,17.407282,0.000875,15.899033,17.388699,1.677374,1.482250,600,600,39.207813,1.698624,0.285500,41.191937,328,328,328,1.000000,1.000000,0.000000,8.000000,0.000000,0.000000,0.000000,0.000000,0.000000,179,0.545732,0.895833,0.563687,-0.007703,6.684413
331,2602941576366,1,xfeat_star_fine,stereo,38.906396,22.755988,3.922373,3.883831,17.407282,0.000875,15.899033,17.388699,1.677374,1.482250,600,600,39.207813,1.698624,0.470166,52.641180,312,312,312,1.000000,1.000000,0.000000,8.165115,11.264577,0.225833,0.000750,9.526161,1.511666,214,0.685897,0.937500,0.731670,0.159431,12.266327
331,2602941576366,1,orb_cpu,stereo,60.649634,63.014716,0.000000,0.000000,0.000000,0.000000,0.000000,0.000000,0.000000,0.000000,600,600,63.313008,11.052577,2.728748,77.094333,394,341,338,0.857868,0.312500,0.000000,2.400000,0.000000,0.000000,0.000000,0.000000,0.000000,311,0.789340,0.312500,0.882721,0.448995,7.417163
331,2602941576366,1,xfeat_guided,temporal,33.596607,38.906396,14.711325,3.922373,0.001083,17.407282,17.435491,15.899033,1.448541,1.677374,600,600,72.503003,3.562790,4.284748,80.350541,332,270,270,0.813253,0.875000,0.000000,nan,0.000000,0.000000,0.000000,0.000000,0.000000,0,0.000000,0.000000,nan,nan,0.000000
331,2602941576366,1,orb_cpu,temporal,66.286132,60.649634,0.000000,0.000000,0.000000,0.000000,0.000000,0.000000,0.000000,0.000000,600,600,126.935766,10.090828,1.811583,138.838177,464,423,423,0.911638,0.312500,0.000000,nan,0.000000,0.000000,0.000000,0.000000,0.000000,0,0.000000,0.000000,nan,nan,0.000000
340,2603841603324,1,xfeat_star_coarse,stereo,23.014280,40.605562,4.737581,4.708123,0.000833,16.580324,16.559991,17.766991,1.715583,1.549874,600,600,41.182729,5.618331,1.187958,47.989018,330,330,330,1.000000,1.000000,0.000000,8.000000,0.000000,0.000000,0.000000,0.000000,0.000000,169,0.512121,0.916667,0.535760,-0.025974,25.128820
340,2603841603324,1,xfeat_star_fine,stereo,23.014280,40.605562,4.737581,4.708123,0.000833,16.580324,16.559991,17.766991,1.715583,1.549874,600,600,41.182729,5.618331,0.222333,58.068387,311,311,309,0.993569,1.000000,0.000000,8.168976,11.044994,0.554499,0.001250,9.387079,1.101541,210,0.675241,0.916667,0.687592,0.107881,22.715113
340,2603841603324,1,orb_cpu,stereo,61.193343,63.651300,0.000000,0.000000,0.000000,0.000000,0.000000,0.000000,0.000000,0.000000,600,600,63.910549,23.223613,2.331540,89.465702,399,350,349,0.874687,0.270833,0.000000,2.400002,0.000000,0.000000,0.000000,0.000000,0.000000,325,0.814536,0.270833,0.913807,0.419434,7.621955
341,2603931574908,1,xfeat_star_coarse,stereo,22.357280,38.855729,4.701998,4.665414,0.001250,15.906783,15.895491,16.764950,1.758166,1.518457,600,600,39.226646,3.022998,0.603208,42.852852,321,321,321,1.000000,0.979167,0.000000,8.000000,0.000000,0.000000,0.000000,0.000000,0.000000,175,0.545171,0.895833,0.536508,-0.030617,12.454410
341,2603931574908,1,xfeat_star_fine,stereo,22.357280,38.855729,4.701998,4.665414,0.001250,15.906783,15.895491,16.764950,1.758166,1.518457,600,600,39.226646,3.022998,0.301084,53.286597,301,301,300,0.996678,0.979167,0.000000,8.388992,10.735869,0.343833,0.001000,9.332162,1.058624,198,0.657807,0.895833,0.653355,0.060845,9.206286
341,2603931574908,1,orb_cpu,stereo,65.995174,68.617672,0.000000,0.000000,0.000000,0.000000,0.000000,0.000000,0.000000,0.000000,600,600,68.901130,20.164156,3.852707,92.917993,404,351,350,0.866337,0.270833,0.000000,2.400002,0.000000,0.000000,0.000000,0.000000,0.000000,326,0.806931,0.270833,0.913557,0.462581,7.641495
341,2603931574908,1,xfeat_guided,temporal,23.014280,22.357280,4.737581,4.701998,0.000833,0.001250,16.559991,15.895491,1.715583,1.758166,600,600,45.371560,3.369457,1.320333,50.061350,348,324,324,0.931034,0.979167,0.000000,nan,0.000000,0.000000,0.000000,0.000000,0.000000,0,0.000000,0.000000,nan,nan,0.000000
341,2603931574908,1,orb_cpu,temporal,61.193343,65.995174,0.000000,0.000000,0.000000,0.000000,0.000000,0.000000,0.000000,0.000000,600,600,127.188517,10.037703,2.746332,139.972552,442,384,384,0.868778,0.291667,0.000000,nan,0.000000,0.000000,0.000000,0.000000,0.000000,0,0.000000,0.000000,nan,nan,0.000000
350,2604831605908,1,xfeat_star_coarse,stereo,48.548766,32.324983,13.288035,13.112951,17.726490,0.001083,15.865742,17.709783,1.668124,1.500874,600,600,49.080099,1.669708,0.361500,51.111307,318,318,318,1.000000,0.979167,0.000000,8.000000,0.000000,0.000000,0.000000,0.000000,0.000000,172,0.540881,0.895833,0.550370,-0.015045,6.436247
350,2604831605908,1,xfeat_star_fine,stereo,48.548766,32.324983,13.288035,13.112951,17.726490,0.001083,15.865742,17.709783,1.668124,1.500874,600,600,49.080099,1.669708,0.636458,62.025801,300,300,300,1.000000,0.979167,0.000000,2.293167,10.639536,0.254875,0.000625,9.325161,1.058750,188,0.626667,0.895833,0.671962,0.118306,11.808619
350,2604831605908,1,orb_cpu,stereo,65.312715,67.343047,0.000000,0.000000,0.000000,0.000000,0.000000,0.000000,0.000000,0.000000,600,600,67.847672,10.212995,3.316665,81.377332,395,331,330,0.835443,0.187500,0.000000,2.000000,0.000000,0.000000,0.000000,0.000000,0.000000,306,0.774684,0.187500,0.840164,0.420039,7.393413
351,2605011594408,1,xfeat_star_coarse,stereo,38.761646,22.693779,4.254290,4.127331,16.981908,0.000959,15.914367,17.053449,1.610915,1.511874,600,600,39.049938,1.635791,0.357167,41.042896,333,333,333,1.000000,1.000000,0.000000,0.000000,0.000000,0.000000,0.000000,0.000000,0.000000,172,0.516517,0.875000,0.519612,-0.008160,6.737455
351,2605011594408,1,xfeat_star_fine,stereo,38.761646,22.693779,4.254290,4.127331,16.981908,0.000959,15.914367,17.053449,1.610915,1.511874,600,600,39.049938,1.635791,0.302916,51.684639,315,315,315,1.000000,1.000000,0.000000,2.011650,10.695994,0.245208,0.000584,9.296453,1.153541,213,0.676190,0.875000,0.711078,0.126722,5.674122
351,2605011594408,1,orb_cpu,stereo,60.868176,63.085925,0.000000,0.000000,0.000000,0.000000,0.000000,0.000000,0.000000,0.000000,600,600,63.378883,10.903203,2.475874,76.757960,403,352,349,0.866005,0.270833,0.000000,2.000000,0.000000,0.000000,0.000000,0.000000,0.000000,319,0.791563,0.270833,0.878872,0.477837,7.627121
351,2605011594408,1,xfeat_guided,temporal,48.548766,38.761646,13.288035,4.254290,17.726490,16.981908,15.865742,15.914367,1.668124,1.610915,600,600,87.310412,3.000207,2.862415,93.173034,276,233,233,0.844203,1.000000,0.000000,nan,0.000000,0.000000,0.000000,0.000000,0.000000,0,0.000000,0.000000,nan,nan,0.000000
351,2605011594408,1,orb_cpu,temporal,65.312715,60.868176,0.000000,0.000000,0.000000,0.000000,0.000000,0.000000,0.000000,0.000000,600,600,126.180891,9.978245,3.022999,139.182135,390,320,320,0.820513,0.145833,1.199997,nan,0.000000,0.000000,0.000000,0.000000,0.000000,0,0.000000,0.000000,nan,nan,0.000000
360,2605911594867,1,xfeat_star_coarse,stereo,23.165821,40.213437,4.735331,4.682873,0.001416,16.706658,16.718408,17.359282,1.710457,1.464458,600,600,40.827770,1.407250,0.239583,42.474603,342,342,342,1.000000,1.000000,0.000000,0.000000,0.000000,0.000000,0.000000,0.000000,0.000000,180,0.526316,0.937500,0.518052,-0.034475,5.488372
360,2605911594867,1,xfeat_star_fine,stereo,23.165821,40.213437,4.735331,4.682873,0.001416,16.706658,16.718408,17.359282,1.710457,1.464458,600,600,40.827770,1.407250,0.302625,60.750469,324,324,321,0.990741,0.979167,0.000000,1.878571,18.212824,0.559833,0.001708,16.530033,1.120666,221,0.682099,0.937500,0.681734,0.122593,5.342038
360,2605911594867,1,orb_cpu,stereo,68.949130,71.488795,0.000000,0.000000,0.000000,0.000000,0.000000,0.000000,0.000000,0.000000,600,600,71.753254,11.609869,5.289122,88.652245,384,334,333,0.867188,0.416667,0.000000,2.400009,0.000000,0.000000,0.000000,0.000000,0.000000,315,0.820312,0.395833,0.914149,0.530115,7.272788
361,2606001629450,1,xfeat_star_coarse,stereo,21.670655,37.920272,4.676789,4.613290,0.000917,15.496325,15.475950,16.008825,1.516874,1.801666,600,600,38.298063,1.390624,0.372666,40.061353,327,327,327,1.000000,0.979167,0.000000,0.000000,0.000000,0.000000,0.000000,0.000000,0.000000,167,0.510703,0.875000,0.524872,0.003761,7.066663
361,2606001629450,1,xfeat_star_fine,stereo,21.670655,37.920272,4.676789,4.613290,0.000917,15.496325,15.475950,16.008825,1.516874,1.801666,600,600,38.298063,1.390624,0.609999,59.839551,312,312,312,1.000000,0.979167,0.000000,1.831928,19.540865,0.368917,0.000833,14.568451,4.602414,200,0.641026,0.916667,0.698468,0.106709,12.214744
361,2606001629450,1,orb_cpu,stereo,64.150425,66.819882,0.000000,0.000000,0.000000,0.000000,0.000000,0.000000,0.000000,0.000000,600,600,67.078464,17.111990,2.449165,86.639619,383,334,334,0.872063,0.333333,0.000000,2.488312,0.000000,0.000000,0.000000,0.000000,0.000000,321,0.838120,0.333333,0.926171,0.561142,7.288955
361,2606001629450,1,xfeat_guided,temporal,23.165821,21.670655,4.735331,4.676789,0.001416,0.000917,16.718408,15.475950,1.710457,1.516874,600,600,44.836476,3.326081,2.226416,50.388973,312,270,270,0.865385,1.000000,0.000000,nan,0.000000,0.000000,0.000000,0.000000,0.000000,0,0.000000,0.000000,nan,nan,0.000000
361,2606001629450,1,orb_cpu,temporal,68.949130,64.150425,0.000000,0.000000,0.000000,0.000000,0.000000,0.000000,0.000000,0.000000,600,600,133.099555,10.006411,2.786040,145.892006,402,344,344,0.855721,0.416667,1.199989,nan,0.000000,0.000000,0.000000,0.000000,0.000000,0,0.000000,0.000000,nan,nan,0.000000
370,2606901590826,1,xfeat_star_coarse,stereo,23.371571,39.178396,4.010415,3.957831,0.001166,17.702699,17.700866,15.862366,1.658957,1.655333,600,600,39.547270,1.763207,0.483416,41.793893,332,332,332,1.000000,1.000000,0.000000,0.000000,0.000000,0.000000,0.000000,0.000000,0.000000,192,0.578313,0.875000,0.602454,0.039677,6.696580
370,2606901590826,1,xfeat_star_fine,stereo,23.371571,39.178396,4.010415,3.957831,0.001166,17.702699,17.700866,15.862366,1.658957,1.655333,600,600,39.547270,1.763207,0.231500,52.179013,321,321,319,0.993769,1.000000,0.000000,1.564072,10.637036,0.259208,0.000666,9.288412,1.088500,235,0.732087,0.916667,0.789665,0.201908,11.564785
370,2606901590826,1,orb_cpu,stereo,68.676088,70.960587,0.000000,0.000000,0.000000,0.000000,0.000000,0.000000,0.000000,0.000000,600,600,71.457504,10.168161,2.940832,84.566497,374,325,322,0.860963,0.250000,0.000000,2.399994,0.000000,0.000000,0.000000,0.000000,0.000000,313,0.836898,0.250000,0.920193,0.541949,7.027288
371,2606991578576,1,xfeat_star_coarse,stereo,40.346687,23.102654,4.676248,4.617289,16.782616,0.001042,17.476115,16.756574,1.411458,1.727541,600,600,40.645937,1.477041,0.459583,42.582561,343,343,343,1.000000,1.000000,0.000000,0.000000,0.000000,0.000000,0.000000,0.000000,0.000000,200,0.583090,0.895833,0.616727,0.008156,6.607039
371,2606991578576,1,xfeat_star_fine,stereo,40.346687,23.102654,4.676248,4.617289,16.782616,0.001042,17.476115,16.756574,1.411458,1.727541,600,600,40.645937,1.477041,0.311917,53.826638,329,329,329,1.000000,1.000000,0.000000,1.595360,11.391743,0.262916,0.000500,10.071537,1.056582,258,0.784195,0.916667,0.785089,0.162989,5.288580
371,2606991578576,1,orb_cpu,stereo,73.599878,69.187963,0.000000,0.000000,0.000000,0.000000,0.000000,0.000000,0.000000,0.000000,600,600,73.841836,9.512829,3.005999,86.360664,374,318,311,0.831551,0.270833,0.000000,2.399994,0.000000,0.000000,0.000000,0.000000,0.000000,299,0.799465,0.270833,0.914281,0.471063,7.043579
371,2606991578576,1,xfeat_guided,temporal,23.371571,40.346687,4.010415,4.676248,0.001166,16.782616,17.700866,17.476115,1.658957,1.411458,600,600,63.718258,3.474206,1.075332,68.267796,328,310,310,0.945122,1.000000,0.000000,nan,0.000000,0.000000,0.000000,0.000000,0.000000,0,0.000000,0.000000,nan,nan,0.000000
371,2606991578576,1,orb_cpu,temporal,68.676088,73.599878,0.000000,0.000000,0.000000,0.000000,0.000000,0.000000,0.000000,0.000000,600,600,142.275966,10.016703,1.719665,154.012334,427,385,385,0.901639,0.291667,0.000000,nan,0.000000,0.000000,0.000000,0.000000,0.000000,0,0.000000,0.000000,nan,nan,0.000000
380,2607981583576,1,xfeat_star_coarse,stereo,23.181113,40.226146,4.717289,4.633623,0.001125,16.762699,16.745616,17.386949,1.716958,1.442750,600,600,40.759978,1.402541,0.294167,42.456686,320,320,320,1.000000,1.000000,0.000000,0.000000,0.000000,0.000000,0.000000,0.000000,0.000000,186,0.581250,0.937500,0.582173,-0.053302,15.879450
380,2607981583576,1,xfeat_star_fine,stereo,23.181113,40.226146,4.717289,4.633623,0.001125,16.762699,16.745616,17.386949,1.716958,1.442750,600,600,40.759978,1.402541,0.308958,53.475679,304,304,304,1.000000,1.000000,0.000000,1.586712,11.004202,0.534958,0.001250,9.388703,1.078749,217,0.713816,0.916667,0.765378,0.173059,20.062239
380,2607981583576,1,orb_cpu,stereo,74.334460,70.677504,0.000000,0.000000,0.000000,0.000000,0.000000,0.000000,0.000000,0.000000,600,600,74.575793,20.346281,4.276373,99.198447,376,328,323,0.859043,0.375000,0.000000,2.400024,0.000000,0.000000,0.000000,0.000000,0.000000,309,0.821809,0.375000,0.922470,0.583016,7.091621
381,2608071593160,1,xfeat_star_coarse,stereo,21.765363,37.138230,4.749331,4.699122,0.000958,15.522950,15.497075,15.456491,1.517791,1.459458,600,600,37.553230,1.460499,0.307792,39.321521,330,330,330,1.000000,1.000000,0.000000,0.000000,0.000000,0.000000,0.000000,0.000000,0.000000,181,0.548485,0.937500,0.560266,-0.135709,11.881702
381,2608071593160,1,xfeat_star_fine,stereo,21.765363,37.138230,4.749331,4.699122,0.000958,15.522950,15.497075,15.456491,1.517791,1.459458,600,600,37.553230,1.460499,0.305083,50.101348,316,316,316,1.000000,1.000000,0.000000,1.574112,10.782536,0.373042,0.000709,9.315828,1.092666,210,0.664557,0.937500,0.722325,0.126041,10.418869
381,2608071593160,1,orb_cpu,stereo,68.345506,71.193046,0.000000,0.000000,0.000000,0.000000,0.000000,0.000000,0.000000,0.000000,600,600,71.502296,20.180864,5.347748,97.030908,359,309,301,0.838440,0.375000,0.000000,2.399994,0.000000,0.000000,0.000000,0.000000,0.000000,287,0.799443,0.375000,0.925332,0.515797,7.502079
381,2608071593160,1,xfeat_guided,temporal,23.181113,21.765363,4.717289,4.749331,0.001125,0.000958,16.745616,15.497075,1.716958,1.517791,600,600,44.946476,3.433498,3.112457,51.492431,324,274,274,0.845679,0.895833,0.000000,nan,0.000000,0.000000,0.000000,0.000000,0.000000,0,0.000000,0.000000,nan,nan,0.000000
381,2608071593160,1,orb_cpu,temporal,74.334460,68.345506,0.000000,0.000000,0.000000,0.000000,0.000000,0.000000,0.000000,0.000000,600,600,142.679966,8.131537,1.991791,152.803294,447,395,395,0.883669,0.375000,0.000000,nan,0.000000,0.000000,0.000000,0.000000,0.000000,0,0.000000,0.000000,nan,nan,0.000000
390,2608971591952,1,xfeat_star_coarse,stereo,31.874316,47.719308,13.142534,12.954327,0.001292,17.199324,17.182991,15.864825,1.547249,1.700582,600,600,48.362849,1.866041,0.358333,50.587223,339,339,339,1.000000,1.000000,0.000000,0.000000,0.000000,0.000000,0.000000,0.000000,0.000000,186,0.548673,0.958333,0.563028,-0.103599,6.870247
390,2608971591952,1,xfeat_star_fine,stereo,31.874316,47.719308,13.142534,12.954327,0.001292,17.199324,17.182991,15.864825,1.547249,1.700582,600,600,48.362849,1.866041,0.300541,61.233717,323,323,323,1.000000,0.979167,0.000000,1.709236,10.704286,0.272166,0.000708,9.295329,1.135916,235,0.727554,0.958333,0.710977,0.181470,12.729869
390,2608971591952,1,orb_cpu,stereo,74.683960,70.645587,0.000000,0.000000,0.000000,0.000000,0.000000,0.000000,0.000000,0.000000,600,600,75.115627,18.906532,2.380791,96.402950,353,309,304,0.861190,0.354167,0.000000,2.800026,0.000000,0.000000,0.000000,0.000000,0.000000,294,0.832861,0.354167,0.915724,0.542350,6.737205
391,2609061609910,1,xfeat_star_coarse,stereo,23.019571,40.912853,4.623206,4.573081,0.001083,16.689699,16.666783,18.070865,1.728332,1.579041,600,600,41.292144,1.450791,0.304750,43.047685,331,331,331,1.000000,1.000000,0.000000,0.000000,0.000000,0.000000,0.000000,0.000000,0.000000,173,0.522659,0.979167,0.541615,-0.101783,6.035830
391,2609061609910,1,xfeat_star_fine,stereo,23.019571,40.912853,4.623206,4.573081,0.001083,16.689699,16.666783,18.070865,1.728332,1.579041,600,600,41.292144,1.450791,0.306875,54.254513,313,313,312,0.996805,1.000000,0.000000,1.663059,11.204703,0.365500,0.001042,9.745995,1.091958,222,0.709265,1.000000,0.732098,0.135334,5.099164
391,2609061609910,1,orb_cpu,stereo,67.061047,69.639630,0.000000,0.000000,0.000000,0.000000,0.000000,0.000000,0.000000,0.000000,600,600,69.891046,9.748537,1.975332,81.614915,346,311,305,0.881503,0.375000,0.000000,2.880005,0.000000,0.000000,0.000000,0.000000,0.000000,294,0.849711,0.375000,0.928758,0.595772,6.613121
391,2609061609910,1,xfeat_guided,temporal,31.874316,23.019571,13.142534,4.623206,0.001292,0.001083,17.182991,16.666783,1.547249,1.728332,600,600,54.893887,3.475164,3.433790,61.802841,350,294,294,0.840000,0.937500,0.000000,nan,0.000000,0.000000,0.000000,0.000000,0.000000,0,0.000000,0.000000,nan,nan,0.000000
391,2609061609910,1,orb_cpu,temporal,74.683960,67.061047,0.000000,0.000000,0.000000,0.000000,0.000000,0.000000,0.000000,0.000000,600,600,141.745007,10.034828,3.265457,155.045292,443,373,373,0.841986,0.333333,1.199997,nan,0.000000,0.000000,0.000000,0.000000,0.000000,0,0.000000,0.000000,nan,nan,0.000000
400,2609961605702,1,xfeat_star_coarse,stereo,23.091446,40.598770,4.700289,4.603998,0.001042,16.717450,16.704116,17.745949,1.685791,1.531082,600,600,41.189645,1.408250,0.300667,42.898562,328,328,328,1.000000,1.000000,0.000000,0.000000,0.000000,0.000000,0.000000,0.000000,0.000000,163,0.496951,0.937500,0.503645,-0.006111,19.395364
400,2609961605702,1,xfeat_star_fine,stereo,23.091446,40.598770,4.700289,4.603998,0.001042,16.717450,16.704116,17.745949,1.685791,1.531082,600,600,41.189645,1.408250,0.313041,53.929472,308,308,308,1.000000,1.000000,0.000000,1.668083,11.018536,0.538125,0.001333,9.392745,1.085708,222,0.720779,0.979167,0.709128,0.222205,21.552656
400,2609961605702,1,orb_cpu,stereo,72.441545,76.032168,0.000000,0.000000,0.000000,0.000000,0.000000,0.000000,0.000000,0.000000,600,600,76.293001,28.242777,2.460499,106.996277,352,307,302,0.857955,0.395833,0.000000,3.000000,0.000000,0.000000,0.000000,0.000000,0.000000,294,0.835227,0.395833,0.933556,0.532016,6.737996
401,2610051594786,1,xfeat_star_coarse,stereo,22.339654,39.091854,4.686164,4.662914,0.001250,15.936450,15.947908,16.723283,1.704082,1.769040,600,600,39.469479,1.783832,0.525166,41.778477,323,323,323,1.000000,0.979167,0.000000,0.000000,0.000000,0.000000,0.000000,0.000000,0.000000,157,0.486068,0.875000,0.470974,-0.099500,6.642788
401,2610051594786,1,xfeat_star_fine,stereo,22.339654,39.091854,4.686164,4.662914,0.001250,15.936450,15.947908,16.723283,1.704082,1.769040,600,600,39.469479,1.783832,0.302833,52.609722,310,310,307,0.990323,0.979167,0.000000,1.723633,11.053578,0.246084,0.000625,9.735453,1.071250,199,0.641935,0.916667,0.700252,0.030591,5.513122
401,2610051594786,1,orb_cpu,stereo,68.870629,72.466670,0.000000,0.000000,0.000000,0.000000,0.000000,0.000000,0.000000,0.000000,600,600,72.762461,10.136411,2.911790,85.810662,328,282,278,0.847561,0.416667,0.000000,3.000000,0.000000,0.000000,0.000000,0.000000,0.000000,270,0.823171,0.416667,0.919100,0.497973,6.260289
401,2610051594786,1,xfeat_guided,temporal,23.091446,22.339654,4.700289,4.686164,0.001042,0.001250,16.704116,15.947908,1.685791,1.704082,600,600,45.431100,3.643831,3.217874,52.292805,335,285,285,0.850746,0.895833,0.000000,nan,0.000000,0.000000,0.000000,0.000000,0.000000,0,0.000000,0.000000,nan,nan,0.000000
401,2610051594786,1,orb_cpu,temporal,72.441545,68.870629,0.000000,0.000000,0.000000,0.000000,0.000000,0.000000,0.000000,0.000000,600,600,141.312174,10.041203,3.856040,155.209417,417,351,351,0.841727,0.395833,1.727997,nan,0.000000,0.000000,0.000000,0.000000,0.000000,0,0.000000,0.000000,nan,nan,0.000000
410,2611041611078,1,xfeat_star_coarse,stereo,38.490562,21.806197,4.005122,3.936040,15.994117,0.000875,16.752074,15.978450,1.738999,1.890707,600,600,38.802187,1.768707,0.548541,41.119435,329,329,329,1.000000,1.000000,0.000000,0.000000,0.000000,0.000000,0.000000,0.000000,0.000000,163,0.495441,0.979167,0.486260,-0.127025,7.789204
410,2611041611078,1,xfeat_star_fine,stereo,38.490562,21.806197,4.005122,3.936040,15.994117,0.000875,16.752074,15.978450,1.738999,1.890707,600,600,38.802187,1.768707,0.232875,54.216928,313,313,311,0.993610,1.000000,0.000000,1.809509,13.413159,0.342791,0.001250,11.988327,1.080499,201,0.642173,0.979167,0.665598,0.049722,5.281455
410,2611041611078,1,orb_cpu,stereo,71.903795,74.312586,0.000000,0.000000,0.000000,0.000000,0.000000,0.000000,0.000000,0.000000,600,600,74.768085,15.210700,3.973498,93.952283,356,298,293,0.823034,0.520833,0.000000,3.000000,0.000000,0.000000,0.000000,0.000000,0.000000,286,0.803371,0.520833,0.929908,0.542301,6.749538
411,2611131593328,1,xfeat_star_coarse,stereo,39.282354,23.198779,4.626206,4.577373,17.130824,0.001042,15.881366,17.116741,1.643708,1.503332,600,600,39.569271,1.777582,0.355124,41.701977,339,339,339,1.000000,1.000000,0.000000,0.000000,0.000000,0.000000,0.000000,0.000000,0.000000,180,0.530973,0.958333,0.525320,-0.063895,6.825455
411,2611131593328,1,xfeat_star_fine,stereo,39.282354,23.198779,4.626206,4.577373,17.130824,0.001042,15.881366,17.116741,1.643708,1.503332,600,600,39.569271,1.777582,0.371292,52.630806,324,324,324,1.000000,1.000000,0.000000,1.898170,10.912661,0.276000,0.000500,9.545578,1.090375,223,0.688272,0.979167,0.680434,0.080163,6.495204
411,2611131593328,1,orb_cpu,stereo,68.281922,70.474545,0.000000,0.000000,0.000000,0.000000,0.000000,0.000000,0.000000,0.000000,600,600,70.753462,10.073370,2.970874,83.797706,355,302,302,0.850704,0.541667,0.000000,3.144012,0.000000,0.000000,0.000000,0.000000,0.000000,292,0.822535,0.541667,0.925538,0.486040,6.748621
411,2611131593328,1,xfeat_guided,temporal,38.490562,39.282354,4.005122,4.626206,15.994117,17.130824,16.752074,15.881366,1.738999,1.643708,600,600,77.772916,3.446498,2.113208,83.332622,343,309,309,0.900875,0.979167,0.000000,nan,0.000000,0.000000,0.000000,0.000000,0.000000,0,0.000000,0.000000,nan,nan,0.000000
411,2611131593328,1,orb_cpu,temporal,71.903795,68.281922,0.000000,0.000000,0.000000,0.000000,0.000000,0.000000,0.000000,0.000000,600,600,140.185717,10.046578,2.268916,152.501211,456,410,410,0.899123,0.520833,0.000000,nan,0.000000,0.000000,0.000000,0.000000,0.000000,0,0.000000,0.000000,nan,nan,0.000000
420,2612031624287,1,xfeat_star_coarse,stereo,39.508354,23.387529,4.743831,4.674330,17.207324,0.001291,15.874616,17.190366,1.682458,1.521208,600,600,39.977520,3.679456,1.170499,44.827475,345,345,345,1.000000,1.000000,0.000000,0.000000,0.000000,0.000000,0.000000,0.000000,0.000000,166,0.481159,0.916667,0.475798,-0.156102,26.496111
420,2612031624287,1,xfeat_star_fine,stereo,39.508354,23.387529,4.743831,4.674330,17.207324,0.001291,15.874616,17.190366,1.682458,1.521208,600,600,39.977520,3.679456,0.305041,55.100094,327,327,327,1.000000,1.000000,0.000000,1.663239,11.138077,0.579666,0.001417,9.420953,1.135374,212,0.648318,0.958333,0.664288,0.028134,20.421531
420,2612031624287,1,orb_cpu,stereo,73.774502,76.417084,0.000000,0.000000,0.000000,0.000000,0.000000,0.000000,0.000000,0.000000,600,600,76.656459,14.978700,3.546915,95.182074,348,282,276,0.793103,0.520833,0.000000,3.455994,0.000000,0.000000,0.000000,0.000000,0.000000,265,0.761494,0.520833,0.916574,0.481715,6.160496
421,2612121617578,1,xfeat_star_coarse,stereo,39.996396,22.745654,4.731414,4.661581,16.357950,0.000917,17.448115,16.336741,1.458625,1.746207,600,600,40.325937,1.306083,0.282500,41.914520,333,333,333,1.000000,1.000000,0.000000,0.000000,0.000000,0.000000,0.000000,0.000000,0.000000,161,0.483483,0.916667,0.484291,-0.183057,10.302786
421,2612121617578,1,xfeat_star_fine,stereo,39.996396,22.745654,4.731414,4.661581,16.357950,0.000917,17.448115,16.336741,1.458625,1.746207,600,600,40.325937,1.306083,0.672125,53.705222,313,313,312,0.996805,1.000000,0.000000,1.731335,11.401077,0.374124,0.000542,9.896370,1.129791,195,0.623003,0.958333,0.650408,-0.011348,12.290243
421,2612121617578,1,orb_cpu,stereo,74.274293,77.156167,0.000000,0.000000,0.000000,0.000000,0.000000,0.000000,0.000000,0.000000,600,600,77.413542,18.519948,2.855957,98.789447,360,305,302,0.838889,0.541667,0.000000,3.399994,0.000000,0.000000,0.000000,0.000000,0.000000,289,0.802778,0.541667,0.920472,0.522237,6.882371
421,2612121617578,1,xfeat_guided,temporal,39.508354,39.996396,4.743831,4.731414,17.207324,16.357950,15.874616,17.448115,1.682458,1.458625,600,600,79.504750,3.486623,1.417208,84.408581,350,319,319,0.911429,0.958333,0.000000,nan,0.000000,0.000000,0.000000,0.000000,0.000000,0,0.000000,0.000000,nan,nan,0.000000
421,2612121617578,1,orb_cpu,temporal,73.774502,74.274293,0.000000,0.000000,0.000000,0.000000,0.000000,0.000000,0.000000,0.000000,600,600,148.048795,11.880785,3.044748,162.974328,445,382,382,0.858427,0.541667,1.199997,nan,0.000000,0.000000,0.000000,0.000000,0.000000,0,0.000000,0.000000,nan,nan,0.000000
430,2613021602579,1,xfeat_star_coarse,stereo,33.495816,49.356182,14.443451,14.263159,0.000875,17.545533,17.525032,15.838783,1.526250,1.708457,600,600,50.015098,1.488416,0.372250,51.875764,332,332,332,1.000000,1.000000,0.000000,0.000000,0.000000,0.000000,0.000000,0.000000,0.000000,147,0.442771,0.854167,0.434529,-0.234984,7.071413
430,2613021602579,1,xfeat_star_fine,stereo,33.495816,49.356182,14.443451,14.263159,0.000875,17.545533,17.525032,15.838783,1.526250,1.708457,600,600,50.015098,1.488416,0.360417,65.628673,304,304,302,0.993421,1.000000,0.000000,1.884954,13.764742,0.385916,0.000917,12.026368,1.351249,169,0.555921,0.875000,0.561961,-0.082953,6.180663
430,2613021602579,1,orb_cpu,stereo,73.135336,75.170793,0.000000,0.000000,0.000000,0.000000,0.000000,0.000000,0.000000,0.000000,600,600,75.612751,10.103078,3.205915,88.921744,335,281,275,0.820896,0.479167,0.000000,3.599991,0.000000,0.000000,0.000000,0.000000,0.000000,262,0.782090,0.479167,0.905740,0.499481,6.422955
431,2613201601995,1,xfeat_star_coarse,stereo,38.339271,22.821571,4.009206,3.947415,17.365324,0.001083,15.473867,17.341199,1.490499,1.531624,600,600,38.632021,1.555499,0.363042,40.550562,326,326,326,1.000000,1.000000,0.000000,0.000000,0.000000,0.000000,0.000000,0.000000,0.000000,156,0.478528,0.895833,0.483143,-0.128576,6.559496
431,2613201601995,1,xfeat_star_fine,stereo,38.339271,22.821571,4.009206,3.947415,17.365324,0.001083,15.473867,17.341199,1.490499,1.531624,600,600,38.632021,1.555499,0.237624,51.332597,307,307,306,0.996743,1.000000,0.000000,2.063030,10.907453,0.406833,0.000792,9.418995,1.080708,179,0.583062,0.937500,0.620206,-0.017254,11.739911
431,2613201601995,1,orb_cpu,stereo,71.944920,73.990085,0.000000,0.000000,0.000000,0.000000,0.000000,0.000000,0.000000,0.000000,600,600,74.243252,10.190786,4.175540,88.609578,325,265,259,0.796923,0.416667,0.000000,3.799988,0.000000,0.000000,0.000000,0.000000,0.000000,248,0.763077,0.416667,0.891612,0.394815,6.185913
431,2613201601995,1,xfeat_guided,temporal,33.495816,38.339271,14.443451,4.009206,0.000875,17.365324,17.525032,15.473867,1.526250,1.490499,600,600,71.835087,3.120456,3.749748,78.705291,320,273,273,0.853125,0.937500,0.000000,nan,0.000000,0.000000,0.000000,0.000000,0.000000,0,0.000000,0.000000,nan,nan,0.000000
431,2613201601995,1,orb_cpu,temporal,73.135336,71.944920,0.000000,0.000000,0.000000,0.000000,0.000000,0.000000,0.000000,0.000000,600,600,145.080256,8.044538,4.729664,157.854458,419,336,336,0.801909,0.458333,1.200005,nan,0.000000,0.000000,0.000000,0.000000,0.000000,0,0.000000,0.000000,nan,nan,0.000000
440,2614101615246,1,xfeat_star_coarse,stereo,20.930323,36.929064,3.884790,6.118955,0.001125,13.202534,15.481659,15.866867,1.562416,1.740624,600,600,37.345146,1.363415,1.068792,39.777353,335,335,335,1.000000,1.000000,0.000000,0.000000,0.000000,0.000000,0.000000,0.000000,0.000000,146,0.435821,0.854167,0.441644,-0.126963,26.086027
440,2614101615246,1,xfeat_star_fine,stereo,20.930323,36.929064,3.884790,6.118955,0.001125,13.202534,15.481659,15.866867,1.562416,1.740624,600,600,37.345146,1.363415,0.303417,50.080847,318,318,317,0.996855,1.000000,0.000000,2.339050,11.068869,0.557041,0.001583,9.397870,1.111875,178,0.559748,0.937500,0.574100,-0.063801,22.849404
440,2614101615246,1,orb_cpu,stereo,73.572794,77.152667,0.000000,0.000000,0.000000,0.000000,0.000000,0.000000,0.000000,0.000000,600,600,77.477251,20.249905,9.651995,107.379151,324,252,244,0.753086,0.479167,0.000000,4.000000,0.000000,0.000000,0.000000,0.000000,0.000000,234,0.722222,0.479167,0.892424,0.453566,6.293996
441,2614191603579,1,xfeat_star_coarse,stereo,21.796113,37.113646,4.728331,4.643164,0.001125,15.494575,15.485075,15.448159,1.581332,1.527540,600,600,37.540313,2.720915,0.605958,40.867186,319,319,319,1.000000,1.000000,0.000000,0.000000,0.000000,0.000000,0.000000,0.000000,0.000000,162,0.507837,0.854167,0.508336,-0.143880,12.819826
441,2614191603579,1,xfeat_star_fine,stereo,21.796113,37.113646,4.728331,4.643164,0.001125,15.494575,15.485075,15.448159,1.581332,1.527540,600,600,37.540313,2.720915,0.297917,51.308473,297,297,296,0.996633,0.979167,0.000000,2.131973,10.749328,0.350084,0.000875,9.341036,1.057083,183,0.616162,0.916667,0.610997,0.003326,11.933618
441,2614191603579,1,orb_cpu,stereo,72.304753,75.372417,0.000000,0.000000,0.000000,0.000000,0.000000,0.000000,0.000000,0.000000,600,600,75.687292,20.491280,10.016161,106.194733,336,261,259,0.770833,0.437500,0.000000,4.000008,0.000000,0.000000,0.000000,0.000000,0.000000,253,0.752976,0.437500,0.880494,0.407808,6.457372
441,2614191603579,1,xfeat_guided,temporal,20.930323,21.796113,3.884790,4.728331,0.001125,0.001125,15.481659,15.485075,1.562416,1.581332,600,600,42.726436,3.125915,2.125915,47.978266,347,308,308,0.887608,0.937500,0.000000,nan,0.000000,0.000000,0.000000,0.000000,0.000000,0,0.000000,0.000000,nan,nan,0.000000
441,2614191603579,1,orb_cpu,temporal,73.572794,72.304753,0.000000,0.000000,0.000000,0.000000,0.000000,0.000000,0.000000,0.000000,600,600,145.877547,10.829036,3.381289,160.087872,463,400,400,0.863931,0.500000,1.200012,nan,0.000000,0.000000,0.000000,0.000000,0.000000,0,0.000000,0.000000,nan,nan,0.000000
450,2615091610705,1,xfeat_star_coarse,stereo,48.446849,30.749733,13.588576,13.401951,15.617658,0.000792,17.731032,15.599575,1.509374,1.747207,600,600,48.879348,1.282916,0.297083,50.459347,327,327,327,1.000000,1.000000,0.000000,8.000000,0.000000,0.000000,0.000000,0.000000,0.000000,145,0.443425,0.833333,0.442102,-0.114912,6.319788
450,2615091610705,1,xfeat_star_fine,stereo,48.446849,30.749733,13.588576,13.401951,15.617658,0.000792,17.731032,15.599575,1.509374,1.747207,600,600,48.879348,1.282916,0.327166,61.557674,310,310,310,1.000000,1.000000,0.000000,7.943031,11.068244,0.237583,0.000708,9.749328,1.080417,162,0.522581,0.854167,0.540280,-0.068507,5.295206
450,2615091610705,1,orb_cpu,stereo,70.503879,73.192877,0.000000,0.000000,0.000000,0.000000,0.000000,0.000000,0.000000,0.000000,600,600,73.655460,9.236120,11.161869,94.053449,332,236,232,0.698795,0.416667,0.287994,4.799988,0.000000,0.000000,0.000000,0.000000,0.000000,220,0.662651,0.416667,0.877940,0.406371,6.436997
451,2615181614371,1,xfeat_star_coarse,stereo,22.794863,38.796063,4.041164,4.017915,0.001209,17.151157,17.193990,15.899534,1.558125,1.727207,600,600,39.162979,1.481750,0.349041,40.993770,335,335,335,1.000000,1.000000,0.000000,8.000000,0.000000,0.000000,0.000000,0.000000,0.000000,141,0.420896,0.875000,0.398424,-0.138630,6.758913
451,2615181614371,1,xfeat_star_fine,stereo,22.794863,38.796063,4.041164,4.017915,0.001209,17.151157,17.193990,15.899534,1.558125,1.727207,600,600,39.162979,1.481750,0.306749,51.764722,310,310,307,0.990323,1.000000,0.000000,7.862732,10.813244,0.397500,0.001125,9.311411,1.103083,162,0.522581,0.916667,0.522518,-0.101629,9.652412
451,2615181614371,1,orb_cpu,stereo,71.281962,73.621669,0.000000,0.000000,0.000000,0.000000,0.000000,0.000000,0.000000,0.000000,600,600,73.921294,12.056285,8.784037,94.761616,323,236,223,0.690402,0.416667,0.000000,4.800003,0.000000,0.000000,0.000000,0.000000,0.000000,215,0.665635,0.395833,0.892069,0.393415,5.587163
451,2615181614371,1,xfeat_guided,temporal,48.446849,22.794863,13.588576,4.041164,15.617658,0.001209,17.731032,17.193990,1.509374,1.558125,600,600,71.241712,2.597915,2.448457,76.288084,328,276,276,0.841463,0.937500,0.000000,nan,0.000000,0.000000,0.000000,0.000000,0.000000,0,0.000000,0.000000,nan,nan,0.000000
451,2615181614371,1,orb_cpu,temporal,70.503879,71.281962,0.000000,0.000000,0.000000,0.000000,0.000000,0.000000,0.000000,0.000000,600,600,141.785841,9.501079,3.729790,155.016710,442,375,375,0.848416,0.458333,2.000000,nan,0.000000,0.000000,0.000000,0.000000,0.000000,0,0.000000,0.000000,nan,nan,0.000000
460,2616171608872,1,xfeat_star_coarse,stereo,23.048280,39.149188,4.655623,4.607665,0.001208,16.860199,16.855741,15.914658,1.535458,1.766541,600,600,39.663312,1.292083,0.291417,41.246812,331,331,331,1.000000,1.000000,0.000000,8.000000,0.000000,0.000000,0.000000,0.000000,0.000000,170,0.513595,0.854167,0.517311,-0.089079,18.109781
460,2616171608872,1,xfeat_star_fine,stereo,23.048280,39.149188,4.655623,4.607665,0.001208,16.860199,16.855741,15.914658,1.535458,1.766541,600,600,39.663312,1.292083,1.080125,53.202097,301,301,301,1.000000,1.000000,0.000000,8.256691,11.166577,0.561916,0.001166,9.366995,1.235791,170,0.564784,0.875000,0.560890,-0.153019,22.196321
460,2616171608872,1,orb_cpu,stereo,71.180545,75.011418,0.000000,0.000000,0.000000,0.000000,0.000000,0.000000,0.000000,0.000000,600,600,75.295293,20.244614,16.375866,111.915773,303,211,209,0.689769,0.458333,0.288002,4.976654,0.000000,0.000000,0.000000,0.000000,0.000000,202,0.666667,0.458333,0.865533,0.321887,5.898997
461,2616261654247,1,xfeat_star_coarse,stereo,21.739530,37.878563,4.620331,4.572289,0.000792,15.605116,15.590575,15.946033,1.527624,1.754916,600,600,38.259188,1.574082,0.278667,40.111937,318,318,318,1.000000,1.000000,0.000000,8.000000,0.000000,0.000000,0.000000,0.000000,0.000000,146,0.459119,0.916667,0.462352,-0.139018,6.431121
461,2616261654247,1,xfeat_star_fine,stereo,21.739530,37.878563,4.620331,4.572289,0.000792,15.605116,15.590575,15.946033,1.527624,1.754916,600,600,38.259188,1.574082,0.305958,51.179014,296,296,296,1.000000,1.000000,0.000000,8.159683,11.039786,0.270292,0.000708,9.703536,1.065083,148,0.500000,0.895833,0.503517,-0.094889,9.121370
461,2616261654247,1,orb_cpu,stereo,66.322173,68.305755,0.000000,0.000000,0.000000,0.000000,0.000000,0.000000,0.000000,0.000000,600,600,68.585380,19.728448,16.491491,104.805319,291,193,187,0.642612,0.375000,0.576004,5.183990,0.000000,0.000000,0.000000,0.000000,0.000000,175,0.601375,0.375000,0.876210,0.368045,5.599997
461,2616261654247,1,xfeat_guided,temporal,23.048280,21.739530,4.655623,4.620331,0.001208,0.000792,16.855741,15.590575,1.535458,1.527624,600,600,44.787810,3.166457,4.066956,52.021223,337,277,277,0.821958,0.916667,0.000000,nan,0.000000,0.000000,0.000000,0.000000,0.000000,0,0.000000,0.000000,nan,nan,0.000000
461,2616261654247,1,orb_cpu,temporal,71.180545,66.322173,0.000000,0.000000,0.000000,0.000000,0.000000,0.000000,0.000000,0.000000,600,600,137.502718,11.177161,3.488873,152.168752,434,357,357,0.822581,0.520833,3.000000,nan,0.000000,0.000000,0.000000,0.000000,0.000000,0,0.000000,0.000000,nan,nan,0.000000
470,2617161630789,1,xfeat_star_coarse,stereo,21.778738,38.537021,3.938706,3.886331,0.000791,16.040158,16.012992,17.156991,1.826165,1.453416,600,600,38.918770,1.371333,0.298167,40.588270,316,316,316,1.000000,1.000000,0.000000,8.000000,0.000000,0.000000,0.000000,0.000000,0.000000,160,0.506329,0.916667,0.539829,-0.134186,6.387746
470,2617161630789,1,xfeat_star_fine,stereo,21.778738,38.537021,3.938706,3.886331,0.000791,16.040158,16.012992,17.156991,1.826165,1.453416,600,600,38.918770,1.371333,0.571917,54.267054,293,293,293,1.000000,1.000000,0.000000,8.662369,13.405034,0.277291,0.000625,10.644328,2.482623,158,0.539249,0.895833,0.571788,-0.058442,11.638327
470,2617161630789,1,orb_cpu,stereo,74.047376,69.121463,0.000000,0.000000,0.000000,0.000000,0.000000,0.000000,0.000000,0.000000,600,600,74.432627,10.174119,16.889366,101.496112,292,194,191,0.654110,0.437500,0.959995,5.183990,0.000000,0.000000,0.000000,0.000000,0.000000,182,0.623288,0.437500,0.883723,0.221555,5.619497
471,2617251651414,1,xfeat_star_coarse,stereo,38.245979,21.424197,3.945164,3.901248,15.841409,0.000833,16.985532,15.822950,1.473666,1.699041,600,600,38.557354,1.690458,0.347375,40.595187,327,327,327,1.000000,1.000000,0.000000,8.000000,0.000000,0.000000,0.000000,0.000000,0.000000,185,0.565749,0.875000,0.580550,-0.070186,6.525872
471,2617251651414,1,xfeat_star_fine,stereo,38.245979,21.424197,3.945164,3.901248,15.841409,0.000833,16.985532,15.822950,1.473666,1.699041,600,600,38.557354,1.690458,0.234792,51.294306,307,307,306,0.996743,1.000000,0.000000,8.695206,10.811702,0.353750,0.000750,9.352120,1.104916,170,0.553746,0.875000,0.589929,-0.049302,5.841788
471,2617251651414,1,orb_cpu,stereo,73.770211,68.746504,0.000000,0.000000,0.000000,0.000000,0.000000,0.000000,0.000000,0.000000,600,600,74.007085,10.682244,30.124525,114.813854,272,168,152,0.558824,0.375000,0.586586,4.976654,0.000000,0.000000,0.000000,0.000000,0.000000,144,0.529412,0.375000,0.884830,0.082483,5.220081
471,2617251651414,1,xfeat_guided,temporal,21.778738,38.245979,3.938706,3.945164,0.000791,15.841409,16.012992,16.985532,1.826165,1.473666,600,600,60.024717,3.290623,3.501623,66.816963,324,266,266,0.820988,0.875000,0.000000,nan,0.000000,0.000000,0.000000,0.000000,0.000000,0,0.000000,0.000000,nan,nan,0.000000
471,2617251651414,1,orb_cpu,temporal,74.047376,73.770211,0.000000,0.000000,0.000000,0.000000,0.000000,0.000000,0.000000,0.000000,600,600,147.817587,8.059704,4.664498,160.541789,410,323,323,0.787805,0.458333,1.727997,nan,0.000000,0.000000,0.000000,0.000000,0.000000,0,0.000000,0.000000,nan,nan,0.000000
480,2618151625790,1,xfeat_star_coarse,stereo,23.146571,40.191520,4.753581,4.638956,0.001250,16.719074,16.720408,17.427533,1.671166,1.405749,600,600,40.825686,1.519041,0.284625,42.629352,317,317,317,1.000000,0.979167,0.000000,8.000000,0.000000,0.000000,0.000000,0.000000,0.000000,176,0.555205,0.833333,0.584609,-0.074556,21.613322
480,2618151625790,1,xfeat_star_fine,stereo,23.146571,40.191520,4.753581,4.638956,0.001250,16.719074,16.720408,17.427533,1.671166,1.405749,600,600,40.825686,1.519041,0.290917,53.607929,287,287,286,0.996516,0.979167,0.000000,8.872940,10.972285,0.532291,0.001292,9.387661,1.050416,169,0.588850,0.812500,0.612251,-0.047533,12.316785
480,2618151625790,1,orb_cpu,stereo,70.366920,71.292044,0.000000,0.000000,0.000000,0.000000,0.000000,0.000000,0.000000,0.000000,600,600,71.579795,22.659905,13.938534,108.178234,301,209,202,0.671096,0.333333,0.000000,5.760010,0.000000,0.000000,0.000000,0.000000,0.000000,192,0.637874,0.333333,0.878957,0.006579,5.867038
481,2618331621415,1,xfeat_star_coarse,stereo,22.251655,38.968812,4.695165,4.645664,0.001208,15.871824,15.856992,16.974408,1.698082,1.476749,600,600,39.363646,1.533874,0.286709,41.184229,309,309,309,1.000000,1.000000,0.000000,8.000000,0.000000,0.000000,0.000000,0.000000,0.000000,180,0.582524,0.833333,0.597245,-0.034011,5.993663
481,2618331621415,1,xfeat_star_fine,stereo,22.251655,38.968812,4.695165,4.645664,0.001208,15.871824,15.856992,16.974408,1.698082,1.476749,600,600,39.363646,1.533874,0.598124,54.827886,289,289,288,0.996540,1.000000,0.000000,8.919975,13.332242,0.230083,0.000875,10.657827,2.443332,177,0.612457,0.833333,0.611069,-0.016289,11.424661
481,2618331621415,1,orb_cpu,stereo,68.734880,69.207879,0.000000,0.000000,0.000000,0.000000,0.000000,0.000000,0.000000,0.000000,600,600,69.493504,19.629448,16.480574,105.603526,287,190,188,0.655052,0.375000,0.400009,5.760010,0.000000,0.000000,0.000000,0.000000,0.000000,175,0.609756,0.375000,0.876059,0.280386,4.441373
481,2618331621415,1,xfeat_guided,temporal,23.146571,22.251655,4.753581,4.695165,0.001250,0.001208,16.720408,15.856992,1.671166,1.698082,600,600,45.398226,2.972832,0.763791,49.134849,328,311,311,0.948171,1.000000,0.000000,nan,0.000000,0.000000,0.000000,0.000000,0.000000,0,0.000000,0.000000,nan,nan,0.000000
481,2618331621415,1,orb_cpu,temporal,70.366920,68.734880,0.000000,0.000000,0.000000,0.000000,0.000000,0.000000,0.000000,0.000000,600,600,139.101800,10.446119,2.682248,152.230167,428,375,375,0.876168,0.416667,1.000000,nan,0.000000,0.000000,0.000000,0.000000,0.000000,0,0.000000,0.000000,nan,nan,0.000000
490,2619231633707,1,xfeat_star_coarse,stereo,33.458607,49.333098,14.456909,14.290242,0.001000,17.576657,17.556115,15.820950,1.444208,1.645040,600,600,49.936015,2.033749,0.280042,52.249806,334,334,334,1.000000,1.000000,0.000000,8.000000,0.000000,0.000000,0.000000,0.000000,0.000000,224,0.670659,0.895833,0.689105,-0.026020,6.665746
490,2619231633707,1,xfeat_star_fine,stereo,33.458607,49.333098,14.456909,14.290242,0.001000,17.576657,17.556115,15.820950,1.444208,1.645040,600,600,49.936015,2.033749,0.556208,63.168841,318,318,318,1.000000,1.000000,0.000000,8.542909,10.642869,0.247458,0.000625,9.284662,1.109832,210,0.660377,0.875000,0.711017,-0.002208,12.445744
490,2619231633707,1,orb_cpu,stereo,75.353668,75.809251,0.000000,0.000000,0.000000,0.000000,0.000000,0.000000,0.000000,0.000000,600,600,76.230750,18.730073,8.910579,103.871402,273,198,197,0.721612,0.437500,0.000000,4.788773,0.000000,0.000000,0.000000,0.000000,0.000000,182,0.666667,0.437500,0.870881,0.395277,5.279455
491,2619321627082,1,xfeat_star_coarse,stereo,23.290654,39.380937,4.668580,4.612164,0.000750,17.195116,17.178324,15.899033,1.442666,1.674457,600,600,39.815312,2.037998,0.460833,42.314143,334,334,334,1.000000,1.000000,0.000000,8.000000,0.000000,0.000000,0.000000,0.000000,0.000000,237,0.709581,0.937500,0.764042,0.011276,6.615163
491,2619321627082,1,xfeat_star_fine,stereo,23.290654,39.380937,4.668580,4.612164,0.000750,17.195116,17.178324,15.899033,1.442666,1.674457,600,600,39.815312,2.037998,0.240583,52.739304,309,309,308,0.996764,1.000000,0.000000,8.616753,10.645411,0.262083,0.000792,9.259912,1.122499,216,0.699029,0.895833,0.783655,0.057028,8.460079
491,2619321627082,1,orb_cpu,stereo,74.179335,72.358544,0.000000,0.000000,0.000000,0.000000,0.000000,0.000000,0.000000,0.000000,600,600,74.471293,13.247618,10.976619,98.695530,278,194,193,0.694245,0.416667,0.000000,4.780823,0.000000,0.000000,0.000000,0.000000,0.000000,188,0.676259,0.416667,0.874116,0.421387,4.736122
491,2619321627082,1,xfeat_guided,temporal,33.458607,23.290654,14.456909,4.668580,0.001000,0.000750,17.556115,17.178324,1.444208,1.442666,600,600,56.749261,3.251749,3.537164,63.538174,325,261,261,0.803077,0.937500,0.000000,nan,0.000000,0.000000,0.000000,0.000000,0.000000,0,0.000000,0.000000,nan,nan,0.000000
491,2619321627082,1,orb_cpu,temporal,75.353668,74.179335,0.000000,0.000000,0.000000,0.000000,0.000000,0.000000,0.000000,0.000000,600,600,149.533003,9.349703,2.712499,161.595205,390,336,336,0.861538,0.458333,1.727997,nan,0.000000,0.000000,0.000000,0.000000,0.000000,0,0.000000,0.000000,nan,nan,0.000000
500,2620221624874,0,xfeat_star_coarse,stereo,23.053195,38.962229,4.739205,4.659664,0.000916,16.842949,16.823450,15.854367,1.489290,1.604916,600,600,39.539271,1.629333,0.379125,41.547729,333,330,330,0.990991,1.000000,0.000000,8.000000,0.000000,0.000000,0.000000,0.000000,0.000000,180,0.540541,0.916667,0.542985,-0.050710,5.387997
500,2620221624874,0,xfeat_star_fine,stereo,23.053195,38.962229,4.739205,4.659664,0.000916,16.842949,16.823450,15.854367,1.489290,1.604916,600,600,39.539271,1.629333,1.147666,56.991387,308,308,307,0.996753,0.979167,0.000000,8.583023,14.675117,0.236250,0.000583,9.323245,5.114914,181,0.587662,0.854167,0.611493,-0.091788,15.071825
500,2620221624874,0,orb_cpu,stereo,75.083001,77.132458,0.000000,0.000000,0.000000,0.000000,0.000000,0.000000,0.000000,0.000000,600,600,77.423541,19.148865,9.992287,106.564693,252,179,179,0.710317,0.458333,0.000000,5.971985,0.000000,0.000000,0.000000,0.000000,0.000000,167,0.662698,0.458333,0.854942,0.073154,4.884539
501,2620311640082,0,xfeat_star_coarse,stereo,22.387279,39.300812,4.804080,4.760497,0.000917,15.915658,15.892949,17.158949,1.689041,1.465291,600,600,39.635479,1.571916,0.234208,41.441603,332,332,332,1.000000,1.000000,0.000000,8.000000,0.000000,0.000000,0.000000,0.000000,0.000000,174,0.524096,0.937500,0.531572,-0.085097,5.841789
501,2620311640082,0,xfeat_star_fine,stereo,22.387279,39.300812,4.804080,4.760497,0.000917,15.915658,15.892949,17.158949,1.689041,1.465291,600,600,39.635479,1.571916,0.858166,62.074300,314,314,314,1.000000,1.000000,0.000000,8.661602,20.008739,0.353333,0.001084,14.484950,5.169039,173,0.550955,0.916667,0.570650,-0.109904,12.482160
501,2620311640082,0,orb_cpu,stereo,75.003668,76.814375,0.000000,0.000000,0.000000,0.000000,0.000000,0.000000,0.000000,0.000000,600,600,77.067667,17.799991,14.772826,109.640484,240,158,155,0.645833,0.416667,0.345589,5.184006,0.000000,0.000000,0.000000,0.000000,0.000000,150,0.625000,0.416667,0.852683,0.160102,3.789914
501,2620311640082,0,xfeat_guided,temporal,23.053195,22.387279,4.739205,4.804080,0.000916,0.000917,16.823450,15.892949,1.489290,1.689041,600,600,45.440474,3.333790,5.036831,53.811095,324,257,257,0.793210,1.000000,0.000000,nan,0.000000,0.000000,0.000000,0.000000,0.000000,0,0.000000,0.000000,nan,nan,0.000000
501,2620311640082,0,orb_cpu,temporal,75.083001,75.003668,0.000000,0.000000,0.000000,0.000000,0.000000,0.000000,0.000000,0.000000,600,600,150.086669,11.402286,3.652581,165.141536,384,308,308,0.802083,0.583333,1.000000,nan,0.000000,0.000000,0.000000,0.000000,0.000000,0,0.000000,0.000000,nan,nan,0.000000
510,2621211645708,0,xfeat_star_coarse,stereo,21.036697,36.490938,3.930123,3.883831,0.001125,15.629950,15.605408,15.437325,1.499791,1.539624,600,600,36.844105,1.718457,0.281166,38.843728,322,322,322,1.000000,0.979167,0.000000,8.000000,0.000000,0.000000,0.000000,0.000000,0.000000,161,0.500000,0.895833,0.510959,-0.068703,6.466247
510,2621211645708,0,xfeat_star_fine,stereo,21.036697,36.490938,3.930123,3.883831,0.001125,15.629950,15.605408,15.437325,1.499791,1.539624,600,600,36.844105,1.718457,0.290500,49.738722,299,299,299,1.000000,0.979167,0.000000,8.858704,10.885660,0.263375,0.000708,9.562453,1.058916,157,0.525084,0.895833,0.563750,-0.090625,7.612496
510,2621211645708,0,orb_cpu,stereo,70.929754,73.487335,0.000000,0.000000,0.000000,0.000000,0.000000,0.000000,0.000000,0.000000,600,600,73.935710,13.713326,8.878454,96.527490,298,216,212,0.711409,0.354167,0.000000,4.800003,0.000000,0.000000,0.000000,0.000000,0.000000,193,0.647651,0.354167,0.878307,0.363561,5.653997
511,2621391656083,0,xfeat_star_coarse,stereo,23.038238,40.196895,4.678623,4.613122,0.001125,16.701616,16.682366,17.401908,1.675916,1.479916,600,600,40.536728,1.382416,0.307708,42.226852,322,322,322,1.000000,1.000000,0.000000,8.000000,0.000000,0.000000,0.000000,0.000000,0.000000,168,0.521739,0.833333,0.525062,-0.052975,6.108247
511,2621391656083,0,xfeat_star_fine,stereo,23.038238,40.196895,4.678623,4.613122,0.001125,16.701616,16.682366,17.401908,1.675916,1.479916,600,600,40.536728,1.382416,0.321875,53.548221,296,296,296,1.000000,1.000000,0.000000,8.796944,11.307202,0.302250,0.000625,10.013536,0.990583,164,0.554054,0.812500,0.549747,-0.065259,4.721747
511,2621391656083,0,orb_cpu,stereo,70.832962,72.967835,0.000000,0.000000,0.000000,0.000000,0.000000,0.000000,0.000000,0.000000,600,600,73.212086,9.423245,8.685162,91.320493,297,217,213,0.717172,0.354167,0.000000,4.561951,0.000000,0.000000,0.000000,0.000000,0.000000,205,0.690236,0.354167,0.883510,0.228373,5.667289
511,2621391656083,0,xfeat_guided,temporal,21.036697,23.038238,3.930123,4.678623,0.001125,0.001125,15.605408,16.682366,1.499791,1.675916,600,600,44.074935,2.876416,6.494538,53.445889,251,189,189,0.752988,0.875000,0.000000,nan,0.000000,0.000000,0.000000,0.000000,0.000000,0,0.000000,0.000000,nan,nan,0.000000
511,2621391656083,0,orb_cpu,temporal,70.929754,70.832962,0.000000,0.000000,0.000000,0.000000,0.000000,0.000000,0.000000,0.000000,600,600,141.762716,10.045453,5.612164,157.420333,373,283,283,0.758713,0.395833,1.000000,nan,0.000000,0.000000,0.000000,0.000000,0.000000,0,0.000000,0.000000,nan,nan,0.000000
520,2622291640458,0,xfeat_star_coarse,stereo,40.790103,22.963863,4.699497,4.627873,16.649782,0.000709,18.010407,16.625366,1.430208,1.709624,600,600,41.300769,1.260457,0.372291,42.933517,325,325,325,1.000000,0.979167,0.000000,8.000000,0.000000,0.000000,0.000000,0.000000,0.000000,166,0.510769,0.875000,0.506347,-0.137481,18.662657
520,2622291640458,0,xfeat_star_fine,stereo,40.790103,22.963863,4.699497,4.627873,16.649782,0.000709,18.010407,16.625366,1.430208,1.709624,600,600,41.300769,1.260457,0.292833,53.840345,303,303,303,1.000000,0.958333,0.000000,8.718491,10.986286,0.543083,0.001209,9.368703,1.072666,167,0.551155,0.854167,0.577558,-0.181083,22.301654
520,2622291640458,0,orb_cpu,stereo,70.684337,66.998422,0.000000,0.000000,0.000000,0.000000,0.000000,0.000000,0.000000,0.000000,600,600,70.899795,20.085864,11.000703,101.986362,310,237,234,0.754839,0.270833,0.000000,4.319992,0.000000,0.000000,0.000000,0.000000,0.000000,222,0.716129,0.270833,0.862986,0.157129,5.938330
521,2622381647208,0,xfeat_star_coarse,stereo,21.756030,37.705271,4.741165,4.694539,0.001084,15.525367,15.501991,15.851324,1.511624,1.633833,600,600,38.133479,1.245166,0.293375,39.672020,329,329,329,1.000000,1.000000,0.000000,8.000000,0.000000,0.000000,0.000000,0.000000,0.000000,174,0.528875,0.833333,0.539067,-0.131502,11.927618
521,2622381647208,0,xfeat_star_fine,stereo,21.756030,37.705271,4.741165,4.694539,0.001084,15.525367,15.501991,15.851324,1.511624,1.633833,600,600,38.133479,1.245166,0.297500,50.443639,313,313,313,1.000000,1.000000,0.000000,8.654419,10.767494,0.373208,0.000875,9.301412,1.091708,175,0.559105,0.854167,0.576754,-0.174563,10.708953
521,2622381647208,0,orb_cpu,stereo,67.629464,70.491379,0.000000,0.000000,0.000000,0.000000,0.000000,0.000000,0.000000,0.000000,600,600,70.775754,20.465072,9.002621,100.243447,324,249,246,0.759259,0.291667,0.000000,4.147186,0.000000,0.000000,0.000000,0.000000,0.000000,228,0.703704,0.291667,0.852914,0.362040,6.126413
521,2622381647208,0,xfeat_guided,temporal,40.790103,21.756030,4.699497,4.741165,16.649782,0.001084,18.010407,15.501991,1.430208,1.511624,600,600,62.546133,3.350290,5.822539,71.718962,316,246,246,0.778481,0.875000,0.000000,nan,0.000000,0.000000,0.000000,0.000000,0.000000,0,0.000000,0.000000,nan,nan,0.000000
521,2622381647208,0,orb_cpu,temporal,70.684337,67.629464,0.000000,0.000000,0.000000,0.000000,0.000000,0.000000,0.000000,0.000000,600,600,138.313801,11.387827,4.240373,153.942001,360,290,290,0.805556,0.312500,1.439972,nan,0.000000,0.000000,0.000000,0.000000,0.000000,0,0.000000,0.000000,nan,nan,0.000000
530,2623281631334,0,xfeat_star_coarse,stereo,38.731979,23.127613,3.981540,3.931165,17.231574,0.001083,15.841575,17.216616,1.677165,1.978332,600,600,39.045812,1.636957,0.370834,41.053603,336,336,336,1.000000,1.000000,0.000000,8.000000,0.000000,0.000000,0.000000,0.000000,0.000000,180,0.535714,0.916667,0.549162,-0.117979,6.707288
530,2623281631334,0,xfeat_star_fine,stereo,38.731979,23.127613,3.981540,3.931165,17.231574,0.001083,15.841575,17.216616,1.677165,1.978332,600,600,39.045812,1.636957,0.315500,51.636555,318,318,318,1.000000,1.000000,0.000000,8.713703,10.638286,0.272875,0.000625,9.263411,1.101250,186,0.584906,0.895833,0.594656,-0.204976,8.008496
530,2623281631334,0,orb_cpu,stereo,66.835339,69.026629,0.000000,0.000000,0.000000,0.000000,0.000000,0.000000,0.000000,0.000000,600,600,69.457254,13.105576,12.206660,94.769490,296,207,199,0.672297,0.270833,0.319992,4.888321,0.000000,0.000000,0.000000,0.000000,0.000000,188,0.635135,0.270833,0.822029,-0.065878,5.663789
531,2623371634875,0,xfeat_star_coarse,stereo,23.041154,40.414270,4.564872,4.519581,0.001083,16.777116,16.763949,17.609698,1.710916,1.507541,600,600,40.752895,1.389332,0.235125,42.377352,330,330,330,1.000000,0.979167,0.000000,8.000000,0.000000,0.000000,0.000000,0.000000,0.000000,167,0.506061,0.895833,0.519400,-0.218150,6.053997
531,2623371634875,0,xfeat_star_fine,stereo,23.041154,40.414270,4.564872,4.519581,0.001083,16.777116,16.763949,17.609698,1.710916,1.507541,600,600,40.752895,1.389332,0.302500,53.744388,312,312,312,1.000000,0.979167,0.000000,8.831856,11.299661,0.255792,0.000500,9.943161,1.100083,175,0.560897,0.854167,0.565428,-0.217745,5.073788
531,2623371634875,0,orb_cpu,stereo,73.203211,68.692504,0.000000,0.000000,0.000000,0.000000,0.000000,0.000000,0.000000,0.000000,600,600,73.470251,9.799369,12.384119,95.653739,288,201,174,0.604167,0.270833,0.288006,5.000000,0.000000,0.000000,0.000000,0.000000,0.000000,159,0.552083,0.270833,0.851144,-0.016960,5.496122
531,2623371634875,0,xfeat_guided,temporal,38.731979,23.041154,3.981540,4.564872,17.231574,0.001083,15.841575,16.763949,1.677165,1.710916,600,600,61.773133,3.312665,4.156956,69.242754,334,271,271,0.811377,0.875000,0.000000,nan,0.000000,0.000000,0.000000,0.000000,0.000000,0,0.000000,0.000000,nan,nan,0.000000
531,2623371634875,0,orb_cpu,temporal,66.835339,73.203211,0.000000,0.000000,0.000000,0.000000,0.000000,0.000000,0.000000,0.000000,600,600,140.038550,10.037578,4.755289,154.831417,372,307,307,0.825269,0.312500,2.540169,nan,0.000000,0.000000,0.000000,0.000000,0.000000,0,0.000000,0.000000,nan,nan,0.000000
540,2624361630126,1,xfeat_star_coarse,stereo,39.213104,23.108571,4.762664,4.675831,16.946866,0.001208,15.861533,16.927491,1.641916,1.503916,600,600,39.802270,1.344375,0.297291,41.443936,322,322,322,1.000000,1.000000,0.000000,8.000000,0.000000,0.000000,0.000000,0.000000,0.000000,203,0.630435,0.895833,0.649415,0.035554,5.179289
540,2624361630126,1,xfeat_star_fine,stereo,39.213104,23.108571,4.762664,4.675831,16.946866,0.001208,15.861533,16.927491,1.641916,1.503916,600,600,39.802270,1.344375,0.304833,59.520135,306,306,306,1.000000,0.979167,0.000000,8.929741,18.068657,0.529375,0.001500,16.454325,1.082916,194,0.633987,0.854167,0.621672,-0.145723,5.046206
540,2624361630126,1,orb_cpu,stereo,69.706129,72.040044,0.000000,0.000000,0.000000,0.000000,0.000000,0.000000,0.000000,0.000000,600,600,72.274002,13.675242,8.301288,94.250532,289,215,212,0.733564,0.250000,0.000000,5.971985,0.000000,0.000000,0.000000,0.000000,0.000000,197,0.681661,0.250000,0.887351,0.196796,5.486580
541,2624451647501,1,xfeat_star_coarse,stereo,22.427780,38.803353,4.689498,4.635747,0.000875,15.857158,15.857992,16.582533,1.879124,1.727665,600,600,39.185729,2.916290,0.453333,42.555352,325,325,325,1.000000,0.979167,0.000000,8.000000,0.000000,0.000000,0.000000,0.000000,0.000000,191,0.587692,0.833333,0.613839,-0.068578,19.855406
541,2624451647501,1,xfeat_star_fine,stereo,22.427780,38.803353,4.689498,4.635747,0.000875,15.857158,15.857992,16.582533,1.879124,1.727665,600,600,39.185729,2.916290,0.238500,53.188097,307,307,306,0.996743,0.979167,0.000000,8.941063,10.847578,0.462042,0.001292,9.292703,1.091250,185,0.602606,0.854167,0.637897,-0.185119,11.349744
541,2624451647501,1,orb_cpu,stereo,68.599380,70.839253,0.000000,0.000000,0.000000,0.000000,0.000000,0.000000,0.000000,0.000000,600,600,71.106378,20.189572,5.659413,96.955363,285,224,220,0.771930,0.250000,0.000000,5.971970,0.000000,0.000000,0.000000,0.000000,0.000000,193,0.677193,0.250000,0.884906,0.078337,5.399331
541,2624451647501,1,xfeat_guided,temporal,39.213104,22.427780,4.762664,4.689498,16.946866,0.000875,15.861533,15.857992,1.641916,1.879124,600,600,61.640884,3.526248,7.516704,72.683836,339,255,255,0.752212,0.916667,0.000000,nan,0.000000,0.000000,0.000000,0.000000,0.000000,0,0.000000,0.000000,nan,nan,0.000000
541,2624451647501,1,orb_cpu,temporal,69.706129,68.599380,0.000000,0.000000,0.000000,0.000000,0.000000,0.000000,0.000000,0.000000,600,600,138.305509,10.110078,6.722080,155.137667,372,282,282,0.758065,0.208333,2.399994,nan,0.000000,0.000000,0.000000,0.000000,0.000000,0,0.000000,0.000000,nan,nan,0.000000
550,2625351641793,1,xfeat_star_coarse,stereo,23.285154,38.932937,3.994790,3.951290,0.000833,17.531782,17.509449,15.842366,1.779832,1.607166,600,600,39.277020,1.728166,0.536292,41.541478,327,327,327,1.000000,1.000000,0.000000,8.000000,0.000000,0.000000,0.000000,0.000000,0.000000,204,0.623853,0.833333,0.679203,-0.052784,6.618080
550,2625351641793,1,xfeat_star_fine,stereo,23.285154,38.932937,3.994790,3.951290,0.000833,17.531782,17.509449,15.842366,1.779832,1.607166,600,600,39.277020,1.728166,0.296833,51.911680,311,311,311,1.000000,0.979167,0.000000,9.156464,10.609661,0.260417,0.000625,9.274370,1.074082,198,0.636656,0.833333,0.702797,-0.035186,11.411660
550,2625351641793,1,orb_cpu,stereo,72.105378,73.054752,0.000000,0.000000,0.000000,0.000000,0.000000,0.000000,0.000000,0.000000,600,600,73.535627,18.977990,5.581705,98.095322,315,246,244,0.774603,0.291667,0.000000,2.000000,0.000000,0.000000,0.000000,0.000000,0.000000,229,0.726984,0.291667,0.874914,0.298262,5.956497
551,2625441641585,1,xfeat_star_coarse,stereo,38.674562,22.631154,4.401164,4.358122,16.810658,0.001250,15.864241,16.791990,1.598291,1.479583,600,600,38.979645,1.795541,0.272583,41.047769,316,316,316,1.000000,0.979167,0.000000,8.000000,0.000000,0.000000,0.000000,0.000000,0.000000,206,0.651899,0.833333,0.701285,-0.063441,6.404955
551,2625441641585,1,xfeat_star_fine,stereo,38.674562,22.631154,4.401164,4.358122,16.810658,0.001250,15.864241,16.791990,1.598291,1.479583,600,600,38.979645,1.795541,0.317791,51.732388,299,299,298,0.996656,0.979167,0.000000,9.138184,10.639411,0.241833,0.000875,9.345620,1.050958,183,0.612040,0.916667,0.662187,-0.041445,5.991289
551,2625441641585,1,orb_cpu,stereo,68.662005,69.656295,0.000000,0.000000,0.000000,0.000000,0.000000,0.000000,0.000000,0.000000,600,600,69.953753,10.404619,4.765206,85.123578,338,270,267,0.789941,0.270833,0.000000,2.000000,0.000000,0.000000,0.000000,0.000000,0.000000,252,0.745562,0.250000,0.892662,0.336049,6.392080
551,2625441641585,1,xfeat_guided,temporal,23.285154,38.674562,3.994790,4.401164,0.000833,16.810658,17.509449,15.864241,1.779832,1.598291,600,600,61.959716,3.379040,5.490997,70.829753,326,254,254,0.779141,0.791667,0.000000,nan,0.000000,0.000000,0.000000,0.000000,0.000000,0,0.000000,0.000000,nan,nan,0.000000
551,2625441641585,1,orb_cpu,temporal,72.105378,68.662005,0.000000,0.000000,0.000000,0.000000,0.000000,0.000000,0.000000,0.000000,600,600,140.767383,10.020161,4.056539,154.844083,376,306,306,0.813830,0.333333,1.200012,nan,0.000000,0.000000,0.000000,0.000000,0.000000,0,0.000000,0.000000,nan,nan,0.000000
560,2626341651877,1,xfeat_star_coarse,stereo,23.170071,39.034104,4.745747,4.686581,0.000791,16.889574,16.891949,15.841492,1.531250,1.616207,600,600,39.625145,4.887164,1.218124,45.730433,340,340,340,1.000000,1.000000,0.000000,8.000000,0.000000,0.000000,0.000000,0.000000,0.000000,220,0.647059,0.854167,0.671215,0.002664,25.772945
560,2626341651877,1,xfeat_star_fine,stereo,23.170071,39.034104,4.745747,4.686581,0.000791,16.889574,16.891949,15.841492,1.531250,1.616207,600,600,39.625145,4.887164,0.302916,55.843469,323,323,323,1.000000,1.000000,0.000000,9.100800,11.028244,0.555583,0.001250,9.362037,1.108916,218,0.674923,0.854167,0.701366,0.067116,13.290577
560,2626341651877,1,orb_cpu,stereo,70.335378,72.570002,0.000000,0.000000,0.000000,0.000000,0.000000,0.000000,0.000000,0.000000,587,586,72.838211,19.424781,4.827372,97.090364,327,257,255,0.779817,0.333333,0.000000,2.000000,0.000000,0.000000,0.000000,0.000000,0.000000,245,0.749235,0.333333,0.889629,0.336264,5.055081
561,2626521639835,1,xfeat_star_coarse,stereo,22.699113,38.678562,4.072456,4.078956,0.000959,17.124824,17.145199,15.851075,1.480124,1.623541,600,600,39.084562,1.447332,0.300500,40.832394,316,316,316,1.000000,1.000000,0.000000,8.000000,0.000000,0.000000,0.000000,0.000000,0.000000,224,0.708861,0.937500,0.731478,0.142679,11.200244
561,2626521639835,1,xfeat_star_fine,stereo,22.699113,38.678562,4.072456,4.078956,0.000959,17.124824,17.145199,15.851075,1.480124,1.623541,600,600,39.084562,1.447332,0.500458,51.781888,301,301,301,1.000000,0.979167,0.000000,9.084991,10.749536,0.343625,0.000959,9.333578,1.071083,191,0.634551,0.854167,0.712056,0.038082,11.620911
561,2626521639835,1,orb_cpu,stereo,68.904921,71.160752,0.000000,0.000000,0.000000,0.000000,0.000000,0.000000,0.000000,0.000000,565,565,71.392336,17.978407,8.887703,98.258446,299,237,236,0.789298,0.312500,0.000000,7.166351,0.000000,0.000000,0.000000,0.000000,0.000000,225,0.752508,0.312500,0.905417,0.330303,5.701414
561,2626521639835,1,xfeat_guided,temporal,23.170071,22.699113,4.745747,4.072456,0.000791,0.000959,16.891949,17.145199,1.531250,1.480124,600,600,45.869184,2.550832,20.363864,68.783880,220,140,140,0.636364,0.708333,0.000000,nan,0.000000,0.000000,0.000000,0.000000,0.000000,0,0.000000,0.000000,nan,nan,0.000000
561,2626521639835,1,orb_cpu,temporal,70.335378,68.904921,0.000000,0.000000,0.000000,0.000000,0.000000,0.000000,0.000000,0.000000,587,565,139.240299,9.330203,13.132659,161.703161,215,142,142,0.660465,0.312500,3.583191,nan,0.000000,0.000000,0.000000,0.000000,0.000000,0,0.000000,0.000000,nan,nan,0.000000
570,2627421649586,1,xfeat_star_coarse,stereo,32.828524,48.478015,13.451076,13.289367,0.000958,17.656491,17.635032,15.820950,1.741124,1.710957,600,600,49.221306,1.650957,0.368208,51.240471,328,328,328,1.000000,1.000000,0.000000,8.000000,0.000000,0.000000,0.000000,0.000000,0.000000,182,0.554878,0.937500,0.563973,0.012083,6.374122
570,2627421649586,1,xfeat_star_fine,stereo,32.828524,48.478015,13.451076,13.289367,0.000958,17.656491,17.635032,15.820950,1.741124,1.710957,600,600,49.221306,1.650957,0.298292,61.756216,305,305,305,1.000000,0.979167,0.000000,9.446014,10.585661,0.250625,0.000500,9.272411,1.062000,170,0.557377,0.895833,0.570757,-0.032518,11.766118
570,2627421649586,1,orb_cpu,stereo,61.713091,63.015174,0.000000,0.000000,0.000000,0.000000,0.000000,0.000000,0.000000,0.000000,502,492,63.536174,13.628659,1.383624,78.548457,291,265,265,0.910653,0.416667,0.000000,8.639999,0.000000,0.000000,0.000000,0.000000,0.000000,256,0.879725,0.416667,0.903576,0.541626,5.500205
571,2627511643836,1,xfeat_star_coarse,stereo,21.428697,38.002479,3.872331,3.829165,0.001125,15.859408,15.841199,16.540449,1.713833,1.773249,600,600,38.356396,1.638332,0.351541,40.346269,321,321,321,1.000000,1.000000,0.000000,8.000000,0.000000,0.000000,0.000000,0.000000,0.000000,160,0.498442,0.875000,0.519056,-0.039083,6.352830
571,2627511643836,1,xfeat_star_fine,stereo,21.428697,38.002479,3.872331,3.829165,0.001125,15.859408,15.841199,16.540449,1.713833,1.773249,600,600,38.356396,1.638332,0.241000,50.808806,300,300,299,0.996667,1.000000,0.000000,9.462631,10.573078,0.258042,0.000750,9.262870,1.051250,163,0.543333,0.833333,0.568621,-0.120459,5.378372
571,2627511643836,1,orb_cpu,stereo,60.830091,61.459467,0.000000,0.000000,0.000000,0.000000,0.000000,0.000000,0.000000,0.000000,507,480,61.734633,7.842038,1.780332,71.357003,285,259,259,0.908772,0.416667,0.000000,9.465591,0.000000,0.000000,0.000000,0.000000,0.000000,247,0.866667,0.416667,0.904236,0.527776,5.509831
571,2627511643836,1,xfeat_guided,temporal,32.828524,21.428697,13.451076,3.872331,0.000958,0.001125,17.635032,15.841199,1.741124,1.713833,600,600,54.257221,3.206123,35.604064,93.067408,313,187,187,0.597444,0.791667,0.000000,nan,0.000000,0.000000,0.000000,0.000000,0.000000,0,0.000000,0.000000,nan,nan,0.000000
571,2627511643836,1,orb_cpu,temporal,61.713091,60.830091,0.000000,0.000000,0.000000,0.000000,0.000000,0.000000,0.000000,0.000000,502,507,122.543182,5.849122,2.779124,131.171428,301,248,248,0.823920,0.354167,3.456001,nan,0.000000,0.000000,0.000000,0.000000,0.000000,0,0.000000,0.000000,nan,nan,0.000000
580,2628411645336,1,xfeat_star_coarse,stereo,23.156321,40.308853,4.669498,4.597164,0.001333,16.842991,16.790032,17.433365,1.695291,1.435041,600,600,40.921894,2.756040,1.150416,44.828350,310,310,310,1.000000,0.979167,0.000000,16.000000,0.000000,0.000000,0.000000,0.000000,0.000000,164,0.529032,0.854167,0.547468,-0.001755,23.284529
580,2628411645336,1,xfeat_star_fine,stereo,23.156321,40.308853,4.669498,4.597164,0.001333,16.842991,16.790032,17.433365,1.695291,1.435041,600,600,40.921894,2.756040,0.299209,54.884095,292,292,292,1.000000,0.979167,0.000000,16.692902,10.906952,0.515833,0.001292,9.358953,1.030291,188,0.643836,0.937500,0.685455,0.039381,21.689446
580,2628411645336,1,orb_cpu,stereo,63.367090,64.667298,0.000000,0.000000,0.000000,0.000000,0.000000,0.000000,0.000000,0.000000,509,502,64.938173,19.383198,2.852290,87.173661,292,265,264,0.904110,0.416667,0.000000,11.000000,0.000000,0.000000,0.000000,0.000000,0.000000,250,0.856164,0.416667,0.908278,0.515118,11.050494
581,2628501648336,1,xfeat_star_coarse,stereo,22.768279,38.262188,4.707581,4.688998,0.001417,16.560407,16.534782,15.480283,1.524249,1.532375,600,600,38.735020,1.561416,0.344125,40.640561,313,313,313,1.000000,0.979167,0.000000,16.000000,0.000000,0.000000,0.000000,0.000000,0.000000,167,0.533546,0.875000,0.528846,-0.020783,5.988955
581,2628501648336,1,xfeat_star_fine,stereo,22.768279,38.262188,4.707581,4.688998,0.001417,16.560407,16.534782,15.480283,1.524249,1.532375,600,600,38.735020,1.561416,0.295791,51.558929,289,289,288,0.996540,0.958333,0.000000,16.592468,10.966702,0.237791,0.000583,9.695286,1.032875,182,0.629758,0.895833,0.668834,0.021693,9.314204
581,2628501648336,1,orb_cpu,stereo,64.524214,65.738922,0.000000,0.000000,0.000000,0.000000,0.000000,0.000000,0.000000,0.000000,519,513,65.999006,15.554449,3.488539,85.041994,291,262,261,0.896907,0.395833,0.000000,11.971970,0.000000,0.000000,0.000000,0.000000,0.000000,245,0.841924,0.395833,0.899509,0.480941,6.933080
581,2628501648336,1,xfeat_guided,temporal,23.156321,22.768279,4.669498,4.707581,0.001333,0.001417,16.790032,16.534782,1.695291,1.524249,600,600,45.924600,3.166832,63.011382,112.102814,288,156,156,0.541667,0.812500,0.000000,nan,0.000000,0.000000,0.000000,0.000000,0.000000,0,0.000000,0.000000,nan,nan,0.000000
581,2628501648336,1,orb_cpu,temporal,63.367090,64.524214,0.000000,0.000000,0.000000,0.000000,0.000000,0.000000,0.000000,0.000000,509,519,127.891304,6.007664,4.414706,138.313674,300,232,232,0.773333,0.312500,2.399994,nan,0.000000,0.000000,0.000000,0.000000,0.000000,0,0.000000,0.000000,nan,nan,0.000000
590,2629401658545,1,xfeat_star_coarse,stereo,38.814562,22.736363,4.095206,4.049790,17.188574,0.000958,15.870950,17.171782,1.659624,1.513458,600,600,39.124854,1.473083,0.341916,40.939853,307,307,307,1.000000,1.000000,0.000000,16.000000,0.000000,0.000000,0.000000,0.000000,0.000000,100,0.325733,0.729167,0.328447,-0.301687,5.976164
590,2629401658545,1,xfeat_star_fine,stereo,38.814562,22.736363,4.095206,4.049790,17.188574,0.000958,15.870950,17.171782,1.659624,1.513458,600,600,39.124854,1.473083,0.225333,51.343556,273,273,271,0.992674,1.000000,0.000000,17.282013,10.520286,0.257250,0.000708,9.246745,1.015416,146,0.534799,0.875000,0.545852,-0.134221,9.655536
590,2629401658545,1,orb_cpu,stereo,64.937506,65.360672,0.000000,0.000000,0.000000,0.000000,0.000000,0.000000,0.000000,0.000000,523,514,65.815756,9.185911,1.061082,76.062749,254,237,237,0.933071,0.416667,0.000000,13.200005,0.000000,0.000000,0.000000,0.000000,0.000000,230,0.905512,0.416667,0.908119,0.571829,4.848956
591,2629581652920,1,xfeat_star_coarse,stereo,22.775112,38.739728,4.195122,4.151914,0.001208,17.042740,17.023866,15.869575,1.554582,1.675207,600,600,39.075103,1.552874,0.361083,40.989060,323,323,323,1.000000,0.979167,0.000000,16.000000,0.000000,0.000000,0.000000,0.000000,0.000000,104,0.321981,0.666667,0.293098,-0.325055,6.402413
591,2629581652920,1,xfeat_star_fine,stereo,22.775112,38.739728,4.195122,4.151914,0.001208,17.042740,17.023866,15.869575,1.554582,1.675207,600,600,39.075103,1.552874,0.300083,51.515637,292,292,287,0.982877,0.979167,0.000000,17.267731,10.587577,0.262708,0.000750,9.261411,1.062541,143,0.489726,0.812500,0.520639,-0.120482,11.250994
591,2629581652920,1,orb_cpu,stereo,65.913505,66.911755,0.000000,0.000000,0.000000,0.000000,0.000000,0.000000,0.000000,0.000000,530,521,67.194839,9.689828,3.280748,80.165415,280,247,244,0.871429,0.500000,0.000000,13.823990,0.000000,0.000000,0.000000,0.000000,0.000000,231,0.825000,0.500000,0.908114,0.487320,9.537578
591,2629581652920,1,xfeat_guided,temporal,38.814562,22.775112,4.095206,4.195122,17.188574,0.001208,15.870950,17.023866,1.659624,1.554582,600,600,61.589674,2.703873,114.020604,178.314151,266,112,112,0.421053,0.687500,8.000000,nan,0.000000,0.000000,0.000000,0.000000,0.000000,0,0.000000,0.000000,nan,nan,0.000000
591,2629581652920,1,orb_cpu,temporal,64.937506,65.913505,0.000000,0.000000,0.000000,0.000000,0.000000,0.000000,0.000000,0.000000,523,530,130.851011,7.201871,3.926581,141.979463,227,176,176,0.775330,0.395833,2.880005,nan,0.000000,0.000000,0.000000,0.000000,0.000000,0,0.000000,0.000000,nan,nan,0.000000
600,2630481650920,1,xfeat_star_coarse,stereo,23.205571,39.196729,4.741581,4.651706,0.001208,16.939032,16.941991,15.882700,1.520541,1.723124,600,600,39.764728,1.545374,0.617874,41.927976,306,306,306,1.000000,0.979167,0.000000,16.000000,0.000000,0.000000,0.000000,0.000000,0.000000,154,0.503268,0.687500,0.562793,-0.174790,13.782493
600,2630481650920,1,xfeat_star_fine,stereo,23.205571,39.196729,4.741581,4.651706,0.001208,16.939032,16.941991,15.882700,1.520541,1.723124,600,600,39.764728,1.545374,0.291875,55.789552,272,272,272,1.000000,0.958333,0.000000,17.470749,14.187575,0.511041,0.001292,12.654576,1.020083,176,0.647059,0.750000,0.701582,-0.152982,6.143955
600,2630481650920,1,orb_cpu,stereo,62.318258,63.751674,0.000000,0.000000,0.000000,0.000000,0.000000,0.000000,0.000000,0.000000,555,523,64.004923,21.253030,4.060206,89.318159,289,252,251,0.868512,0.375000,0.000000,17.915909,0.000000,0.000000,0.000000,0.000000,0.000000,235,0.813149,0.375000,0.913154,0.577050,9.586745
601,2630571658754,1,xfeat_star_coarse,stereo,23.112654,39.946061,4.596747,4.526414,0.001125,16.798407,16.779783,16.886616,1.734624,1.734457,600,600,40.335062,1.358916,0.284000,41.977978,289,289,289,1.000000,0.958333,0.000000,16.000000,0.000000,0.000000,0.000000,0.000000,0.000000,125,0.432526,0.729167,0.466398,-0.142252,9.006828
601,2630571658754,1,xfeat_star_fine,stereo,23.112654,39.946061,4.596747,4.526414,0.001125,16.798407,16.779783,16.886616,1.734624,1.734457,600,600,40.335062,1.358916,0.299333,53.769179,263,263,261,0.992395,0.958333,0.000000,17.807922,11.775868,0.322041,0.000917,10.489536,0.963124,158,0.600760,0.791667,0.656232,-0.145207,10.104953
601,2630571658754,1,orb_cpu,stereo,62.443591,64.244340,0.000000,0.000000,0.000000,0.000000,0.000000,0.000000,0.000000,0.000000,534,522,64.525923,16.626033,3.430165,84.582121,282,254,254,0.900709,0.395833,0.000000,18.662399,0.000000,0.000000,0.000000,0.000000,0.000000,239,0.847518,0.395833,0.911494,0.504841,5.384206
601,2630571658754,1,xfeat_guided,temporal,23.205571,23.112654,4.741581,4.596747,0.001208,0.001125,16.941991,16.779783,1.520541,1.734624,600,600,46.318225,3.238623,102.001361,151.558209,286,144,144,0.503497,0.708333,8.000000,nan,0.000000,0.000000,0.000000,0.000000,0.000000,0,0.000000,0.000000,nan,nan,0.000000
601,2630571658754,1,orb_cpu,temporal,62.318258,62.443591,0.000000,0.000000,0.000000,0.000000,0.000000,0.000000,0.000000,0.000000,555,534,124.761849,6.766413,4.547914,136.076176,305,237,237,0.777049,0.291667,2.400024,nan,0.000000,0.000000,0.000000,0.000000,0.000000,0,0.000000,0.000000,nan,nan,0.000000
610,2631471649421,1,xfeat_star_coarse,stereo,47.439432,31.402525,12.250451,12.069077,17.531241,0.001208,15.924408,17.513949,1.733124,1.818166,600,600,47.859932,1.719999,0.353625,49.933556,294,294,294,1.000000,0.979167,0.000000,32.000000,0.000000,0.000000,0.000000,0.000000,0.000000,138,0.469388,0.729167,0.483839,-0.161391,5.814080
610,2631471649421,1,xfeat_star_fine,stereo,47.439432,31.402525,12.250451,12.069077,17.531241,0.001208,15.924408,17.513949,1.733124,1.818166,600,600,47.859932,1.719999,0.223249,60.305382,271,271,270,0.996310,0.979167,0.000000,32.448242,10.502202,0.232916,0.000583,9.284745,0.983791,170,0.627306,0.812500,0.656612,0.055156,9.582870
610,2631471649421,1,orb_cpu,stereo,61.682008,62.716924,0.000000,0.000000,0.000000,0.000000,0.000000,0.000000,0.000000,0.000000,582,567,63.181965,10.919786,3.918123,78.019874,283,235,234,0.826855,0.437500,0.000000,28.800003,0.000000,0.000000,0.000000,0.000000,0.000000,227,0.802120,0.437500,0.924577,0.457594,5.378997
611,2631561670921,1,xfeat_star_coarse,stereo,20.899197,36.991438,3.857206,3.815164,0.000709,15.553992,15.535908,15.909491,1.505124,1.712666,600,600,37.347438,1.655957,0.334458,39.337853,271,271,271,1.000000,0.937500,0.000000,32.000000,0.000000,0.000000,0.000000,0.000000,0.000000,113,0.416974,0.750000,0.416445,-0.319293,5.317705
611,2631561670921,1,xfeat_star_fine,stereo,20.899197,36.991438,3.857206,3.815164,0.000709,15.553992,15.535908,15.909491,1.505124,1.712666,600,600,37.347438,1.655957,0.281209,49.708474,246,246,246,1.000000,0.916667,0.000000,32.770878,10.423870,0.224792,0.000750,9.295703,0.902333,116,0.471545,0.791667,0.483984,-0.157279,8.700870
611,2631561670921,1,orb_cpu,stereo,64.716881,65.719464,0.000000,0.000000,0.000000,0.000000,0.000000,0.000000,0.000000,0.000000,595,586,66.022797,12.522243,4.590998,83.136038,304,243,242,0.796053,0.479167,0.000000,28.800003,0.000000,0.000000,0.000000,0.000000,0.000000,231,0.759868,0.479167,0.903190,0.334935,5.891413
611,2631561670921,1,xfeat_guided,temporal,47.439432,20.899197,12.250451,3.857206,17.531241,0.000709,15.924408,15.535908,1.733124,1.505124,600,600,68.338629,3.201374,40.977769,112.517772,306,177,177,0.578431,0.708333,0.000000,nan,0.000000,0.000000,0.000000,0.000000,0.000000,0,0.000000,0.000000,nan,nan,0.000000
611,2631561670921,1,orb_cpu,temporal,61.682008,64.716881,0.000000,0.000000,0.000000,0.000000,0.000000,0.000000,0.000000,0.000000,582,595,126.398889,8.297578,2.639207,137.335674,373,313,313,0.839142,0.375000,2.880005,nan,0.000000,0.000000,0.000000,0.000000,0.000000,0,0.000000,0.000000,nan,nan,0.000000
620,2632551758046,1,xfeat_star_coarse,stereo,23.467113,38.847729,4.616831,4.511123,0.001000,17.337907,17.315990,15.497367,1.533000,1.501166,600,600,39.435729,1.384749,0.282416,41.102894,280,280,280,1.000000,0.958333,0.000000,32.000000,0.000000,0.000000,0.000000,0.000000,0.000000,118,0.421429,0.770833,0.455558,-0.161642,15.318908
620,2632551758046,1,xfeat_star_fine,stereo,23.467113,38.847729,4.616831,4.511123,0.001000,17.337907,17.315990,15.497367,1.533000,1.501166,600,600,39.435729,1.384749,0.276000,54.138679,256,256,256,1.000000,0.916667,0.000000,32.867844,13.042201,0.330875,0.000708,11.743744,0.966582,122,0.476562,0.750000,0.496438,0.001145,4.223665
620,2632551758046,1,orb_cpu,stereo,64.445923,66.143839,0.000000,0.000000,0.000000,0.000000,0.000000,0.000000,0.000000,0.000000,597,585,66.463838,20.000156,7.846246,94.310240,321,257,257,0.800623,0.458333,0.000000,30.000000,0.000000,0.000000,0.000000,0.000000,0.000000,245,0.763240,0.458333,0.925768,0.454466,6.143579
621,2632641665630,1,xfeat_star_coarse,stereo,21.924238,37.286938,4.626289,4.556790,0.001125,15.643742,15.616867,15.516449,1.679624,1.569666,600,600,37.674854,2.972165,0.578083,41.225102,277,277,277,1.000000,0.979167,0.000000,32.000000,0.000000,0.000000,0.000000,0.000000,0.000000,112,0.404332,0.750000,0.423753,-0.328360,10.691828
621,2632641665630,1,xfeat_star_fine,stereo,21.924238,37.286938,4.626289,4.556790,0.001125,15.643742,15.616867,15.516449,1.679624,1.569666,600,600,37.674854,2.972165,0.562708,51.865055,254,254,254,1.000000,0.958333,0.000000,32.724113,10.655328,0.316750,0.001042,9.398744,0.938542,116,0.456693,0.791667,0.478128,-0.101732,9.849370
621,2632641665630,1,orb_cpu,stereo,63.465090,64.795881,0.000000,0.000000,0.000000,0.000000,0.000000,0.000000,0.000000,0.000000,597,590,65.037756,20.131531,3.668915,88.838202,317,262,262,0.826498,0.416667,0.000000,29.859848,0.000000,0.000000,0.000000,0.000000,0.000000,247,0.779180,0.416667,0.926118,0.473919,4.896705
621,2632641665630,1,xfeat_guided,temporal,23.467113,21.924238,4.616831,4.626289,0.001000,0.001125,17.315990,15.616867,1.533000,1.679624,600,600,45.391351,3.003957,0.571875,48.967183,354,348,348,0.983051,1.000000,0.000000,nan,0.000000,0.000000,0.000000,0.000000,0.000000,0,0.000000,0.000000,nan,nan,0.000000
621,2632641665630,1,orb_cpu,temporal,64.445923,63.465090,0.000000,0.000000,0.000000,0.000000,0.000000,0.000000,0.000000,0.000000,597,597,127.911013,10.034120,0.834333,138.779466,525,520,520,0.990476,0.479167,0.000000,nan,0.000000,0.000000,0.000000,0.000000,0.000000,0,0.000000,0.000000,nan,nan,0.000000
630,2633541655214,1,xfeat_star_coarse,stereo,38.249604,21.467988,3.889748,3.821831,15.948074,0.001000,16.705699,15.926783,1.705916,1.718249,600,600,38.559812,1.636000,0.326916,40.522728,277,277,277,1.000000,0.958333,0.000000,32.000000,0.000000,0.000000,0.000000,0.000000,0.000000,118,0.425993,0.770833,0.455704,-0.188307,5.444164
630,2633541655214,1,xfeat_star_fine,stereo,38.249604,21.467988,3.889748,3.821831,15.948074,0.001000,16.705699,15.926783,1.705916,1.718249,600,600,38.559812,1.636000,0.273125,50.894931,251,251,250,0.996016,0.916667,0.000000,32.750435,10.425994,0.197125,0.000792,9.294787,0.933124,124,0.494024,0.833333,0.511067,-0.030711,8.846078
630,2633541655214,1,orb_cpu,stereo,63.374549,64.483382,0.000000,0.000000,0.000000,0.000000,0.000000,0.000000,0.000000,0.000000,596,587,64.977715,14.492867,3.854623,83.325205,320,261,259,0.809375,0.437500,0.000000,29.859833,0.000000,0.000000,0.000000,0.000000,0.000000,245,0.765625,0.437500,0.917174,0.429544,9.485078
631,2633631673172,1,xfeat_star_coarse,stereo,27.122902,43.933143,8.706245,8.640204,0.001625,16.645574,16.647907,17.196949,1.766833,1.450041,600,600,44.353767,1.348458,0.293250,45.995475,274,274,274,1.000000,0.979167,0.000000,32.000000,0.000000,0.000000,0.000000,0.000000,0.000000,115,0.419708,0.729167,0.427302,-0.321859,5.377330
631,2633631673172,1,xfeat_star_fine,stereo,27.122902,43.933143,8.706245,8.640204,0.001625,16.645574,16.647907,17.196949,1.766833,1.450041,600,600,44.353767,1.348458,0.284416,56.862135,256,256,256,1.000000,0.958333,0.000000,32.640694,10.875494,0.232875,0.000750,9.709036,0.932666,119,0.464844,0.833333,0.477535,-0.107537,4.207915
631,2633631673172,1,orb_cpu,stereo,62.458049,63.316465,0.000000,0.000000,0.000000,0.000000,0.000000,0.000000,0.000000,0.000000,597,582,63.653507,10.240578,7.673912,81.567997,310,234,231,0.745161,0.416667,0.000000,30.000000,0.000000,0.000000,0.000000,0.000000,0.000000,217,0.700000,0.416667,0.922771,0.472752,6.062164
631,2633631673172,1,xfeat_guided,temporal,38.249604,27.122902,3.889748,8.706245,15.948074,0.001625,16.705699,16.647907,1.705916,1.766833,600,600,65.372506,3.504706,0.954208,69.831420,360,354,354,0.983333,1.000000,0.000000,nan,0.000000,0.000000,0.000000,0.000000,0.000000,0,0.000000,0.000000,nan,nan,0.000000
631,2633631673172,1,orb_cpu,temporal,63.374549,62.458049,0.000000,0.000000,0.000000,0.000000,0.000000,0.000000,0.000000,0.000000,596,597,125.832598,10.010994,0.617666,136.461258,534,531,531,0.994382,0.479167,0.000000,nan,0.000000,0.000000,0.000000,0.000000,0.000000,0,0.000000,0.000000,nan,nan,0.000000
640,2634531667381,1,xfeat_star_coarse,stereo,38.235896,21.512988,3.966831,3.906957,15.866699,0.001333,16.839033,15.855699,1.563249,1.748749,600,600,38.594604,1.396249,0.281750,40.272603,275,275,275,1.000000,0.937500,0.000000,32.000000,0.000000,0.000000,0.000000,0.000000,0.000000,127,0.461818,0.770833,0.471856,-0.253026,4.479498
640,2634531667381,1,xfeat_star_fine,stereo,38.235896,21.512988,3.966831,3.906957,15.866699,0.001333,16.839033,15.855699,1.563249,1.748749,600,600,38.594604,1.396249,0.784791,57.143802,252,252,252,1.000000,0.916667,0.000000,32.572227,16.368158,0.207375,0.000709,11.922451,4.237498,128,0.507937,0.750000,0.513758,-0.138626,16.591449
640,2634531667381,1,orb_cpu,stereo,63.588298,64.655257,0.000000,0.000000,0.000000,0.000000,0.000000,0.000000,0.000000,0.000000,599,588,64.911548,19.853614,8.135787,92.900949,316,259,259,0.819620,0.458333,0.000000,29.859848,0.000000,0.000000,0.000000,0.000000,0.000000,248,0.784810,0.458333,0.915283,0.458767,6.035580
641,2634621663297,1,xfeat_star_coarse,stereo,39.282020,22.444613,4.806205,4.710247,15.991700,0.000875,16.857157,15.969158,1.626666,1.764083,600,600,39.597853,1.336583,0.277916,41.212352,283,283,283,1.000000,0.979167,0.000000,32.000000,0.000000,0.000000,0.000000,0.000000,0.000000,128,0.452297,0.770833,0.479275,-0.220259,4.375248
641,2634621663297,1,xfeat_star_fine,stereo,39.282020,22.444613,4.806205,4.710247,15.991700,0.000875,16.857157,15.969158,1.626666,1.764083,600,600,39.597853,1.336583,0.542708,55.125095,255,255,255,1.000000,0.958333,0.000000,32.537842,13.647951,0.234541,0.000625,11.163160,2.249541,133,0.521569,0.833333,0.549568,-0.045913,9.670578
641,2634621663297,1,orb_cpu,stereo,63.373381,64.719547,0.000000,0.000000,0.000000,0.000000,0.000000,0.000000,0.000000,0.000000,596,584,64.994965,19.930531,6.911580,91.837076,311,256,255,0.819936,0.479167,0.000000,30.000000,0.000000,0.000000,0.000000,0.000000,0.000000,241,0.774920,0.479167,0.922621,0.422953,6.083288
641,2634621663297,1,xfeat_guided,temporal,38.235896,39.282020,3.966831,4.806205,15.866699,15.991700,16.839033,16.857157,1.563249,1.626666,600,600,77.517916,3.490415,0.915208,81.923539,367,357,357,0.972752,1.000000,0.000000,nan,0.000000,0.000000,0.000000,0.000000,0.000000,0,0.000000,0.000000,nan,nan,0.000000
641,2634621663297,1,orb_cpu,temporal,63.588298,63.373381,0.000000,0.000000,0.000000,0.000000,0.000000,0.000000,0.000000,0.000000,599,596,126.961679,10.056161,0.686416,137.704256,529,525,525,0.992439,0.479167,0.000000,nan,0.000000,0.000000,0.000000,0.000000,0.000000,0,0.000000,0.000000,nan,nan,0.000000
