frame_index,stamp_ns,tracking_state,method,pair_type,extract_a_ms,extract_b_ms,preprocess_a_ms,preprocess_b_ms,bpu_queue_a_ms,bpu_queue_b_ms,bpu_a_ms,bpu_b_ms,postprocess_a_ms,postprocess_b_ms,keypoints_a,keypoints_b,extraction_wall_ms,match_ms,geometry_ms,end_to_end_pair_ms,matches,ransac_inliers,strict_inliers,strict_inlier_ratio,strict_grid_coverage,median_vertical_error_px,median_disparity_px,fine_total_ms,fine_preprocess_ms,fine_bpu_queue_ms,fine_bpu_ms,fine_postprocess_ms,photometric_inliers,photometric_inlier_ratio,photometric_grid_coverage,patch_ncc_median,patch_ncc_p10,photometric_ms
0,2569011476808,-1,xfeat_star_coarse,stereo,23.099109,39.904055,4.999788,4.954246,0.000875,16.067322,16.046531,17.046905,2.051707,1.835332,600,600,40.227388,5.640496,1.847624,47.715508,334,334,334,1.000000,0.979167,0.000000,0.000000,0.000000,0.000000,0.000000,0.000000,0.000000,168,0.502994,0.750000,0.520672,-0.389721,25.404774
0,2569011476808,-1,xfeat_star_fine,stereo,23.099109,39.904055,4.999788,4.954246,0.000875,16.067322,16.046531,17.046905,2.051707,1.835332,600,600,40.227388,5.640496,1.227083,61.182999,321,321,318,0.990654,0.958333,0.000000,1.627930,14.088032,0.862124,0.001583,9.654702,3.569039,183,0.570093,0.750000,0.637557,-0.091691,21.824318
0,2569011476808,-1,orb_cpu,stereo,70.472660,65.343413,0.000000,0.000000,0.000000,0.000000,0.000000,0.000000,0.000000,0.000000,599,600,70.783034,22.467401,4.420456,97.670891,379,333,332,0.875989,0.354167,0.000000,1.727997,0.000000,0.000000,0.000000,0.000000,0.000000,318,0.839050,0.354167,0.929630,0.575860,7.400619
1,2569101470849,-1,xfeat_star_coarse,stereo,22.182943,39.258431,4.467289,5.595455,0.000875,14.845448,16.020447,16.955780,1.693999,1.861540,600,600,39.610472,2.925707,0.608166,43.144345,335,335,335,1.000000,1.000000,0.000000,0.000000,0.000000,0.000000,0.000000,0.000000,0.000000,168,0.501493,0.770833,0.519717,-0.323354,12.853908
1,2569101470849,-1,xfeat_star_fine,stereo,22.182943,39.258431,4.467289,5.595455,0.000875,14.845448,16.020447,16.955780,1.693999,1.861540,600,600,39.610472,2.925707,0.306209,53.648589,328,328,325,0.990854,0.979167,0.000000,1.562164,10.806201,0.360167,0.000750,9.337869,1.107082,192,0.585366,0.750000,0.626042,-0.082277,9.651368
1,2569101470849,-1,orb_cpu,stereo,71.352200,65.109830,0.000000,0.000000,0.000000,0.000000,0.000000,0.000000,0.000000,0.000000,600,598,71.588201,20.043027,3.416956,95.048184,386,342,341,0.883420,0.333333,0.000000,1.728003,0.000000,0.000000,0.000000,0.000000,0.000000,322,0.834197,0.312500,0.934296,0.577358,7.283495
1,2569101470849,-1,xfeat_guided,temporal,23.099109,22.182943,4.999788,4.467289,0.000875,0.000875,16.046531,16.020447,2.051707,1.693999,600,600,45.282052,3.505373,0.715624,49.503049,384,383,383,0.997396,1.000000,0.000000,nan,0.000000,0.000000,0.000000,0.000000,0.000000,0,0.000000,0.000000,nan,nan,0.000000
1,2569101470849,-1,orb_cpu,temporal,70.472660,71.352200,0.000000,0.000000,0.000000,0.000000,0.000000,0.000000,0.000000,0.000000,599,600,141.824860,10.097035,0.693291,152.615186,519,517,517,0.996146,0.375000,0.000000,nan,0.000000,0.000000,0.000000,0.000000,0.000000,0,0.000000,0.000000,nan,nan,0.000000
10,2570001461725,-1,xfeat_star_coarse,stereo,38.255515,23.284317,3.976664,3.932164,15.900530,0.000667,16.734239,15.880863,1.643998,3.470373,600,600,38.542973,1.637457,0.353500,40.533930,345,345,345,1.000000,0.979167,0.000000,0.000000,0.000000,0.000000,0.000000,0.000000,0.000000,160,0.463768,0.750000,0.464637,-0.340827,7.807661
10,2570001461725,-1,xfeat_star_fine,stereo,38.255515,23.284317,3.976664,3.932164,15.900530,0.000667,16.734239,15.880863,1.643998,3.470373,600,600,38.542973,1.637457,0.354167,54.411171,334,334,333,0.997006,0.979167,0.000000,1.649307,13.876574,0.384125,0.001000,12.075950,1.415249,181,0.541916,0.791667,0.584545,-0.094201,6.690912
10,2570001461725,-1,orb_cpu,stereo,64.744663,67.044953,0.000000,0.000000,0.000000,0.000000,0.000000,0.000000,0.000000,0.000000,599,600,67.584870,18.491696,2.034957,88.111523,371,333,331,0.892183,0.312500,0.000000,1.727997,0.000000,0.000000,0.000000,0.000000,0.000000,316,0.851752,0.312500,0.935809,0.614560,7.070870
11,2570181473058,-1,xfeat_star_coarse,stereo,40.147222,22.880109,4.480205,4.437830,16.786238,0.000834,17.483405,16.762821,1.397082,1.678416,600,600,40.447513,1.440207,0.394417,42.282137,332,332,332,1.000000,0.979167,0.000000,0.000000,0.000000,0.000000,0.000000,0.000000,0.000000,157,0.472892,0.750000,0.474767,-0.374532,6.326662
11,2570181473058,-1,xfeat_star_fine,stereo,40.147222,22.880109,4.480205,4.437830,16.786238,0.000834,17.483405,16.762821,1.397082,1.678416,600,600,40.447513,1.440207,0.298999,53.296170,324,324,322,0.993827,0.979167,0.000000,1.717194,11.109451,0.248792,0.000709,9.767118,1.092624,179,0.552469,0.770833,0.604594,-0.140693,5.137455
11,2570181473058,-1,orb_cpu,stereo,65.687038,67.470828,0.000000,0.000000,0.000000,0.000000,0.000000,0.000000,0.000000,0.000000,600,600,67.745870,10.305202,2.576540,80.627612,371,322,320,0.862534,0.312500,0.000000,1.727997,0.000000,0.000000,0.000000,0.000000,0.000000,305,0.822102,0.291667,0.938222,0.607757,7.112828
11,2570181473058,-1,xfeat_guided,temporal,38.255515,40.147222,3.976664,4.480205,15.900530,16.786238,16.734239,17.483405,1.643998,1.397082,600,600,78.402737,3.477665,0.705499,82.585901,384,378,378,0.984375,1.000000,0.000000,nan,0.000000,0.000000,0.000000,0.000000,0.000000,0,0.000000,0.000000,nan,nan,0.000000
11,2570181473058,-1,orb_cpu,temporal,64.744663,65.687038,0.000000,0.000000,0.000000,0.000000,0.000000,0.000000,0.000000,0.000000,599,600,130.431701,10.001535,0.575291,141.008527,521,517,517,0.992322,0.375000,0.000000,nan,0.000000,0.000000,0.000000,0.000000,0.000000,0,0.000000,0.000000,nan,nan,0.000000
20,2571081465434,-1,xfeat_star_coarse,stereo,28.120605,44.057386,9.667243,9.497785,0.001375,16.960405,16.940822,15.893823,1.510915,1.705207,600,600,44.730094,1.375707,0.224833,46.330634,349,349,349,1.000000,0.979167,0.000000,0.000000,0.000000,0.000000,0.000000,0.000000,0.000000,160,0.458453,0.687500,0.469977,-0.271686,7.755787
20,2571081465434,-1,xfeat_star_fine,stereo,28.120605,44.057386,9.667243,9.497785,0.001375,16.960405,16.940822,15.893823,1.510915,1.705207,600,600,44.730094,1.375707,0.301375,62.328331,332,332,332,1.000000,0.979167,0.000000,1.647209,15.921155,0.561166,0.001250,14.207198,1.150916,184,0.554217,0.687500,0.605430,-0.070339,10.334534
20,2571081465434,-1,orb_cpu,stereo,65.725204,66.206870,0.000000,0.000000,0.000000,0.000000,0.000000,0.000000,0.000000,0.000000,600,599,66.448871,24.841441,3.030790,94.321102,395,361,361,0.913924,0.333333,0.000000,1.727997,0.000000,0.000000,0.000000,0.000000,0.000000,345,0.873418,0.333333,0.936223,0.642194,8.380452
21,2571171462517,-1,xfeat_star_coarse,stereo,22.802526,39.208222,4.669163,4.602621,0.001000,16.453739,16.436239,16.504197,1.695874,1.647498,600,600,39.670597,3.044289,0.839457,43.554343,340,340,340,1.000000,0.979167,0.000000,0.000000,0.000000,0.000000,0.000000,0.000000,0.000000,165,0.485294,0.791667,0.502018,-0.231287,20.094737
21,2571171462517,-1,xfeat_star_fine,stereo,22.802526,39.208222,4.669163,4.602621,0.001000,16.453739,16.436239,16.504197,1.695874,1.647498,600,600,39.670597,3.044289,0.314792,53.969712,328,328,326,0.993902,0.979167,0.000000,1.570930,10.940034,0.458708,0.001166,9.336244,1.143624,191,0.582317,0.854167,0.606577,-0.018250,11.018367
21,2571171462517,-1,orb_cpu,stereo,62.259957,63.558997,0.000000,0.000000,0.000000,0.000000,0.000000,0.000000,0.000000,0.000000,599,600,63.830039,20.409986,3.306706,87.546731,403,357,356,0.883375,0.333333,0.000000,1.440002,0.000000,0.000000,0.000000,0.000000,0.000000,338,0.838710,0.333333,0.934257,0.557285,7.645995
21,2571171462517,-1,xfeat_guided,temporal,28.120605,22.802526,9.667243,4.669163,0.001375,0.001000,16.940822,16.436239,1.510915,1.695874,600,600,50.923131,3.560331,0.867291,55.350753,384,377,377,0.981771,1.000000,0.000000,nan,0.000000,0.000000,0.000000,0.000000,0.000000,0,0.000000,0.000000,nan,nan,0.000000
21,2571171462517,-1,orb_cpu,temporal,65.725204,62.259957,0.000000,0.000000,0.000000,0.000000,0.000000,0.000000,0.000000,0.000000,600,599,127.985161,10.028618,0.688124,138.701903,526,525,525,0.998099,0.354167,0.000000,nan,0.000000,0.000000,0.000000,0.000000,0.000000,0,0.000000,0.000000,nan,nan,0.000000
30,2572071470309,1,xfeat_star_coarse,stereo,22.981068,40.010180,4.470747,4.429789,0.001000,16.761780,16.739155,17.376029,1.769916,1.442374,600,600,40.367097,1.398082,0.305375,42.070554,346,346,346,1.000000,0.979167,0.000000,0.000000,0.000000,0.000000,0.000000,0.000000,0.000000,176,0.508671,0.812500,0.523143,-0.196436,6.476996
30,2572071470309,1,xfeat_star_fine,stereo,22.981068,40.010180,4.470747,4.429789,0.001000,16.761780,16.739155,17.376029,1.769916,1.442374,600,600,40.367097,1.398082,0.304292,53.231504,338,338,334,0.988166,0.979167,0.000000,1.597679,11.162033,0.263999,0.000541,9.762202,1.135082,197,0.582840,0.770833,0.609856,-0.033123,5.482371
30,2572071470309,1,orb_cpu,stereo,64.918663,66.158746,0.000000,0.000000,0.000000,0.000000,0.000000,0.000000,0.000000,0.000000,600,600,66.611370,9.510327,2.280790,78.402487,395,353,352,0.891139,0.333333,0.000000,1.727997,0.000000,0.000000,0.000000,0.000000,0.000000,333,0.843038,0.333333,0.933896,0.573164,7.520162
31,2572161479393,1,xfeat_star_coarse,stereo,40.820471,22.974317,4.672747,4.622038,16.682155,0.000625,18.029404,16.661905,1.435999,1.689499,600,600,41.154347,1.438041,0.305083,42.897471,354,354,354,1.000000,0.979167,0.000000,0.000000,0.000000,0.000000,0.000000,0.000000,0.000000,180,0.508475,0.812500,0.523514,-0.151457,6.286912
31,2572161479393,1,xfeat_star_fine,stereo,40.820471,22.974317,4.672747,4.622038,16.682155,0.000625,18.029404,16.661905,1.435999,1.689499,600,600,41.154347,1.438041,0.305500,54.103880,348,348,347,0.997126,0.979167,0.000000,1.537720,11.205992,0.251875,0.000500,9.774493,1.178999,206,0.591954,0.854167,0.621587,0.020228,5.531496
31,2572161479393,1,orb_cpu,stereo,63.507915,65.299288,0.000000,0.000000,0.000000,0.000000,0.000000,0.000000,0.000000,0.000000,600,600,65.542996,10.048785,2.260999,77.852780,411,365,364,0.885645,0.333333,0.000000,1.727997,0.000000,0.000000,0.000000,0.000000,0.000000,347,0.844282,0.333333,0.932741,0.609955,8.024786
31,2572161479393,1,xfeat_guided,temporal,22.981068,40.820471,4.470747,4.672747,0.001000,16.682155,16.739155,18.029404,1.769916,1.435999,600,600,63.801539,3.366706,0.903249,68.071494,384,379,379,0.986979,1.000000,0.000000,nan,0.000000,0.000000,0.000000,0.000000,0.000000,0,0.000000,0.000000,nan,nan,0.000000
31,2572161479393,1,orb_cpu,temporal,64.918663,63.507915,0.000000,0.000000,0.000000,0.000000,0.000000,0.000000,0.000000,0.000000,600,600,128.426578,10.263159,1.121124,139.810861,546,540,540,0.989011,0.354167,0.000000,nan,0.000000,0.000000,0.000000,0.000000,0.000000,0,0.000000,0.000000,nan,nan,0.000000
40,2573151513851,1,xfeat_star_coarse,stereo,23.145234,38.457098,4.708288,4.616580,0.000625,16.899072,16.933697,15.470406,1.502374,1.470874,600,600,39.109473,1.385874,0.303750,40.799097,346,346,346,1.000000,0.979167,0.000000,0.000000,0.000000,0.000000,0.000000,0.000000,0.000000,169,0.488439,0.729167,0.500234,-0.185046,5.452913
40,2573151513851,1,xfeat_star_fine,stereo,23.145234,38.457098,4.708288,4.616580,0.000625,16.899072,16.933697,15.470406,1.502374,1.470874,600,600,39.109473,1.385874,1.144291,59.166459,329,329,326,0.990881,0.979167,0.000000,1.542080,17.526821,0.232125,0.000458,11.973992,5.320121,195,0.592705,0.770833,0.648499,-0.045372,19.062486
40,2573151513851,1,orb_cpu,stereo,64.773997,65.810746,0.000000,0.000000,0.000000,0.000000,0.000000,0.000000,0.000000,0.000000,600,600,66.080829,20.126903,4.227331,90.435063,407,354,353,0.867322,0.333333,0.000000,1.520004,0.000000,0.000000,0.000000,0.000000,0.000000,338,0.830467,0.333333,0.935424,0.588273,7.725744
41,2573241482810,1,xfeat_star_coarse,stereo,39.247431,22.220943,4.674705,4.634664,15.894864,0.001042,16.961030,15.875155,1.716624,1.709916,600,600,39.544723,1.366082,0.308667,41.219472,354,354,354,1.000000,0.979167,0.000000,0.000000,0.000000,0.000000,0.000000,0.000000,0.000000,174,0.491525,0.770833,0.505437,-0.253288,5.585621
41,2573241482810,1,xfeat_star_fine,stereo,39.247431,22.220943,4.674705,4.634664,15.894864,0.001042,16.961030,15.875155,1.716624,1.709916,600,600,39.544723,1.366082,0.625833,55.690836,342,342,339,0.991228,0.979167,0.000000,1.433502,14.154198,0.350041,0.000666,11.041076,2.762248,195,0.570175,0.812500,0.633217,-0.064643,13.125907
41,2573241482810,1,orb_cpu,stereo,61.841749,62.951790,0.000000,0.000000,0.000000,0.000000,0.000000,0.000000,0.000000,0.000000,600,600,63.182331,16.616322,2.749331,82.547984,404,354,354,0.876238,0.333333,0.000000,1.440002,0.000000,0.000000,0.000000,0.000000,0.000000,338,0.836634,0.333333,0.934649,0.617072,7.742495
41,2573241482810,1,xfeat_guided,temporal,23.145234,39.247431,4.708288,4.674705,0.000625,15.894864,16.933697,16.961030,1.502374,1.716624,600,600,62.392665,3.516748,0.677541,66.586954,384,381,381,0.992188,1.000000,0.000000,nan,0.000000,0.000000,0.000000,0.000000,0.000000,0,0.000000,0.000000,nan,nan,0.000000
41,2573241482810,1,orb_cpu,temporal,64.773997,61.841749,0.000000,0.000000,0.000000,0.000000,0.000000,0.000000,0.000000,0.000000,600,600,126.615746,10.093784,0.798125,137.507655,526,520,520,0.988593,0.354167,0.000000,nan,0.000000,0.000000,0.000000,0.000000,0.000000,0,0.000000,0.000000,nan,nan,0.000000
50,2574141488394,1,xfeat_star_coarse,stereo,21.501819,38.124348,3.925164,3.889539,0.000708,15.855780,15.833197,16.573697,1.742583,1.805207,600,600,38.438348,1.721249,0.283958,40.443555,354,354,354,1.000000,0.979167,0.000000,0.000000,0.000000,0.000000,0.000000,0.000000,0.000000,184,0.519774,0.729167,0.549691,-0.169293,7.059411
50,2574141488394,1,xfeat_star_fine,stereo,21.501819,38.124348,3.925164,3.889539,0.000708,15.855780,15.833197,16.573697,1.742583,1.805207,600,600,38.438348,1.721249,0.240542,51.157465,348,348,346,0.994253,0.979167,0.000000,1.476913,10.757326,0.283750,0.000375,9.290285,1.182750,216,0.620690,0.750000,0.661864,-0.047453,9.986868
50,2574141488394,1,orb_cpu,stereo,63.752539,65.642412,0.000000,0.000000,0.000000,0.000000,0.000000,0.000000,0.000000,0.000000,600,600,66.201371,12.353242,2.122915,80.677528,408,366,362,0.887255,0.333333,0.000000,1.440002,0.000000,0.000000,0.000000,0.000000,0.000000,346,0.848039,0.333333,0.937371,0.592056,7.752370
51,2574231483935,1,xfeat_star_coarse,stereo,38.224224,21.413277,3.875248,3.822748,15.902113,0.000584,16.939947,15.880572,1.506791,1.709207,600,600,38.509307,1.618707,0.357499,40.485513,343,343,343,1.000000,0.979167,0.000000,0.000000,0.000000,0.000000,0.000000,0.000000,0.000000,168,0.489796,0.687500,0.504836,-0.161671,6.689287
51,2574231483935,1,xfeat_star_fine,stereo,38.224224,21.413277,3.875248,3.822748,15.902113,0.000584,16.939947,15.880572,1.506791,1.709207,600,600,38.509307,1.618707,0.248167,51.149716,334,334,334,1.000000,0.979167,0.000000,1.551804,10.773535,0.328833,0.000541,9.284661,1.159291,194,0.580838,0.812500,0.630529,-0.048668,6.144662
51,2574231483935,1,orb_cpu,stereo,66.160204,67.815411,0.000000,0.000000,0.000000,0.000000,0.000000,0.000000,0.000000,0.000000,600,600,68.088786,14.249406,3.055248,85.393440,411,377,377,0.917275,0.333333,0.000000,1.727997,0.000000,0.000000,0.000000,0.000000,0.000000,360,0.875912,0.333333,0.934620,0.618671,9.219201
51,2574231483935,1,xfeat_guided,temporal,21.501819,38.224224,3.925164,3.875248,0.000708,15.902113,15.833197,16.939947,1.742583,1.506791,600,600,59.726043,3.488456,0.800333,64.014832,384,380,380,0.989583,1.000000,0.000000,nan,0.000000,0.000000,0.000000,0.000000,0.000000,0,0.000000,0.000000,nan,nan,0.000000
51,2574231483935,1,orb_cpu,temporal,63.752539,66.160204,0.000000,0.000000,0.000000,0.000000,0.000000,0.000000,0.000000,0.000000,600,600,129.912743,10.108659,0.645833,140.667235,523,518,518,0.990440,0.354167,0.000000,nan,0.000000,0.000000,0.000000,0.000000,0.000000,0,0.000000,0.000000,nan,nan,0.000000
60,2575131484561,1,xfeat_star_coarse,stereo,40.269263,22.967400,4.662247,4.633330,16.622696,0.000834,17.432363,16.602196,1.551707,1.730874,600,600,40.782930,1.455791,0.296291,42.535012,349,349,349,1.000000,0.979167,0.000000,0.000000,0.000000,0.000000,0.000000,0.000000,0.000000,183,0.524355,0.750000,0.545719,-0.124783,19.613278
60,2575131484561,1,xfeat_star_fine,stereo,40.269263,22.967400,4.662247,4.633330,16.622696,0.000834,17.432363,16.602196,1.551707,1.730874,600,600,40.782930,1.455791,1.001166,54.355671,338,338,335,0.991124,0.979167,0.000000,1.535706,11.115784,0.548500,0.001667,9.416160,1.147499,197,0.582840,0.812500,0.652918,-0.010025,22.939067
60,2575131484561,1,orb_cpu,stereo,66.988536,61.381707,0.000000,0.000000,0.000000,0.000000,0.000000,0.000000,0.000000,0.000000,600,596,67.189703,20.042820,4.948996,92.181519,417,365,344,0.824940,0.333333,0.000000,1.727997,0.000000,0.000000,0.000000,0.000000,0.000000,333,0.798561,0.333333,0.933839,0.590659,8.745119
61,2575221484144,1,xfeat_star_coarse,stereo,21.679193,37.118307,4.726830,4.651705,0.001083,15.503198,15.478948,15.474364,1.472207,1.488874,600,600,37.488474,2.988831,0.831291,41.308596,349,349,349,1.000000,0.979167,0.000000,0.000000,0.000000,0.000000,0.000000,0.000000,0.000000,172,0.492837,0.791667,0.514684,-0.188070,13.320450
61,2575221484144,1,xfeat_star_fine,stereo,21.679193,37.118307,4.726830,4.651705,0.001083,15.503198,15.478948,15.474364,1.472207,1.488874,600,600,37.488474,2.988831,0.302709,51.650589,335,335,334,0.997015,0.979167,0.000000,1.470192,10.870575,0.366833,0.000916,9.353911,1.148665,187,0.558209,0.812500,0.625235,-0.030575,12.317866
61,2575221484144,1,orb_cpu,stereo,64.089706,65.184497,0.000000,0.000000,0.000000,0.000000,0.000000,0.000000,0.000000,0.000000,600,600,65.469996,19.086112,2.054915,86.611023,413,373,372,0.900726,0.333333,0.000000,1.727997,0.000000,0.000000,0.000000,0.000000,0.000000,359,0.869249,0.333333,0.935457,0.602736,7.868953
61,2575221484144,1,xfeat_guided,temporal,40.269263,21.679193,4.662247,4.726830,16.622696,0.001083,17.432363,15.478948,1.551707,1.472207,600,600,61.948456,3.444373,0.602958,65.995787,384,382,382,0.994792,1.000000,0.000000,nan,0.000000,0.000000,0.000000,0.000000,0.000000,0,0.000000,0.000000,nan,nan,0.000000
61,2575221484144,1,orb_cpu,temporal,66.988536,64.089706,0.000000,0.000000,0.000000,0.000000,0.000000,0.000000,0.000000,0.000000,600,600,131.078242,10.055285,0.801957,141.935484,526,518,518,0.984791,0.354167,0.000000,nan,0.000000,0.000000,0.000000,0.000000,0.000000,0,0.000000,0.000000,nan,nan,0.000000
70,2576211494853,1,xfeat_star_coarse,stereo,23.335150,38.692723,4.201872,4.171955,0.000750,17.001988,16.998863,15.883281,2.133332,1.635249,600,600,39.082681,1.659458,0.269208,41.011347,343,343,343,1.000000,0.979167,0.000000,0.000000,0.000000,0.000000,0.000000,0.000000,0.000000,171,0.498542,0.750000,0.525115,-0.205548,6.794953
70,2576211494853,1,xfeat_star_fine,stereo,23.335150,38.692723,4.201872,4.171955,0.000750,17.001988,16.998863,15.883281,2.133332,1.635249,600,600,39.082681,1.659458,0.406791,51.846048,331,331,329,0.993958,0.979167,0.000000,1.504028,10.697118,0.273167,0.000459,9.303702,1.119624,193,0.583082,0.812500,0.644339,-0.052252,12.695533
70,2576211494853,1,orb_cpu,stereo,64.774872,66.418746,0.000000,0.000000,0.000000,0.000000,0.000000,0.000000,0.000000,0.000000,600,599,66.897745,10.202701,2.018291,79.118737,408,369,367,0.899510,0.333333,0.000000,1.727997,0.000000,0.000000,0.000000,0.000000,0.000000,354,0.867647,0.333333,0.932087,0.623808,7.757703
71,2576301492853,1,xfeat_star_coarse,stereo,22.644568,38.116432,4.040580,3.972456,0.001083,17.179072,17.155655,15.454531,1.446833,1.509957,600,600,38.455806,1.621041,0.268291,40.345138,349,349,349,1.000000,0.958333,0.000000,0.000000,0.000000,0.000000,0.000000,0.000000,0.000000,165,0.472779,0.708333,0.493194,-0.188361,6.902912
71,2576301492853,1,xfeat_star_fine,stereo,22.644568,38.116432,4.040580,3.972456,0.001083,17.179072,17.155655,15.454531,1.446833,1.509957,600,600,38.455806,1.621041,0.420917,51.259256,340,340,339,0.997059,0.958333,0.000000,1.466553,10.761492,0.272750,0.000541,9.303577,1.184499,195,0.573529,0.812500,0.611790,-0.070094,12.918324
71,2576301492853,1,orb_cpu,stereo,64.799538,66.408453,0.000000,0.000000,0.000000,0.000000,0.000000,0.000000,0.000000,0.000000,600,600,66.651287,10.766493,2.691998,80.109778,424,370,367,0.865566,0.333333,0.000000,1.727997,0.000000,0.000000,0.000000,0.000000,0.000000,350,0.825472,0.333333,0.929648,0.569531,8.176745
71,2576301492853,1,xfeat_guided,temporal,23.335150,22.644568,4.201872,4.040580,0.000750,0.001083,16.998863,17.155655,2.133332,1.446833,600,600,45.979718,3.523539,0.773332,50.276589,384,379,379,0.986979,1.000000,0.000000,nan,0.000000,0.000000,0.000000,0.000000,0.000000,0,0.000000,0.000000,nan,nan,0.000000
71,2576301492853,1,orb_cpu,temporal,64.774872,64.799538,0.000000,0.000000,0.000000,0.000000,0.000000,0.000000,0.000000,0.000000,600,600,129.574410,10.069201,0.687250,140.330861,522,516,516,0.988506,0.354167,0.000000,nan,0.000000,0.000000,0.000000,0.000000,0.000000,0,0.000000,0.000000,nan,nan,0.000000
80,2577201491645,1,xfeat_star_coarse,stereo,23.334525,39.356723,4.758497,4.673872,0.000708,17.099529,17.081321,15.882198,1.493749,1.700957,600,600,39.946222,1.409916,0.392459,41.748597,350,350,350,1.000000,0.979167,0.000000,0.000000,0.000000,0.000000,0.000000,0.000000,0.000000,187,0.534286,0.770833,0.540686,-0.115206,25.469190
80,2577201491645,1,xfeat_star_fine,stereo,23.334525,39.356723,4.758497,4.673872,0.000708,17.099529,17.081321,15.882198,1.493749,1.700957,600,600,39.946222,1.409916,0.296500,52.774213,337,337,335,0.994065,0.979167,0.000000,1.538574,11.121575,0.575958,0.001417,9.383327,1.160332,203,0.602374,0.812500,0.650341,0.037145,15.872155
80,2577201491645,1,orb_cpu,stereo,65.155871,66.069871,0.000000,0.000000,0.000000,0.000000,0.000000,0.000000,0.000000,0.000000,600,600,66.324162,20.298111,4.000664,90.622937,408,363,361,0.884804,0.333333,0.000000,1.727997,0.000000,0.000000,0.000000,0.000000,0.000000,344,0.843137,0.333333,0.937758,0.611902,13.952782
81,2577291484020,1,xfeat_star_coarse,stereo,22.773651,39.657681,4.693205,4.624413,0.001167,16.418322,16.400155,17.027863,1.678874,1.586916,600,600,40.021306,1.378082,0.352333,41.751721,335,335,335,1.000000,0.979167,0.000000,0.000000,0.000000,0.000000,0.000000,0.000000,0.000000,178,0.531343,0.729167,0.566930,-0.190701,6.575245
81,2577291484020,1,xfeat_star_fine,stereo,22.773651,39.657681,4.693205,4.624413,0.001167,16.418322,16.400155,17.027863,1.678874,1.586916,600,600,40.021306,1.378082,0.618207,55.669835,326,326,323,0.990798,0.979167,0.000000,1.501465,13.652240,0.253291,0.000625,10.720326,2.677831,185,0.567485,0.750000,0.646663,-0.080822,12.573242
81,2577291484020,1,orb_cpu,stereo,64.754580,66.120038,0.000000,0.000000,0.000000,0.000000,0.000000,0.000000,0.000000,0.000000,600,600,66.354079,11.731534,1.540458,79.626071,404,359,358,0.886139,0.333333,0.000000,1.440002,0.000000,0.000000,0.000000,0.000000,0.000000,343,0.849010,0.333333,0.932020,0.618190,6.670078
81,2577291484020,1,xfeat_guided,temporal,23.334525,22.773651,4.758497,4.693205,0.000708,0.001167,17.081321,16.400155,1.493749,1.678874,600,600,46.108176,3.547456,0.680083,50.335715,384,382,382,0.994792,1.000000,0.000000,nan,0.000000,0.000000,0.000000,0.000000,0.000000,0,0.000000,0.000000,nan,nan,0.000000
81,2577291484020,1,orb_cpu,temporal,65.155871,64.754580,0.000000,0.000000,0.000000,0.000000,0.000000,0.000000,0.000000,0.000000,600,600,129.910451,10.064952,0.707916,140.683319,527,526,526,0.998102,0.354167,0.000000,nan,0.000000,0.000000,0.000000,0.000000,0.000000,0,0.000000,0.000000,nan,nan,0.000000
90,2578191503937,1,xfeat_star_coarse,stereo,40.839179,24.063317,4.691163,4.630289,16.611238,0.000750,18.070737,16.590863,1.465874,2.841082,600,600,41.103388,1.347499,0.297292,42.748179,337,337,337,1.000000,0.979167,0.000000,0.000000,0.000000,0.000000,0.000000,0.000000,0.000000,173,0.513353,0.750000,0.553901,-0.147601,5.639579
90,2578191503937,1,xfeat_star_fine,stereo,40.839179,24.063317,4.691163,4.630289,16.611238,0.000750,18.070737,16.590863,1.465874,2.841082,600,600,41.103388,1.347499,0.303625,53.855546,326,326,325,0.996933,0.979167,0.000000,1.435394,11.101034,0.240875,0.000583,9.763452,1.095999,188,0.576687,0.812500,0.639895,-0.025440,5.203163
90,2578191503937,1,orb_cpu,stereo,64.365747,65.608579,0.000000,0.000000,0.000000,0.000000,0.000000,0.000000,0.000000,0.000000,600,600,66.111870,13.590241,3.488915,83.191026,409,355,354,0.865526,0.333333,0.000000,1.727997,0.000000,0.000000,0.000000,0.000000,0.000000,339,0.828851,0.333333,0.926328,0.587117,7.791494
91,2578281501270,1,xfeat_star_coarse,stereo,21.497777,38.366765,3.926414,3.882039,0.000750,15.926697,15.905822,17.047363,1.664624,1.510541,600,600,38.693098,1.653707,0.360999,40.707804,337,337,337,1.000000,0.979167,0.000000,0.000000,0.000000,0.000000,0.000000,0.000000,0.000000,175,0.519288,0.770833,0.571406,-0.154788,6.623246
91,2578281501270,1,xfeat_star_fine,stereo,21.497777,38.366765,3.926414,3.882039,0.000750,15.926697,15.905822,17.047363,1.664624,1.510541,600,600,38.693098,1.653707,0.304167,51.419006,328,328,325,0.990854,0.979167,0.000000,1.445236,10.768034,0.273417,0.000541,9.363119,1.130832,198,0.603659,0.791667,0.661303,0.029564,10.038826
91,2578281501270,1,orb_cpu,stereo,59.185208,60.930041,0.000000,0.000000,0.000000,0.000000,0.000000,0.000000,0.000000,0.000000,600,598,61.197124,13.816199,3.002665,78.015988,405,346,340,0.839506,0.333333,0.000000,1.727997,0.000000,0.000000,0.000000,0.000000,0.000000,325,0.802469,0.333333,0.929271,0.592413,7.843286
91,2578281501270,1,xfeat_guided,temporal,40.839179,21.497777,4.691163,3.926414,16.611238,0.000750,18.070737,15.905822,1.465874,1.664624,600,600,62.336956,3.637039,1.091249,67.065244,384,373,373,0.971354,1.000000,0.000000,nan,0.000000,0.000000,0.000000,0.000000,0.000000,0,0.000000,0.000000,nan,nan,0.000000
91,2578281501270,1,orb_cpu,temporal,64.365747,59.185208,0.000000,0.000000,0.000000,0.000000,0.000000,0.000000,0.000000,0.000000,600,600,123.550955,10.403534,0.639999,134.594488,525,522,522,0.994286,0.354167,0.000000,nan,0.000000,0.000000,0.000000,0.000000,0.000000,0,0.000000,0.000000,nan,nan,0.000000
100,2579271529354,1,xfeat_star_coarse,stereo,23.002901,40.820055,4.697080,4.629496,0.001000,16.626530,16.608155,18.068279,1.696499,1.495583,600,600,41.310805,1.383416,0.298250,42.992471,345,345,345,1.000000,0.979167,0.000000,0.000000,0.000000,0.000000,0.000000,0.000000,0.000000,179,0.518841,0.812500,0.539377,-0.184531,18.099696
100,2579271529354,1,xfeat_star_fine,stereo,23.002901,40.820055,4.697080,4.629496,0.001000,16.626530,16.608155,18.068279,1.696499,1.495583,600,600,41.310805,1.383416,0.576750,54.814546,337,337,336,0.997033,0.979167,0.000000,1.430025,11.543575,0.368666,0.000792,10.041618,1.132207,203,0.602374,0.812500,0.655474,-0.030036,12.958741
100,2579271529354,1,orb_cpu,stereo,64.142164,65.127288,0.000000,0.000000,0.000000,0.000000,0.000000,0.000000,0.000000,0.000000,598,598,65.372663,18.205987,2.080665,85.659315,389,350,350,0.899743,0.333333,0.000000,1.727997,0.000000,0.000000,0.000000,0.000000,0.000000,331,0.850900,0.333333,0.938090,0.572656,7.515745
101,2579361495313,1,xfeat_star_coarse,stereo,22.038943,37.441682,4.669371,4.601913,0.000917,15.894906,15.876780,15.480072,1.491708,1.464666,600,600,37.801890,1.344832,0.305125,39.451847,350,350,350,1.000000,0.979167,0.000000,0.000000,0.000000,0.000000,0.000000,0.000000,0.000000,180,0.514286,0.791667,0.545375,-0.180332,5.525079
101,2579361495313,1,xfeat_star_fine,stereo,22.038943,37.441682,4.669371,4.601913,0.000917,15.894906,15.876780,15.480072,1.491708,1.464666,600,600,37.801890,1.344832,0.308708,51.180880,339,339,337,0.994100,0.979167,0.000000,1.548573,11.725450,0.296875,0.000750,10.345451,1.082249,196,0.578171,0.812500,0.650831,-0.071988,5.324288
101,2579361495313,1,orb_cpu,stereo,61.299916,62.362748,0.000000,0.000000,0.000000,0.000000,0.000000,0.000000,0.000000,0.000000,598,600,62.651164,15.458323,2.204873,80.314360,401,360,358,0.892768,0.333333,0.000000,1.727997,0.000000,0.000000,0.000000,0.000000,0.000000,340,0.847880,0.333333,0.937004,0.608255,7.661911
101,2579361495313,1,xfeat_guided,temporal,23.002901,22.038943,4.697080,4.669371,0.001000,0.000917,16.608155,15.876780,1.696499,1.491708,600,600,45.041844,3.527789,0.800167,49.369800,384,379,379,0.986979,1.000000,0.000000,nan,0.000000,0.000000,0.000000,0.000000,0.000000,0,0.000000,0.000000,nan,nan,0.000000
101,2579361495313,1,orb_cpu,temporal,64.142164,61.299916,0.000000,0.000000,0.000000,0.000000,0.000000,0.000000,0.000000,0.000000,598,598,125.442080,10.018743,1.011500,136.472323,520,516,516,0.992308,0.354167,0.000000,nan,0.000000,0.000000,0.000000,0.000000,0.000000,0,0.000000,0.000000,nan,nan,0.000000
110,2580261503230,1,xfeat_star_coarse,stereo,21.499235,38.108890,3.922706,3.887789,0.000833,15.871948,15.857073,16.631155,1.718373,1.717832,600,600,38.427974,1.781791,0.371208,40.580973,358,358,358,1.000000,1.000000,0.000000,0.000000,0.000000,0.000000,0.000000,0.000000,0.000000,208,0.581006,0.812500,0.657577,-0.059978,7.066745
110,2580261503230,1,xfeat_star_fine,stereo,21.499235,38.108890,3.922706,3.887789,0.000833,15.871948,15.857073,16.631155,1.718373,1.717832,600,600,38.427974,1.781791,0.306708,51.269549,355,355,355,1.000000,1.000000,0.000000,1.503242,10.753076,0.302125,0.000500,9.282702,1.167582,234,0.659155,0.833333,0.729860,-0.063331,9.220327
110,2580261503230,1,orb_cpu,stereo,62.692748,65.051163,0.000000,0.000000,0.000000,0.000000,0.000000,0.000000,0.000000,0.000000,600,597,65.584370,17.235321,1.392791,84.212482,419,392,388,0.926014,0.333333,0.000000,1.440006,0.000000,0.000000,0.000000,0.000000,0.000000,374,0.892601,0.333333,0.938647,0.639990,7.912911
111,2580351508313,1,xfeat_star_coarse,stereo,38.897015,22.767109,4.671289,4.624538,16.713363,0.000834,15.836406,16.690363,1.675707,1.451124,600,600,39.199722,1.671333,0.356833,41.227888,355,355,355,1.000000,1.000000,0.000000,0.000000,0.000000,0.000000,0.000000,0.000000,0.000000,209,0.588732,0.895833,0.576636,-0.021939,6.135579
111,2580351508313,1,xfeat_star_fine,stereo,38.897015,22.767109,4.671289,4.624538,16.713363,0.000834,15.836406,16.690363,1.675707,1.451124,600,600,39.199722,1.671333,0.367959,52.456298,345,345,343,0.994203,1.000000,0.000000,1.649689,11.217284,0.300292,0.000416,9.438244,1.478207,208,0.602899,0.875000,0.656738,-0.032962,6.811953
111,2580351508313,1,orb_cpu,stereo,58.439209,61.010332,0.000000,0.000000,0.000000,0.000000,0.000000,0.000000,0.000000,0.000000,600,600,61.265999,16.415822,1.877707,79.559528,417,382,379,0.908873,0.354167,0.000000,1.727997,0.000000,0.000000,0.000000,0.000000,0.000000,370,0.887290,0.354167,0.950386,0.687922,7.960245
111,2580351508313,1,xfeat_guided,temporal,21.499235,38.897015,3.922706,4.671289,0.000833,16.713363,15.857073,15.836406,1.718373,1.675707,600,600,60.396250,3.353497,8.029328,71.779075,362,272,272,0.751381,0.895833,0.000000,nan,0.000000,0.000000,0.000000,0.000000,0.000000,0,0.000000,0.000000,nan,nan,0.000000
111,2580351508313,1,orb_cpu,temporal,62.692748,58.439209,0.000000,0.000000,0.000000,0.000000,0.000000,0.000000,0.000000,0.000000,600,600,121.131957,10.040743,3.097373,134.270073,427,363,363,0.850117,0.312500,1.440002,nan,0.000000,0.000000,0.000000,0.000000,0.000000,0,0.000000,0.000000,nan,nan,0.000000
120,2581341517064,1,xfeat_star_coarse,stereo,23.017859,40.294430,4.716663,4.688455,0.000625,16.665405,16.647655,17.474113,1.652791,1.466291,600,600,40.842846,1.400707,0.298708,42.542261,336,336,336,1.000000,1.000000,0.000000,0.000000,0.000000,0.000000,0.000000,0.000000,0.000000,199,0.592262,0.854167,0.637090,-0.148476,10.840742
120,2581341517064,1,xfeat_star_fine,stereo,23.017859,40.294430,4.716663,4.688455,0.000625,16.665405,16.647655,17.474113,1.652791,1.466291,600,600,40.842846,1.400707,0.304874,55.126752,331,331,331,1.000000,1.000000,0.000000,1.808273,12.578325,0.546125,0.001333,10.907659,1.122708,212,0.640483,0.937500,0.694503,0.006072,15.629239
120,2581341517064,1,orb_cpu,stereo,61.893790,64.167705,0.000000,0.000000,0.000000,0.000000,0.000000,0.000000,0.000000,0.000000,600,598,64.436871,20.595027,3.152498,88.184396,414,377,377,0.910628,0.416667,0.000000,1.728004,0.000000,0.000000,0.000000,0.000000,0.000000,368,0.888889,0.416667,0.954952,0.662182,7.861453
121,2581431510480,1,xfeat_star_coarse,stereo,22.051193,37.928598,4.710789,4.663080,0.001208,15.804697,15.781239,15.865864,1.557582,1.594624,600,600,38.305098,1.464333,0.296625,40.066056,351,351,351,1.000000,1.000000,0.000000,0.000000,0.000000,0.000000,0.000000,0.000000,0.000000,186,0.529915,0.812500,0.561928,-0.173192,7.472870
121,2581431510480,1,xfeat_star_fine,stereo,22.051193,37.928598,4.710789,4.663080,0.001208,15.804697,15.781239,15.865864,1.557582,1.594624,600,600,38.305098,1.464333,0.309625,57.861627,345,345,345,1.000000,1.000000,0.000000,1.810791,17.782571,0.443291,0.001333,16.171698,1.165957,210,0.608696,0.895833,0.659585,-0.031211,5.469329
121,2581431510480,1,orb_cpu,stereo,64.773122,66.769037,0.000000,0.000000,0.000000,0.000000,0.000000,0.000000,0.000000,0.000000,600,598,67.036953,15.201031,1.688749,83.926733,410,369,362,0.882927,0.354167,0.000000,1.728004,0.000000,0.000000,0.000000,0.000000,0.000000,349,0.851220,0.354167,0.930139,0.611851,7.786745
121,2581431510480,1,xfeat_guided,temporal,23.017859,22.051193,4.716663,4.710789,0.000625,0.001208,16.647655,15.781239,1.652791,1.557582,600,600,45.069052,3.144456,7.154203,55.367711,341,258,258,0.756598,0.875000,0.000000,nan,0.000000,0.000000,0.000000,0.000000,0.000000,0,0.000000,0.000000,nan,nan,0.000000
121,2581431510480,1,orb_cpu,temporal,61.893790,64.773122,0.000000,0.000000,0.000000,0.000000,0.000000,0.000000,0.000000,0.000000,600,600,126.666912,8.691243,2.244582,137.602737,439,378,378,0.861048,0.312500,1.000000,nan,0.000000,0.000000,0.000000,0.000000,0.000000,0,0.000000,0.000000,nan,nan,0.000000
130,2582331513856,1,xfeat_star_coarse,stereo,49.020382,32.809686,13.509365,13.325491,17.976695,0.001000,15.869239,17.958487,1.664749,1.524333,600,600,49.520757,1.623415,0.463292,51.607464,345,345,345,1.000000,1.000000,0.000000,0.000000,0.000000,0.000000,0.000000,0.000000,0.000000,161,0.466667,0.770833,0.479772,-0.271085,6.809453
130,2582331513856,1,xfeat_star_fine,stereo,49.020382,32.809686,13.509365,13.325491,17.976695,0.001000,15.869239,17.958487,1.664749,1.524333,600,600,49.520757,1.623415,0.616833,63.097247,328,328,327,0.996951,1.000000,0.000000,1.657410,11.336242,0.261292,0.000625,9.314660,1.759540,193,0.588415,0.895833,0.612198,-0.041389,12.703574
130,2582331513856,1,orb_cpu,stereo,63.907872,65.494538,0.000000,0.000000,0.000000,0.000000,0.000000,0.000000,0.000000,0.000000,599,588,65.956371,19.105987,1.531165,86.593523,395,364,361,0.913924,0.416667,0.000000,1.727997,0.000000,0.000000,0.000000,0.000000,0.000000,350,0.886076,0.416667,0.943886,0.622508,7.545370
131,2582421519397,1,xfeat_star_coarse,stereo,38.180057,21.420485,3.930831,3.886789,15.883614,0.000875,16.605613,15.864280,1.759791,1.668332,600,600,38.460390,1.565749,0.277417,40.303556,357,357,357,1.000000,0.979167,0.000000,0.000000,0.000000,0.000000,0.000000,0.000000,0.000000,188,0.526611,0.833333,0.579096,-0.256007,7.110370
131,2582421519397,1,xfeat_star_fine,stereo,38.180057,21.420485,3.930831,3.886789,15.883614,0.000875,16.605613,15.864280,1.759791,1.668332,600,600,38.460390,1.565749,0.625083,51.369257,350,350,350,1.000000,0.979167,0.000000,1.623749,10.718035,0.275625,0.000625,9.275452,1.166208,216,0.617143,0.895833,0.697846,0.039494,13.347740
131,2582421519397,1,orb_cpu,stereo,59.387167,60.988082,0.000000,0.000000,0.000000,0.000000,0.000000,0.000000,0.000000,0.000000,595,583,61.284374,16.306905,1.879165,79.470444,387,351,350,0.904393,0.395833,0.000000,1.727997,0.000000,0.000000,0.000000,0.000000,0.000000,341,0.881137,0.395833,0.945703,0.713940,7.460078
131,2582421519397,1,xfeat_guided,temporal,49.020382,38.180057,13.509365,3.930831,17.976695,15.883614,15.869239,16.605613,1.664749,1.759791,600,600,87.200439,3.051997,9.259702,99.512138,328,240,240,0.731707,0.875000,0.000000,nan,0.000000,0.000000,0.000000,0.000000,0.000000,0,0.000000,0.000000,nan,nan,0.000000
131,2582421519397,1,orb_cpu,temporal,63.907872,59.387167,0.000000,0.000000,0.000000,0.000000,0.000000,0.000000,0.000000,0.000000,599,595,123.295039,9.931202,2.183498,135.409739,404,359,359,0.888614,0.416667,0.000000,nan,0.000000,0.000000,0.000000,0.000000,0.000000,0,0.000000,0.000000,nan,nan,0.000000
140,2583321508481,1,xfeat_star_coarse,stereo,23.024775,40.740472,4.689038,4.630205,0.000667,16.627822,16.612572,18.029946,1.722290,1.452291,600,600,41.315846,5.355038,1.191832,47.862716,357,357,357,1.000000,1.000000,0.000000,0.000000,0.000000,0.000000,0.000000,0.000000,0.000000,199,0.557423,0.833333,0.573364,-0.188980,26.759981
140,2583321508481,1,xfeat_star_fine,stereo,23.024775,40.740472,4.689038,4.630205,0.000667,16.627822,16.612572,18.029946,1.722290,1.452291,600,600,41.315846,5.355038,0.244083,58.061001,351,351,350,0.997151,1.000000,0.000000,1.642323,11.146034,0.564958,0.001375,9.396285,1.182832,218,0.621083,0.895833,0.663026,0.002114,20.586194
140,2583321508481,1,orb_cpu,stereo,63.297914,64.842288,0.000000,0.000000,0.000000,0.000000,0.000000,0.000000,0.000000,0.000000,597,593,65.086038,25.587941,1.137791,91.811770,390,367,365,0.935897,0.458333,0.000000,2.000000,0.000000,0.000000,0.000000,0.000000,0.000000,355,0.910256,0.458333,0.951619,0.648335,6.179788
141,2583411508940,1,xfeat_star_coarse,stereo,23.195775,39.287306,3.866664,3.838080,0.000708,17.827613,17.840488,15.901489,1.487540,1.719957,600,600,39.661848,1.389124,0.300041,41.351013,359,359,359,1.000000,0.979167,0.000000,0.000000,0.000000,0.000000,0.000000,0.000000,0.000000,195,0.543175,0.791667,0.575490,-0.205580,12.431117
141,2583411508940,1,xfeat_star_fine,stereo,23.195775,39.287306,3.866664,3.838080,0.000708,17.827613,17.840488,15.901489,1.487540,1.719957,600,600,39.661848,1.389124,0.317375,52.258547,352,352,352,1.000000,0.979167,0.000000,1.665401,10.890200,0.388333,0.000791,9.328577,1.172249,223,0.633523,0.875000,0.717651,-0.047792,10.525242
141,2583411508940,1,orb_cpu,stereo,64.810204,66.442704,0.000000,0.000000,0.000000,0.000000,0.000000,0.000000,0.000000,0.000000,600,591,66.710828,17.959529,1.135208,85.805565,375,353,351,0.936000,0.395833,0.000000,1.864006,0.000000,0.000000,0.000000,0.000000,0.000000,341,0.909333,0.395833,0.945084,0.716952,7.128370
141,2583411508940,1,xfeat_guided,temporal,23.024775,23.195775,4.689038,3.866664,0.000667,0.000708,16.612572,17.840488,1.722290,1.487540,600,600,46.220550,3.192123,7.229120,56.641793,356,272,272,0.764045,0.895833,0.000000,nan,0.000000,0.000000,0.000000,0.000000,0.000000,0,0.000000,0.000000,nan,nan,0.000000
141,2583411508940,1,orb_cpu,temporal,63.297914,64.810204,0.000000,0.000000,0.000000,0.000000,0.000000,0.000000,0.000000,0.000000,597,600,128.108118,9.993993,2.346915,140.449026,422,375,375,0.888626,0.395833,1.440002,nan,0.000000,0.000000,0.000000,0.000000,0.000000,0,0.000000,0.000000,nan,nan,0.000000
150,2584401515940,1,xfeat_star_coarse,stereo,40.619763,22.890067,4.432747,4.386080,16.810738,0.001041,17.927113,16.792155,1.448915,1.710624,600,600,40.914138,1.617583,0.574500,43.106221,344,344,344,1.000000,0.979167,0.000000,0.000000,0.000000,0.000000,0.000000,0.000000,0.000000,167,0.485465,0.770833,0.500923,-0.150127,6.749120
150,2584401515940,1,xfeat_star_fine,stereo,40.619763,22.890067,4.432747,4.386080,16.810738,0.001041,17.927113,16.792155,1.448915,1.710624,600,600,40.914138,1.617583,0.255500,53.899130,334,334,333,0.997006,0.979167,0.000000,1.702438,11.111909,0.260583,0.001041,9.722202,1.127916,194,0.580838,0.854167,0.620455,-0.028128,7.406953
150,2584401515940,1,orb_cpu,stereo,63.386414,65.472371,0.000000,0.000000,0.000000,0.000000,0.000000,0.000000,0.000000,0.000000,600,582,65.957287,15.980864,1.438665,83.376816,384,355,350,0.911458,0.395833,0.000000,2.000000,0.000000,0.000000,0.000000,0.000000,0.000000,343,0.893229,0.395833,0.947475,0.683199,7.362578
151,2584491539523,1,xfeat_star_coarse,stereo,22.672235,38.734556,4.030206,3.985706,0.000542,17.170821,17.153155,15.905698,1.487999,1.671998,600,600,39.068347,1.581541,0.368292,41.018180,334,334,334,1.000000,1.000000,0.000000,0.000000,0.000000,0.000000,0.000000,0.000000,0.000000,168,0.502994,0.812500,0.557924,-0.245387,6.528662
151,2584491539523,1,xfeat_star_fine,stereo,22.672235,38.734556,4.030206,3.985706,0.000542,17.170821,17.153155,15.905698,1.487999,1.671998,600,600,39.068347,1.581541,0.361083,51.739381,324,324,324,1.000000,1.000000,0.000000,1.800789,10.728410,0.265959,0.000667,9.289743,1.171875,185,0.570988,0.875000,0.659442,-0.070132,6.291288
151,2584491539523,1,orb_cpu,stereo,61.373415,63.761705,0.000000,0.000000,0.000000,0.000000,0.000000,0.000000,0.000000,0.000000,600,592,64.037997,10.561076,1.440832,76.039905,382,357,357,0.934555,0.437500,0.000000,2.000000,0.000000,0.000000,0.000000,0.000000,0.000000,345,0.903141,0.437500,0.946772,0.677901,7.439620
151,2584491539523,1,xfeat_guided,temporal,40.619763,22.672235,4.432747,4.030206,16.810738,0.000542,17.927113,17.153155,1.448915,1.487999,600,600,63.291998,2.980664,11.254159,77.526821,329,234,234,0.711246,0.854167,0.000000,nan,0.000000,0.000000,0.000000,0.000000,0.000000,0,0.000000,0.000000,nan,nan,0.000000
151,2584491539523,1,orb_cpu,temporal,63.386414,61.373415,0.000000,0.000000,0.000000,0.000000,0.000000,0.000000,0.000000,0.000000,600,600,124.759829,10.109534,2.087040,136.956403,412,369,369,0.895631,0.416667,0.000000,nan,0.000000,0.000000,0.000000,0.000000,0.000000,0,0.000000,0.000000,nan,nan,0.000000
160,2585391530899,1,xfeat_star_coarse,stereo,23.132067,40.335305,4.671913,4.535038,0.000792,16.737863,16.758821,17.473988,1.700291,1.588166,600,600,40.956888,4.080581,1.198791,46.236260,361,361,361,1.000000,1.000000,0.000000,0.000000,0.000000,0.000000,0.000000,0.000000,0.000000,174,0.481994,0.791667,0.484560,-0.254409,26.964148
160,2585391530899,1,xfeat_star_fine,stereo,23.132067,40.335305,4.671913,4.535038,0.000792,16.737863,16.758821,17.473988,1.700291,1.588166,600,600,40.956888,4.080581,0.629875,57.023461,350,350,347,0.991429,1.000000,0.000000,1.831100,11.356117,0.262166,0.000542,9.281118,1.812124,192,0.548571,0.875000,0.621162,-0.052967,13.414074
160,2585391530899,1,orb_cpu,stereo,64.199622,65.914204,0.000000,0.000000,0.000000,0.000000,0.000000,0.000000,0.000000,0.000000,600,592,66.132120,19.966403,3.339040,89.437563,362,320,315,0.870166,0.416667,0.000000,1.728004,0.000000,0.000000,0.000000,0.000000,0.000000,300,0.828729,0.416667,0.937992,0.576455,6.871078
161,2585481522149,1,xfeat_star_coarse,stereo,37.299265,21.788235,4.701371,4.626955,15.681198,0.000750,15.450572,15.655489,1.465874,1.504791,600,600,37.628766,1.421832,0.314833,39.365431,370,370,370,1.000000,1.000000,0.000000,0.000000,0.000000,0.000000,0.000000,0.000000,0.000000,182,0.491892,0.729167,0.519905,-0.200275,5.803287
161,2585481522149,1,xfeat_star_fine,stereo,37.299265,21.788235,4.701371,4.626955,15.681198,0.000750,15.450572,15.655489,1.465874,1.504791,600,600,37.628766,1.421832,1.196374,60.854416,358,358,357,0.997207,1.000000,0.000000,1.610474,20.607444,0.384250,0.000750,14.513448,5.708663,199,0.555866,0.791667,0.620944,-0.012568,15.543240
161,2585481522149,1,orb_cpu,stereo,64.054621,65.752162,0.000000,0.000000,0.000000,0.000000,0.000000,0.000000,0.000000,0.000000,599,592,66.040871,16.164280,2.033791,84.238942,367,328,327,0.891008,0.479167,0.000000,1.727997,0.000000,0.000000,0.000000,0.000000,0.000000,314,0.855586,0.479167,0.932674,0.573081,7.047453
161,2585481522149,1,xfeat_guided,temporal,23.132067,37.299265,4.671913,4.701371,0.000792,15.681198,16.758821,15.450572,1.700291,1.465874,600,600,60.431332,3.129331,9.403119,72.963782,351,255,255,0.726496,0.854167,0.000000,nan,0.000000,0.000000,0.000000,0.000000,0.000000,0,0.000000,0.000000,nan,nan,0.000000
161,2585481522149,1,orb_cpu,temporal,64.199622,64.054621,0.000000,0.000000,0.000000,0.000000,0.000000,0.000000,0.000000,0.000000,600,599,128.254243,9.998535,2.065874,140.318652,401,356,356,0.887781,0.375000,0.200012,nan,0.000000,0.000000,0.000000,0.000000,0.000000,0,0.000000,0.000000,nan,nan,0.000000
170,2586381516566,1,xfeat_star_coarse,stereo,32.100061,47.971050,12.828825,12.702658,0.000875,17.759279,17.781363,15.890323,1.488832,1.618540,600,600,48.649424,1.618165,0.361416,50.629005,355,355,355,1.000000,1.000000,0.000000,8.000000,0.000000,0.000000,0.000000,0.000000,0.000000,177,0.498592,0.875000,0.543198,-0.275566,6.988454
170,2586381516566,1,xfeat_star_fine,stereo,32.100061,47.971050,12.828825,12.702658,0.000875,17.759279,17.781363,15.890323,1.488832,1.618540,600,600,48.649424,1.618165,0.310625,61.349748,346,346,344,0.994220,1.000000,0.000000,7.689454,10.771534,0.291499,0.000708,9.309993,1.169125,198,0.572254,0.937500,0.658672,-0.129835,13.253574
170,2586381516566,1,orb_cpu,stereo,63.879455,66.278079,0.000000,0.000000,0.000000,0.000000,0.000000,0.000000,0.000000,0.000000,600,593,66.743870,18.396612,2.142207,87.282689,376,335,331,0.880319,0.395833,0.000000,2.000000,0.000000,0.000000,0.000000,0.000000,0.000000,315,0.837766,0.395833,0.936127,0.609075,7.190162
171,2586561521983,1,xfeat_star_coarse,stereo,21.448527,38.129848,3.937372,3.894706,0.000750,15.874655,15.854031,16.753364,1.656249,1.606998,600,600,38.546306,1.598916,0.368083,40.513305,346,346,346,1.000000,0.979167,0.000000,8.000000,0.000000,0.000000,0.000000,0.000000,0.000000,178,0.514451,0.812500,0.512810,-0.266467,6.878370
171,2586561521983,1,xfeat_star_fine,stereo,21.448527,38.129848,3.937372,3.894706,0.000750,15.874655,15.854031,16.753364,1.656249,1.606998,600,600,38.546306,1.598916,0.636708,52.059714,340,340,340,1.000000,0.979167,0.000000,8.448608,11.277784,0.267000,0.000708,9.665993,1.343916,200,0.588235,0.833333,0.621719,-0.108546,13.086741
171,2586561521983,1,orb_cpu,stereo,58.628042,61.054916,0.000000,0.000000,0.000000,0.000000,0.000000,0.000000,0.000000,0.000000,591,582,61.335499,16.808197,2.142374,80.286070,349,311,309,0.885387,0.354167,0.000000,1.728012,0.000000,0.000000,0.000000,0.000000,0.000000,295,0.845272,0.354167,0.937949,0.624554,6.732370
171,2586561521983,1,xfeat_guided,temporal,32.100061,21.448527,12.828825,3.937372,0.000875,0.000750,17.781363,15.854031,1.488832,1.656249,600,600,53.548588,3.107998,8.034244,64.690830,315,236,236,0.749206,0.812500,0.000000,nan,0.000000,0.000000,0.000000,0.000000,0.000000,0,0.000000,0.000000,nan,nan,0.000000
171,2586561521983,1,orb_cpu,temporal,63.879455,58.628042,0.000000,0.000000,0.000000,0.000000,0.000000,0.000000,0.000000,0.000000,600,591,122.507497,9.871326,3.750330,136.129153,370,304,304,0.821622,0.375000,1.000000,nan,0.000000,0.000000,0.000000,0.000000,0.000000,0,0.000000,0.000000,nan,nan,0.000000
180,2587461523650,1,xfeat_star_coarse,stereo,23.246983,40.450097,4.772330,4.668122,0.000791,16.807947,16.787863,17.441363,1.685749,1.532415,600,600,41.035888,1.386999,0.306833,42.729720,350,350,350,1.000000,1.000000,0.000000,8.000000,0.000000,0.000000,0.000000,0.000000,0.000000,202,0.577143,0.895833,0.632810,-0.250240,10.504868
180,2587461523650,1,xfeat_star_fine,stereo,23.246983,40.450097,4.772330,4.668122,0.000791,16.807947,16.787863,17.441363,1.685749,1.532415,600,600,41.035888,1.386999,0.306166,55.794835,339,339,337,0.994100,1.000000,0.000000,8.148884,13.065782,0.574666,0.002792,11.290992,1.196707,214,0.631268,0.916667,0.698178,0.021103,16.242239
180,2587461523650,1,orb_cpu,stereo,62.819456,64.592788,0.000000,0.000000,0.000000,0.000000,0.000000,0.000000,0.000000,0.000000,595,589,64.815246,19.685278,4.742538,89.243062,356,300,297,0.834270,0.354167,0.000000,2.000000,0.000000,0.000000,0.000000,0.000000,0.000000,288,0.808989,0.354167,0.922628,0.592208,6.777620
181,2587551526650,1,xfeat_star_coarse,stereo,22.739192,39.309764,4.724497,4.669330,0.000625,16.308447,16.305613,16.685197,1.708207,1.646624,600,600,39.757056,1.334124,0.292125,41.383305,351,351,351,1.000000,1.000000,0.000000,8.000000,0.000000,0.000000,0.000000,0.000000,0.000000,191,0.544160,0.791667,0.616187,-0.215040,5.668746
181,2587551526650,1,xfeat_star_fine,stereo,22.739192,39.309764,4.724497,4.669330,0.000625,16.308447,16.305613,16.685197,1.708207,1.646624,600,600,39.757056,1.334124,1.181541,64.411622,340,340,340,1.000000,1.000000,0.000000,8.201187,22.138901,0.377791,0.000792,16.323239,5.436746,208,0.611765,0.875000,0.694959,0.032308,13.871615
181,2587551526650,1,orb_cpu,stereo,62.582831,64.322330,0.000000,0.000000,0.000000,0.000000,0.000000,0.000000,0.000000,0.000000,600,591,64.591663,15.899988,2.273540,82.765191,339,293,292,0.861357,0.312500,0.000000,2.000000,0.000000,0.000000,0.000000,0.000000,0.000000,277,0.817109,0.312500,0.931037,0.617617,6.489412
181,2587551526650,1,xfeat_guided,temporal,23.246983,22.739192,4.772330,4.724497,0.000791,0.000625,16.787863,16.305613,1.685749,1.708207,600,600,45.986175,3.215872,8.589577,57.791624,321,236,236,0.735202,0.791667,0.000000,nan,0.000000,0.000000,0.000000,0.000000,0.000000,0,0.000000,0.000000,nan,nan,0.000000
181,2587551526650,1,orb_cpu,temporal,62.819456,62.582831,0.000000,0.000000,0.000000,0.000000,0.000000,0.000000,0.000000,0.000000,595,600,125.402287,9.937827,1.348540,136.688654,383,357,357,0.932115,0.395833,0.000000,nan,0.000000,0.000000,0.000000,0.000000,0.000000,0,0.000000,0.000000,nan,nan,0.000000
190,2588451552984,1,xfeat_star_coarse,stereo,40.705097,22.936609,4.544622,4.498497,16.772530,0.001167,17.924696,16.752072,1.463041,1.684665,600,600,41.002888,1.429624,0.309166,42.741678,355,355,355,1.000000,1.000000,0.000000,8.000000,0.000000,0.000000,0.000000,0.000000,0.000000,228,0.642254,0.875000,0.699809,0.018442,6.191746
190,2588451552984,1,xfeat_star_fine,stereo,40.705097,22.936609,4.544622,4.498497,16.772530,0.001167,17.924696,16.752072,1.463041,1.684665,600,600,41.002888,1.429624,0.239250,53.870587,346,346,344,0.994220,1.000000,0.000000,8.870071,11.198825,0.259458,0.000833,9.762701,1.175666,222,0.641618,0.916667,0.734572,-0.019070,5.619121
190,2588451552984,1,orb_cpu,stereo,62.457206,65.469496,0.000000,0.000000,0.000000,0.000000,0.000000,0.000000,0.000000,0.000000,578,589,65.972746,13.956948,2.388165,82.317859,360,316,315,0.875000,0.437500,0.000000,2.073608,0.000000,0.000000,0.000000,0.000000,0.000000,302,0.838889,0.437500,0.934237,0.624032,6.879537
191,2588541527025,1,xfeat_star_coarse,stereo,38.880015,22.815193,3.944664,3.878039,17.472571,0.000792,15.859322,17.454029,1.603249,1.482166,600,600,39.227306,1.741374,0.574625,41.543305,349,349,349,1.000000,1.000000,0.000000,8.000000,0.000000,0.000000,0.000000,0.000000,0.000000,223,0.638968,0.895833,0.679145,-0.113072,6.935162
191,2588541527025,1,xfeat_star_fine,stereo,38.880015,22.815193,3.944664,3.878039,17.472571,0.000792,15.859322,17.454029,1.603249,1.482166,600,600,39.227306,1.741374,0.235292,51.922381,337,337,337,1.000000,1.000000,0.000000,8.612640,10.718409,0.266333,0.000750,9.305368,1.145833,217,0.643917,0.895833,0.742517,-0.118440,11.735658
191,2588541527025,1,orb_cpu,stereo,63.742997,66.403162,0.000000,0.000000,0.000000,0.000000,0.000000,0.000000,0.000000,0.000000,584,578,66.659037,10.325076,3.180623,80.164736,379,323,321,0.846966,0.395833,0.000000,2.073593,0.000000,0.000000,0.000000,0.000000,0.000000,310,0.817942,0.395833,0.938301,0.659506,7.298661
191,2588541527025,1,xfeat_guided,temporal,40.705097,38.880015,4.544622,3.944664,16.772530,17.472571,17.924696,15.859322,1.463041,1.603249,600,600,79.585112,3.435290,6.685287,89.705689,356,274,274,0.769663,0.875000,0.000000,nan,0.000000,0.000000,0.000000,0.000000,0.000000,0,0.000000,0.000000,nan,nan,0.000000
191,2588541527025,1,orb_cpu,temporal,62.457206,63.742997,0.000000,0.000000,0.000000,0.000000,0.000000,0.000000,0.000000,0.000000,578,584,126.200203,9.485118,2.537040,138.222361,379,337,337,0.889182,0.375000,1.439987,nan,0.000000,0.000000,0.000000,0.000000,0.000000,0,0.000000,0.000000,nan,nan,0.000000
200,2589531530568,1,xfeat_star_coarse,stereo,39.106098,23.030817,4.690288,4.668413,16.869822,0.001000,15.845156,16.845863,1.700707,1.515249,600,600,39.627305,4.488831,1.198374,45.314510,359,359,359,1.000000,1.000000,0.000000,8.000000,0.000000,0.000000,0.000000,0.000000,0.000000,213,0.593315,0.895833,0.620257,-0.160490,26.509815
200,2589531530568,1,xfeat_star_fine,stereo,39.106098,23.030817,4.690288,4.668413,16.869822,0.001000,15.845156,16.845863,1.700707,1.515249,600,600,39.627305,4.488831,0.314749,55.607711,345,345,340,0.985507,1.000000,0.000000,8.912872,11.176826,0.588042,0.001500,9.401494,1.185249,230,0.666667,0.937500,0.761737,-0.038852,18.675071
200,2589531530568,1,orb_cpu,stereo,62.732748,64.763788,0.000000,0.000000,0.000000,0.000000,0.000000,0.000000,0.000000,0.000000,594,592,65.040580,8.074453,2.219665,75.334698,366,315,313,0.855191,0.458333,0.000000,2.488312,0.000000,0.000000,0.000000,0.000000,0.000000,298,0.814208,0.458333,0.935221,0.510974,11.355617
201,2589621546568,1,xfeat_star_coarse,stereo,23.795525,39.469139,4.784746,4.726122,0.000750,17.221279,17.222738,15.866281,1.787166,1.655040,600,600,39.934555,1.574623,0.642291,42.151469,361,361,361,1.000000,1.000000,0.000000,8.000000,0.000000,0.000000,0.000000,0.000000,0.000000,231,0.639889,0.937500,0.668510,0.017784,15.279448
201,2589621546568,1,xfeat_star_fine,stereo,23.795525,39.469139,4.784746,4.726122,0.000750,17.221279,17.222738,15.866281,1.787166,1.655040,600,600,39.934555,1.574623,0.473083,55.983085,343,343,340,0.991254,1.000000,0.000000,8.769470,14.000824,0.374292,0.000833,10.724992,2.900540,250,0.728863,0.895833,0.800043,0.138918,13.234282
201,2589621546568,1,orb_cpu,stereo,63.251164,59.275833,0.000000,0.000000,0.000000,0.000000,0.000000,0.000000,0.000000,0.000000,583,581,63.504789,17.258530,1.988040,82.751359,355,318,316,0.890141,0.437500,0.000000,2.400002,0.000000,0.000000,0.000000,0.000000,0.000000,305,0.859155,0.437500,0.939852,0.681259,6.789704
201,2589621546568,1,xfeat_guided,temporal,39.106098,23.795525,4.690288,4.784746,16.869822,0.000750,15.845156,17.222738,1.700707,1.787166,600,600,62.901623,3.301582,8.693494,74.896699,348,256,256,0.735632,0.812500,0.000000,nan,0.000000,0.000000,0.000000,0.000000,0.000000,0,0.000000,0.000000,nan,nan,0.000000
201,2589621546568,1,orb_cpu,temporal,62.732748,63.251164,0.000000,0.000000,0.000000,0.000000,0.000000,0.000000,0.000000,0.000000,594,583,125.983912,9.657493,2.797539,138.438944,342,306,306,0.894737,0.437500,0.000000,nan,0.000000,0.000000,0.000000,0.000000,0.000000,0,0.000000,0.000000,nan,nan,0.000000
210,2590521622443,1,xfeat_star_coarse,stereo,22.682192,38.665890,4.285955,4.248664,0.000791,16.898279,16.885572,15.885406,1.509540,1.633374,600,600,39.083139,1.615498,0.371584,41.070221,348,348,348,1.000000,1.000000,0.000000,8.000000,0.000000,0.000000,0.000000,0.000000,0.000000,204,0.586207,0.875000,0.635824,-0.283915,6.922036
210,2590521622443,1,xfeat_star_fine,stereo,22.682192,38.665890,4.285955,4.248664,0.000791,16.898279,16.885572,15.885406,1.509540,1.633374,600,600,39.083139,1.615498,0.305458,51.742545,336,336,335,0.997024,1.000000,0.000000,8.952484,10.738450,0.300499,0.000792,9.289994,1.147040,226,0.672619,0.895833,0.733650,-0.236622,11.147909
210,2590521622443,1,orb_cpu,stereo,61.362415,63.916539,0.000000,0.000000,0.000000,0.000000,0.000000,0.000000,0.000000,0.000000,588,573,64.385621,9.551285,2.544915,76.481821,349,306,305,0.873926,0.500000,0.000000,2.488312,0.000000,0.000000,0.000000,0.000000,0.000000,291,0.833811,0.500000,0.930301,0.617368,6.668495
211,2590611631985,1,xfeat_star_coarse,stereo,38.843431,22.711901,4.351497,4.308747,16.907280,0.001000,15.904155,16.887696,1.680249,1.514249,600,600,39.140723,1.624249,0.357875,41.122847,345,345,345,1.000000,1.000000,0.000000,8.000000,0.000000,0.000000,0.000000,0.000000,0.000000,188,0.544928,0.895833,0.599944,-0.246816,6.816870
211,2590611631985,1,xfeat_star_fine,stereo,38.843431,22.711901,4.351497,4.308747,16.907280,0.001000,15.904155,16.887696,1.680249,1.514249,600,600,39.140723,1.624249,0.303250,51.762881,338,338,337,0.997041,1.000000,0.000000,8.924225,10.694659,0.262666,0.000667,9.298452,1.132749,214,0.633136,0.895833,0.720396,-0.203461,6.373495
211,2590611631985,1,orb_cpu,stereo,57.486001,59.761375,0.000000,0.000000,0.000000,0.000000,0.000000,0.000000,0.000000,0.000000,583,563,60.028875,9.255326,3.911872,73.196073,335,274,272,0.811940,0.500000,0.000000,2.639984,0.000000,0.000000,0.000000,0.000000,0.000000,262,0.782090,0.500000,0.921744,0.604997,6.471037
211,2590611631985,1,xfeat_guided,temporal,22.682192,38.843431,4.285955,4.351497,0.000791,16.907280,16.885572,15.904155,1.509540,1.680249,600,600,61.525623,3.226872,11.848700,76.601195,346,245,245,0.708092,0.791667,0.000000,nan,0.000000,0.000000,0.000000,0.000000,0.000000,0,0.000000,0.000000,nan,nan,0.000000
211,2590611631985,1,orb_cpu,temporal,61.362415,57.486001,0.000000,0.000000,0.000000,0.000000,0.000000,0.000000,0.000000,0.000000,588,583,118.848416,9.656285,3.203290,131.707991,387,324,324,0.837209,0.500000,2.000000,nan,0.000000,0.000000,0.000000,0.000000,0.000000,0,0.000000,0.000000,nan,nan,0.000000
220,2591511565568,1,xfeat_star_coarse,stereo,21.589068,38.496182,3.958497,3.909539,0.000792,15.954114,15.931989,17.153446,1.697498,1.478833,600,600,38.854431,1.360666,0.229166,40.444263,337,337,337,1.000000,1.000000,0.000000,8.000000,0.000000,0.000000,0.000000,0.000000,0.000000,201,0.596439,0.979167,0.632000,-0.007162,19.186070
220,2591511565568,1,xfeat_star_fine,stereo,21.589068,38.496182,3.958497,3.909539,0.000792,15.954114,15.931989,17.153446,1.697498,1.478833,600,600,38.854431,1.360666,0.602958,53.072838,327,327,327,1.000000,1.000000,0.000000,8.875488,12.254783,0.271291,0.000709,9.317118,2.665582,207,0.633028,0.979167,0.699175,-0.007599,12.681949
220,2591511565568,1,orb_cpu,stereo,60.557083,62.585457,0.000000,0.000000,0.000000,0.000000,0.000000,0.000000,0.000000,0.000000,542,498,62.894581,15.741073,2.459831,81.095485,283,245,243,0.858657,0.458333,0.000000,2.073593,0.000000,0.000000,0.000000,0.000000,0.000000,235,0.830389,0.458333,0.936827,0.649698,5.388997
221,2591691540444,1,xfeat_star_coarse,stereo,22.449110,38.928306,4.787914,4.724997,0.001291,15.897656,15.877823,16.691488,1.781707,1.613999,600,600,39.331889,1.311208,0.405667,41.048764,355,355,355,1.000000,1.000000,0.000000,8.000000,0.000000,0.000000,0.000000,0.000000,0.000000,214,0.602817,0.916667,0.640961,-0.036606,6.860870
221,2591691540444,1,xfeat_star_fine,stereo,22.449110,38.928306,4.787914,4.724997,0.001291,15.897656,15.877823,16.691488,1.781707,1.613999,600,600,39.331889,1.311208,0.305084,52.088923,346,346,344,0.994220,1.000000,0.000000,9.565048,11.140742,0.270291,0.000541,9.720619,1.149082,233,0.673410,0.937500,0.727806,0.039825,11.629700
221,2591691540444,1,orb_cpu,stereo,58.220251,60.369374,0.000000,0.000000,0.000000,0.000000,0.000000,0.000000,0.000000,0.000000,544,511,60.640207,15.860072,4.252580,80.752859,298,262,260,0.872483,0.437500,0.000000,2.073601,0.000000,0.000000,0.000000,0.000000,0.000000,249,0.835570,0.437500,0.943925,0.650448,5.801954
221,2591691540444,1,xfeat_guided,temporal,21.589068,22.449110,3.958497,4.787914,0.000792,0.001291,15.931989,15.877823,1.697498,1.781707,600,600,44.038178,3.222581,13.367741,60.628500,293,201,201,0.686007,0.729167,0.000000,nan,0.000000,0.000000,0.000000,0.000000,0.000000,0,0.000000,0.000000,nan,nan,0.000000
221,2591691540444,1,orb_cpu,temporal,60.557083,58.220251,0.000000,0.000000,0.000000,0.000000,0.000000,0.000000,0.000000,0.000000,542,544,118.777334,8.261994,5.923830,132.963158,301,232,232,0.770764,0.333333,1.727997,nan,0.000000,0.000000,0.000000,0.000000,0.000000,0,0.000000,0.000000,nan,nan,0.000000
230,2592591563736,1,xfeat_star_coarse,stereo,23.009734,39.092597,4.034664,4.029622,0.000875,17.468613,17.484488,15.894947,1.489291,1.699249,600,600,39.424055,1.680790,0.361833,41.466678,336,336,336,1.000000,0.979167,0.000000,8.000000,0.000000,0.000000,0.000000,0.000000,0.000000,162,0.482143,0.791667,0.495615,-0.061315,6.748828
230,2592591563736,1,xfeat_star_fine,stereo,23.009734,39.092597,4.034664,4.029622,0.000875,17.468613,17.484488,15.894947,1.489291,1.699249,600,600,39.424055,1.680790,0.297833,52.072629,317,317,317,1.000000,0.979167,0.000000,8.745224,10.669951,0.280500,0.000625,9.294826,1.093833,183,0.577287,0.833333,0.627829,-0.017672,11.355034
230,2592591563736,1,orb_cpu,stereo,61.408041,64.042080,0.000000,0.000000,0.000000,0.000000,0.000000,0.000000,0.000000,0.000000,582,564,64.502747,7.597286,3.459581,75.559614,340,284,281,0.826471,0.437500,0.000000,2.073601,0.000000,0.000000,0.000000,0.000000,0.000000,264,0.776471,0.437500,0.919605,0.457842,11.819658
231,2592681564361,1,xfeat_star_coarse,stereo,38.335307,21.613402,3.960123,3.892831,15.929447,0.000667,16.971155,15.910113,1.474332,1.809541,600,600,38.617723,1.561249,0.488375,40.667347,350,350,350,1.000000,1.000000,0.000000,0.000000,0.000000,0.000000,0.000000,0.000000,0.000000,168,0.480000,0.854167,0.486807,-0.010263,7.049661
231,2592681564361,1,xfeat_star_fine,stereo,38.335307,21.613402,3.960123,3.892831,15.929447,0.000667,16.971155,15.910113,1.474332,1.809541,600,600,38.617723,1.561249,0.310875,51.227923,334,334,329,0.985030,1.000000,0.000000,1.801208,10.738076,0.279708,0.000583,9.307910,1.149708,193,0.577844,0.895833,0.620669,0.027829,11.566075
231,2592681564361,1,orb_cpu,stereo,61.617916,64.088747,0.000000,0.000000,0.000000,0.000000,0.000000,0.000000,0.000000,0.000000,581,555,64.339038,11.269992,2.128123,77.737153,325,291,289,0.889231,0.375000,0.000000,2.073601,0.000000,0.000000,0.000000,0.000000,0.000000,278,0.855385,0.375000,0.933146,0.495622,6.308038
231,2592681564361,1,xfeat_guided,temporal,23.009734,38.335307,4.034664,3.960123,0.000875,15.929447,17.484488,16.971155,1.489291,1.474332,600,600,61.345041,3.124623,4.519622,68.989286,310,249,249,0.803226,0.958333,0.000000,nan,0.000000,0.000000,0.000000,0.000000,0.000000,0,0.000000,0.000000,nan,nan,0.000000
231,2592681564361,1,orb_cpu,temporal,61.408041,61.617916,0.000000,0.000000,0.000000,0.000000,0.000000,0.000000,0.000000,0.000000,582,581,123.025957,9.473202,2.466665,134.965824,390,335,335,0.858974,0.437500,0.000000,nan,0.000000,0.000000,0.000000,0.000000,0.000000,0,0.000000,0.000000,nan,nan,0.000000
240,2593581543194,1,xfeat_star_coarse,stereo,23.393567,38.766932,4.793664,4.655622,0.001000,17.084488,17.070613,15.495364,1.528124,1.531291,600,600,39.433055,1.306291,0.304458,41.043804,361,361,361,1.000000,1.000000,0.000000,0.000000,0.000000,0.000000,0.000000,0.000000,0.000000,225,0.623269,0.895833,0.649210,-0.026007,7.509328
240,2593581543194,1,xfeat_star_fine,stereo,23.393567,38.766932,4.793664,4.655622,0.001000,17.084488,17.070613,15.495364,1.528124,1.531291,600,600,39.433055,1.306291,0.319916,57.659417,354,354,354,1.000000,1.000000,0.000000,2.909546,16.600155,0.562708,0.001500,14.859822,1.175625,242,0.683616,0.895833,0.771654,0.020605,13.961407
240,2593581543194,1,orb_cpu,stereo,63.130456,65.960370,0.000000,0.000000,0.000000,0.000000,0.000000,0.000000,0.000000,0.000000,600,599,66.224162,20.182361,3.314456,89.720979,365,327,325,0.890411,0.479167,0.000000,2.073578,0.000000,0.000000,0.000000,0.000000,0.000000,305,0.835616,0.479167,0.918046,0.506961,8.307994
241,2593671559611,1,xfeat_star_coarse,stereo,39.312681,22.810609,4.719080,4.672580,16.436738,0.000583,16.456155,16.416864,1.700124,1.719999,600,600,39.652264,1.639540,0.645500,41.937304,366,366,366,1.000000,1.000000,0.000000,0.000000,0.000000,0.000000,0.000000,0.000000,0.000000,222,0.606557,0.916667,0.675796,-0.016432,7.286453
241,2593671559611,1,xfeat_star_fine,stereo,39.312681,22.810609,4.719080,4.672580,16.436738,0.000583,16.456155,16.416864,1.700124,1.719999,600,600,39.652264,1.639540,0.245750,52.809837,358,358,357,0.997207,1.000000,0.000000,1.620155,11.272283,0.394999,0.000792,9.674451,1.201874,248,0.692737,0.937500,0.790979,0.016754,12.939782
241,2593671559611,1,orb_cpu,stereo,63.312414,66.044746,0.000000,0.000000,0.000000,0.000000,0.000000,0.000000,0.000000,0.000000,600,600,66.304204,16.762572,2.305873,85.372649,370,326,324,0.875676,0.458333,0.000000,2.073578,0.000000,0.000000,0.000000,0.000000,0.000000,302,0.816216,0.437500,0.920026,0.492310,7.067912
241,2593671559611,1,xfeat_guided,temporal,23.393567,39.312681,4.793664,4.719080,0.001000,16.436738,17.070613,16.456155,1.528124,1.700124,600,600,62.706248,3.204873,4.095372,70.006493,347,283,283,0.815562,0.916667,0.000000,nan,0.000000,0.000000,0.000000,0.000000,0.000000,0,0.000000,0.000000,nan,nan,0.000000
241,2593671559611,1,orb_cpu,temporal,63.130456,63.312414,0.000000,0.000000,0.000000,0.000000,0.000000,0.000000,0.000000,0.000000,600,600,126.442870,10.066952,1.635540,138.145362,408,368,368,0.901961,0.500000,1.300003,nan,0.000000,0.000000,0.000000,0.000000,0.000000,0,0.000000,0.000000,nan,nan,0.000000
250,2594661566570,1,xfeat_star_coarse,stereo,49.272757,32.993102,14.364948,14.162615,17.335654,0.001041,15.886489,17.314030,1.685499,1.515166,600,600,49.830465,1.588707,0.483083,51.902255,364,364,364,1.000000,1.000000,0.000000,0.000000,0.000000,0.000000,0.000000,0.000000,0.000000,209,0.574176,0.895833,0.634282,-0.011645,7.286995
250,2594661566570,1,xfeat_star_fine,stereo,49.272757,32.993102,14.364948,14.162615,17.335654,0.001041,15.886489,17.314030,1.685499,1.515166,600,600,49.830465,1.588707,0.277875,62.637331,356,356,355,0.997191,1.000000,0.000000,1.426819,10.940284,0.248000,0.000542,9.332118,1.359457,242,0.679775,0.937500,0.764811,0.124432,7.163286
250,2594661566570,1,orb_cpu,stereo,64.664955,67.827328,0.000000,0.000000,0.000000,0.000000,0.000000,0.000000,0.000000,0.000000,600,600,68.318827,15.417114,2.035206,85.771147,393,362,357,0.908397,0.500000,0.000000,1.728004,0.000000,0.000000,0.000000,0.000000,0.000000,344,0.875318,0.500000,0.929592,0.615839,7.523328
251,2594751555028,1,xfeat_star_coarse,stereo,21.561735,38.030974,3.990789,3.946456,0.000708,15.904114,15.881780,16.569405,1.688249,1.610749,600,600,38.373139,1.596249,0.275833,40.245221,371,371,371,1.000000,1.000000,0.000000,0.000000,0.000000,0.000000,0.000000,0.000000,0.000000,233,0.628032,0.958333,0.652721,0.008337,7.387037
251,2594751555028,1,xfeat_star_fine,stereo,21.561735,38.030974,3.990789,3.946456,0.000708,15.904114,15.881780,16.569405,1.688249,1.610749,600,600,38.373139,1.596249,0.640667,53.113129,361,361,358,0.991690,1.000000,0.000000,1.343500,12.503074,0.333250,0.000708,9.290452,2.878539,267,0.739612,0.958333,0.766589,0.143846,14.378198
251,2594751555028,1,orb_cpu,stereo,60.071958,62.873080,0.000000,0.000000,0.000000,0.000000,0.000000,0.000000,0.000000,0.000000,600,600,63.218206,10.225243,1.598082,75.041531,408,375,372,0.911765,0.541667,0.000000,1.764023,0.000000,0.000000,0.000000,0.000000,0.000000,356,0.872549,0.541667,0.937419,0.618318,7.782995
251,2594751555028,1,xfeat_guided,temporal,49.272757,21.561735,14.364948,3.990789,17.335654,0.000708,15.886489,15.881780,1.685499,1.688249,600,600,70.834492,3.366748,2.102415,76.303655,379,343,343,0.905013,0.979167,0.000000,nan,0.000000,0.000000,0.000000,0.000000,0.000000,0,0.000000,0.000000,nan,nan,0.000000
251,2594751555028,1,orb_cpu,temporal,64.664955,60.071958,0.000000,0.000000,0.000000,0.000000,0.000000,0.000000,0.000000,0.000000,600,600,124.736913,10.027034,2.305665,137.069612,428,375,375,0.876168,0.562500,1.000000,nan,0.000000,0.000000,0.000000,0.000000,0.000000,0,0.000000,0.000000,nan,nan,0.000000
260,2595651569362,1,xfeat_star_coarse,stereo,39.445764,23.381442,4.694413,4.665247,17.283155,0.000959,15.859155,17.263071,1.608708,1.451999,600,600,40.014555,1.444165,0.708833,42.167553,372,372,372,1.000000,1.000000,0.000000,0.000000,0.000000,0.000000,0.000000,0.000000,0.000000,207,0.556452,0.937500,0.592483,-0.055518,7.823077
260,2595651569362,1,xfeat_star_fine,stereo,39.445764,23.381442,4.694413,4.665247,17.283155,0.000959,15.859155,17.263071,1.608708,1.451999,600,600,40.014555,1.444165,0.307750,55.382544,361,361,361,1.000000,1.000000,0.000000,1.436035,13.616074,0.394125,0.000916,12.011408,1.209333,235,0.650970,0.916667,0.711790,0.034779,5.878871
260,2595651569362,1,orb_cpu,stereo,65.826871,68.252744,0.000000,0.000000,0.000000,0.000000,0.000000,0.000000,0.000000,0.000000,600,600,68.481910,12.469658,2.789123,83.740691,401,377,374,0.932668,0.541667,0.000000,2.073586,0.000000,0.000000,0.000000,0.000000,0.000000,357,0.890274,0.520833,0.944257,0.604078,8.259661
261,2595741559945,1,xfeat_star_coarse,stereo,22.330734,39.436181,4.742663,4.738080,0.000708,15.877739,15.893072,17.066447,1.693957,1.753790,600,600,39.787722,1.443582,0.545875,41.777179,384,384,384,1.000000,1.000000,0.000000,0.000000,0.000000,0.000000,0.000000,0.000000,0.000000,211,0.549479,0.895833,0.581796,-0.061489,11.203533
261,2595741559945,1,xfeat_star_fine,stereo,22.330734,39.436181,4.742663,4.738080,0.000708,15.877739,15.893072,17.066447,1.693957,1.753790,600,600,39.787722,1.443582,0.639375,53.659546,375,375,373,0.994667,1.000000,0.000000,1.391205,11.788867,0.404333,0.000875,9.805201,1.578166,248,0.661333,0.937500,0.714640,0.060679,14.663739
261,2595741559945,1,orb_cpu,stereo,65.221079,67.588953,0.000000,0.000000,0.000000,0.000000,0.000000,0.000000,0.000000,0.000000,600,600,67.822994,17.093696,1.708749,86.625439,389,357,356,0.915167,0.520833,0.000000,2.073608,0.000000,0.000000,0.000000,0.000000,0.000000,345,0.886889,0.520833,0.944475,0.624820,7.451661
261,2595741559945,1,xfeat_guided,temporal,39.445764,22.330734,4.694413,4.742663,17.283155,0.000708,15.859155,15.893072,1.608708,1.693957,600,600,61.776498,3.151247,4.185080,69.112825,340,277,277,0.814706,0.979167,0.000000,nan,0.000000,0.000000,0.000000,0.000000,0.000000,0,0.000000,0.000000,nan,nan,0.000000
261,2595741559945,1,orb_cpu,temporal,65.826871,65.221079,0.000000,0.000000,0.000000,0.000000,0.000000,0.000000,0.000000,0.000000,600,600,131.047950,9.960827,1.015624,142.024401,376,354,354,0.941489,0.562500,1.200005,nan,0.000000,0.000000,0.000000,0.000000,0.000000,0,0.000000,0.000000,nan,nan,0.000000
270,2596641604738,1,xfeat_star_coarse,stereo,30.942937,46.967717,12.164158,12.000574,0.001167,17.280530,17.266155,16.051655,1.511207,1.634833,600,600,47.639008,1.760249,0.288208,49.687465,384,384,384,1.000000,1.000000,0.000000,0.000000,0.000000,0.000000,0.000000,0.000000,0.000000,225,0.585938,0.937500,0.576876,0.003278,7.719203
270,2596641604738,1,xfeat_star_fine,stereo,30.942937,46.967717,12.164158,12.000574,0.001167,17.280530,17.266155,16.051655,1.511207,1.634833,600,600,47.639008,1.760249,0.305000,60.605041,373,373,373,1.000000,1.000000,0.000000,1.508987,10.900784,0.330542,0.000625,9.336327,1.233124,266,0.713137,0.958333,0.768265,0.120348,14.112698
270,2596641604738,1,orb_cpu,stereo,67.256286,69.670742,0.000000,0.000000,0.000000,0.000000,0.000000,0.000000,0.000000,0.000000,600,600,70.229576,18.200446,1.769623,90.199645,379,343,342,0.902375,0.458333,0.000000,2.488312,0.000000,0.000000,0.000000,0.000000,0.000000,335,0.883905,0.458333,0.932592,0.598243,7.203870
271,2596731559446,1,xfeat_star_coarse,stereo,22.712359,38.758515,3.938289,3.956831,0.000625,17.200655,17.246821,15.870613,1.526291,1.730291,600,600,39.088889,1.680333,0.384458,41.153680,384,384,384,1.000000,0.979167,0.000000,0.000000,0.000000,0.000000,0.000000,0.000000,0.000000,216,0.562500,0.937500,0.589376,-0.038296,7.637119
271,2596731559446,1,xfeat_star_fine,stereo,22.712359,38.758515,3.938289,3.956831,0.000625,17.200655,17.246821,15.870613,1.526291,1.730291,600,600,39.088889,1.680333,0.315291,52.315880,375,375,372,0.992000,0.979167,0.000000,1.441681,11.231367,0.445083,0.000792,9.523368,1.261874,270,0.720000,0.958333,0.745317,0.106410,12.406367
271,2596731559446,1,orb_cpu,stereo,62.289497,64.763663,0.000000,0.000000,0.000000,0.000000,0.000000,0.000000,0.000000,0.000000,600,600,65.120537,18.917528,1.551124,85.589189,386,362,360,0.932642,0.541667,0.000000,2.488312,0.000000,0.000000,0.000000,0.000000,0.000000,345,0.893782,0.541667,0.929921,0.590727,7.300662
271,2596731559446,1,xfeat_guided,temporal,30.942937,22.712359,12.164158,3.938289,0.001167,0.000625,17.266155,17.246821,1.511207,1.526291,600,600,53.655296,3.210790,2.730081,59.596167,352,303,303,0.860795,0.979167,0.000000,nan,0.000000,0.000000,0.000000,0.000000,0.000000,0,0.000000,0.000000,nan,nan,0.000000
271,2596731559446,1,orb_cpu,temporal,67.256286,62.289497,0.000000,0.000000,0.000000,0.000000,0.000000,0.000000,0.000000,0.000000,600,600,129.545783,10.037201,2.843831,142.426815,387,327,327,0.844961,0.520833,1.440002,nan,0.000000,0.000000,0.000000,0.000000,0.000000,0,0.000000,0.000000,nan,nan,0.000000
280,2597721589446,1,xfeat_star_coarse,stereo,23.285400,39.322264,4.661497,4.591621,0.000875,17.115655,17.098113,15.904822,1.524749,1.709791,600,600,39.861264,5.517538,0.946458,46.325260,384,384,384,1.000000,1.000000,0.000000,0.000000,0.000000,0.000000,0.000000,0.000000,0.000000,210,0.546875,0.875000,0.566215,-0.023734,20.328736
280,2597721589446,1,xfeat_star_fine,stereo,23.285400,39.322264,4.661497,4.591621,0.000875,17.115655,17.098113,15.904822,1.524749,1.709791,600,600,39.861264,5.517538,0.323624,57.146043,368,368,368,1.000000,1.000000,0.000000,1.676308,11.443617,0.394708,0.000750,9.781077,1.266749,250,0.679348,0.958333,0.722718,0.166663,16.850614
280,2597721589446,1,orb_cpu,stereo,67.450536,70.245284,0.000000,0.000000,0.000000,0.000000,0.000000,0.000000,0.000000,0.000000,600,600,70.512992,20.530319,3.413498,94.456809,382,344,343,0.897906,0.395833,0.000000,2.073593,0.000000,0.000000,0.000000,0.000000,0.000000,324,0.848168,0.375000,0.911105,0.496344,7.256744
281,2597811572530,1,xfeat_star_coarse,stereo,22.172026,38.695598,4.485914,5.424663,0.000875,15.001364,15.967988,16.561697,1.716999,1.707541,600,600,39.076515,1.682624,0.476875,41.236014,383,383,383,1.000000,1.000000,0.000000,0.000000,0.000000,0.000000,0.000000,0.000000,0.000000,201,0.524804,0.916667,0.547320,0.035979,7.431203
281,2597811572530,1,xfeat_star_fine,stereo,22.172026,38.695598,4.485914,5.424663,0.000875,15.001364,15.967988,16.561697,1.716999,1.707541,600,600,39.076515,1.682624,0.317417,51.939590,363,363,363,1.000000,1.000000,0.000000,1.564209,10.863034,0.316208,0.000666,9.280369,1.265624,264,0.727273,0.937500,0.803648,0.209569,13.993948
281,2597811572530,1,orb_cpu,stereo,70.074034,65.308663,0.000000,0.000000,0.000000,0.000000,0.000000,0.000000,0.000000,0.000000,600,600,70.366075,14.049532,1.621791,86.037398,373,331,325,0.871314,0.291667,0.000000,2.073593,0.000000,0.000000,0.000000,0.000000,0.000000,306,0.820375,0.291667,0.898230,0.504188,6.046537
281,2597811572530,1,xfeat_guided,temporal,23.285400,22.172026,4.661497,4.485914,0.000875,0.000875,17.098113,15.967988,1.524749,1.716999,600,600,45.457426,3.474706,9.344702,58.276834,322,233,233,0.723602,0.895833,0.000000,nan,0.000000,0.000000,0.000000,0.000000,0.000000,0,0.000000,0.000000,nan,nan,0.000000
281,2597811572530,1,orb_cpu,temporal,67.450536,70.074034,0.000000,0.000000,0.000000,0.000000,0.000000,0.000000,0.000000,0.000000,600,600,137.524570,10.017577,2.022499,149.564646,424,382,382,0.900943,0.333333,3.455994,nan,0.000000,0.000000,0.000000,0.000000,0.000000,0,0.000000,0.000000,nan,nan,0.000000
290,2598711564989,1,xfeat_star_coarse,stereo,21.590568,38.075473,3.944747,3.941456,0.000791,15.879614,15.900239,16.598280,1.744666,1.655915,600,600,38.420723,1.614957,0.378792,40.414472,376,376,376,1.000000,1.000000,0.000000,0.000000,0.000000,0.000000,0.000000,0.000000,0.000000,200,0.531915,0.854167,0.551796,0.055357,7.537203
290,2598711564989,1,xfeat_star_fine,stereo,21.590568,38.075473,3.944747,3.941456,0.000791,15.879614,15.900239,16.598280,1.744666,1.655915,600,600,38.420723,1.614957,0.583500,51.453589,362,362,362,1.000000,1.000000,0.000000,1.695587,10.834409,0.307375,0.000542,9.298660,1.227707,242,0.668508,0.937500,0.725781,0.160410,14.330365
290,2598711564989,1,orb_cpu,stereo,65.838995,69.067535,0.000000,0.000000,0.000000,0.000000,0.000000,0.000000,0.000000,0.000000,600,600,69.565118,10.161743,2.145582,81.872443,406,364,360,0.886700,0.375000,0.000000,2.073608,0.000000,0.000000,0.000000,0.000000,0.000000,339,0.834975,0.375000,0.920416,0.482796,7.647911
291,2598801568989,1,xfeat_star_coarse,stereo,40.854554,22.902151,4.676080,4.624330,16.620739,0.000917,17.997570,16.599947,1.559999,1.676832,600,600,41.152054,1.374499,0.311625,42.838178,365,365,365,1.000000,1.000000,0.000000,0.000000,0.000000,0.000000,0.000000,0.000000,0.000000,188,0.515068,0.916667,0.532695,0.013272,6.297787
291,2598801568989,1,xfeat_star_fine,stereo,40.854554,22.902151,4.676080,4.624330,16.620739,0.000917,17.997570,16.599947,1.559999,1.676832,600,600,41.152054,1.374499,0.311666,54.108336,353,353,352,0.997167,1.000000,0.000000,1.641602,11.270117,0.273208,0.000667,9.774826,1.221291,228,0.645892,0.916667,0.715634,0.067547,5.737621
291,2598801568989,1,orb_cpu,stereo,67.958452,70.517367,0.000000,0.000000,0.000000,0.000000,0.000000,0.000000,0.000000,0.000000,600,600,70.809242,10.409243,1.636166,82.854651,393,359,346,0.880407,0.354167,0.000000,2.073608,0.000000,0.000000,0.000000,0.000000,0.000000,331,0.842239,0.354167,0.922075,0.578490,7.522036
291,2598801568989,1,xfeat_guided,temporal,21.590568,40.854554,3.944747,4.676080,0.000791,16.620739,15.900239,17.997570,1.744666,1.559999,600,600,62.445122,3.164790,5.026080,70.635992,384,311,311,0.809896,0.854167,0.000000,nan,0.000000,0.000000,0.000000,0.000000,0.000000,0,0.000000,0.000000,nan,nan,0.000000
291,2598801568989,1,orb_cpu,temporal,65.838995,67.958452,0.000000,0.000000,0.000000,0.000000,0.000000,0.000000,0.000000,0.000000,600,600,133.797447,8.167620,1.335707,143.300774,434,395,395,0.910138,0.354167,1.000000,nan,0.000000,0.000000,0.000000,0.000000,0.000000,0,0.000000,0.000000,nan,nan,0.000000
300,2599701567739,1,xfeat_star_coarse,stereo,23.178650,40.484721,4.673288,4.574580,0.001083,16.725572,16.720947,17.668321,1.783165,1.516040,600,600,41.044554,2.986373,0.650874,44.681801,372,372,372,1.000000,1.000000,0.000000,0.000000,0.000000,0.000000,0.000000,0.000000,0.000000,212,0.569892,0.979167,0.609920,0.030230,14.152948
300,2599701567739,1,xfeat_star_fine,stereo,23.178650,40.484721,4.673288,4.574580,0.001083,16.725572,16.720947,17.668321,1.783165,1.516040,600,600,41.044554,2.986373,0.634792,55.709877,357,357,353,0.988796,0.979167,0.000000,1.623016,11.044158,0.399833,0.000750,9.352702,1.290540,246,0.689076,0.958333,0.735307,0.088043,13.986365
300,2599701567739,1,orb_cpu,stereo,66.435870,69.002243,0.000000,0.000000,0.000000,0.000000,0.000000,0.000000,0.000000,0.000000,600,600,69.253951,12.552199,2.036916,83.843066,413,371,371,0.898305,0.333333,0.000000,2.000000,0.000000,0.000000,0.000000,0.000000,0.000000,356,0.861985,0.333333,0.916168,0.544632,7.830328
301,2599881589447,1,xfeat_star_coarse,stereo,22.892609,39.650931,4.686121,4.619247,0.001334,16.490863,16.479488,17.005197,1.725541,1.535457,600,600,40.008431,1.389749,0.297791,41.695971,365,365,365,1.000000,1.000000,0.000000,0.000000,0.000000,0.000000,0.000000,0.000000,0.000000,197,0.539726,0.916667,0.576199,0.063284,6.087121
301,2599881589447,1,xfeat_star_fine,stereo,22.892609,39.650931,4.686121,4.619247,0.001334,16.490863,16.479488,17.005197,1.725541,1.535457,600,600,40.008431,1.389749,0.622249,58.119751,351,351,349,0.994302,1.000000,0.000000,1.733887,16.099322,0.298333,0.000625,12.936866,2.863373,242,0.689459,0.937500,0.719203,0.129932,7.736245
301,2599881589447,1,orb_cpu,stereo,63.536955,65.518454,0.000000,0.000000,0.000000,0.000000,0.000000,0.000000,0.000000,0.000000,600,600,65.782828,10.638659,2.126957,78.548444,404,358,356,0.881188,0.354167,0.000000,2.073593,0.000000,0.000000,0.000000,0.000000,0.000000,336,0.831683,0.354167,0.913687,0.542916,7.653495
301,2599881589447,1,xfeat_guided,temporal,23.178650,22.892609,4.673288,4.686121,0.001083,0.001334,16.720947,16.479488,1.783165,1.725541,600,600,46.071259,3.266956,3.106665,52.444880,352,300,300,0.852273,0.937500,0.000000,nan,0.000000,0.000000,0.000000,0.000000,0.000000,0,0.000000,0.000000,nan,nan,0.000000
301,2599881589447,1,orb_cpu,temporal,66.435870,63.536955,0.000000,0.000000,0.000000,0.000000,0.000000,0.000000,0.000000,0.000000,600,600,129.972825,9.963493,2.214374,142.150692,430,387,387,0.900000,0.333333,0.000000,nan,0.000000,0.000000,0.000000,0.000000,0.000000,0,0.000000,0.000000,nan,nan,0.000000
310,2600781575823,1,xfeat_star_coarse,stereo,47.057342,30.796395,12.129908,11.946159,17.348155,0.000584,15.893322,17.329946,1.685707,1.519415,600,600,47.573675,1.669790,0.283708,49.527173,366,366,366,1.000000,1.000000,0.000000,0.000000,0.000000,0.000000,0.000000,0.000000,0.000000,201,0.549180,0.958333,0.574680,-0.054987,7.751203
310,2600781575823,1,xfeat_star_fine,stereo,47.057342,30.796395,12.129908,11.946159,17.348155,0.000584,15.893322,17.329946,1.685707,1.519415,600,600,47.573675,1.669790,0.317292,63.134331,352,352,349,0.991477,1.000000,0.000000,1.861877,13.573574,0.362333,0.000958,12.018992,1.190999,233,0.661932,0.979167,0.712912,0.095481,5.945829
310,2600781575823,1,orb_cpu,stereo,69.313826,65.653829,0.000000,0.000000,0.000000,0.000000,0.000000,0.000000,0.000000,0.000000,600,600,69.716117,17.747779,2.243207,89.707103,407,365,364,0.894349,0.312500,0.000000,2.073601,0.000000,0.000000,0.000000,0.000000,0.000000,343,0.842752,0.312500,0.925482,0.569362,7.696495
311,2600871572490,1,xfeat_star_coarse,stereo,38.908515,22.866567,4.015289,3.953789,17.370237,0.000833,15.844698,17.349196,1.677957,1.562416,600,600,39.261097,1.685748,0.388708,41.335553,368,368,368,1.000000,0.979167,0.000000,0.000000,0.000000,0.000000,0.000000,0.000000,0.000000,201,0.546196,0.937500,0.588848,0.014196,7.436704
311,2600871572490,1,xfeat_star_fine,stereo,38.908515,22.866567,4.015289,3.953789,17.370237,0.000833,15.844698,17.349196,1.677957,1.562416,600,600,39.261097,1.685748,0.245833,52.132754,358,358,357,0.997207,0.979167,0.000000,1.825653,10.940076,0.300709,0.000792,9.392493,1.245916,231,0.645251,0.937500,0.707621,0.099048,12.808408
311,2600871572490,1,orb_cpu,stereo,63.691372,67.037995,0.000000,0.000000,0.000000,0.000000,0.000000,0.000000,0.000000,0.000000,600,600,67.331120,18.364029,2.395124,88.090273,427,380,380,0.889930,0.333333,0.000000,2.000000,0.000000,0.000000,0.000000,0.000000,0.000000,360,0.843091,0.333333,0.924316,0.546897,8.013536
311,2600871572490,1,xfeat_guided,temporal,47.057342,38.908515,12.129908,4.015289,17.348155,17.370237,15.893322,15.844698,1.685707,1.677957,600,600,85.965857,3.477622,4.232622,93.676101,384,313,313,0.815104,0.895833,0.000000,nan,0.000000,0.000000,0.000000,0.000000,0.000000,0,0.000000,0.000000,nan,nan,0.000000
311,2600871572490,1,orb_cpu,temporal,69.313826,63.691372,0.000000,0.000000,0.000000,0.000000,0.000000,0.000000,0.000000,0.000000,600,600,133.005198,10.063368,3.909206,146.977772,422,344,344,0.815166,0.312500,1.199997,nan,0.000000,0.000000,0.000000,0.000000,0.000000,0,0.000000,0.000000,nan,nan,0.000000
320,2601771586323,1,xfeat_star_coarse,stereo,39.349723,23.213775,4.747205,4.687288,17.037905,0.000792,15.883530,17.020905,1.680916,1.504582,600,600,39.820930,1.387332,0.300833,41.509095,369,369,369,1.000000,1.000000,0.000000,0.000000,0.000000,0.000000,0.000000,0.000000,0.000000,199,0.539295,0.895833,0.545193,-0.052076,16.638030
320,2601771586323,1,xfeat_star_fine,stereo,39.349723,23.213775,4.747205,4.687288,17.037905,0.000792,15.883530,17.020905,1.680916,1.504582,600,600,39.820930,1.387332,0.317958,52.713587,356,356,355,0.997191,0.958333,0.000000,2.080948,11.187367,0.582874,0.003083,9.379244,1.221624,242,0.679775,0.937500,0.711660,0.031416,17.218446
320,2601771586323,1,orb_cpu,stereo,64.992746,67.902119,0.000000,0.000000,0.000000,0.000000,0.000000,0.000000,0.000000,0.000000,600,600,68.160077,20.304069,3.622748,92.086894,423,383,381,0.900709,0.333333,0.000000,2.073608,0.000000,0.000000,0.000000,0.000000,0.000000,365,0.862884,0.333333,0.910973,0.554606,9.446118
321,2601861564115,1,xfeat_star_coarse,stereo,22.413734,39.162556,4.826038,4.779747,0.000750,15.945197,15.924947,16.909822,1.661749,1.527582,600,600,39.542555,1.400624,0.252167,41.195346,384,384,384,1.000000,1.000000,0.000000,8.000000,0.000000,0.000000,0.000000,0.000000,0.000000,224,0.583333,0.958333,0.618712,0.082202,6.679911
321,2601861564115,1,xfeat_star_fine,stereo,22.413734,39.162556,4.826038,4.779747,0.000750,15.945197,15.924947,16.909822,1.661749,1.527582,600,600,39.542555,1.400624,0.674624,55.733502,373,373,372,0.997319,1.000000,0.000000,7.742065,14.115699,0.402875,0.000750,10.709243,3.002706,260,0.697051,0.979167,0.742161,0.163315,14.649865
321,2601861564115,1,orb_cpu,stereo,65.134162,67.435119,0.000000,0.000000,0.000000,0.000000,0.000000,0.000000,0.000000,0.000000,600,600,67.747785,14.110741,2.131081,83.989607,419,369,365,0.871122,0.333333,0.000000,2.399994,0.000000,0.000000,0.000000,0.000000,0.000000,335,0.799523,0.333333,0.908705,0.474777,7.901453
321,2601861564115,1,xfeat_guided,temporal,39.349723,22.413734,4.747205,4.826038,17.037905,0.000750,15.883530,15.924947,1.680916,1.661749,600,600,61.763457,3.728706,2.571665,68.063828,384,335,335,0.872396,0.958333,0.000000,nan,0.000000,0.000000,0.000000,0.000000,0.000000,0,0.000000,0.000000,nan,nan,0.000000
321,2601861564115,1,orb_cpu,temporal,64.992746,65.134162,0.000000,0.000000,0.000000,0.000000,0.000000,0.000000,0.000000,0.000000,600,600,130.126908,10.078743,2.601290,142.806941,458,397,397,0.866812,0.333333,0.000000,nan,0.000000,0.000000,0.000000,0.000000,0.000000,0,0.000000,0.000000,nan,nan,0.000000
330,2602851578699,1,xfeat_star_coarse,stereo,33.370352,49.323590,14.702073,14.509573,0.000833,17.219321,17.202655,15.907281,1.464541,1.687290,600,600,49.912548,1.780499,0.377416,52.070463,378,378,378,1.000000,1.000000,0.000000,8.000000,0.000000,0.000000,0.000000,0.000000,0.000000,205,0.542328,0.916667,0.550949,0.015540,7.436162
330,2602851578699,1,xfeat_star_fine,stereo,33.370352,49.323590,14.702073,14.509573,0.000833,17.219321,17.202655,15.907281,1.464541,1.687290,600,600,49.912548,1.780499,0.371208,66.091621,372,372,367,0.986559,1.000000,0.000000,8.053558,14.027366,0.418542,0.000666,12.099367,1.508499,245,0.658602,0.937500,0.717323,0.146578,9.385535
330,2602851578699,1,orb_cpu,stereo,65.928829,68.843827,0.000000,0.000000,0.000000,0.000000,0.000000,0.000000,0.000000,0.000000,600,600,69.339784,18.052529,3.295164,90.687477,397,334,334,0.841310,0.312500,0.000000,2.399998,0.000000,0.000000,0.000000,0.000000,0.000000,315,0.793451,0.312500,0.882511,0.499661,7.512787
331,2602941576366,1,xfeat_star_coarse,stereo,23.035192,40.311180,4.673122,4.626289,0.000958,16.712363,16.692614,17.447904,1.668248,1.524499,600,600,40.656013,1.429874,0.241041,42.326928,367,367,367,1.000000,1.000000,0.000000,8.000000,0.000000,0.000000,0.000000,0.000000,0.000000,198,0.539510,0.895833,0.557851,0.015669,7.099745
331,2602941576366,1,xfeat_star_fine,stereo,23.035192,40.311180,4.673122,4.626289,0.000958,16.712363,16.692614,17.447904,1.668248,1.524499,600,600,40.656013,1.429874,0.327083,54.147420,362,362,362,1.000000,1.000000,0.000000,8.121101,11.734450,0.407375,0.000750,10.127618,1.198582,246,0.679558,0.937500,0.720971,0.146138,5.953204
331,2602941576366,1,orb_cpu,stereo,63.099706,66.301412,0.000000,0.000000,0.000000,0.000000,0.000000,0.000000,0.000000,0.000000,600,600,66.568203,14.235823,3.837831,84.641857,394,341,338,0.857868,0.312500,0.000000,2.400000,0.000000,0.000000,0.000000,0.000000,0.000000,311,0.789340,0.312500,0.882721,0.448995,7.453078
331,2602941576366,1,xfeat_guided,temporal,33.370352,23.035192,14.702073,4.673122,0.000833,0.000958,17.202655,16.692614,1.464541,1.668248,600,600,56.405544,3.549831,3.774205,63.729580,384,321,321,0.835938,0.875000,0.000000,nan,0.000000,0.000000,0.000000,0.000000,0.000000,0,0.000000,0.000000,nan,nan,0.000000
331,2602941576366,1,orb_cpu,temporal,65.928829,63.099706,0.000000,0.000000,0.000000,0.000000,0.000000,0.000000,0.000000,0.000000,600,600,129.028535,10.006660,1.801916,140.837111,464,423,423,0.911638,0.312500,0.000000,nan,0.000000,0.000000,0.000000,0.000000,0.000000,0,0.000000,0.000000,nan,nan,0.000000
340,2603841603324,1,xfeat_star_coarse,stereo,40.438846,23.121233,4.697330,4.629830,16.838571,0.000958,17.432196,16.812780,1.470499,1.677457,600,600,40.893304,1.409624,0.312916,42.615844,372,372,372,1.000000,1.000000,0.000000,8.000000,0.000000,0.000000,0.000000,0.000000,0.000000,191,0.513441,0.916667,0.534010,-0.030462,10.693868
340,2603841603324,1,xfeat_star_fine,stereo,40.438846,23.121233,4.697330,4.629830,16.838571,0.000958,17.432196,16.812780,1.470499,1.677457,600,600,40.893304,1.409624,0.313833,56.170960,362,362,359,0.991713,1.000000,0.000000,8.001129,13.554199,0.633542,0.001041,11.668409,1.250582,240,0.662983,0.916667,0.694418,0.075480,17.544238
340,2603841603324,1,orb_cpu,stereo,65.749620,67.837161,0.000000,0.000000,0.000000,0.000000,0.000000,0.000000,0.000000,0.000000,600,600,68.089202,20.175819,3.194414,91.459435,399,350,349,0.874687,0.270833,0.000000,2.400002,0.000000,0.000000,0.000000,0.000000,0.000000,325,0.814536,0.270833,0.913807,0.419434,7.483912
341,2603931574908,1,xfeat_star_coarse,stereo,21.810902,37.204849,4.734455,4.688789,0.001125,15.545781,15.524448,15.504906,1.550499,1.465207,600,600,37.597890,1.381749,0.295834,39.275473,361,361,361,1.000000,0.979167,0.000000,8.000000,0.000000,0.000000,0.000000,0.000000,0.000000,195,0.540166,0.895833,0.536464,-0.027421,5.905912
341,2603931574908,1,xfeat_star_fine,stereo,21.810902,37.204849,4.734455,4.688789,0.001125,15.545781,15.524448,15.504906,1.550499,1.465207,600,600,37.597890,1.381749,0.633583,53.877712,352,352,351,0.997159,0.979167,0.000000,8.346771,14.264490,0.280750,0.000542,11.163409,2.819581,221,0.627841,0.895833,0.629460,0.019926,13.734949
341,2603931574908,1,orb_cpu,stereo,63.337456,65.642079,0.000000,0.000000,0.000000,0.000000,0.000000,0.000000,0.000000,0.000000,600,600,65.925370,15.191406,2.699540,83.816316,404,351,350,0.866337,0.270833,0.000000,2.400002,0.000000,0.000000,0.000000,0.000000,0.000000,326,0.806931,0.270833,0.913557,0.462581,7.663161
341,2603931574908,1,xfeat_guided,temporal,40.438846,21.810902,4.697330,4.734455,16.838571,0.001125,17.432196,15.524448,1.470499,1.550499,600,600,62.249748,3.454081,1.592874,67.296703,384,355,355,0.924479,1.000000,0.000000,nan,0.000000,0.000000,0.000000,0.000000,0.000000,0,0.000000,0.000000,nan,nan,0.000000
341,2603931574908,1,orb_cpu,temporal,65.749620,63.337456,0.000000,0.000000,0.000000,0.000000,0.000000,0.000000,0.000000,0.000000,600,600,129.087076,10.033118,2.756373,141.876567,442,384,384,0.868778,0.291667,0.000000,nan,0.000000,0.000000,0.000000,0.000000,0.000000,0,0.000000,0.000000,nan,nan,0.000000
350,2604831605908,1,xfeat_star_coarse,stereo,48.748882,32.442894,12.964407,12.794199,18.098863,0.000666,15.896155,18.076779,1.789207,1.571041,600,600,49.337923,1.721332,0.368666,51.427921,354,354,354,1.000000,0.979167,0.000000,8.000000,0.000000,0.000000,0.000000,0.000000,0.000000,189,0.533898,0.895833,0.540490,-0.015921,7.109954
350,2604831605908,1,xfeat_star_fine,stereo,48.748882,32.442894,12.964407,12.794199,18.098863,0.000666,15.896155,18.076779,1.789207,1.571041,600,600,49.337923,1.721332,0.366917,65.292037,348,348,348,1.000000,0.979167,0.000000,8.022232,13.865865,0.372833,0.001000,12.068033,1.423707,212,0.609195,0.895833,0.654455,0.059417,8.298411
350,2604831605908,1,orb_cpu,stereo,65.194621,67.844119,0.000000,0.000000,0.000000,0.000000,0.000000,0.000000,0.000000,0.000000,600,600,68.337910,18.640404,3.317540,90.295854,395,331,330,0.835443,0.187500,0.000000,2.000000,0.000000,0.000000,0.000000,0.000000,0.000000,306,0.774684,0.187500,0.840164,0.420039,7.400828
351,2605011594408,1,xfeat_star_coarse,stereo,22.989734,40.438846,4.705414,4.660413,0.001125,16.632947,16.611071,17.670529,1.671624,1.474457,600,600,40.796596,1.376874,0.323708,42.497178,374,374,374,1.000000,1.000000,0.000000,0.000000,0.000000,0.000000,0.000000,0.000000,0.000000,195,0.521390,0.875000,0.525085,-0.005543,6.958412
351,2605011594408,1,xfeat_star_fine,stereo,22.989734,40.438846,4.705414,4.660413,0.001125,16.632947,16.611071,17.670529,1.671624,1.474457,600,600,40.796596,1.376874,0.245166,54.083294,365,365,365,1.000000,1.000000,0.000000,2.011650,11.664658,0.282791,0.000625,10.135159,1.245916,243,0.665753,0.875000,0.697677,0.116167,5.918996
351,2605011594408,1,orb_cpu,stereo,63.759663,66.533662,0.000000,0.000000,0.000000,0.000000,0.000000,0.000000,0.000000,0.000000,600,600,66.792370,9.529285,2.445457,78.767112,403,352,349,0.866005,0.270833,0.000000,2.000000,0.000000,0.000000,0.000000,0.000000,0.000000,319,0.791563,0.270833,0.878872,0.477837,7.623703
351,2605011594408,1,xfeat_guided,temporal,48.748882,22.989734,12.964407,4.705414,18.098863,0.001125,15.896155,16.611071,1.789207,1.671624,600,600,71.738616,3.022498,2.621457,77.382571,297,253,253,0.851852,1.000000,0.000000,nan,0.000000,0.000000,0.000000,0.000000,0.000000,0,0.000000,0.000000,nan,nan,0.000000
351,2605011594408,1,orb_cpu,temporal,65.194621,63.759663,0.000000,0.000000,0.000000,0.000000,0.000000,0.000000,0.000000,0.000000,600,600,128.954284,10.043535,3.735748,142.733567,390,320,320,0.820513,0.145833,1.199997,nan,0.000000,0.000000,0.000000,0.000000,0.000000,0,0.000000,0.000000,nan,nan,0.000000
360,2605911594867,1,xfeat_star_coarse,stereo,23.230775,39.170056,4.743872,4.647330,0.000958,17.005530,16.987822,15.886697,1.497915,1.630332,600,600,39.797472,3.959330,1.283083,45.039885,384,384,384,1.000000,1.000000,0.000000,0.000000,0.000000,0.000000,0.000000,0.000000,0.000000,208,0.541667,0.937500,0.529018,-0.032329,29.370604
360,2605911594867,1,xfeat_star_fine,stereo,23.230775,39.170056,4.743872,4.647330,0.000958,17.005530,16.987822,15.886697,1.497915,1.630332,600,600,39.797472,3.959330,0.245749,55.291085,379,379,376,0.992084,1.000000,0.000000,1.834834,11.288534,0.624166,0.001333,9.405160,1.257291,259,0.683377,0.937500,0.687738,0.104657,20.346444
360,2605911594867,1,orb_cpu,stereo,67.913410,70.023201,0.000000,0.000000,0.000000,0.000000,0.000000,0.000000,0.000000,0.000000,600,600,70.262034,21.197568,3.172539,94.632141,384,334,333,0.867188,0.416667,0.000000,2.400009,0.000000,0.000000,0.000000,0.000000,0.000000,315,0.820312,0.395833,0.914149,0.530115,7.347912
361,2606001629450,1,xfeat_star_coarse,stereo,38.931472,22.379526,4.670746,4.618330,15.968780,0.000958,16.727614,15.948030,1.564040,1.812041,600,600,39.277514,1.638582,0.362166,41.278262,371,371,371,1.000000,0.979167,0.000000,0.000000,0.000000,0.000000,0.000000,0.000000,0.000000,189,0.509434,0.875000,0.519246,-0.000436,7.368329
361,2606001629450,1,xfeat_star_fine,stereo,38.931472,22.379526,4.670746,4.618330,15.968780,0.000958,16.727614,15.948030,1.564040,1.812041,600,600,39.277514,1.638582,0.322833,52.487879,364,364,364,1.000000,0.979167,0.000000,1.819416,11.248950,0.276583,0.000625,9.759368,1.212207,228,0.626374,0.916667,0.686325,0.083137,7.809536
361,2606001629450,1,orb_cpu,stereo,69.798576,71.985407,0.000000,0.000000,0.000000,0.000000,0.000000,0.000000,0.000000,0.000000,600,600,72.256783,20.239778,2.443165,94.939726,383,334,334,0.872063,0.333333,0.000000,2.488312,0.000000,0.000000,0.000000,0.000000,0.000000,321,0.838120,0.333333,0.926171,0.561142,7.233828
361,2606001629450,1,xfeat_guided,temporal,23.230775,38.931472,4.743872,4.670746,0.000958,15.968780,16.987822,16.727614,1.497915,1.564040,600,600,62.162247,3.379665,2.230498,67.772410,334,289,289,0.865269,1.000000,0.000000,nan,0.000000,0.000000,0.000000,0.000000,0.000000,0,0.000000,0.000000,nan,nan,0.000000
361,2606001629450,1,orb_cpu,temporal,67.913410,69.798576,0.000000,0.000000,0.000000,0.000000,0.000000,0.000000,0.000000,0.000000,600,600,137.711986,10.067118,6.599204,154.378308,402,344,344,0.855721,0.416667,1.199989,nan,0.000000,0.000000,0.000000,0.000000,0.000000,0,0.000000,0.000000,nan,nan,0.000000
370,2606901590826,1,xfeat_star_coarse,stereo,22.960526,40.854846,4.589830,4.546038,0.000750,16.710238,16.699780,18.045446,1.669957,1.552957,600,600,41.210138,1.522833,0.759457,43.492428,369,369,369,1.000000,1.000000,0.000000,0.000000,0.000000,0.000000,0.000000,0.000000,0.000000,210,0.569106,0.875000,0.585464,0.029630,6.516704
370,2606901590826,1,xfeat_star_fine,stereo,22.960526,40.854846,4.589830,4.546038,0.000750,16.710238,16.699780,18.045446,1.669957,1.552957,600,600,41.210138,1.522833,0.654541,57.289211,366,366,364,0.994536,1.000000,0.000000,1.580298,13.901699,0.290292,0.000708,10.731826,2.878498,268,0.732240,0.916667,0.786542,0.199366,14.392615
370,2606901590826,1,orb_cpu,stereo,66.207371,68.569618,0.000000,0.000000,0.000000,0.000000,0.000000,0.000000,0.000000,0.000000,600,600,68.823076,15.806031,3.020707,87.649814,374,325,322,0.860963,0.250000,0.000000,2.399994,0.000000,0.000000,0.000000,0.000000,0.000000,313,0.836898,0.250000,0.920193,0.541949,7.100953
371,2606991578576,1,xfeat_star_coarse,stereo,38.225265,21.453651,3.960789,3.914830,15.896739,0.000750,16.696655,15.877114,1.670874,1.660790,600,600,38.529306,1.837290,0.381083,40.747679,384,384,384,1.000000,1.000000,0.000000,0.000000,0.000000,0.000000,0.000000,0.000000,0.000000,222,0.578125,0.895833,0.612451,0.000018,8.202577
371,2606991578576,1,xfeat_star_fine,stereo,38.225265,21.453651,3.960789,3.914830,15.896739,0.000750,16.696655,15.877114,1.670874,1.660790,600,600,38.529306,1.837290,0.326625,56.081835,378,378,378,1.000000,1.000000,0.000000,1.595978,15.388614,0.395625,0.000834,13.722573,1.269291,291,0.769841,0.937500,0.778629,0.101273,6.081996
371,2606991578576,1,orb_cpu,stereo,66.264745,68.941118,0.000000,0.000000,0.000000,0.000000,0.000000,0.000000,0.000000,0.000000,600,600,69.236702,14.193907,3.098998,86.529607,374,318,311,0.831551,0.270833,0.000000,2.399994,0.000000,0.000000,0.000000,0.000000,0.000000,299,0.799465,0.270833,0.914281,0.471063,7.015703
371,2606991578576,1,xfeat_guided,temporal,22.960526,38.225265,4.589830,3.960789,0.000750,15.896739,16.699780,16.696655,1.669957,1.670874,600,600,61.185791,3.379164,1.126624,65.691579,356,337,337,0.946629,1.000000,0.000000,nan,0.000000,0.000000,0.000000,0.000000,0.000000,0,0.000000,0.000000,nan,nan,0.000000
371,2606991578576,1,orb_cpu,temporal,66.207371,66.264745,0.000000,0.000000,0.000000,0.000000,0.000000,0.000000,0.000000,0.000000,600,600,132.472116,10.043326,1.719040,144.234482,427,385,385,0.901639,0.291667,0.000000,nan,0.000000,0.000000,0.000000,0.000000,0.000000,0,0.000000,0.000000,nan,nan,0.000000
380,2607981583576,1,xfeat_star_coarse,stereo,23.326692,39.236556,4.749914,4.658788,0.001041,17.092238,17.073030,15.889447,1.502582,1.595833,600,600,39.779180,5.746038,1.260249,46.785467,362,362,362,1.000000,1.000000,0.000000,0.000000,0.000000,0.000000,0.000000,0.000000,0.000000,203,0.560773,0.937500,0.571539,-0.080129,19.895069
380,2607981583576,1,xfeat_star_fine,stereo,23.326692,39.236556,4.749914,4.658788,0.001041,17.092238,17.073030,15.889447,1.502582,1.595833,600,600,39.779180,5.746038,1.150041,58.278709,357,357,355,0.994398,1.000000,0.000000,1.610199,11.603450,0.403874,0.001000,10.005326,1.192958,247,0.691877,0.958333,0.736802,0.147070,18.521570
380,2607981583576,1,orb_cpu,stereo,69.781034,72.079574,0.000000,0.000000,0.000000,0.000000,0.000000,0.000000,0.000000,0.000000,600,600,72.357991,20.127361,2.432874,94.918226,376,328,323,0.859043,0.375000,0.000000,2.400024,0.000000,0.000000,0.000000,0.000000,0.000000,309,0.821809,0.375000,0.922470,0.583016,8.740035
381,2608071593160,1,xfeat_star_coarse,stereo,38.905681,22.284567,4.697705,4.651996,15.940072,0.001334,16.593072,15.915780,1.674166,1.715207,600,600,39.253097,1.469833,0.398458,41.121388,367,367,367,1.000000,1.000000,0.000000,0.000000,0.000000,0.000000,0.000000,0.000000,0.000000,200,0.544959,0.937500,0.559258,-0.147109,6.602329
381,2608071593160,1,xfeat_star_fine,stereo,38.905681,22.284567,4.697705,4.651996,15.940072,0.001334,16.593072,15.915780,1.674166,1.715207,600,600,39.253097,1.469833,0.655458,55.248586,362,362,361,0.997238,1.000000,0.000000,1.659790,13.870198,0.306791,0.000708,10.706409,2.856123,235,0.649171,0.937500,0.703786,0.073461,14.345782
381,2608071593160,1,orb_cpu,stereo,71.246158,73.578281,0.000000,0.000000,0.000000,0.000000,0.000000,0.000000,0.000000,0.000000,600,600,73.881448,13.726116,2.699540,90.307104,359,309,301,0.838440,0.375000,0.000000,2.399994,0.000000,0.000000,0.000000,0.000000,0.000000,287,0.799443,0.375000,0.925332,0.515797,6.777953
381,2608071593160,1,xfeat_guided,temporal,23.326692,38.905681,4.749914,4.697705,0.001041,15.940072,17.073030,16.593072,1.502582,1.674166,600,600,62.232373,3.433956,2.953873,68.620202,384,332,332,0.864583,0.875000,0.000000,nan,0.000000,0.000000,0.000000,0.000000,0.000000,0,0.000000,0.000000,nan,nan,0.000000
381,2608071593160,1,orb_cpu,temporal,69.781034,71.246158,0.000000,0.000000,0.000000,0.000000,0.000000,0.000000,0.000000,0.000000,600,600,141.027192,10.056160,2.455082,153.538434,447,395,395,0.883669,0.375000,0.000000,nan,0.000000,0.000000,0.000000,0.000000,0.000000,0,0.000000,0.000000,nan,nan,0.000000
390,2608971591952,1,xfeat_star_coarse,stereo,40.924555,23.482775,4.648830,4.608205,17.163238,0.000917,17.667237,17.140321,1.445041,1.733165,600,600,41.254055,1.484332,0.307499,43.045886,367,367,367,1.000000,1.000000,0.000000,0.000000,0.000000,0.000000,0.000000,0.000000,0.000000,199,0.542234,0.958333,0.553687,-0.109088,6.958454
390,2608971591952,1,xfeat_star_fine,stereo,40.924555,23.482775,4.648830,4.608205,17.163238,0.000917,17.667237,17.140321,1.445041,1.733165,600,600,41.254055,1.484332,0.312917,54.315212,359,359,359,1.000000,1.000000,0.000000,1.730145,11.263908,0.306333,0.000709,9.740035,1.216665,254,0.707521,0.958333,0.709233,0.095887,5.846287
390,2608971591952,1,orb_cpu,stereo,71.222408,74.437739,0.000000,0.000000,0.000000,0.000000,0.000000,0.000000,0.000000,0.000000,600,600,75.012947,9.641659,2.379706,87.034312,353,309,304,0.861190,0.354167,0.000000,2.800026,0.000000,0.000000,0.000000,0.000000,0.000000,294,0.832861,0.354167,0.915724,0.542350,6.699746
391,2609061609910,1,xfeat_star_coarse,stereo,20.839027,36.285975,3.926956,3.897539,0.000625,15.438740,15.426739,15.478155,1.484207,1.471416,600,600,36.623891,1.775958,0.364125,38.763974,363,363,363,1.000000,1.000000,0.000000,0.000000,0.000000,0.000000,0.000000,0.000000,0.000000,190,0.523416,0.979167,0.553742,-0.107642,7.297578
391,2609061609910,1,xfeat_star_fine,stereo,20.839027,36.285975,3.926956,3.897539,0.000625,15.438740,15.426739,15.478155,1.484207,1.471416,600,600,36.623891,1.775958,0.361750,49.733550,356,356,355,0.997191,1.000000,0.000000,1.652412,10.971951,0.277083,0.000792,9.322494,1.371457,251,0.705056,1.000000,0.731558,0.112839,7.025037
391,2609061609910,1,orb_cpu,stereo,73.522865,76.239613,0.000000,0.000000,0.000000,0.000000,0.000000,0.000000,0.000000,0.000000,600,600,76.537321,10.337617,3.871747,90.746685,346,311,305,0.881503,0.375000,0.000000,2.880005,0.000000,0.000000,0.000000,0.000000,0.000000,294,0.849711,0.375000,0.928758,0.595772,9.785785
391,2609061609910,1,xfeat_guided,temporal,40.924555,20.839027,4.648830,3.926956,17.163238,0.000625,17.667237,15.426739,1.445041,1.484207,600,600,61.763582,3.425580,3.481039,68.670201,384,323,323,0.841146,0.958333,0.000000,nan,0.000000,0.000000,0.000000,0.000000,0.000000,0,0.000000,0.000000,nan,nan,0.000000
391,2609061609910,1,orb_cpu,temporal,71.222408,73.522865,0.000000,0.000000,0.000000,0.000000,0.000000,0.000000,0.000000,0.000000,600,600,144.745273,10.094784,3.284165,158.124222,443,373,373,0.841986,0.333333,1.199997,nan,0.000000,0.000000,0.000000,0.000000,0.000000,0,0.000000,0.000000,nan,nan,0.000000
400,2609961605702,1,xfeat_star_coarse,stereo,23.463317,39.335348,4.767455,4.638289,0.001416,17.211780,17.220947,15.893447,1.473290,1.591666,600,600,40.075888,5.981454,1.214624,47.271966,356,356,356,1.000000,1.000000,0.000000,0.000000,0.000000,0.000000,0.000000,0.000000,0.000000,176,0.494382,0.937500,0.499215,-0.006467,27.177939
400,2609961605702,1,xfeat_star_fine,stereo,23.463317,39.335348,4.767455,4.638289,0.001416,17.211780,17.220947,15.893447,1.473290,1.591666,600,600,40.075888,5.981454,0.316708,57.563292,349,349,348,0.997135,1.000000,0.000000,1.680115,11.189242,0.585041,0.001583,9.439119,1.162874,243,0.696275,0.979167,0.697615,0.137428,23.962858
400,2609961605702,1,orb_cpu,stereo,71.362158,73.690323,0.000000,0.000000,0.000000,0.000000,0.000000,0.000000,0.000000,0.000000,600,600,73.982448,21.076902,2.300749,97.360099,352,307,302,0.857955,0.395833,0.000000,3.000000,0.000000,0.000000,0.000000,0.000000,0.000000,294,0.835227,0.395833,0.933556,0.532016,6.794661
401,2610051594786,1,xfeat_star_coarse,stereo,22.244151,38.865973,4.646455,4.597955,0.000875,15.905989,15.885905,16.673780,1.710582,1.688082,600,600,39.335972,1.653957,0.836374,41.826303,352,352,352,1.000000,0.979167,0.000000,0.000000,0.000000,0.000000,0.000000,0.000000,0.000000,172,0.488636,0.875000,0.476165,-0.099986,13.734490
401,2610051594786,1,xfeat_star_fine,stereo,22.244151,38.865973,4.646455,4.597955,0.000875,15.905989,15.885905,16.673780,1.710582,1.688082,600,600,39.335972,1.653957,0.243125,52.138421,346,346,343,0.991329,0.979167,0.000000,1.740448,10.905367,0.380583,0.000875,9.373910,1.149749,222,0.641618,0.937500,0.696508,0.014727,10.534992
401,2610051594786,1,orb_cpu,stereo,72.372408,75.452739,0.000000,0.000000,0.000000,0.000000,0.000000,0.000000,0.000000,0.000000,600,600,75.735446,20.207861,4.256206,100.199513,328,282,278,0.847561,0.416667,0.000000,3.000000,0.000000,0.000000,0.000000,0.000000,0.000000,270,0.823171,0.416667,0.919100,0.497973,6.210745
401,2610051594786,1,xfeat_guided,temporal,23.463317,22.244151,4.767455,4.646455,0.001416,0.000875,17.220947,15.885905,1.473290,1.710582,600,600,45.707468,3.338998,3.187789,52.234255,384,326,326,0.848958,0.916667,0.000000,nan,0.000000,0.000000,0.000000,0.000000,0.000000,0,0.000000,0.000000,nan,nan,0.000000
401,2610051594786,1,orb_cpu,temporal,71.362158,72.372408,0.000000,0.000000,0.000000,0.000000,0.000000,0.000000,0.000000,0.000000,600,600,143.734566,10.113243,3.860414,157.708223,417,351,351,0.841727,0.395833,1.727997,nan,0.000000,0.000000,0.000000,0.000000,0.000000,0,0.000000,0.000000,nan,nan,0.000000
410,2611041611078,1,xfeat_star_coarse,stereo,22.081942,38.657473,3.792414,3.748248,0.000792,16.479655,16.462488,16.697238,1.826040,1.732124,600,600,39.001514,1.774457,0.372708,41.148679,352,352,352,1.000000,1.000000,0.000000,0.000000,0.000000,0.000000,0.000000,0.000000,0.000000,173,0.491477,1.000000,0.488082,-0.126808,8.809535
410,2611041611078,1,xfeat_star_fine,stereo,22.081942,38.657473,3.792414,3.748248,0.000792,16.479655,16.462488,16.697238,1.826040,1.732124,600,600,39.001514,1.774457,0.311292,54.619711,344,344,342,0.994186,1.000000,0.000000,1.834923,13.532448,0.404583,0.001000,11.985450,1.141082,221,0.642442,0.979167,0.671397,0.037393,5.851996
410,2611041611078,1,orb_cpu,stereo,71.938825,74.830614,0.000000,0.000000,0.000000,0.000000,0.000000,0.000000,0.000000,0.000000,600,600,75.384447,13.899990,7.840869,97.125306,356,298,293,0.823034,0.520833,0.000000,3.000000,0.000000,0.000000,0.000000,0.000000,0.000000,286,0.803371,0.520833,0.929908,0.542301,8.997744
411,2611131593328,1,xfeat_star_coarse,stereo,23.050901,38.551181,4.682664,4.609747,0.001000,16.863863,16.853071,15.487864,1.513916,1.589540,600,600,38.909514,1.706207,0.383708,40.999429,378,378,378,1.000000,1.000000,0.000000,0.000000,0.000000,0.000000,0.000000,0.000000,0.000000,201,0.531746,0.958333,0.524298,-0.068423,7.473245
411,2611131593328,1,xfeat_star_fine,stereo,23.050901,38.551181,4.682664,4.609747,0.001000,16.863863,16.853071,15.487864,1.513916,1.589540,600,600,38.909514,1.706207,0.322666,51.931046,370,370,369,0.997297,1.000000,0.000000,1.880280,10.992659,0.460791,0.000667,9.290118,1.240916,249,0.672973,0.979167,0.665586,0.069893,13.469033
411,2611131593328,1,orb_cpu,stereo,72.615949,75.413113,0.000000,0.000000,0.000000,0.000000,0.000000,0.000000,0.000000,0.000000,600,600,75.685488,17.774821,2.960373,96.420682,355,302,302,0.850704,0.541667,0.000000,3.144012,0.000000,0.000000,0.000000,0.000000,0.000000,292,0.822535,0.541667,0.925538,0.486040,6.791620
411,2611131593328,1,xfeat_guided,temporal,22.081942,23.050901,3.792414,4.682664,0.000792,0.001000,16.462488,16.853071,1.826040,1.513916,600,600,45.132843,3.515331,2.007665,50.655839,384,347,347,0.903646,1.000000,0.000000,nan,0.000000,0.000000,0.000000,0.000000,0.000000,0,0.000000,0.000000,nan,nan,0.000000
411,2611131593328,1,orb_cpu,temporal,71.938825,72.615949,0.000000,0.000000,0.000000,0.000000,0.000000,0.000000,0.000000,0.000000,600,600,144.554774,10.033327,2.306165,156.894266,456,410,410,0.899123,0.520833,0.000000,nan,0.000000,0.000000,0.000000,0.000000,0.000000,0,0.000000,0.000000,nan,nan,0.000000
420,2612031624287,1,xfeat_star_coarse,stereo,23.152359,40.335638,4.707997,4.650496,0.000875,16.752738,16.735321,17.468238,1.707791,1.463999,600,600,40.867013,3.568539,0.923208,45.358760,384,384,384,1.000000,1.000000,0.000000,0.000000,0.000000,0.000000,0.000000,0.000000,0.000000,179,0.466146,0.916667,0.463083,-0.171728,29.474687
420,2612031624287,1,xfeat_star_fine,stereo,23.152359,40.335638,4.707997,4.650496,0.000875,16.752738,16.735321,17.468238,1.707791,1.463999,600,600,40.867013,3.568539,0.317041,56.027876,377,377,376,0.997347,1.000000,0.000000,1.666718,11.275283,0.615457,0.003417,9.399243,1.256541,237,0.628647,0.958333,0.637343,-0.015327,17.607488
420,2612031624287,1,orb_cpu,stereo,74.019989,76.117196,0.000000,0.000000,0.000000,0.000000,0.000000,0.000000,0.000000,0.000000,600,600,76.372363,22.322817,6.540329,105.235509,348,282,276,0.793103,0.520833,0.000000,3.455994,0.000000,0.000000,0.000000,0.000000,0.000000,265,0.761494,0.520833,0.916574,0.481715,6.681329
421,2612121617578,1,xfeat_star_coarse,stereo,22.178860,39.212514,4.473331,5.480996,0.001167,14.926073,15.964530,17.141613,1.739541,1.663499,600,600,39.586931,2.701582,1.065916,43.354429,368,368,368,1.000000,1.000000,0.000000,0.000000,0.000000,0.000000,0.000000,0.000000,0.000000,167,0.453804,0.916667,0.440603,-0.227223,14.377198
421,2612121617578,1,xfeat_star_fine,stereo,22.178860,39.212514,4.473331,5.480996,0.001167,14.926073,15.964530,17.141613,1.739541,1.663499,600,600,39.586931,2.701582,0.318917,53.545255,360,360,359,0.997222,1.000000,0.000000,1.760315,10.937825,0.400916,0.000875,9.336868,1.198874,211,0.586111,0.958333,0.639992,-0.101523,13.686407
421,2612121617578,1,orb_cpu,stereo,79.287236,73.209156,0.000000,0.000000,0.000000,0.000000,0.000000,0.000000,0.000000,0.000000,600,600,79.547403,19.114695,2.882164,101.544262,360,305,302,0.838889,0.541667,0.000000,3.399994,0.000000,0.000000,0.000000,0.000000,0.000000,289,0.802778,0.541667,0.920472,0.522237,6.996662
421,2612121617578,1,xfeat_guided,temporal,23.152359,22.178860,4.707997,4.473331,0.000875,0.001167,16.735321,15.964530,1.707791,1.739541,600,600,45.331219,3.470581,1.898499,50.700299,384,348,348,0.906250,0.958333,0.000000,nan,0.000000,0.000000,0.000000,0.000000,0.000000,0,0.000000,0.000000,nan,nan,0.000000
421,2612121617578,1,orb_cpu,temporal,74.019989,79.287236,0.000000,0.000000,0.000000,0.000000,0.000000,0.000000,0.000000,0.000000,600,600,153.307225,10.420409,2.990790,166.718424,445,382,382,0.858427,0.541667,1.199997,nan,0.000000,0.000000,0.000000,0.000000,0.000000,0,0.000000,0.000000,nan,nan,0.000000
430,2613021602579,1,xfeat_star_coarse,stereo,38.213556,22.845609,3.961830,3.882539,15.851697,0.000583,16.552239,15.866906,1.847665,3.095414,600,600,38.529847,1.557499,0.367958,40.455304,348,348,348,1.000000,1.000000,0.000000,0.000000,0.000000,0.000000,0.000000,0.000000,0.000000,156,0.448276,0.854167,0.441846,-0.243068,7.089704
430,2613021602579,1,xfeat_star_fine,stereo,38.213556,22.845609,3.961830,3.882539,15.851697,0.000583,16.552239,15.866906,1.847665,3.095414,600,600,38.529847,1.557499,0.308791,51.143796,337,337,334,0.991098,1.000000,0.000000,1.920670,10.747659,0.303625,0.000750,9.260452,1.182707,182,0.540059,0.875000,0.550451,-0.098727,11.374284
430,2613021602579,1,orb_cpu,stereo,70.565409,72.721449,0.000000,0.000000,0.000000,0.000000,0.000000,0.000000,0.000000,0.000000,600,600,73.003699,10.173284,3.200123,86.377106,335,281,275,0.820896,0.479167,0.000000,3.599991,0.000000,0.000000,0.000000,0.000000,0.000000,262,0.782090,0.479167,0.905740,0.499481,6.401162
431,2613201601995,1,xfeat_star_coarse,stereo,36.388724,20.897818,3.993788,3.949330,15.462323,0.000875,15.449530,15.435989,1.482916,1.511499,600,600,36.694558,1.614457,0.370167,38.679182,346,346,346,1.000000,1.000000,0.000000,0.000000,0.000000,0.000000,0.000000,0.000000,0.000000,164,0.473988,0.895833,0.478148,-0.132723,7.043120
431,2613201601995,1,xfeat_star_fine,stereo,36.388724,20.897818,3.993788,3.949330,15.462323,0.000875,15.449530,15.435989,1.482916,1.511499,600,600,36.694558,1.614457,0.304333,49.492341,334,334,332,0.994012,1.000000,0.000000,2.109856,10.878993,0.263375,0.000875,9.494618,1.119875,192,0.574850,0.937500,0.604529,-0.028010,12.917074
431,2613201601995,1,orb_cpu,stereo,75.521072,77.772153,0.000000,0.000000,0.000000,0.000000,0.000000,0.000000,0.000000,0.000000,600,600,78.080904,10.218201,4.158748,92.457853,325,265,259,0.796923,0.416667,0.000000,3.799988,0.000000,0.000000,0.000000,0.000000,0.000000,248,0.763077,0.416667,0.891612,0.394815,6.262370
431,2613201601995,1,xfeat_guided,temporal,38.213556,36.388724,3.961830,3.993788,15.851697,15.462323,16.552239,15.449530,1.847665,1.482916,600,600,74.602280,3.079623,2.834915,80.516818,357,305,305,0.854342,0.937500,0.000000,nan,0.000000,0.000000,0.000000,0.000000,0.000000,0,0.000000,0.000000,nan,nan,0.000000
431,2613201601995,1,orb_cpu,temporal,70.565409,75.521072,0.000000,0.000000,0.000000,0.000000,0.000000,0.000000,0.000000,0.000000,600,600,146.086481,10.056285,4.760080,160.902846,419,336,336,0.801909,0.458333,1.200005,nan,0.000000,0.000000,0.000000,0.000000,0.000000,0,0.000000,0.000000,nan,nan,0.000000
440,2614101615246,1,xfeat_star_coarse,stereo,23.204109,40.731221,4.744664,4.660497,0.000917,16.755696,16.728904,17.788946,1.729416,1.525832,600,600,41.261763,1.292416,0.307833,42.862012,356,356,356,1.000000,1.000000,0.000000,4.000000,0.000000,0.000000,0.000000,0.000000,0.000000,155,0.435393,0.854167,0.432512,-0.134045,14.250948
440,2614101615246,1,xfeat_star_fine,stereo,23.204109,40.731221,4.744664,4.660497,0.000917,16.755696,16.728904,17.788946,1.729416,1.525832,600,600,41.261763,1.292416,0.316625,54.020171,351,351,350,0.997151,1.000000,0.000000,3.136688,11.149367,0.611750,0.001250,9.369910,1.165832,190,0.541311,0.937500,0.552554,-0.068012,21.753026
440,2614101615246,1,orb_cpu,stereo,71.531533,73.953906,0.000000,0.000000,0.000000,0.000000,0.000000,0.000000,0.000000,0.000000,600,600,74.188281,20.481694,8.291036,102.961011,324,252,244,0.753086,0.479167,0.000000,4.000000,0.000000,0.000000,0.000000,0.000000,0.000000,234,0.722222,0.479167,0.892424,0.453566,6.233996
441,2614191603579,1,xfeat_star_coarse,stereo,39.344431,22.265901,4.703872,4.628580,15.935447,0.001083,17.180613,15.913572,1.524332,1.722499,600,600,39.658680,1.241583,0.293208,41.193471,343,343,343,1.000000,1.000000,0.000000,0.000000,0.000000,0.000000,0.000000,0.000000,0.000000,171,0.498542,0.854167,0.499786,-0.154113,6.691745
441,2614191603579,1,xfeat_star_fine,stereo,39.344431,22.265901,4.703872,4.628580,15.935447,0.001083,17.180613,15.913572,1.524332,1.722499,600,600,39.658680,1.241583,0.563583,55.133295,337,337,335,0.994065,0.979167,0.000000,2.314072,13.669449,0.279750,0.000667,10.694409,2.694498,199,0.590504,0.916667,0.592703,-0.029583,6.837996
441,2614191603579,1,orb_cpu,stereo,77.255570,72.842699,0.000000,0.000000,0.000000,0.000000,0.000000,0.000000,0.000000,0.000000,600,600,77.476987,10.099368,6.342246,93.918601,336,261,259,0.770833,0.437500,0.000000,4.000008,0.000000,0.000000,0.000000,0.000000,0.000000,253,0.752976,0.437500,0.880494,0.407808,6.409037
441,2614191603579,1,xfeat_guided,temporal,23.204109,39.344431,4.744664,4.703872,0.000917,15.935447,16.728904,17.180613,1.729416,1.524332,600,600,62.548540,3.262123,1.912582,67.723245,384,345,345,0.898438,1.000000,0.000000,nan,0.000000,0.000000,0.000000,0.000000,0.000000,0,0.000000,0.000000,nan,nan,0.000000
441,2614191603579,1,orb_cpu,temporal,71.531533,77.255570,0.000000,0.000000,0.000000,0.000000,0.000000,0.000000,0.000000,0.000000,600,600,148.787103,10.061368,3.318581,162.167052,463,400,400,0.863931,0.500000,1.200012,nan,0.000000,0.000000,0.000000,0.000000,0.000000,0,0.000000,0.000000,nan,nan,0.000000
450,2615091610705,1,xfeat_star_coarse,stereo,31.472603,47.409342,12.488033,12.323325,0.000958,17.465029,17.449196,15.894530,1.534249,1.726208,600,600,47.986716,1.595374,0.370374,49.952464,346,346,346,1.000000,1.000000,0.000000,8.000000,0.000000,0.000000,0.000000,0.000000,0.000000,153,0.442197,0.833333,0.444890,-0.112640,7.230162
450,2615091610705,1,xfeat_star_fine,stereo,31.472603,47.409342,12.488033,12.323325,0.000958,17.465029,17.449196,15.894530,1.534249,1.726208,600,600,47.986716,1.595374,0.303041,60.570582,341,341,341,1.000000,1.000000,0.000000,8.061813,10.685451,0.289083,0.000750,9.273035,1.122416,173,0.507331,0.875000,0.520219,-0.072361,13.482782
450,2615091610705,1,orb_cpu,stereo,70.450950,73.628448,0.000000,0.000000,0.000000,0.000000,0.000000,0.000000,0.000000,0.000000,600,600,74.137072,10.240535,11.278492,95.656099,332,236,232,0.698795,0.416667,0.287994,4.799988,0.000000,0.000000,0.000000,0.000000,0.000000,220,0.662651,0.416667,0.877940,0.406371,6.406829
451,2615181614371,1,xfeat_star_coarse,stereo,22.767859,38.758598,3.996955,3.924830,0.000834,17.242404,17.233946,15.660656,1.535916,1.930374,600,600,39.135431,1.534791,0.368833,41.039055,352,352,352,1.000000,1.000000,0.000000,8.000000,0.000000,0.000000,0.000000,0.000000,0.000000,150,0.426136,0.875000,0.402295,-0.137521,7.145453
451,2615181614371,1,xfeat_star_fine,stereo,22.767859,38.758598,3.996955,3.924830,0.000834,17.242404,17.233946,15.660656,1.535916,1.930374,600,600,39.135431,1.534791,0.629249,52.091505,343,343,340,0.991254,1.000000,0.000000,7.942837,10.792034,0.313625,0.000458,9.270660,1.207166,177,0.516035,0.916667,0.521058,-0.101983,13.661407
451,2615181614371,1,orb_cpu,stereo,71.626741,74.304073,0.000000,0.000000,0.000000,0.000000,0.000000,0.000000,0.000000,0.000000,600,600,74.577239,11.350909,8.781577,94.709725,323,236,223,0.690402,0.416667,0.000000,4.800003,0.000000,0.000000,0.000000,0.000000,0.000000,215,0.665635,0.395833,0.892069,0.393415,6.194537
451,2615181614371,1,xfeat_guided,temporal,31.472603,22.767859,12.488033,3.996955,0.000958,0.000834,17.449196,17.233946,1.534249,1.535916,600,600,54.240462,3.178498,3.629456,61.048416,368,308,308,0.836957,0.937500,0.000000,nan,0.000000,0.000000,0.000000,0.000000,0.000000,0,0.000000,0.000000,nan,nan,0.000000
451,2615181614371,1,orb_cpu,temporal,70.450950,71.626741,0.000000,0.000000,0.000000,0.000000,0.000000,0.000000,0.000000,0.000000,600,600,142.077691,10.103743,3.971414,156.152848,442,375,375,0.848416,0.458333,2.000000,nan,0.000000,0.000000,0.000000,0.000000,0.000000,0,0.000000,0.000000,nan,nan,0.000000
460,2616171608872,1,xfeat_star_coarse,stereo,23.252983,39.299514,4.703705,4.629747,0.000958,17.045988,17.029321,15.855447,1.518749,1.768207,600,600,39.826556,1.279249,0.300542,41.406347,351,351,351,1.000000,1.000000,0.000000,8.000000,0.000000,0.000000,0.000000,0.000000,0.000000,180,0.512821,0.854167,0.517311,-0.086258,5.691746
460,2616171608872,1,xfeat_star_fine,stereo,23.252983,39.299514,4.703705,4.629747,0.000958,17.045988,17.029321,15.855447,1.518749,1.768207,600,600,39.826556,1.279249,1.159707,56.220919,336,336,333,0.991071,1.000000,0.000000,8.229645,13.955407,0.284750,0.000416,10.270035,3.400039,192,0.571429,0.875000,0.560109,-0.139735,18.125988
460,2616171608872,1,orb_cpu,stereo,70.977158,71.227075,0.000000,0.000000,0.000000,0.000000,0.000000,0.000000,0.000000,0.000000,600,600,71.465366,18.983362,12.240616,102.689344,303,211,209,0.689769,0.458333,0.288002,4.976654,0.000000,0.000000,0.000000,0.000000,0.000000,202,0.666667,0.458333,0.865533,0.321887,5.802038
461,2616261654247,1,xfeat_star_coarse,stereo,22.171609,38.693722,4.541372,5.900620,0.001000,14.520574,15.925781,16.753904,1.703123,1.518499,600,600,39.067139,1.318624,0.306958,40.692721,340,340,340,1.000000,1.000000,0.000000,8.000000,0.000000,0.000000,0.000000,0.000000,0.000000,161,0.473529,0.916667,0.479259,-0.138024,5.483330
461,2616261654247,1,xfeat_star_fine,stereo,22.171609,38.693722,4.541372,5.900620,0.001000,14.520574,15.925781,16.753904,1.703123,1.518499,600,600,39.067139,1.318624,0.625041,53.310545,328,328,327,0.996951,1.000000,0.000000,8.195778,12.299741,0.366541,0.000709,9.285243,2.647040,168,0.512195,0.916667,0.524543,-0.107076,12.898574
461,2616261654247,1,orb_cpu,stereo,71.583032,73.143031,0.000000,0.000000,0.000000,0.000000,0.000000,0.000000,0.000000,0.000000,600,600,73.491990,16.974488,16.677530,107.144008,291,193,187,0.642612,0.375000,0.576004,5.183990,0.000000,0.000000,0.000000,0.000000,0.000000,175,0.601375,0.375000,0.876210,0.368045,5.549288
461,2616261654247,1,xfeat_guided,temporal,23.252983,22.171609,4.703705,4.541372,0.000958,0.001000,17.029321,15.925781,1.518749,1.703123,600,600,45.424592,3.262206,3.563748,52.250546,351,289,289,0.823362,0.916667,0.000000,nan,0.000000,0.000000,0.000000,0.000000,0.000000,0,0.000000,0.000000,nan,nan,0.000000
461,2616261654247,1,orb_cpu,temporal,70.977158,71.583032,0.000000,0.000000,0.000000,0.000000,0.000000,0.000000,0.000000,0.000000,600,600,142.560190,9.440535,3.455373,155.456098,434,357,357,0.822581,0.520833,3.000000,nan,0.000000,0.000000,0.000000,0.000000,0.000000,0,0.000000,0.000000,nan,nan,0.000000
470,2617161630789,1,xfeat_star_coarse,stereo,38.218390,21.896151,3.951539,3.904997,16.067905,0.000708,16.744946,16.045947,1.453791,1.944249,600,600,38.523472,1.634832,0.356167,40.514471,341,341,341,1.000000,1.000000,0.000000,8.000000,0.000000,0.000000,0.000000,0.000000,0.000000,172,0.504399,0.916667,0.512408,-0.149128,6.926453
470,2617161630789,1,xfeat_star_fine,stereo,38.218390,21.896151,3.951539,3.904997,16.067905,0.000708,16.744946,16.045947,1.453791,1.944249,600,600,38.523472,1.634832,0.302791,51.130129,324,324,324,1.000000,1.000000,0.000000,8.706032,10.669034,0.261374,0.000792,9.276243,1.130500,172,0.530864,0.895833,0.561251,-0.091846,11.196451
470,2617161630789,1,orb_cpu,stereo,70.646450,72.998115,0.000000,0.000000,0.000000,0.000000,0.000000,0.000000,0.000000,0.000000,600,600,73.565781,18.463362,16.903238,108.932381,292,194,191,0.654110,0.437500,0.959995,5.183990,0.000000,0.000000,0.000000,0.000000,0.000000,182,0.623288,0.437500,0.883723,0.221555,5.693954
471,2617251651414,1,xfeat_star_coarse,stereo,21.451610,37.959140,3.940830,3.919831,0.000583,15.806864,15.805530,16.602488,1.704458,1.629832,600,600,38.297598,1.675416,0.365458,40.338472,352,352,352,1.000000,1.000000,0.000000,8.000000,0.000000,0.000000,0.000000,0.000000,0.000000,200,0.568182,0.875000,0.585397,-0.063125,7.074287
471,2617251651414,1,xfeat_star_fine,stereo,21.451610,37.959140,3.940830,3.919831,0.000583,15.806864,15.805530,16.602488,1.704458,1.629832,600,600,38.297598,1.675416,0.314958,51.101297,343,343,340,0.991254,1.000000,0.000000,8.704609,10.813325,0.388916,0.000667,9.275327,1.148207,190,0.553936,0.875000,0.589793,-0.061425,8.942577
471,2617251651414,1,orb_cpu,stereo,66.952078,69.046368,0.000000,0.000000,0.000000,0.000000,0.000000,0.000000,0.000000,0.000000,600,600,69.342326,13.403324,30.137187,112.882837,272,168,152,0.558824,0.375000,0.586586,4.976654,0.000000,0.000000,0.000000,0.000000,0.000000,144,0.529412,0.375000,0.884830,0.082483,5.069288
471,2617251651414,1,xfeat_guided,temporal,38.218390,21.451610,3.951539,3.940830,16.067905,0.000583,16.744946,15.805530,1.453791,1.704458,600,600,59.670000,2.778998,3.835873,66.284871,368,298,298,0.809783,0.895833,0.000000,nan,0.000000,0.000000,0.000000,0.000000,0.000000,0,0.000000,0.000000,nan,nan,0.000000
471,2617251651414,1,orb_cpu,temporal,70.646450,66.952078,0.000000,0.000000,0.000000,0.000000,0.000000,0.000000,0.000000,0.000000,600,600,137.598528,8.056035,4.741288,150.395851,410,323,323,0.787805,0.458333,1.727997,nan,0.000000,0.000000,0.000000,0.000000,0.000000,0,0.000000,0.000000,nan,nan,0.000000
480,2618151625790,1,xfeat_star_coarse,stereo,23.089650,40.682847,4.708080,4.621831,0.000792,16.721988,16.705780,17.878029,1.674832,1.460749,600,600,41.271221,1.509290,0.306250,43.086761,348,348,348,1.000000,0.979167,0.000000,8.000000,0.000000,0.000000,0.000000,0.000000,0.000000,199,0.571839,0.833333,0.600895,-0.030391,10.817576
480,2618151625790,1,xfeat_star_fine,stereo,23.089650,40.682847,4.708080,4.621831,0.000792,16.721988,16.705780,17.878029,1.674832,1.460749,600,600,41.271221,1.509290,0.621833,54.835836,333,333,332,0.996997,0.979167,0.000000,8.891541,11.433492,0.403791,0.000666,9.538285,1.490458,191,0.573574,0.833333,0.604726,-0.025640,13.062074
480,2618151625790,1,orb_cpu,stereo,70.584909,70.923409,0.000000,0.000000,0.000000,0.000000,0.000000,0.000000,0.000000,0.000000,600,600,71.157033,17.775821,12.911116,101.843970,301,209,202,0.671096,0.333333,0.000000,5.760010,0.000000,0.000000,0.000000,0.000000,0.000000,192,0.637874,0.333333,0.878957,0.006579,5.855788
481,2618331621415,1,xfeat_star_coarse,stereo,22.329068,39.019514,4.762664,4.704372,0.001000,15.909030,15.883614,16.918738,1.681499,1.487082,600,600,39.433597,1.814790,0.264833,41.513220,347,347,347,1.000000,1.000000,0.000000,8.000000,0.000000,0.000000,0.000000,0.000000,0.000000,200,0.576369,0.833333,0.603750,-0.063768,6.892037
481,2618331621415,1,xfeat_star_fine,stereo,22.329068,39.019514,4.762664,4.704372,0.001000,15.909030,15.883614,16.918738,1.681499,1.487082,600,600,39.433597,1.814790,0.308083,52.584878,340,340,339,0.997059,1.000000,0.000000,8.931396,11.028408,0.261041,0.000791,9.606369,1.160040,204,0.600000,0.854167,0.611069,-0.037626,6.156288
481,2618331621415,1,orb_cpu,stereo,72.146157,72.113157,0.000000,0.000000,0.000000,0.000000,0.000000,0.000000,0.000000,0.000000,600,600,72.407116,10.181993,16.738488,99.327597,287,190,188,0.655052,0.375000,0.400009,5.760010,0.000000,0.000000,0.000000,0.000000,0.000000,175,0.609756,0.375000,0.876059,0.280386,5.503371
481,2618331621415,1,xfeat_guided,temporal,23.089650,22.329068,4.708080,4.762664,0.000792,0.001000,16.705780,15.883614,1.674832,1.681499,600,600,45.418718,3.647247,1.026875,50.092840,354,334,334,0.943503,1.000000,0.000000,nan,0.000000,0.000000,0.000000,0.000000,0.000000,0,0.000000,0.000000,nan,nan,0.000000
481,2618331621415,1,orb_cpu,temporal,70.584909,72.146157,0.000000,0.000000,0.000000,0.000000,0.000000,0.000000,0.000000,0.000000,600,600,142.731066,8.459494,2.110748,153.301308,428,375,375,0.876168,0.416667,1.000000,nan,0.000000,0.000000,0.000000,0.000000,0.000000,0,0.000000,0.000000,nan,nan,0.000000
490,2619231633707,1,xfeat_star_coarse,stereo,23.227733,40.871721,4.610872,4.570080,0.001167,17.009113,16.992529,17.853237,1.622957,1.438957,600,600,41.241721,1.709124,0.320874,43.271719,380,380,380,1.000000,1.000000,0.000000,8.000000,0.000000,0.000000,0.000000,0.000000,0.000000,253,0.665789,0.916667,0.691768,-0.025912,6.932079
490,2619231633707,1,xfeat_star_fine,stereo,23.227733,40.871721,4.610872,4.570080,0.001167,17.009113,16.992529,17.853237,1.622957,1.438957,600,600,41.241721,1.709124,0.322750,54.545837,370,370,370,1.000000,1.000000,0.000000,8.580460,11.272242,0.311083,0.000625,9.718493,1.241832,246,0.664865,0.895833,0.712395,0.020054,5.982996
490,2619231633707,1,orb_cpu,stereo,75.212322,76.428362,0.000000,0.000000,0.000000,0.000000,0.000000,0.000000,0.000000,0.000000,600,600,76.909196,14.628740,8.908702,100.446638,273,198,197,0.721612,0.437500,0.000000,4.788773,0.000000,0.000000,0.000000,0.000000,0.000000,182,0.666667,0.437500,0.870881,0.395277,5.254871
491,2619321627082,1,xfeat_star_coarse,stereo,20.810610,36.230516,3.939997,3.900831,0.000958,15.438906,15.419864,15.431572,1.449457,1.459082,600,600,36.558432,2.099540,0.359250,39.017222,369,369,369,1.000000,1.000000,0.000000,8.000000,0.000000,0.000000,0.000000,0.000000,0.000000,264,0.715447,0.937500,0.761996,0.057543,7.316703
491,2619321627082,1,xfeat_star_fine,stereo,20.810610,36.230516,3.939997,3.900831,0.000958,15.438906,15.419864,15.431572,1.449457,1.459082,600,600,36.558432,2.099540,0.321125,49.925047,354,354,353,0.997175,1.000000,0.000000,8.567593,10.945950,0.420208,0.000708,9.309035,1.215791,242,0.683616,0.916667,0.761007,0.056385,13.788865
491,2619321627082,1,orb_cpu,stereo,76.383279,77.624778,0.000000,0.000000,0.000000,0.000000,0.000000,0.000000,0.000000,0.000000,600,600,77.935403,16.954029,11.019617,105.909049,278,194,193,0.694245,0.416667,0.000000,4.780823,0.000000,0.000000,0.000000,0.000000,0.000000,188,0.676259,0.416667,0.874116,0.421387,5.432455
491,2619321627082,1,xfeat_guided,temporal,23.227733,20.810610,4.610872,3.939997,0.001167,0.000958,16.992529,15.419864,1.622957,1.449457,600,600,44.038343,3.874455,4.594414,52.507212,354,286,286,0.807910,0.937500,0.000000,nan,0.000000,0.000000,0.000000,0.000000,0.000000,0,0.000000,0.000000,nan,nan,0.000000
491,2619321627082,1,orb_cpu,temporal,75.212322,76.383279,0.000000,0.000000,0.000000,0.000000,0.000000,0.000000,0.000000,0.000000,600,600,151.595601,10.033826,2.408499,164.037926,390,336,336,0.861538,0.458333,1.727997,nan,0.000000,0.000000,0.000000,0.000000,0.000000,0,0.000000,0.000000,nan,nan,0.000000
500,2620221624874,0,xfeat_star_coarse,stereo,23.261233,39.181806,4.786913,4.699455,0.000833,17.013572,16.996280,15.865405,1.477040,1.603124,600,600,39.726180,1.626874,0.303291,41.656345,379,379,379,1.000000,1.000000,0.000000,8.000000,0.000000,0.000000,0.000000,0.000000,0.000000,210,0.554090,0.916667,0.560053,-0.051123,6.110829
500,2620221624874,0,xfeat_star_fine,stereo,23.261233,39.181806,4.786913,4.699455,0.000833,17.013572,16.996280,15.865405,1.477040,1.603124,600,600,39.726180,1.626874,0.319500,55.299420,370,370,369,0.997297,0.979167,0.000000,8.632355,13.626866,0.417875,0.000958,11.969158,1.238583,217,0.586486,0.895833,0.611493,-0.096582,6.034746
500,2620221624874,0,orb_cpu,stereo,75.837238,76.571779,0.000000,0.000000,0.000000,0.000000,0.000000,0.000000,0.000000,0.000000,600,600,76.867904,15.171198,9.991576,102.030678,252,179,179,0.710317,0.458333,0.000000,5.971985,0.000000,0.000000,0.000000,0.000000,0.000000,167,0.662698,0.458333,0.854942,0.073154,4.876205
501,2620311640082,0,xfeat_star_coarse,stereo,22.681818,39.144806,4.684997,4.628914,0.000792,16.082697,16.073822,16.907363,1.921957,1.525541,600,600,39.523222,1.635082,0.275917,41.434221,366,366,366,1.000000,1.000000,0.000000,8.000000,0.000000,0.000000,0.000000,0.000000,0.000000,193,0.527322,0.937500,0.531572,-0.085521,7.245244
501,2620311640082,0,xfeat_star_fine,stereo,22.681818,39.144806,4.684997,4.628914,0.000792,16.082697,16.073822,16.907363,1.921957,1.525541,600,600,39.523222,1.635082,0.331624,52.801211,358,358,358,1.000000,1.000000,0.000000,8.688442,11.311283,0.403791,0.001291,9.705869,1.200165,198,0.553073,0.916667,0.574349,-0.087399,7.286912
501,2620311640082,0,orb_cpu,stereo,76.031488,77.340404,0.000000,0.000000,0.000000,0.000000,0.000000,0.000000,0.000000,0.000000,600,600,77.633487,8.817827,15.179656,101.630970,240,158,155,0.645833,0.416667,0.345589,5.184006,0.000000,0.000000,0.000000,0.000000,0.000000,150,0.625000,0.416667,0.852683,0.160102,4.686455
501,2620311640082,0,xfeat_guided,temporal,23.261233,22.681818,4.786913,4.684997,0.000833,0.000792,16.996280,16.073822,1.477040,1.921957,600,600,45.943051,3.366289,5.037038,54.346378,344,275,275,0.799419,1.000000,0.000000,nan,0.000000,0.000000,0.000000,0.000000,0.000000,0,0.000000,0.000000,nan,nan,0.000000
501,2620311640082,0,orb_cpu,temporal,75.837238,76.031488,0.000000,0.000000,0.000000,0.000000,0.000000,0.000000,0.000000,0.000000,600,600,151.868726,9.238035,3.620748,164.727509,384,308,308,0.802083,0.583333,1.000000,nan,0.000000,0.000000,0.000000,0.000000,0.000000,0,0.000000,0.000000,nan,nan,0.000000
510,2621211645708,0,xfeat_star_coarse,stereo,22.085901,38.504764,3.926663,3.871663,0.000875,16.483988,16.473530,16.474030,1.684583,1.674874,600,600,38.870681,1.774874,0.359708,41.005263,363,363,363,1.000000,0.979167,0.000000,8.000000,0.000000,0.000000,0.000000,0.000000,0.000000,183,0.504132,0.895833,0.516850,-0.071892,7.277953
510,2621211645708,0,xfeat_star_fine,stereo,22.085901,38.504764,3.926663,3.871663,0.000875,16.483988,16.473530,16.474030,1.684583,1.674874,600,600,38.870681,1.774874,0.421541,51.791338,352,352,350,0.994318,0.979167,0.000000,8.900162,10.724242,0.289583,0.000750,9.270911,1.162832,184,0.522727,0.895833,0.564946,-0.094755,13.753949
510,2621211645708,0,orb_cpu,stereo,70.608450,73.482406,0.000000,0.000000,0.000000,0.000000,0.000000,0.000000,0.000000,0.000000,600,600,73.970031,15.943406,8.909869,98.823306,298,216,212,0.711409,0.354167,0.000000,4.800003,0.000000,0.000000,0.000000,0.000000,0.000000,193,0.647651,0.354167,0.878307,0.363561,5.682829
511,2621391656083,0,xfeat_star_coarse,stereo,38.412306,21.595319,4.009914,3.957789,15.889697,0.000958,17.034071,15.875489,1.478499,1.760916,600,600,38.727973,1.717040,0.383833,40.828846,356,356,356,1.000000,1.000000,0.000000,8.000000,0.000000,0.000000,0.000000,0.000000,0.000000,187,0.525281,0.833333,0.528060,-0.080871,7.038370
511,2621391656083,0,xfeat_star_fine,stereo,38.412306,21.595319,4.009914,3.957789,15.889697,0.000958,17.034071,15.875489,1.478499,1.760916,600,600,38.727973,1.717040,0.304750,51.628714,343,343,343,1.000000,1.000000,0.000000,8.826599,10.878951,0.395125,0.000750,9.307451,1.175458,186,0.542274,0.812500,0.540465,-0.082679,6.456787
511,2621391656083,0,orb_cpu,stereo,74.121906,69.826075,0.000000,0.000000,0.000000,0.000000,0.000000,0.000000,0.000000,0.000000,600,600,74.385656,10.521701,8.672660,93.580017,297,217,213,0.717172,0.354167,0.000000,4.561951,0.000000,0.000000,0.000000,0.000000,0.000000,205,0.690236,0.354167,0.883510,0.228373,5.673454
511,2621391656083,0,xfeat_guided,temporal,22.085901,38.412306,3.926663,4.009914,0.000875,15.889697,16.473530,17.034071,1.684583,1.478499,600,600,60.498207,2.861665,6.067245,69.427117,263,201,201,0.764259,0.875000,0.000000,nan,0.000000,0.000000,0.000000,0.000000,0.000000,0,0.000000,0.000000,nan,nan,0.000000
511,2621391656083,0,orb_cpu,temporal,70.608450,74.121906,0.000000,0.000000,0.000000,0.000000,0.000000,0.000000,0.000000,0.000000,600,600,144.730356,10.033493,6.425662,161.189511,373,283,283,0.758713,0.395833,1.000000,nan,0.000000,0.000000,0.000000,0.000000,0.000000,0,0.000000,0.000000,nan,nan,0.000000
520,2622291640458,0,xfeat_star_coarse,stereo,22.934984,38.956306,4.716372,4.619705,0.001041,16.730821,16.718780,15.913114,1.498624,1.692541,600,600,39.502972,1.283082,0.241458,41.027512,364,364,364,1.000000,0.979167,0.000000,8.000000,0.000000,0.000000,0.000000,0.000000,0.000000,189,0.519231,0.875000,0.517818,-0.153022,25.372690
520,2622291640458,0,xfeat_star_fine,stereo,22.934984,38.956306,4.716372,4.619705,0.001041,16.730821,16.718780,15.913114,1.498624,1.692541,600,600,39.502972,1.283082,0.888166,53.767837,354,354,354,1.000000,0.958333,0.000000,8.695095,12.093617,0.592375,0.001375,9.379410,2.119915,193,0.545198,0.854167,0.543659,-0.180907,24.685566
520,2622291640458,0,orb_cpu,stereo,69.198660,73.823365,0.000000,0.000000,0.000000,0.000000,0.000000,0.000000,0.000000,0.000000,600,600,74.112489,21.837360,9.255494,105.205343,310,237,234,0.754839,0.270833,0.000000,4.319992,0.000000,0.000000,0.000000,0.000000,0.000000,222,0.716129,0.270833,0.862986,0.157129,5.977579
521,2622381647208,0,xfeat_star_coarse,stereo,39.046848,22.347484,4.779164,4.717705,15.934572,0.000917,16.627072,15.925988,1.705874,1.702582,600,600,39.400972,1.510291,0.283958,41.195221,362,362,362,1.000000,1.000000,0.000000,8.000000,0.000000,0.000000,0.000000,0.000000,0.000000,192,0.530387,0.833333,0.547834,-0.135634,7.128787
521,2622381647208,0,xfeat_star_fine,stereo,39.046848,22.347484,4.779164,4.717705,15.934572,0.000917,16.627072,15.925988,1.705874,1.702582,600,600,39.400972,1.510291,0.315875,52.329588,350,350,350,1.000000,1.000000,0.000000,8.683403,11.102450,0.296124,0.000667,9.603118,1.202374,196,0.560000,0.854167,0.579323,-0.184678,9.790410
521,2622381647208,0,orb_cpu,stereo,67.470536,69.585243,0.000000,0.000000,0.000000,0.000000,0.000000,0.000000,0.000000,0.000000,600,600,69.841450,19.782861,6.113370,95.737681,324,249,246,0.759259,0.291667,0.000000,4.147186,0.000000,0.000000,0.000000,0.000000,0.000000,228,0.703704,0.291667,0.852914,0.362040,6.193954
521,2622381647208,0,xfeat_guided,temporal,22.934984,39.046848,4.716372,4.779164,0.001041,15.934572,16.718780,16.627072,1.498624,1.705874,600,600,61.981832,3.367456,5.483371,70.832659,340,266,266,0.782353,0.875000,0.000000,nan,0.000000,0.000000,0.000000,0.000000,0.000000,0,0.000000,0.000000,nan,nan,0.000000
521,2622381647208,0,orb_cpu,temporal,69.198660,67.470536,0.000000,0.000000,0.000000,0.000000,0.000000,0.000000,0.000000,0.000000,600,600,136.669196,11.009700,4.245955,151.924851,360,290,290,0.805556,0.312500,1.439972,nan,0.000000,0.000000,0.000000,0.000000,0.000000,0,0.000000,0.000000,nan,nan,0.000000
530,2623281631334,0,xfeat_star_coarse,stereo,22.979650,38.683056,4.142205,4.097247,0.000833,17.106529,17.088905,15.871489,1.747498,1.607499,600,600,39.026764,1.700207,0.381666,41.108637,384,384,384,1.000000,1.000000,0.000000,8.000000,0.000000,0.000000,0.000000,0.000000,0.000000,206,0.536458,0.916667,0.550077,-0.119066,7.602870
530,2623281631334,0,xfeat_star_fine,stereo,22.979650,38.683056,4.142205,4.097247,0.000833,17.106529,17.088905,15.871489,1.747498,1.607499,600,600,39.026764,1.700207,0.320208,51.875880,374,374,374,1.000000,1.000000,0.000000,8.730972,10.828701,0.311292,0.000541,9.268535,1.248166,212,0.566845,0.895833,0.580937,-0.218116,10.851159
530,2623281631334,0,orb_cpu,stereo,66.871286,69.111409,0.000000,0.000000,0.000000,0.000000,0.000000,0.000000,0.000000,0.000000,600,600,69.591617,15.844780,12.184200,97.620597,296,207,199,0.672297,0.270833,0.319992,4.888321,0.000000,0.000000,0.000000,0.000000,0.000000,188,0.635135,0.270833,0.822029,-0.065878,5.612204
531,2623371634875,0,xfeat_star_coarse,stereo,36.849099,20.813151,3.951289,3.904413,15.432323,0.000583,15.809655,15.406698,1.655666,1.501290,600,600,37.160182,1.635040,0.385375,39.180597,378,378,378,1.000000,0.979167,0.000000,8.000000,0.000000,0.000000,0.000000,0.000000,0.000000,195,0.515873,0.895833,0.525505,-0.218699,7.594869
531,2623371634875,0,xfeat_star_fine,stereo,36.849099,20.813151,3.951289,3.904413,15.432323,0.000583,15.809655,15.406698,1.655666,1.501290,600,600,37.160182,1.635040,0.664332,51.449379,368,368,368,1.000000,0.979167,0.000000,8.821701,11.989825,0.378542,0.000834,9.574410,2.035873,208,0.565217,0.854167,0.574593,-0.219172,14.324199
531,2623371634875,0,orb_cpu,stereo,68.217868,70.754033,0.000000,0.000000,0.000000,0.000000,0.000000,0.000000,0.000000,0.000000,600,600,71.061408,10.144826,10.390075,91.596309,288,201,174,0.604167,0.270833,0.288006,5.000000,0.000000,0.000000,0.000000,0.000000,0.000000,159,0.552083,0.270833,0.851144,-0.016960,4.625289
531,2623371634875,0,xfeat_guided,temporal,22.979650,36.849099,4.142205,3.951289,0.000833,15.432323,17.088905,15.809655,1.747498,1.655666,600,600,59.828749,3.274790,4.639705,67.743244,371,299,299,0.805930,0.875000,0.000000,nan,0.000000,0.000000,0.000000,0.000000,0.000000,0,0.000000,0.000000,nan,nan,0.000000
531,2623371634875,0,orb_cpu,temporal,66.871286,68.217868,0.000000,0.000000,0.000000,0.000000,0.000000,0.000000,0.000000,0.000000,600,600,135.089154,9.765368,3.813330,148.667852,372,307,307,0.825269,0.312500,2.540169,nan,0.000000,0.000000,0.000000,0.000000,0.000000,0,0.000000,0.000000,nan,nan,0.000000
540,2624361630126,1,xfeat_star_coarse,stereo,22.974276,40.224055,4.772205,4.683205,0.000834,16.535821,16.518655,17.413696,1.682332,1.591166,600,600,40.800013,5.483913,1.202082,47.486008,377,377,377,1.000000,1.000000,0.000000,8.000000,0.000000,0.000000,0.000000,0.000000,0.000000,242,0.641910,0.895833,0.660175,0.022626,28.837563
540,2624361630126,1,xfeat_star_fine,stereo,22.974276,40.224055,4.772205,4.683205,0.000834,16.535821,16.518655,17.413696,1.682332,1.591166,600,600,40.800013,5.483913,0.356375,57.833710,369,369,368,0.997290,0.979167,0.000000,8.943756,11.193409,0.590499,0.001375,9.371160,1.229791,232,0.628726,0.875000,0.621383,-0.214160,28.226313
540,2624361630126,1,orb_cpu,stereo,67.834785,69.596992,0.000000,0.000000,0.000000,0.000000,0.000000,0.000000,0.000000,0.000000,600,600,69.829158,22.853900,12.258742,104.941800,289,215,212,0.733564,0.250000,0.000000,5.971985,0.000000,0.000000,0.000000,0.000000,0.000000,197,0.681661,0.250000,0.887351,0.196796,5.513579
541,2624451647501,1,xfeat_star_coarse,stereo,21.484693,37.457849,4.586413,4.536705,0.000916,15.427364,15.427406,15.871322,1.469749,1.622333,600,600,37.906265,1.381457,0.247041,39.534763,374,374,374,1.000000,0.979167,0.000000,8.000000,0.000000,0.000000,0.000000,0.000000,0.000000,220,0.588235,0.833333,0.620595,-0.060290,10.770951
541,2624451647501,1,xfeat_star_fine,stereo,21.484693,37.457849,4.586413,4.536705,0.000916,15.427364,15.427406,15.871322,1.469749,1.622333,600,600,37.906265,1.381457,0.313708,51.173338,363,363,362,0.997245,0.979167,0.000000,8.939857,11.571908,0.396000,0.000875,9.929076,1.245707,217,0.597796,0.854167,0.633755,-0.195575,12.222200
541,2624451647501,1,orb_cpu,stereo,68.178452,69.696367,0.000000,0.000000,0.000000,0.000000,0.000000,0.000000,0.000000,0.000000,600,600,69.973992,18.713279,4.875705,93.562976,285,224,220,0.771930,0.250000,0.000000,5.971970,0.000000,0.000000,0.000000,0.000000,0.000000,193,0.677193,0.250000,0.884906,0.078337,5.436871
541,2624451647501,1,xfeat_guided,temporal,22.974276,21.484693,4.772205,4.586413,0.000834,0.000916,16.518655,15.427406,1.682332,1.469749,600,600,44.458969,3.441622,6.404412,54.305003,378,292,292,0.772487,0.916667,0.000000,nan,0.000000,0.000000,0.000000,0.000000,0.000000,0,0.000000,0.000000,nan,nan,0.000000
541,2624451647501,1,orb_cpu,temporal,67.834785,68.178452,0.000000,0.000000,0.000000,0.000000,0.000000,0.000000,0.000000,0.000000,600,600,136.013237,10.105326,6.729162,152.847725,372,282,282,0.758065,0.208333,2.399994,nan,0.000000,0.000000,0.000000,0.000000,0.000000,0,0.000000,0.000000,nan,nan,0.000000
550,2625351641793,1,xfeat_star_coarse,stereo,39.066473,23.297150,4.019122,3.974622,17.555738,0.000750,15.852364,17.538821,1.638999,1.782707,600,600,39.366347,1.738373,0.488875,41.593595,384,384,384,1.000000,1.000000,0.000000,8.000000,0.000000,0.000000,0.000000,0.000000,0.000000,248,0.645833,0.833333,0.717687,-0.054469,7.714869
550,2625351641793,1,xfeat_star_fine,stereo,39.066473,23.297150,4.019122,3.974622,17.555738,0.000750,15.852364,17.538821,1.638999,1.782707,600,600,39.366347,1.738373,0.248709,52.174297,380,380,380,1.000000,1.000000,0.000000,9.165848,10.820868,0.302000,0.000667,9.271202,1.246874,236,0.621053,0.854167,0.690130,-0.072113,10.548992
550,2625351641793,1,orb_cpu,stereo,71.952991,73.590781,0.000000,0.000000,0.000000,0.000000,0.000000,0.000000,0.000000,0.000000,600,600,74.090531,11.796575,5.566538,91.453644,315,246,244,0.774603,0.291667,0.000000,2.000000,0.000000,0.000000,0.000000,0.000000,0.000000,229,0.726984,0.291667,0.874914,0.298262,5.990079
551,2625441641585,1,xfeat_star_coarse,stereo,23.191400,39.145139,4.243997,4.210955,0.001000,17.472738,17.465863,15.886280,1.480332,1.575041,600,600,39.568056,1.730291,0.375875,41.674222,368,368,368,1.000000,0.979167,0.000000,8.000000,0.000000,0.000000,0.000000,0.000000,0.000000,244,0.663043,0.833333,0.709963,-0.069690,7.386286
551,2625441641585,1,xfeat_star_fine,stereo,23.191400,39.145139,4.243997,4.210955,0.001000,17.472738,17.465863,15.886280,1.480332,1.575041,600,600,39.568056,1.730291,0.642958,53.387421,361,361,359,0.994460,0.979167,0.000000,9.143799,11.446116,0.280374,0.000625,9.563202,1.601748,223,0.617729,0.937500,0.669969,-0.044418,14.021031
551,2625441641585,1,orb_cpu,stereo,71.589199,74.547864,0.000000,0.000000,0.000000,0.000000,0.000000,0.000000,0.000000,0.000000,600,600,74.862821,10.159077,4.754746,89.776644,338,270,267,0.789941,0.270833,0.000000,2.000000,0.000000,0.000000,0.000000,0.000000,0.000000,252,0.745562,0.250000,0.892662,0.336049,5.247996
551,2625441641585,1,xfeat_guided,temporal,39.066473,23.191400,4.019122,4.243997,17.555738,0.001000,15.852364,17.465863,1.638999,1.480332,600,600,62.257873,2.866206,4.873955,69.998034,377,301,301,0.798408,0.791667,0.000000,nan,0.000000,0.000000,0.000000,0.000000,0.000000,0,0.000000,0.000000,nan,nan,0.000000
551,2625441641585,1,orb_cpu,temporal,71.952991,71.589199,0.000000,0.000000,0.000000,0.000000,0.000000,0.000000,0.000000,0.000000,600,600,143.542190,10.063410,4.053747,157.659347,376,306,306,0.813830,0.333333,1.200012,nan,0.000000,0.000000,0.000000,0.000000,0.000000,0,0.000000,0.000000,nan,nan,0.000000
560,2626341651877,1,xfeat_star_coarse,stereo,23.303359,39.181430,4.760372,4.646830,0.001125,17.064238,17.067947,15.863447,1.473749,1.606707,600,600,39.854180,6.013996,1.267499,47.135675,384,384,384,1.000000,1.000000,0.000000,8.000000,0.000000,0.000000,0.000000,0.000000,0.000000,252,0.656250,0.854167,0.684796,-0.000435,29.067146
560,2626341651877,1,xfeat_star_fine,stereo,23.303359,39.181430,4.760372,4.646830,0.001125,17.064238,17.067947,15.863447,1.473749,1.606707,600,600,39.854180,6.013996,1.260791,59.369542,376,376,376,1.000000,1.000000,0.000000,9.108292,12.240575,0.602416,0.001375,9.433368,2.202832,250,0.664894,0.854167,0.695546,0.015903,13.238157
560,2626341651877,1,orb_cpu,stereo,75.817862,69.317534,0.000000,0.000000,0.000000,0.000000,0.000000,0.000000,0.000000,0.000000,587,586,76.153530,7.971994,10.223659,94.349183,327,257,255,0.779817,0.333333,0.000000,2.000000,0.000000,0.000000,0.000000,0.000000,0.000000,245,0.749235,0.333333,0.889629,0.336264,6.242787
561,2626521639835,1,xfeat_star_coarse,stereo,37.192849,21.674818,4.650830,4.599455,15.599697,0.000791,15.483239,15.574989,1.458833,1.499374,600,600,37.547640,3.254748,0.655207,41.457595,369,369,369,1.000000,1.000000,0.000000,8.000000,0.000000,0.000000,0.000000,0.000000,0.000000,261,0.707317,0.937500,0.729630,0.141514,14.066324
561,2626521639835,1,xfeat_star_fine,stereo,37.192849,21.674818,4.650830,4.599455,15.599697,0.000791,15.483239,15.574989,1.458833,1.499374,600,600,37.547640,3.254748,0.657875,53.119421,362,362,361,0.997238,1.000000,0.000000,9.100922,11.659158,0.374291,0.000916,9.334160,1.949499,235,0.649171,0.875000,0.701333,0.034036,13.963823
561,2626521639835,1,orb_cpu,stereo,70.459325,72.131366,0.000000,0.000000,0.000000,0.000000,0.000000,0.000000,0.000000,0.000000,565,565,72.417324,16.157114,4.775872,93.350310,299,237,236,0.789298,0.312500,0.000000,7.166351,0.000000,0.000000,0.000000,0.000000,0.000000,225,0.752508,0.312500,0.905417,0.330303,5.707413
561,2626521639835,1,xfeat_guided,temporal,23.303359,37.192849,4.760372,4.650830,0.001125,15.599697,17.067947,15.483239,1.473749,1.458833,600,600,60.496208,2.586373,33.111559,96.194140,232,147,147,0.633621,0.708333,0.000000,nan,0.000000,0.000000,0.000000,0.000000,0.000000,0,0.000000,0.000000,nan,nan,0.000000
561,2626521639835,1,orb_cpu,temporal,75.817862,70.459325,0.000000,0.000000,0.000000,0.000000,0.000000,0.000000,0.000000,0.000000,587,565,146.277187,7.458953,12.795199,166.531339,215,142,142,0.660465,0.312500,3.583191,nan,0.000000,0.000000,0.000000,0.000000,0.000000,0,0.000000,0.000000,nan,nan,0.000000
570,2627421649586,1,xfeat_star_coarse,stereo,49.087174,32.950518,13.555241,13.384990,17.990613,0.001000,15.813447,17.972488,1.727707,1.591790,600,600,49.689132,1.639832,0.280083,51.609047,369,369,369,1.000000,1.000000,0.000000,8.000000,0.000000,0.000000,0.000000,0.000000,0.000000,204,0.552846,0.937500,0.566146,-0.001130,7.185786
570,2627421649586,1,xfeat_star_fine,stereo,49.087174,32.950518,13.555241,13.384990,17.990613,0.001000,15.813447,17.972488,1.727707,1.591790,600,600,49.689132,1.639832,0.365416,65.638787,353,353,352,0.997167,1.000000,0.000000,9.438416,13.944407,0.425500,0.001042,12.037033,1.480374,197,0.558074,0.895833,0.572366,-0.038111,8.394994
570,2627421649586,1,orb_cpu,stereo,61.878373,63.458372,0.000000,0.000000,0.000000,0.000000,0.000000,0.000000,0.000000,0.000000,502,492,64.007288,11.027159,1.128499,76.162946,291,265,265,0.910653,0.416667,0.000000,8.639999,0.000000,0.000000,0.000000,0.000000,0.000000,256,0.879725,0.416667,0.903576,0.541626,4.431622
571,2627511643836,1,xfeat_star_coarse,stereo,36.494891,20.870693,3.975539,3.931830,15.450906,0.000750,15.417364,15.434906,1.650957,1.503082,600,600,36.792016,1.626666,0.371084,38.789766,364,364,364,1.000000,1.000000,0.000000,8.000000,0.000000,0.000000,0.000000,0.000000,0.000000,184,0.505495,0.875000,0.527516,-0.068804,7.764702
571,2627511643836,1,xfeat_star_fine,stereo,36.494891,20.870693,3.975539,3.931830,15.450906,0.000750,15.417364,15.434906,1.650957,1.503082,600,600,36.792016,1.626666,0.304916,52.279089,351,351,349,0.994302,1.000000,0.000000,9.464203,13.555491,0.387125,0.000708,11.973075,1.194291,192,0.547009,0.833333,0.562385,-0.120459,5.717580
571,2627511643836,1,orb_cpu,stereo,62.942997,64.335371,0.000000,0.000000,0.000000,0.000000,0.000000,0.000000,0.000000,0.000000,507,480,64.631788,7.050620,1.822041,73.504449,285,259,259,0.908772,0.416667,0.000000,9.465591,0.000000,0.000000,0.000000,0.000000,0.000000,247,0.866667,0.416667,0.904236,0.527776,5.486371
571,2627511643836,1,xfeat_guided,temporal,49.087174,36.494891,13.555241,3.975539,17.990613,15.450906,15.813447,15.417364,1.727707,1.650957,600,600,85.582065,3.280289,27.210648,116.073002,348,215,215,0.617816,0.770833,0.000000,nan,0.000000,0.000000,0.000000,0.000000,0.000000,0,0.000000,0.000000,nan,nan,0.000000
571,2627511643836,1,orb_cpu,temporal,61.878373,62.942997,0.000000,0.000000,0.000000,0.000000,0.000000,0.000000,0.000000,0.000000,502,507,124.821370,6.956245,3.431664,135.209279,301,248,248,0.823920,0.354167,3.456001,nan,0.000000,0.000000,0.000000,0.000000,0.000000,0,0.000000,0.000000,nan,nan,0.000000
580,2628411645336,1,xfeat_star_coarse,stereo,23.021567,39.047306,4.713289,4.673330,0.001083,16.786155,16.811530,15.898238,1.495415,1.689458,600,600,39.586430,5.096997,1.213915,45.897342,354,354,354,1.000000,0.979167,0.000000,16.000000,0.000000,0.000000,0.000000,0.000000,0.000000,182,0.514124,0.854167,0.529490,-0.061175,20.374194
580,2628411645336,1,xfeat_star_fine,stereo,23.021567,39.047306,4.713289,4.673330,0.001083,16.786155,16.811530,15.898238,1.495415,1.689458,600,600,39.586430,5.096997,0.316166,57.386792,343,343,343,1.000000,0.979167,0.000000,16.767334,12.387199,0.381874,0.000791,10.844576,1.159624,208,0.606414,0.937500,0.659141,-0.084765,13.295283
580,2628411645336,1,orb_cpu,stereo,67.304828,61.629289,0.000000,0.000000,0.000000,0.000000,0.000000,0.000000,0.000000,0.000000,509,502,67.564286,14.868072,2.446123,84.878481,292,265,264,0.904110,0.416667,0.000000,11.000000,0.000000,0.000000,0.000000,0.000000,0.000000,250,0.856164,0.416667,0.908278,0.515118,5.608621
581,2628501648336,1,xfeat_star_coarse,stereo,39.043097,22.229026,5.538038,4.496330,15.043155,0.000666,16.670405,16.011906,1.791332,1.719915,600,600,39.452681,1.581582,0.281291,41.315554,354,354,354,1.000000,0.979167,0.000000,16.000000,0.000000,0.000000,0.000000,0.000000,0.000000,191,0.539548,0.875000,0.536472,-0.016105,6.807745
581,2628501648336,1,xfeat_star_fine,stereo,39.043097,22.229026,5.538038,4.496330,15.043155,0.000666,16.670405,16.011906,1.791332,1.719915,600,600,39.452681,1.581582,0.315250,52.598255,342,342,340,0.994152,0.979167,0.000000,16.542496,11.248742,0.397625,0.000792,9.686618,1.163499,214,0.625731,0.916667,0.666522,0.019426,8.477452
581,2628501648336,1,orb_cpu,stereo,68.658368,61.516040,0.000000,0.000000,0.000000,0.000000,0.000000,0.000000,0.000000,0.000000,519,513,68.916701,14.871947,1.785582,85.574230,291,262,261,0.896907,0.395833,0.000000,11.971970,0.000000,0.000000,0.000000,0.000000,0.000000,245,0.841924,0.395833,0.899509,0.480941,5.511704
581,2628501648336,1,xfeat_guided,temporal,23.021567,39.043097,4.713289,5.538038,0.001083,15.043155,16.811530,16.670405,1.495415,1.791332,600,600,62.064664,3.147122,64.440871,129.652657,311,168,168,0.540193,0.708333,0.000000,nan,0.000000,0.000000,0.000000,0.000000,0.000000,0,0.000000,0.000000,nan,nan,0.000000
581,2628501648336,1,orb_cpu,temporal,67.304828,68.658368,0.000000,0.000000,0.000000,0.000000,0.000000,0.000000,0.000000,0.000000,509,519,135.963196,6.088579,4.404122,146.455897,300,232,232,0.773333,0.312500,2.399994,nan,0.000000,0.000000,0.000000,0.000000,0.000000,0,0.000000,0.000000,nan,nan,0.000000
590,2629401658545,1,xfeat_star_coarse,stereo,22.739859,38.633514,3.975539,4.057289,0.001125,17.099696,17.225238,15.837989,1.537791,1.638415,600,600,38.998222,1.474040,0.368959,40.841221,328,328,328,1.000000,1.000000,0.000000,16.000000,0.000000,0.000000,0.000000,0.000000,0.000000,107,0.326220,0.750000,0.315524,-0.301687,6.584620
590,2629401658545,1,xfeat_star_fine,stereo,22.739859,38.633514,3.975539,4.057289,0.001125,17.099696,17.225238,15.837989,1.537791,1.638415,600,600,38.998222,1.474040,0.586875,51.726796,305,305,302,0.990164,1.000000,0.000000,17.376541,10.667659,0.285042,0.000791,9.269244,1.112457,155,0.508197,0.875000,0.514815,-0.134221,12.137533
590,2629401658545,1,orb_cpu,stereo,64.854579,66.068703,0.000000,0.000000,0.000000,0.000000,0.000000,0.000000,0.000000,0.000000,523,514,66.540286,7.999661,1.061333,75.601280,254,237,237,0.933071,0.416667,0.000000,13.200005,0.000000,0.000000,0.000000,0.000000,0.000000,230,0.905512,0.416667,0.908119,0.571829,7.385036
591,2629581652920,1,xfeat_star_coarse,stereo,20.995193,36.920516,3.956747,3.894873,0.000625,15.458447,15.436989,15.884030,1.600666,1.682916,600,600,37.263640,1.546332,0.360833,39.170805,359,359,359,1.000000,0.979167,0.000000,16.000000,0.000000,0.000000,0.000000,0.000000,0.000000,115,0.320334,0.666667,0.292034,-0.329467,7.130745
591,2629581652920,1,xfeat_star_fine,stereo,20.995193,36.920516,3.956747,3.894873,0.000625,15.458447,15.436989,15.884030,1.600666,1.682916,600,600,37.263640,1.546332,0.304083,49.874339,343,343,337,0.982507,0.979167,0.000000,17.303680,10.760284,0.300167,0.000750,9.274660,1.184499,162,0.472303,0.812500,0.488012,-0.176005,11.908784
591,2629581652920,1,orb_cpu,stereo,67.995910,69.353659,0.000000,0.000000,0.000000,0.000000,0.000000,0.000000,0.000000,0.000000,530,521,69.773200,9.610993,1.931582,81.315775,280,247,244,0.871429,0.500000,0.000000,13.823990,0.000000,0.000000,0.000000,0.000000,0.000000,231,0.825000,0.500000,0.908114,0.487320,5.461954
591,2629581652920,1,xfeat_guided,temporal,22.739859,20.995193,3.975539,3.956747,0.001125,0.000625,17.225238,15.436989,1.537791,1.600666,600,600,43.735052,2.738831,116.589583,163.063466,282,124,124,0.439716,0.687500,8.000000,nan,0.000000,0.000000,0.000000,0.000000,0.000000,0,0.000000,0.000000,nan,nan,0.000000
591,2629581652920,1,orb_cpu,temporal,64.854579,67.995910,0.000000,0.000000,0.000000,0.000000,0.000000,0.000000,0.000000,0.000000,523,530,132.850489,7.122120,3.919205,143.891814,227,176,176,0.775330,0.395833,2.880005,nan,0.000000,0.000000,0.000000,0.000000,0.000000,0,0.000000,0.000000,nan,nan,0.000000
600,2630481650920,1,xfeat_star_coarse,stereo,23.071691,38.446097,4.717746,4.627372,0.000583,16.787946,16.763238,15.493489,1.589957,1.537165,600,600,38.995056,1.320957,0.299916,40.615929,345,345,345,1.000000,0.979167,0.000000,16.000000,0.000000,0.000000,0.000000,0.000000,0.000000,177,0.513043,0.687500,0.567541,-0.165828,16.358114
600,2630481650920,1,xfeat_star_fine,stereo,23.071691,38.446097,4.717746,4.627372,0.000583,16.787946,16.763238,15.493489,1.589957,1.537165,600,600,38.995056,1.320957,0.613708,54.176920,325,325,325,1.000000,0.979167,0.000000,17.490128,13.247199,0.311709,0.000458,10.238451,2.696331,206,0.633846,0.770833,0.697313,-0.227801,12.524657
600,2630481650920,1,orb_cpu,stereo,62.749455,64.090996,0.000000,0.000000,0.000000,0.000000,0.000000,0.000000,0.000000,0.000000,555,523,64.349537,16.673530,2.440748,83.463815,289,252,251,0.868512,0.375000,0.000000,17.915909,0.000000,0.000000,0.000000,0.000000,0.000000,235,0.813149,0.375000,0.913154,0.577050,5.453496
601,2630571658754,1,xfeat_star_coarse,stereo,22.728192,38.744306,4.752913,4.678789,0.000709,15.921155,15.899947,16.532322,2.074373,1.611707,600,600,39.116389,1.331541,0.284875,40.732805,317,317,317,1.000000,0.958333,0.000000,16.000000,0.000000,0.000000,0.000000,0.000000,0.000000,146,0.460568,0.750000,0.481875,-0.139291,6.134329
601,2630571658754,1,xfeat_star_fine,stereo,22.728192,38.744306,4.752913,4.678789,0.000709,15.921155,15.899947,16.532322,2.074373,1.611707,600,600,39.116389,1.331541,0.487167,54.334004,304,304,302,0.993421,0.958333,0.000000,17.729164,13.398907,0.253333,0.000750,10.658742,2.485915,177,0.582237,0.833333,0.619020,-0.148165,11.728366
601,2630571658754,1,orb_cpu,stereo,59.529624,61.110290,0.000000,0.000000,0.000000,0.000000,0.000000,0.000000,0.000000,0.000000,534,522,61.371540,15.957864,2.837956,80.167360,282,254,254,0.900709,0.395833,0.000000,18.662399,0.000000,0.000000,0.000000,0.000000,0.000000,239,0.847518,0.395833,0.911494,0.504841,5.352705
601,2630571658754,1,xfeat_guided,temporal,23.071691,22.728192,4.717746,4.752913,0.000583,0.000709,16.763238,15.899947,1.589957,2.074373,600,600,45.799883,3.236748,90.923019,139.959650,323,166,166,0.513932,0.708333,8.000000,nan,0.000000,0.000000,0.000000,0.000000,0.000000,0,0.000000,0.000000,nan,nan,0.000000
601,2630571658754,1,orb_cpu,temporal,62.749455,59.529624,0.000000,0.000000,0.000000,0.000000,0.000000,0.000000,0.000000,0.000000,555,534,122.279079,6.691621,4.528997,133.499697,305,237,237,0.777049,0.291667,2.400024,nan,0.000000,0.000000,0.000000,0.000000,0.000000,0,0.000000,0.000000,nan,nan,0.000000
610,2631471649421,1,xfeat_star_coarse,stereo,34.167392,49.878214,14.730114,14.563406,0.001250,17.767196,17.751946,15.878030,1.683707,1.669374,600,600,50.547464,1.661916,0.346333,52.555713,325,325,325,1.000000,0.979167,0.000000,32.000000,0.000000,0.000000,0.000000,0.000000,0.000000,151,0.464615,0.729167,0.481435,-0.160709,6.111746
610,2631471649421,1,xfeat_star_fine,stereo,34.167392,49.878214,14.730114,14.563406,0.001250,17.767196,17.751946,15.878030,1.683707,1.669374,600,600,50.547464,1.661916,0.345542,63.585747,311,311,309,0.993569,0.979167,0.000000,32.470226,11.030825,0.254208,0.000541,9.438494,1.337457,189,0.607717,0.812500,0.639369,0.005886,6.196245
610,2631471649421,1,orb_cpu,stereo,61.544789,63.258539,0.000000,0.000000,0.000000,0.000000,0.000000,0.000000,0.000000,0.000000,582,567,63.708455,14.327198,3.851831,81.887484,283,235,234,0.826855,0.437500,0.000000,28.800003,0.000000,0.000000,0.000000,0.000000,0.000000,227,0.802120,0.437500,0.924577,0.457594,5.428329
611,2631561670921,1,xfeat_star_coarse,stereo,22.928400,40.161889,4.454872,4.452914,0.001125,16.750113,16.765446,17.411071,1.706624,1.547624,600,600,40.486262,1.410583,0.289250,42.186095,307,307,307,1.000000,0.937500,0.000000,32.000000,0.000000,0.000000,0.000000,0.000000,0.000000,134,0.436482,0.750000,0.440542,-0.281579,5.409746
611,2631561670921,1,xfeat_star_fine,stereo,22.928400,40.161889,4.454872,4.452914,0.001125,16.750113,16.765446,17.411071,1.706624,1.547624,600,600,40.486262,1.410583,0.284833,53.159961,287,287,287,1.000000,0.937500,0.000000,32.758667,10.978283,0.259624,0.000542,9.696951,1.020999,139,0.484321,0.812500,0.497471,-0.153492,4.655288
611,2631561670921,1,orb_cpu,stereo,66.116870,59.304458,0.000000,0.000000,0.000000,0.000000,0.000000,0.000000,0.000000,0.000000,595,586,66.411578,11.528075,4.582705,82.522358,304,243,242,0.796053,0.479167,0.000000,28.800003,0.000000,0.000000,0.000000,0.000000,0.000000,231,0.759868,0.479167,0.903190,0.334935,5.935496
611,2631561670921,1,xfeat_guided,temporal,34.167392,22.928400,14.730114,4.454872,0.001250,0.001125,17.751946,16.765446,1.683707,1.706624,600,600,57.095792,3.263706,39.195722,99.555220,331,194,194,0.586103,0.708333,0.000000,nan,0.000000,0.000000,0.000000,0.000000,0.000000,0,0.000000,0.000000,nan,nan,0.000000
611,2631561670921,1,orb_cpu,temporal,61.544789,66.116870,0.000000,0.000000,0.000000,0.000000,0.000000,0.000000,0.000000,0.000000,582,595,127.661659,7.809787,2.608498,138.079944,373,313,313,0.839142,0.375000,2.880005,nan,0.000000,0.000000,0.000000,0.000000,0.000000,0,0.000000,0.000000,nan,nan,0.000000
620,2632551758046,1,xfeat_star_coarse,stereo,22.729734,38.632973,4.715163,4.613122,0.000958,16.517113,16.499405,15.859572,1.514041,1.642916,600,600,39.247722,1.343374,0.295791,40.886887,316,316,316,1.000000,0.958333,0.000000,32.000000,0.000000,0.000000,0.000000,0.000000,0.000000,135,0.427215,0.770833,0.455810,-0.199644,14.345449
620,2632551758046,1,xfeat_star_fine,stereo,22.729734,38.632973,4.715163,4.613122,0.000958,16.517113,16.499405,15.859572,1.514041,1.642916,600,600,39.247722,1.343374,0.593374,54.151045,306,306,305,0.996732,0.937500,0.000000,32.885391,12.966575,0.269000,0.000959,10.207492,2.488999,146,0.477124,0.770833,0.499004,-0.035677,11.670076
620,2632551758046,1,orb_cpu,stereo,66.875077,60.539040,0.000000,0.000000,0.000000,0.000000,0.000000,0.000000,0.000000,0.000000,597,585,67.125536,19.536653,4.848913,91.511102,321,257,257,0.800623,0.458333,0.000000,30.000000,0.000000,0.000000,0.000000,0.000000,0.000000,245,0.763240,0.458333,0.925768,0.454466,6.141037
621,2632641665630,1,xfeat_star_coarse,stereo,38.134515,21.987442,4.682164,4.633996,15.904239,0.000875,15.865239,15.881280,1.682707,1.471124,600,600,38.491681,1.654457,0.343458,40.489596,302,302,302,1.000000,0.979167,0.000000,32.000000,0.000000,0.000000,0.000000,0.000000,0.000000,122,0.403974,0.750000,0.423303,-0.289670,5.885454
621,2632641665630,1,xfeat_star_fine,stereo,38.134515,21.987442,4.682164,4.633996,15.904239,0.000875,15.865239,15.881280,1.682707,1.471124,600,600,38.491681,1.654457,0.288292,51.730838,293,293,293,1.000000,0.979167,0.000000,32.670700,11.296408,0.253791,0.000500,10.029034,1.012916,133,0.453925,0.791667,0.476396,-0.115546,5.484704
621,2632641665630,1,orb_cpu,stereo,64.942537,58.796624,0.000000,0.000000,0.000000,0.000000,0.000000,0.000000,0.000000,0.000000,597,590,65.209537,9.843368,3.557164,78.610069,317,262,262,0.826498,0.416667,0.000000,29.859848,0.000000,0.000000,0.000000,0.000000,0.000000,247,0.779180,0.416667,0.926118,0.473919,6.055455
621,2632641665630,1,xfeat_guided,temporal,22.729734,38.134515,4.715163,4.682164,0.000958,15.904239,16.499405,15.865239,1.514041,1.682707,600,600,60.864249,3.586331,0.862583,65.313163,384,380,380,0.989583,1.000000,0.000000,nan,0.000000,0.000000,0.000000,0.000000,0.000000,0,0.000000,0.000000,nan,nan,0.000000
621,2632641665630,1,orb_cpu,temporal,66.875077,64.942537,0.000000,0.000000,0.000000,0.000000,0.000000,0.000000,0.000000,0.000000,597,597,131.817614,9.939034,0.795375,142.552023,525,520,520,0.990476,0.479167,0.000000,nan,0.000000,0.000000,0.000000,0.000000,0.000000,0,0.000000,0.000000,nan,nan,0.000000
630,2633541655214,1,xfeat_star_coarse,stereo,33.573435,49.494173,14.580698,14.418365,0.000875,17.515779,17.499196,15.867197,1.492458,1.692582,600,600,50.079881,1.662873,0.346708,52.089462,312,312,312,1.000000,0.958333,0.000000,32.000000,0.000000,0.000000,0.000000,0.000000,0.000000,136,0.435897,0.770833,0.463615,-0.180334,5.384829
630,2633541655214,1,xfeat_star_fine,stereo,33.573435,49.494173,14.580698,14.418365,0.000875,17.515779,17.499196,15.867197,1.492458,1.692582,600,600,50.079881,1.662873,0.354750,63.041621,300,300,298,0.993333,0.937500,0.000000,32.746735,10.944117,0.243375,0.000583,9.418160,1.281874,148,0.493333,0.854167,0.511067,-0.068575,5.980287
630,2633541655214,1,orb_cpu,stereo,63.520455,64.619662,0.000000,0.000000,0.000000,0.000000,0.000000,0.000000,0.000000,0.000000,596,587,65.090078,15.261365,3.805705,84.157148,320,261,259,0.809375,0.437500,0.000000,29.859833,0.000000,0.000000,0.000000,0.000000,0.000000,245,0.765625,0.437500,0.917174,0.429544,6.169329
631,2633631673172,1,xfeat_star_coarse,stereo,22.825275,38.759722,4.003789,3.940747,0.001084,17.350821,17.333029,15.850947,1.486957,1.616874,600,600,39.179597,1.627957,0.265791,41.073345,306,306,306,1.000000,0.979167,0.000000,32.000000,0.000000,0.000000,0.000000,0.000000,0.000000,136,0.444444,0.729167,0.448720,-0.307642,6.146329
631,2633631673172,1,xfeat_star_fine,stereo,22.825275,38.759722,4.003789,3.940747,0.001084,17.350821,17.333029,15.850947,1.486957,1.616874,600,600,39.179597,1.627957,0.294708,51.654505,300,300,300,1.000000,0.979167,0.000000,32.532188,10.552243,0.268667,0.000584,9.261368,1.021458,145,0.483333,0.833333,0.497426,-0.103954,8.048994
631,2633631673172,1,orb_cpu,stereo,62.463831,63.274330,0.000000,0.000000,0.000000,0.000000,0.000000,0.000000,0.000000,0.000000,597,582,63.535122,12.549908,7.595120,83.680150,310,234,231,0.745161,0.416667,0.000000,30.000000,0.000000,0.000000,0.000000,0.000000,0.000000,217,0.700000,0.416667,0.922771,0.472752,6.015329
631,2633631673172,1,xfeat_guided,temporal,33.573435,22.825275,14.580698,4.003789,0.000875,0.001084,17.499196,17.333029,1.492458,1.486957,600,600,56.398710,3.577540,0.891624,60.867874,384,375,375,0.976562,1.000000,0.000000,nan,0.000000,0.000000,0.000000,0.000000,0.000000,0,0.000000,0.000000,nan,nan,0.000000
631,2633631673172,1,orb_cpu,temporal,63.520455,62.463831,0.000000,0.000000,0.000000,0.000000,0.000000,0.000000,0.000000,0.000000,596,597,125.984286,9.971785,0.602167,136.558238,534,531,531,0.994382,0.479167,0.000000,nan,0.000000,0.000000,0.000000,0.000000,0.000000,0,0.000000,0.000000,nan,nan,0.000000
640,2634531667381,1,xfeat_star_coarse,stereo,23.443400,39.484263,3.971997,3.908539,0.000667,17.984737,17.965737,15.900697,1.504457,1.690040,600,600,39.845055,1.347540,0.293583,41.486178,302,302,302,1.000000,0.937500,0.000000,32.000000,0.000000,0.000000,0.000000,0.000000,0.000000,141,0.466887,0.770833,0.477983,-0.246243,20.555527
640,2634531667381,1,xfeat_star_fine,stereo,23.443400,39.484263,3.971997,3.908539,0.000667,17.984737,17.965737,15.900697,1.504457,1.690040,600,600,39.845055,1.347540,0.439333,53.219878,291,291,291,1.000000,0.916667,0.000000,32.569458,11.587950,0.250708,0.000542,9.247660,2.088832,149,0.512027,0.750000,0.526058,-0.133822,11.324825
640,2634531667381,1,orb_cpu,stereo,64.732829,65.332745,0.000000,0.000000,0.000000,0.000000,0.000000,0.000000,0.000000,0.000000,599,588,65.576620,17.973654,4.753871,88.304145,316,259,259,0.819620,0.458333,0.000000,29.859848,0.000000,0.000000,0.000000,0.000000,0.000000,248,0.784810,0.458333,0.915283,0.458767,6.034079
641,2634621663297,1,xfeat_star_coarse,stereo,22.132693,38.121890,4.709497,4.633955,0.000917,15.936447,15.916947,15.898864,1.504999,1.652457,600,600,38.576723,1.317207,0.293708,40.187638,310,310,310,1.000000,0.979167,0.000000,32.000000,0.000000,0.000000,0.000000,0.000000,0.000000,142,0.458065,0.770833,0.480472,-0.222036,10.516118
641,2634621663297,1,xfeat_star_fine,stereo,22.132693,38.121890,4.709497,4.633955,0.000917,15.936447,15.916947,15.898864,1.504999,1.652457,600,600,38.576723,1.317207,0.298166,51.242963,297,297,297,1.000000,0.979167,0.000000,32.569969,11.050867,0.373750,0.000875,9.641994,1.033957,155,0.521886,0.833333,0.542285,-0.064477,10.847784
641,2634621663297,1,orb_cpu,stereo,64.722662,65.380745,0.000000,0.000000,0.000000,0.000000,0.000000,0.000000,0.000000,0.000000,596,584,65.665620,19.565861,6.903662,92.135143,311,256,255,0.819936,0.479167,0.000000,30.000000,0.000000,0.000000,0.000000,0.000000,0.000000,241,0.774920,0.479167,0.922621,0.422953,6.523120
641,2634621663297,1,xfeat_guided,temporal,23.443400,22.132693,3.971997,4.709497,0.000667,0.000917,17.965737,15.916947,1.504457,1.504999,600,600,45.576093,3.568622,0.710124,49.854839,384,379,379,0.986979,1.000000,0.000000,nan,0.000000,0.000000,0.000000,0.000000,0.000000,0,0.000000,0.000000,nan,nan,0.000000
641,2634621663297,1,orb_cpu,temporal,64.732829,64.722662,0.000000,0.000000,0.000000,0.000000,0.000000,0.000000,0.000000,0.000000,599,596,129.455491,9.996618,0.689582,140.141691,529,525,525,0.992439,0.479167,0.000000,nan,0.000000,0.000000,0.000000,0.000000,0.000000,0,0.000000,0.000000,nan,nan,0.000000
