frame_index,stamp_ns,tracking_state,method,pair_type,extract_a_ms,extract_b_ms,preprocess_a_ms,preprocess_b_ms,bpu_queue_a_ms,bpu_queue_b_ms,bpu_a_ms,bpu_b_ms,postprocess_a_ms,postprocess_b_ms,keypoints_a,keypoints_b,extraction_wall_ms,match_ms,geometry_ms,end_to_end_pair_ms,matches,ransac_inliers,strict_inliers,strict_inlier_ratio,strict_grid_coverage,median_vertical_error_px,median_disparity_px,fine_total_ms,fine_preprocess_ms,fine_bpu_queue_ms,fine_bpu_ms,fine_postprocess_ms,photometric_inliers,photometric_inlier_ratio,photometric_grid_coverage,patch_ncc_median,patch_ncc_p10,photometric_ms
0,2569011476808,-1,xfeat_star_coarse,stereo,24.658688,42.721004,6.020328,5.968744,0.001083,16.915142,16.892600,18.153899,1.744427,1.682969,600,600,43.052214,1.381841,0.444752,44.878807,334,334,334,1.000000,0.979167,0.000000,0.000000,0.000000,0.000000,0.000000,0.000000,0.000000,168,0.502994,0.750000,0.520672,-0.389721,11.787112
0,2569011476808,-1,xfeat_star_fine,stereo,24.658688,42.721004,6.020328,5.968744,0.001083,16.915142,16.892600,18.153899,1.744427,1.682969,600,600,43.052214,1.381841,0.306960,55.951457,321,321,318,0.990654,0.958333,0.000000,1.627930,11.210442,0.562753,0.001083,9.538723,1.107424,183,0.570093,0.750000,0.637557,-0.091691,15.649718
0,2569011476808,-1,orb_cpu,stereo,64.257923,66.746563,0.000000,0.000000,0.000000,0.000000,0.000000,0.000000,0.000000,0.000000,599,600,66.982481,20.009369,2.956184,89.948034,379,333,332,0.875989,0.354167,0.000000,1.727997,0.000000,0.000000,0.000000,0.000000,0.000000,318,0.839050,0.354167,0.929630,0.575860,7.184918
1,2569101470849,-1,xfeat_star_coarse,stereo,21.635753,38.203310,4.486068,5.620075,0.001083,14.523378,15.690968,15.960220,1.457384,2.099429,600,600,38.573688,1.726677,0.355044,40.655409,335,335,335,1.000000,1.000000,0.000000,0.000000,0.000000,0.000000,0.000000,0.000000,0.000000,168,0.501493,0.770833,0.519717,-0.323354,6.524205
1,2569101470849,-1,xfeat_star_fine,stereo,21.635753,38.203310,4.486068,5.620075,0.001083,14.523378,15.690968,15.960220,1.457384,2.099429,600,600,38.573688,1.726677,0.308419,51.605933,328,328,325,0.990854,0.979167,0.000000,1.562164,10.997149,0.271710,0.000541,9.629558,1.095173,192,0.585366,0.750000,0.626042,-0.082277,11.345359
1,2569101470849,-1,orb_cpu,stereo,70.625461,64.877093,0.000000,0.000000,0.000000,0.000000,0.000000,0.000000,0.000000,0.000000,600,598,70.896421,10.092935,2.172721,83.162077,386,342,341,0.883420,0.333333,0.000000,1.728003,0.000000,0.000000,0.000000,0.000000,0.000000,322,0.834197,0.312500,0.934296,0.577358,7.410502
1,2569101470849,-1,xfeat_guided,temporal,24.658688,21.635753,6.020328,4.486068,0.001083,0.001083,16.892600,15.690968,1.744427,1.457384,600,600,46.294441,3.578313,0.681337,50.554091,384,383,383,0.997396,1.000000,0.000000,nan,0.000000,0.000000,0.000000,0.000000,0.000000,0,0.000000,0.000000,nan,nan,0.000000
1,2569101470849,-1,orb_cpu,temporal,64.257923,70.625461,0.000000,0.000000,0.000000,0.000000,0.000000,0.000000,0.000000,0.000000,599,600,134.883384,10.024560,0.677712,145.585656,519,517,517,0.996146,0.375000,0.000000,nan,0.000000,0.000000,0.000000,0.000000,0.000000,0,0.000000,0.000000,nan,nan,0.000000
10,2570001461725,-1,xfeat_star_coarse,stereo,20.882582,37.437430,3.965690,3.923898,0.000709,15.474883,15.450133,16.239763,1.465884,1.798677,600,600,37.772432,1.664301,0.357460,39.794193,345,345,345,1.000000,0.979167,0.000000,0.000000,0.000000,0.000000,0.000000,0.000000,0.000000,160,0.463768,0.750000,0.464637,-0.340827,7.565295
10,2570001461725,-1,xfeat_star_fine,stereo,20.882582,37.437430,3.965690,3.923898,0.000709,15.474883,15.450133,16.239763,1.465884,1.798677,600,600,37.772432,1.664301,0.298877,53.265398,334,334,333,0.997006,0.979167,0.000000,1.649307,13.529788,0.385960,0.000875,11.995112,1.147507,181,0.541916,0.791667,0.584545,-0.094201,5.358531
10,2570001461725,-1,orb_cpu,stereo,62.717581,64.165380,0.000000,0.000000,0.000000,0.000000,0.000000,0.000000,0.000000,0.000000,599,600,64.414674,15.082548,3.944815,83.442037,371,333,331,0.892183,0.312500,0.000000,1.727997,0.000000,0.000000,0.000000,0.000000,0.000000,316,0.851752,0.312500,0.935809,0.614560,12.561908
11,2570181473058,-1,xfeat_star_coarse,stereo,28.308668,46.356191,8.709510,8.650801,0.001083,17.914231,17.940273,17.119352,1.657385,2.671432,600,600,46.790319,3.091893,0.831505,50.713717,332,332,332,1.000000,0.979167,0.000000,0.000000,0.000000,0.000000,0.000000,0.000000,0.000000,157,0.472892,0.750000,0.474767,-0.374532,12.771368
11,2570181473058,-1,xfeat_star_fine,stereo,28.308668,46.356191,8.709510,8.650801,0.001083,17.914231,17.940273,17.119352,1.657385,2.671432,600,600,46.790319,3.091893,0.305585,61.296946,324,324,322,0.993827,0.979167,0.000000,1.717194,11.109149,0.371169,0.000750,9.645516,1.091381,179,0.552469,0.770833,0.604594,-0.140693,8.308966
11,2570181473058,-1,orb_cpu,stereo,63.801628,65.282053,0.000000,0.000000,0.000000,0.000000,0.000000,0.000000,0.000000,0.000000,600,600,65.516263,20.474871,5.021238,91.012372,371,322,320,0.862534,0.312500,0.000000,1.727997,0.000000,0.000000,0.000000,0.000000,0.000000,305,0.822102,0.291667,0.938222,0.607757,8.602551
11,2570181473058,-1,xfeat_guided,temporal,20.882582,28.308668,3.965690,8.709510,0.000709,0.001083,15.450133,17.940273,1.465884,1.657385,600,600,49.191250,3.706689,0.731921,53.629860,384,378,378,0.984375,1.000000,0.000000,nan,0.000000,0.000000,0.000000,0.000000,0.000000,0,0.000000,0.000000,nan,nan,0.000000
11,2570181473058,-1,orb_cpu,temporal,62.717581,63.801628,0.000000,0.000000,0.000000,0.000000,0.000000,0.000000,0.000000,0.000000,599,600,126.519209,10.128644,0.592545,137.240398,521,517,517,0.992322,0.375000,0.000000,nan,0.000000,0.000000,0.000000,0.000000,0.000000,0,0.000000,0.000000,nan,nan,0.000000
20,2571081465434,-1,xfeat_star_coarse,stereo,23.164762,39.230357,4.400567,4.335484,0.001041,17.295060,17.282686,15.906845,1.480259,1.692801,600,600,39.583692,5.525949,0.856130,45.965771,349,349,349,1.000000,0.979167,0.000000,0.000000,0.000000,0.000000,0.000000,0.000000,0.000000,160,0.458453,0.687500,0.469977,-0.271686,24.727729
20,2571081465434,-1,xfeat_star_fine,stereo,23.164762,39.230357,4.400567,4.335484,0.001041,17.295060,17.282686,15.906845,1.480259,1.692801,600,600,39.583692,5.525949,0.307794,58.937931,332,332,332,1.000000,0.979167,0.000000,1.647209,13.520496,0.377419,0.000917,11.999154,1.142715,184,0.554217,0.687500,0.605430,-0.070339,5.395448
20,2571081465434,-1,orb_cpu,stereo,66.579477,61.796033,0.000000,0.000000,0.000000,0.000000,0.000000,0.000000,0.000000,0.000000,600,599,66.819770,16.386181,3.060310,86.266261,395,361,361,0.913924,0.333333,0.000000,1.727997,0.000000,0.000000,0.000000,0.000000,0.000000,345,0.873418,0.333333,0.936223,0.642194,11.960571
21,2571171462517,-1,xfeat_star_coarse,stereo,22.919886,40.133154,4.690778,4.641445,0.001125,16.290472,16.273388,17.726563,1.954220,1.474508,600,600,40.494448,1.607010,0.458878,42.560336,340,340,340,1.000000,0.979167,0.000000,0.000000,0.000000,0.000000,0.000000,0.000000,0.000000,165,0.485294,0.791667,0.502018,-0.231287,6.631331
21,2571171462517,-1,xfeat_star_fine,stereo,22.919886,40.133154,4.690778,4.641445,0.001125,16.290472,16.273388,17.726563,1.954220,1.474508,600,600,40.494448,1.607010,0.316544,53.735194,328,328,326,0.993902,0.979167,0.000000,1.570930,11.317192,0.391669,0.000708,9.768891,1.155799,191,0.582317,0.854167,0.606577,-0.018250,10.966981
21,2571171462517,-1,orb_cpu,stereo,67.627566,62.746121,0.000000,0.000000,0.000000,0.000000,0.000000,0.000000,0.000000,0.000000,599,600,67.849318,20.706414,4.499027,93.054759,403,357,356,0.883375,0.333333,0.000000,1.440002,0.000000,0.000000,0.000000,0.000000,0.000000,338,0.838710,0.333333,0.934257,0.557285,8.220881
21,2571171462517,-1,xfeat_guided,temporal,23.164762,22.919886,4.400567,4.690778,0.001041,0.001125,17.282686,16.273388,1.480259,1.954220,600,600,46.084648,3.453354,0.868421,50.406423,384,377,377,0.981771,1.000000,0.000000,nan,0.000000,0.000000,0.000000,0.000000,0.000000,0,0.000000,0.000000,nan,nan,0.000000
21,2571171462517,-1,orb_cpu,temporal,66.579477,67.627566,0.000000,0.000000,0.000000,0.000000,0.000000,0.000000,0.000000,0.000000,600,599,134.207043,10.083643,0.695087,144.985773,526,525,525,0.998099,0.354167,0.000000,nan,0.000000,0.000000,0.000000,0.000000,0.000000,0,0.000000,0.000000,nan,nan,0.000000
30,2572071470309,1,xfeat_star_coarse,stereo,21.268584,38.423601,3.928023,3.884523,0.001167,15.614634,15.590092,17.426020,1.749177,1.498258,600,600,38.757646,1.342591,0.316752,40.416989,346,346,346,1.000000,0.979167,0.000000,0.000000,0.000000,0.000000,0.000000,0.000000,0.000000,176,0.508671,0.812500,0.523143,-0.196436,6.543747
30,2572071470309,1,xfeat_star_fine,stereo,21.268584,38.423601,3.928023,3.884523,0.001167,15.614634,15.590092,17.426020,1.749177,1.498258,600,600,38.757646,1.342591,0.637129,54.423863,338,338,334,0.988166,0.979167,0.000000,1.597679,13.686497,0.256251,0.000625,10.716313,2.713141,197,0.582840,0.770833,0.609856,-0.033123,12.860701
30,2572071470309,1,orb_cpu,stereo,64.413380,65.370052,0.000000,0.000000,0.000000,0.000000,0.000000,0.000000,0.000000,0.000000,600,600,65.841805,20.976832,3.787064,90.605701,395,353,352,0.891139,0.333333,0.000000,1.727997,0.000000,0.000000,0.000000,0.000000,0.000000,333,0.843038,0.333333,0.933896,0.573164,7.524586
31,2572161479393,1,xfeat_star_coarse,stereo,21.383876,38.171684,3.843106,3.797272,0.001125,15.879469,15.857344,16.884308,1.682135,1.610510,600,600,38.617520,1.697635,0.363003,40.678158,354,354,354,1.000000,0.979167,0.000000,0.000000,0.000000,0.000000,0.000000,0.000000,0.000000,180,0.508475,0.812500,0.523514,-0.151457,7.012416
31,2572161479393,1,xfeat_star_fine,stereo,21.383876,38.171684,3.843106,3.797272,0.001125,15.879469,15.857344,16.884308,1.682135,1.610510,600,600,38.617520,1.697635,0.633754,52.765687,348,348,347,0.997126,0.979167,0.000000,1.537720,11.816778,0.294877,0.000625,9.654515,1.866594,206,0.591954,0.854167,0.621587,0.020228,13.407079
31,2572161479393,1,orb_cpu,stereo,63.778751,64.967884,0.000000,0.000000,0.000000,0.000000,0.000000,0.000000,0.000000,0.000000,600,600,65.249427,20.129536,3.155102,88.534065,411,365,364,0.885645,0.333333,0.000000,1.727997,0.000000,0.000000,0.000000,0.000000,0.000000,347,0.844282,0.333333,0.932741,0.609955,7.805504
31,2572161479393,1,xfeat_guided,temporal,21.268584,21.383876,3.928023,3.843106,0.001167,0.001125,15.590092,15.857344,1.749177,1.682135,600,600,42.652460,3.396770,0.700754,46.749984,384,379,379,0.986979,1.000000,0.000000,nan,0.000000,0.000000,0.000000,0.000000,0.000000,0,0.000000,0.000000,nan,nan,0.000000
31,2572161479393,1,orb_cpu,temporal,64.413380,63.778751,0.000000,0.000000,0.000000,0.000000,0.000000,0.000000,0.000000,0.000000,600,600,128.192131,8.041297,0.957505,137.190933,546,540,540,0.989011,0.354167,0.000000,nan,0.000000,0.000000,0.000000,0.000000,0.000000,0,0.000000,0.000000,nan,nan,0.000000
40,2573151513851,1,xfeat_star_coarse,stereo,23.300679,39.244731,4.694778,4.607236,0.000750,17.136018,17.120893,15.870593,1.484050,1.630676,600,600,39.862526,1.416133,0.304918,41.583577,346,346,346,1.000000,0.979167,0.000000,0.000000,0.000000,0.000000,0.000000,0.000000,0.000000,169,0.488439,0.729167,0.500234,-0.185046,16.235888
40,2573151513851,1,xfeat_star_fine,stereo,23.300679,39.244731,4.694778,4.607236,0.000750,17.136018,17.120893,15.870593,1.484050,1.630676,600,600,39.862526,1.416133,0.309419,55.033449,329,329,326,0.990881,0.979167,0.000000,1.542080,13.445371,0.372710,0.000958,11.904570,1.166841,195,0.592705,0.770833,0.648499,-0.045372,11.376442
40,2573151513851,1,orb_cpu,stereo,65.347594,66.873935,0.000000,0.000000,0.000000,0.000000,0.000000,0.000000,0.000000,0.000000,600,600,67.140563,19.942617,2.460681,89.543861,407,354,353,0.867322,0.333333,0.000000,1.520004,0.000000,0.000000,0.000000,0.000000,0.000000,338,0.830467,0.333333,0.935424,0.588273,7.745588
41,2573241482810,1,xfeat_star_coarse,stereo,39.193106,22.257298,4.677861,4.605569,15.966761,0.001167,16.961558,15.946136,1.586801,1.704093,600,600,39.491191,1.370383,0.314710,41.176284,354,354,354,1.000000,0.979167,0.000000,0.000000,0.000000,0.000000,0.000000,0.000000,0.000000,174,0.491525,0.770833,0.505437,-0.253288,6.298954
41,2573241482810,1,xfeat_star_fine,stereo,39.193106,22.257298,4.677861,4.605569,15.966761,0.001167,16.961558,15.946136,1.586801,1.704093,600,600,39.491191,1.370383,0.622379,55.779579,342,342,339,0.991228,0.979167,0.000000,1.433502,14.295626,0.414127,0.001083,11.096149,2.784058,195,0.570175,0.812500,0.633217,-0.064643,7.386835
41,2573241482810,1,orb_cpu,stereo,63.003413,64.577547,0.000000,0.000000,0.000000,0.000000,0.000000,0.000000,0.000000,0.000000,600,600,64.806965,11.398317,2.785100,78.990382,404,354,354,0.876238,0.333333,0.000000,1.440002,0.000000,0.000000,0.000000,0.000000,0.000000,338,0.836634,0.333333,0.934649,0.617072,7.678462
41,2573241482810,1,xfeat_guided,temporal,23.300679,39.193106,4.694778,4.677861,0.000750,15.966761,17.120893,16.961558,1.484050,1.586801,600,600,62.493785,3.631897,0.673421,66.799103,384,381,381,0.992188,1.000000,0.000000,nan,0.000000,0.000000,0.000000,0.000000,0.000000,0,0.000000,0.000000,nan,nan,0.000000
41,2573241482810,1,orb_cpu,temporal,65.347594,63.003413,0.000000,0.000000,0.000000,0.000000,0.000000,0.000000,0.000000,0.000000,600,600,128.351007,10.179893,0.819546,139.350446,526,520,520,0.988593,0.354167,0.000000,nan,0.000000,0.000000,0.000000,0.000000,0.000000,0,0.000000,0.000000,nan,nan,0.000000
50,2574141488394,1,xfeat_star_coarse,stereo,22.745592,38.711520,3.959565,3.919649,0.000917,17.284769,17.269560,15.875176,1.515175,1.631760,600,600,39.122730,1.660260,0.290127,41.073117,354,354,354,1.000000,0.979167,0.000000,0.000000,0.000000,0.000000,0.000000,0.000000,0.000000,184,0.519774,0.729167,0.549691,-0.169293,11.791277
50,2574141488394,1,xfeat_star_fine,stereo,22.745592,38.711520,3.959565,3.919649,0.000917,17.284769,17.269560,15.875176,1.515175,1.631760,600,600,39.122730,1.660260,0.247918,52.328808,348,348,346,0.994253,0.979167,0.000000,1.476913,11.297900,0.288502,0.000666,9.873058,1.135424,216,0.620690,0.750000,0.661864,-0.047453,5.570033
50,2574141488394,1,orb_cpu,stereo,64.751297,65.849679,0.000000,0.000000,0.000000,0.000000,0.000000,0.000000,0.000000,0.000000,600,600,66.306349,14.530293,2.125345,82.961987,408,366,362,0.887255,0.333333,0.000000,1.440002,0.000000,0.000000,0.000000,0.000000,0.000000,346,0.848039,0.333333,0.937371,0.592056,7.764129
51,2574231483935,1,xfeat_star_coarse,stereo,21.526001,38.321308,3.847314,3.861731,0.000750,15.838343,15.899760,17.083809,1.778052,1.537259,600,600,38.666894,1.715301,0.362252,40.744447,343,343,343,1.000000,0.979167,0.000000,0.000000,0.000000,0.000000,0.000000,0.000000,0.000000,168,0.489796,0.687500,0.504836,-0.161671,6.734956
51,2574231483935,1,xfeat_star_fine,stereo,21.526001,38.321308,3.847314,3.861731,0.000750,15.838343,15.899760,17.083809,1.778052,1.537259,600,600,38.666894,1.715301,0.246502,51.371385,334,334,334,1.000000,0.979167,0.000000,1.551804,10.742688,0.284002,0.000625,9.338930,1.118923,194,0.580838,0.812500,0.630529,-0.048668,10.340186
51,2574231483935,1,orb_cpu,stereo,62.113657,62.969537,0.000000,0.000000,0.000000,0.000000,0.000000,0.000000,0.000000,0.000000,600,600,63.232372,21.318459,3.054602,87.605433,411,377,377,0.917275,0.333333,0.000000,1.727997,0.000000,0.000000,0.000000,0.000000,0.000000,360,0.875912,0.333333,0.934620,0.618671,8.228382
51,2574231483935,1,xfeat_guided,temporal,22.745592,21.526001,3.959565,3.847314,0.000917,0.000750,17.269560,15.899760,1.515175,1.778052,600,600,44.271593,3.559687,0.796130,48.627410,384,380,380,0.989583,1.000000,0.000000,nan,0.000000,0.000000,0.000000,0.000000,0.000000,0,0.000000,0.000000,nan,nan,0.000000
51,2574231483935,1,orb_cpu,temporal,64.751297,62.113657,0.000000,0.000000,0.000000,0.000000,0.000000,0.000000,0.000000,0.000000,600,600,126.864954,10.065476,0.683046,137.613476,523,518,518,0.990440,0.354167,0.000000,nan,0.000000,0.000000,0.000000,0.000000,0.000000,0,0.000000,0.000000,nan,nan,0.000000
60,2575131484561,1,xfeat_star_coarse,stereo,39.547440,23.315470,4.592902,4.492360,17.319018,0.000958,15.915802,17.301476,1.719510,1.520509,600,600,39.992693,1.444092,0.304585,41.741370,349,349,349,1.000000,0.979167,0.000000,0.000000,0.000000,0.000000,0.000000,0.000000,0.000000,183,0.524355,0.750000,0.545719,-0.124783,23.506888
60,2575131484561,1,xfeat_star_fine,stereo,39.547440,23.315470,4.592902,4.492360,17.319018,0.000958,15.915802,17.301476,1.719510,1.520509,600,600,39.992693,1.444092,0.309544,52.872811,338,338,335,0.991124,0.979167,0.000000,1.535706,11.126482,0.558337,0.001500,9.413097,1.153007,197,0.582840,0.812500,0.652918,-0.010025,17.802354
60,2575131484561,1,orb_cpu,stereo,64.335628,64.560712,0.000000,0.000000,0.000000,0.000000,0.000000,0.000000,0.000000,0.000000,600,596,64.838880,23.598931,5.001237,93.439048,417,365,344,0.824940,0.333333,0.000000,1.727997,0.000000,0.000000,0.000000,0.000000,0.000000,333,0.798561,0.333333,0.933839,0.590659,12.317614
61,2575221484144,1,xfeat_star_coarse,stereo,21.822544,37.925598,4.697861,4.623902,0.000625,15.657217,15.636509,15.936218,1.487383,1.708094,600,600,38.321934,2.586474,0.848089,41.756497,349,349,349,1.000000,0.979167,0.000000,0.000000,0.000000,0.000000,0.000000,0.000000,0.000000,172,0.492837,0.791667,0.514684,-0.188070,13.599246
61,2575221484144,1,xfeat_star_fine,stereo,21.822544,37.925598,4.697861,4.623902,0.000625,15.657217,15.636509,15.936218,1.487383,1.708094,600,600,38.321934,2.586474,0.306668,52.112723,335,335,334,0.997015,0.979167,0.000000,1.470192,10.897647,0.351502,0.000833,9.380472,1.164590,187,0.558209,0.812500,0.625235,-0.030575,12.053779
61,2575221484144,1,orb_cpu,stereo,64.371920,66.397682,0.000000,0.000000,0.000000,0.000000,0.000000,0.000000,0.000000,0.000000,600,600,66.671642,19.939826,2.085054,88.696522,413,373,372,0.900726,0.333333,0.000000,1.727997,0.000000,0.000000,0.000000,0.000000,0.000000,359,0.869249,0.333333,0.935457,0.602736,7.887171
61,2575221484144,1,xfeat_guided,temporal,39.547440,21.822544,4.592902,4.697861,17.319018,0.000625,15.915802,15.636509,1.719510,1.487383,600,600,61.369984,3.553437,0.615545,65.538966,384,382,382,0.994792,1.000000,0.000000,nan,0.000000,0.000000,0.000000,0.000000,0.000000,0,0.000000,0.000000,nan,nan,0.000000
61,2575221484144,1,orb_cpu,temporal,64.335628,64.371920,0.000000,0.000000,0.000000,0.000000,0.000000,0.000000,0.000000,0.000000,600,600,128.707548,10.055142,0.825338,139.588028,526,518,518,0.984791,0.354167,0.000000,nan,0.000000,0.000000,0.000000,0.000000,0.000000,0,0.000000,0.000000,nan,nan,0.000000
70,2576211494853,1,xfeat_star_coarse,stereo,51.475218,31.905062,12.404072,12.244613,18.113148,0.001208,18.254107,18.096106,2.703599,1.562760,600,600,51.936388,1.622385,0.272585,53.831358,343,343,343,1.000000,0.979167,0.000000,0.000000,0.000000,0.000000,0.000000,0.000000,0.000000,171,0.498542,0.750000,0.525115,-0.205548,6.852665
70,2576211494853,1,xfeat_star_fine,stereo,51.475218,31.905062,12.404072,12.244613,18.113148,0.001208,18.254107,18.096106,2.703599,1.562760,600,600,51.936388,1.622385,0.300835,64.958089,331,331,329,0.993958,0.979167,0.000000,1.504028,11.098481,0.233084,0.000708,9.736182,1.128340,193,0.583082,0.812500,0.644339,-0.052252,8.101839
70,2576211494853,1,orb_cpu,stereo,64.169835,65.234049,0.000000,0.000000,0.000000,0.000000,0.000000,0.000000,0.000000,0.000000,600,599,65.729260,20.586912,3.948606,90.264778,408,369,367,0.899510,0.333333,0.000000,1.727997,0.000000,0.000000,0.000000,0.000000,0.000000,354,0.867647,0.333333,0.932087,0.623808,9.953475
71,2576301492853,1,xfeat_star_coarse,stereo,21.477876,38.451309,3.928398,3.868731,0.000791,15.919218,15.899802,17.153642,1.648676,1.509551,600,600,38.789394,1.633843,0.280752,40.703989,349,349,349,1.000000,0.958333,0.000000,0.000000,0.000000,0.000000,0.000000,0.000000,0.000000,165,0.472779,0.708333,0.493194,-0.188361,7.072625
71,2576301492853,1,xfeat_star_fine,stereo,21.477876,38.451309,3.928398,3.868731,0.000791,15.919218,15.899802,17.153642,1.648676,1.509551,600,600,38.789394,1.633843,0.316085,55.700035,340,340,339,0.997059,0.958333,0.000000,1.466553,14.960713,0.299502,0.000625,13.526287,1.134132,195,0.573529,0.812500,0.611790,-0.070094,5.570074
71,2576301492853,1,orb_cpu,stereo,64.137834,65.113215,0.000000,0.000000,0.000000,0.000000,0.000000,0.000000,0.000000,0.000000,600,600,65.408966,12.789742,4.829778,83.028486,424,370,367,0.865566,0.333333,0.000000,1.727997,0.000000,0.000000,0.000000,0.000000,0.000000,350,0.825472,0.333333,0.929648,0.569531,8.158840
71,2576301492853,1,xfeat_guided,temporal,51.475218,21.477876,12.404072,3.928398,18.113148,0.000791,18.254107,15.899802,2.703599,1.648676,600,600,72.953094,3.565104,0.797005,77.315203,384,379,379,0.986979,1.000000,0.000000,nan,0.000000,0.000000,0.000000,0.000000,0.000000,0,0.000000,0.000000,nan,nan,0.000000
71,2576301492853,1,orb_cpu,temporal,64.169835,64.137834,0.000000,0.000000,0.000000,0.000000,0.000000,0.000000,0.000000,0.000000,600,600,128.307669,10.117976,0.719088,139.144733,522,516,516,0.988506,0.354167,0.000000,nan,0.000000,0.000000,0.000000,0.000000,0.000000,0,0.000000,0.000000,nan,nan,0.000000
80,2577201491645,1,xfeat_star_coarse,stereo,39.413231,23.311678,4.724403,4.665944,17.174433,0.000875,15.891635,17.151059,1.622510,1.493550,600,600,39.942650,1.444466,0.393003,41.780119,350,350,350,1.000000,0.979167,0.000000,0.000000,0.000000,0.000000,0.000000,0.000000,0.000000,187,0.534286,0.770833,0.540686,-0.115206,5.679949
80,2577201491645,1,xfeat_star_fine,stereo,39.413231,23.311678,4.724403,4.665944,17.174433,0.000875,15.891635,17.151059,1.622510,1.493550,600,600,39.942650,1.444466,0.739379,55.483824,337,337,335,0.994065,0.979167,0.000000,1.538574,13.357329,0.242627,0.000625,10.312227,2.801725,203,0.602374,0.812500,0.650341,0.037145,19.120445
80,2577201491645,1,orb_cpu,stereo,65.621967,65.687426,0.000000,0.000000,0.000000,0.000000,0.000000,0.000000,0.000000,0.000000,600,600,65.971303,18.748777,2.062512,86.782592,408,363,361,0.884804,0.333333,0.000000,1.727997,0.000000,0.000000,0.000000,0.000000,0.000000,344,0.843137,0.333333,0.937758,0.611902,7.808504
81,2577291484020,1,xfeat_star_coarse,stereo,22.759592,39.615773,4.679694,4.605193,0.000834,16.395637,16.384262,16.911307,1.694552,1.703302,600,600,40.020193,1.333966,0.290335,41.644494,335,335,335,1.000000,0.979167,0.000000,0.000000,0.000000,0.000000,0.000000,0.000000,0.000000,178,0.531343,0.729167,0.566930,-0.190701,6.303703
81,2577291484020,1,xfeat_star_fine,stereo,22.759592,39.615773,4.679694,4.605193,0.000834,16.395637,16.384262,16.911307,1.694552,1.703302,600,600,40.020193,1.333966,0.614920,57.354919,326,326,323,0.990798,0.979167,0.000000,1.501465,15.385840,0.250419,0.000541,12.464532,2.670223,185,0.567485,0.750000,0.646663,-0.080822,12.509240
81,2577291484020,1,orb_cpu,stereo,63.258745,64.689337,0.000000,0.000000,0.000000,0.000000,0.000000,0.000000,0.000000,0.000000,600,600,64.974422,18.217190,1.906969,85.098581,404,359,358,0.886139,0.333333,0.000000,1.440002,0.000000,0.000000,0.000000,0.000000,0.000000,343,0.849010,0.333333,0.932020,0.618190,7.666087
81,2577291484020,1,xfeat_guided,temporal,39.413231,22.759592,4.724403,4.679694,17.174433,0.000834,15.891635,16.384262,1.622510,1.694552,600,600,62.172823,3.492521,0.675588,66.340932,384,382,382,0.994792,1.000000,0.000000,nan,0.000000,0.000000,0.000000,0.000000,0.000000,0,0.000000,0.000000,nan,nan,0.000000
81,2577291484020,1,orb_cpu,temporal,65.621967,63.258745,0.000000,0.000000,0.000000,0.000000,0.000000,0.000000,0.000000,0.000000,600,600,128.880712,8.205339,0.569462,137.655513,527,526,526,0.998102,0.354167,0.000000,nan,0.000000,0.000000,0.000000,0.000000,0.000000,0,0.000000,0.000000,nan,nan,0.000000
90,2578191503937,1,xfeat_star_coarse,stereo,39.550314,21.446917,3.856939,3.804897,15.931093,0.000833,17.050850,15.912260,2.711182,1.728802,600,600,39.907567,3.098477,0.639420,43.645464,337,337,337,1.000000,0.979167,0.000000,0.000000,0.000000,0.000000,0.000000,0.000000,0.000000,173,0.513353,0.750000,0.553901,-0.147601,13.252578
90,2578191503937,1,xfeat_star_fine,stereo,39.550314,21.446917,3.856939,3.804897,15.931093,0.000833,17.050850,15.912260,2.711182,1.728802,600,600,39.907567,3.098477,0.313460,54.103942,326,326,325,0.996933,0.979167,0.000000,1.435394,10.784438,0.334960,0.000958,9.332138,1.116090,188,0.576687,0.812500,0.639895,-0.025440,12.425990
90,2578191503937,1,orb_cpu,stereo,63.986082,64.802545,0.000000,0.000000,0.000000,0.000000,0.000000,0.000000,0.000000,0.000000,600,600,65.293006,22.817675,4.592652,92.703333,409,355,354,0.865526,0.333333,0.000000,1.727997,0.000000,0.000000,0.000000,0.000000,0.000000,339,0.828851,0.333333,0.926328,0.587117,7.830921
91,2578281501270,1,xfeat_star_coarse,stereo,23.223136,39.207771,4.428360,4.367567,0.000958,17.230059,17.213059,15.911260,1.580551,1.698635,600,600,39.541898,1.620093,0.355711,41.517702,337,337,337,1.000000,0.979167,0.000000,0.000000,0.000000,0.000000,0.000000,0.000000,0.000000,175,0.519288,0.770833,0.571406,-0.154788,9.208929
91,2578281501270,1,xfeat_star_fine,stereo,23.223136,39.207771,4.428360,4.367567,0.000958,17.230059,17.213059,15.911260,1.580551,1.698635,600,600,39.541898,1.620093,0.309169,54.665029,328,328,325,0.990854,0.979167,0.000000,1.445236,13.193869,0.462170,0.001000,11.623527,1.106756,198,0.603659,0.791667,0.661303,0.029564,11.492067
91,2578281501270,1,orb_cpu,stereo,63.426037,64.629877,0.000000,0.000000,0.000000,0.000000,0.000000,0.000000,0.000000,0.000000,600,598,64.874462,12.881992,2.402305,80.158759,405,346,340,0.839506,0.333333,0.000000,1.727997,0.000000,0.000000,0.000000,0.000000,0.000000,325,0.802469,0.333333,0.929271,0.592413,10.586646
91,2578281501270,1,xfeat_guided,temporal,39.550314,23.223136,3.856939,4.428360,15.931093,0.000958,17.050850,17.213059,2.711182,1.580551,600,600,62.773450,4.843278,1.059798,68.676526,384,373,373,0.971354,1.000000,0.000000,nan,0.000000,0.000000,0.000000,0.000000,0.000000,0,0.000000,0.000000,nan,nan,0.000000
91,2578281501270,1,orb_cpu,temporal,63.986082,63.426037,0.000000,0.000000,0.000000,0.000000,0.000000,0.000000,0.000000,0.000000,600,600,127.412119,10.401769,0.800046,138.613934,525,522,522,0.994286,0.354167,0.000000,nan,0.000000,0.000000,0.000000,0.000000,0.000000,0,0.000000,0.000000,nan,nan,0.000000
100,2579271529354,1,xfeat_star_coarse,stereo,23.216469,40.443610,4.689736,4.611318,0.001041,16.877932,16.845432,17.506644,1.680135,1.447591,600,600,40.952447,1.384883,0.296169,42.633499,345,345,345,1.000000,0.979167,0.000000,0.000000,0.000000,0.000000,0.000000,0.000000,0.000000,179,0.518841,0.812500,0.539377,-0.184531,10.220351
100,2579271529354,1,xfeat_star_fine,stereo,23.216469,40.443610,4.689736,4.611318,0.001041,16.877932,16.845432,17.506644,1.680135,1.447591,600,600,40.952447,1.384883,0.775296,56.422620,337,337,336,0.997033,0.979167,0.000000,1.430025,13.309994,0.542628,0.001375,11.639151,1.126298,203,0.602374,0.812500,0.655474,-0.030036,17.515227
100,2579271529354,1,orb_cpu,stereo,63.636829,66.564388,0.000000,0.000000,0.000000,0.000000,0.000000,0.000000,0.000000,0.000000,598,598,66.817264,20.405244,2.697266,89.919774,389,350,350,0.899743,0.333333,0.000000,1.727997,0.000000,0.000000,0.000000,0.000000,0.000000,331,0.850900,0.333333,0.938090,0.572656,7.397335
101,2579361495313,1,xfeat_star_coarse,stereo,39.100644,22.258672,4.684444,4.638069,15.938426,0.001000,16.951599,15.916551,1.525925,1.702719,600,600,39.407105,1.334549,0.306252,41.047906,350,350,350,1.000000,0.979167,0.000000,0.000000,0.000000,0.000000,0.000000,0.000000,0.000000,180,0.514286,0.791667,0.545375,-0.180332,6.685914
101,2579361495313,1,xfeat_star_fine,stereo,39.100644,22.258672,4.684444,4.638069,15.938426,0.001000,16.951599,15.916551,1.525925,1.702719,600,600,39.407105,1.334549,0.361794,55.004987,339,339,337,0.994100,0.979167,0.000000,1.548573,13.901539,0.396335,0.000792,10.835896,2.668349,196,0.578171,0.812500,0.650831,-0.071988,6.641539
101,2579361495313,1,orb_cpu,stereo,68.622983,63.660537,0.000000,0.000000,0.000000,0.000000,0.000000,0.000000,0.000000,0.000000,598,600,68.851235,10.214643,2.210388,81.276266,401,360,358,0.892768,0.333333,0.000000,1.727997,0.000000,0.000000,0.000000,0.000000,0.000000,340,0.847880,0.333333,0.937004,0.608255,7.633419
101,2579361495313,1,xfeat_guided,temporal,23.216469,39.100644,4.689736,4.684444,0.001041,15.938426,16.845432,16.951599,1.680135,1.525925,600,600,62.317113,3.569979,0.792505,66.679597,384,379,379,0.986979,1.000000,0.000000,nan,0.000000,0.000000,0.000000,0.000000,0.000000,0,0.000000,0.000000,nan,nan,0.000000
101,2579361495313,1,orb_cpu,temporal,63.636829,68.622983,0.000000,0.000000,0.000000,0.000000,0.000000,0.000000,0.000000,0.000000,598,598,132.259812,8.667925,0.821088,141.748825,520,516,516,0.992308,0.354167,0.000000,nan,0.000000,0.000000,0.000000,0.000000,0.000000,0,0.000000,0.000000,nan,nan,0.000000
110,2580261503230,1,xfeat_star_coarse,stereo,53.324811,33.691904,14.563877,14.401792,17.850937,0.001083,18.305274,17.831229,2.604432,1.457508,600,600,53.808772,3.199143,0.659004,57.666919,358,358,358,1.000000,1.000000,0.000000,0.000000,0.000000,0.000000,0.000000,0.000000,0.000000,208,0.581006,0.812500,0.657577,-0.059978,13.652996
110,2580261503230,1,xfeat_star_fine,stereo,53.324811,33.691904,14.563877,14.401792,17.850937,0.001083,18.305274,17.831229,2.604432,1.457508,600,600,53.808772,3.199143,0.379919,68.287481,355,355,355,1.000000,1.000000,0.000000,1.503242,10.899647,0.386836,0.001000,9.325096,1.186382,234,0.659155,0.833333,0.729860,-0.063331,13.555495
110,2580261503230,1,orb_cpu,stereo,63.070159,65.311922,0.000000,0.000000,0.000000,0.000000,0.000000,0.000000,0.000000,0.000000,600,597,65.779300,20.147409,2.707516,88.634225,419,392,388,0.926014,0.333333,0.000000,1.440006,0.000000,0.000000,0.000000,0.000000,0.000000,374,0.892601,0.333333,0.938647,0.639990,7.860254
111,2580351508313,1,xfeat_star_coarse,stereo,20.925372,37.558260,3.951440,3.894523,0.000542,15.519757,15.497132,16.330053,1.476050,1.813719,600,600,37.936470,1.701551,0.361877,39.999898,355,355,355,1.000000,1.000000,0.000000,0.000000,0.000000,0.000000,0.000000,0.000000,0.000000,209,0.588732,0.895833,0.576636,-0.021939,9.157928
111,2580351508313,1,xfeat_star_fine,stereo,20.925372,37.558260,3.951440,3.894523,0.000542,15.519757,15.497132,16.330053,1.476050,1.813719,600,600,37.936470,1.701551,0.313294,53.550894,345,345,343,0.994203,1.000000,0.000000,1.649689,13.599579,0.396586,0.001291,12.024195,1.177215,208,0.602899,0.875000,0.656738,-0.032962,5.500407
111,2580351508313,1,orb_cpu,stereo,64.829086,66.546804,0.000000,0.000000,0.000000,0.000000,0.000000,0.000000,0.000000,0.000000,600,600,66.828973,19.803948,3.626563,90.259484,417,382,379,0.908873,0.354167,0.000000,1.727997,0.000000,0.000000,0.000000,0.000000,0.000000,370,0.887290,0.354167,0.950386,0.687922,8.932468
111,2580351508313,1,xfeat_guided,temporal,53.324811,20.925372,14.563877,3.951440,17.850937,0.000542,18.305274,15.497132,2.604432,1.476050,600,600,74.250183,3.331311,7.973046,85.554540,362,272,272,0.751381,0.895833,0.000000,nan,0.000000,0.000000,0.000000,0.000000,0.000000,0,0.000000,0.000000,nan,nan,0.000000
111,2580351508313,1,orb_cpu,temporal,63.070159,64.829086,0.000000,0.000000,0.000000,0.000000,0.000000,0.000000,0.000000,0.000000,600,600,127.899245,10.213809,3.134976,141.248030,427,363,363,0.850117,0.312500,1.440002,nan,0.000000,0.000000,0.000000,0.000000,0.000000,0,0.000000,0.000000,nan,nan,0.000000
120,2581341517064,1,xfeat_star_coarse,stereo,39.175186,22.992259,4.718653,4.629110,16.895432,0.000708,15.920134,16.877265,1.640801,1.484967,600,600,39.682189,4.577193,1.213174,45.472556,336,336,336,1.000000,1.000000,0.000000,0.000000,0.000000,0.000000,0.000000,0.000000,0.000000,199,0.592262,0.854167,0.637090,-0.148476,25.261647
120,2581341517064,1,xfeat_star_fine,stereo,39.175186,22.992259,4.718653,4.629110,16.895432,0.000708,15.920134,16.877265,1.640801,1.484967,600,600,39.682189,4.577193,0.303252,55.602699,331,331,331,1.000000,1.000000,0.000000,1.808273,11.040065,0.539962,0.001584,9.399387,1.098549,212,0.640483,0.937500,0.694503,0.006072,17.590519
120,2581341517064,1,orb_cpu,stereo,63.050825,65.745882,0.000000,0.000000,0.000000,0.000000,0.000000,0.000000,0.000000,0.000000,600,598,65.975092,20.226368,3.248853,89.450313,414,377,377,0.910628,0.416667,0.000000,1.728004,0.000000,0.000000,0.000000,0.000000,0.000000,368,0.888889,0.416667,0.954952,0.662182,10.935605
121,2581431510480,1,xfeat_star_coarse,stereo,21.705751,37.774636,4.727694,4.662943,0.000791,15.541215,15.523924,15.920343,1.453092,1.649926,600,600,38.126847,3.018060,0.631503,41.776410,351,351,351,1.000000,1.000000,0.000000,0.000000,0.000000,0.000000,0.000000,0.000000,0.000000,186,0.529915,0.812500,0.561928,-0.173192,13.424370
121,2581431510480,1,xfeat_star_fine,stereo,21.705751,37.774636,4.727694,4.662943,0.000791,15.541215,15.523924,15.920343,1.453092,1.649926,600,600,38.126847,3.018060,0.603461,52.609723,345,345,345,1.000000,1.000000,0.000000,1.810791,10.861355,0.364877,0.001000,9.340471,1.154757,210,0.608696,0.895833,0.659585,-0.031211,13.381287
121,2581431510480,1,orb_cpu,stereo,63.097575,65.837633,0.000000,0.000000,0.000000,0.000000,0.000000,0.000000,0.000000,0.000000,600,598,66.097092,18.890193,1.700218,86.687503,410,369,362,0.882927,0.354167,0.000000,1.728004,0.000000,0.000000,0.000000,0.000000,0.000000,349,0.851220,0.354167,0.930139,0.611851,7.848921
121,2581431510480,1,xfeat_guided,temporal,39.175186,21.705751,4.718653,4.727694,16.895432,0.000791,15.920134,15.523924,1.640801,1.453092,600,600,60.880937,3.149060,7.233542,71.263539,341,258,258,0.756598,0.875000,0.000000,nan,0.000000,0.000000,0.000000,0.000000,0.000000,0,0.000000,0.000000,nan,nan,0.000000
121,2581431510480,1,orb_cpu,temporal,63.050825,63.097575,0.000000,0.000000,0.000000,0.000000,0.000000,0.000000,0.000000,0.000000,600,600,126.148400,9.072386,2.251846,137.472632,439,378,378,0.861048,0.312500,1.000000,nan,0.000000,0.000000,0.000000,0.000000,0.000000,0,0.000000,0.000000,nan,nan,0.000000
130,2582331513856,1,xfeat_star_coarse,stereo,38.714141,33.678404,3.938815,3.891606,15.880675,0.000875,17.108891,15.858800,1.785510,13.926873,600,600,39.093352,1.631009,0.461836,41.186197,345,345,345,1.000000,1.000000,0.000000,0.000000,0.000000,0.000000,0.000000,0.000000,0.000000,161,0.466667,0.770833,0.479772,-0.271085,6.798873
130,2582331513856,1,xfeat_star_fine,stereo,38.714141,33.678404,3.938815,3.891606,15.880675,0.000875,17.108891,15.858800,1.785510,13.926873,600,600,39.093352,1.631009,0.618712,52.588263,328,328,327,0.996951,1.000000,0.000000,1.657410,11.245190,0.290335,0.000750,9.280679,1.673260,193,0.588415,0.895833,0.612198,-0.041389,12.659032
130,2582331513856,1,orb_cpu,stereo,63.005782,64.391373,0.000000,0.000000,0.000000,0.000000,0.000000,0.000000,0.000000,0.000000,599,588,64.832793,19.959199,2.900766,87.692758,395,364,361,0.913924,0.416667,0.000000,1.727997,0.000000,0.000000,0.000000,0.000000,0.000000,350,0.886076,0.416667,0.943886,0.622508,7.509669
131,2582421519397,1,xfeat_star_coarse,stereo,21.500041,38.318056,3.933773,3.919023,0.000709,15.853842,15.863133,16.895556,1.702260,1.649468,600,600,38.650475,1.629259,0.277627,40.557361,357,357,357,1.000000,0.979167,0.000000,0.000000,0.000000,0.000000,0.000000,0.000000,0.000000,188,0.526611,0.833333,0.579096,-0.256007,7.800753
131,2582421519397,1,xfeat_star_fine,stereo,21.500041,38.318056,3.933773,3.919023,0.000709,15.853842,15.863133,16.895556,1.702260,1.649468,600,600,38.650475,1.629259,0.323002,54.201065,350,350,350,1.000000,0.979167,0.000000,1.623749,13.598329,0.377669,0.000667,12.012070,1.207632,216,0.617143,0.895833,0.697846,0.039494,6.870289
131,2582421519397,1,orb_cpu,stereo,63.517743,64.773792,0.000000,0.000000,0.000000,0.000000,0.000000,0.000000,0.000000,0.000000,595,583,65.041169,18.061605,1.892428,84.995202,387,351,350,0.904393,0.395833,0.000000,1.727997,0.000000,0.000000,0.000000,0.000000,0.000000,341,0.881137,0.395833,0.945703,0.713940,7.430877
131,2582421519397,1,xfeat_guided,temporal,38.714141,21.500041,3.938815,3.933773,15.880675,0.000709,17.108891,15.863133,1.785510,1.702260,600,600,60.214182,2.906767,8.228839,71.349788,328,240,240,0.731707,0.875000,0.000000,nan,0.000000,0.000000,0.000000,0.000000,0.000000,0,0.000000,0.000000,nan,nan,0.000000
131,2582421519397,1,orb_cpu,temporal,63.005782,63.517743,0.000000,0.000000,0.000000,0.000000,0.000000,0.000000,0.000000,0.000000,599,595,126.523525,7.981254,2.193137,136.697916,404,359,359,0.888614,0.416667,0.000000,nan,0.000000,0.000000,0.000000,0.000000,0.000000,0,0.000000,0.000000,nan,nan,0.000000
140,2583321508481,1,xfeat_star_coarse,stereo,35.945792,40.285608,4.739778,4.652610,0.000791,16.761264,16.743014,17.404017,14.461959,1.467592,600,600,40.850695,1.367217,0.301710,42.519622,357,357,357,1.000000,1.000000,0.000000,0.000000,0.000000,0.000000,0.000000,0.000000,0.000000,199,0.557423,0.833333,0.573364,-0.188980,15.515215
140,2583321508481,1,xfeat_star_fine,stereo,35.945792,40.285608,4.739778,4.652610,0.000791,16.761264,16.743014,17.404017,14.461959,1.467592,600,600,40.850695,1.367217,0.876214,63.587870,351,351,350,0.997151,1.000000,0.000000,1.642323,20.493744,0.381169,0.001000,14.581793,5.529490,218,0.621083,0.895833,0.663026,0.002114,14.955295
140,2583321508481,1,orb_cpu,stereo,66.456843,61.745649,0.000000,0.000000,0.000000,0.000000,0.000000,0.000000,0.000000,0.000000,597,593,66.662469,19.740364,1.449716,87.852549,390,367,365,0.935897,0.458333,0.000000,2.000000,0.000000,0.000000,0.000000,0.000000,0.000000,355,0.910256,0.458333,0.951619,0.648335,7.419460
141,2583411508940,1,xfeat_star_coarse,stereo,39.155227,22.335754,4.774652,4.728444,15.955259,0.000792,16.920890,15.931800,1.504301,1.674468,600,600,39.455062,1.431967,0.308251,41.195280,359,359,359,1.000000,0.979167,0.000000,0.000000,0.000000,0.000000,0.000000,0.000000,0.000000,195,0.543175,0.791667,0.575490,-0.205580,6.659247
141,2583411508940,1,xfeat_star_fine,stereo,39.155227,22.335754,4.774652,4.728444,15.955259,0.000792,16.920890,15.931800,1.504301,1.674468,600,600,39.455062,1.431967,0.636462,55.453530,352,352,352,1.000000,0.979167,0.000000,1.665401,13.930039,0.388586,0.000750,10.721312,2.819225,223,0.633523,0.875000,0.717651,-0.047792,12.676573
141,2583411508940,1,orb_cpu,stereo,64.821459,66.924055,0.000000,0.000000,0.000000,0.000000,0.000000,0.000000,0.000000,0.000000,600,591,67.232890,7.972297,0.929839,76.135026,375,353,351,0.936000,0.395833,0.000000,1.864006,0.000000,0.000000,0.000000,0.000000,0.000000,341,0.909333,0.395833,0.945084,0.716952,6.464120
141,2583411508940,1,xfeat_guided,temporal,35.945792,39.155227,4.739778,4.774652,0.000791,15.955259,16.743014,16.920890,14.461959,1.504301,600,600,75.101019,3.119434,7.203625,85.424078,356,272,272,0.764045,0.895833,0.000000,nan,0.000000,0.000000,0.000000,0.000000,0.000000,0,0.000000,0.000000,nan,nan,0.000000
141,2583411508940,1,orb_cpu,temporal,66.456843,64.821459,0.000000,0.000000,0.000000,0.000000,0.000000,0.000000,0.000000,0.000000,597,600,131.278302,10.050059,2.325263,143.653624,422,375,375,0.888626,0.395833,1.440002,nan,0.000000,0.000000,0.000000,0.000000,0.000000,0,0.000000,0.000000,nan,nan,0.000000
150,2584401515940,1,xfeat_star_coarse,stereo,47.520150,42.258661,12.110987,11.943360,17.864145,0.001209,15.933217,17.848061,1.611551,12.465781,600,600,48.153945,1.680593,0.578420,50.412958,344,344,344,1.000000,0.979167,0.000000,0.000000,0.000000,0.000000,0.000000,0.000000,0.000000,167,0.485465,0.770833,0.500923,-0.150127,8.781217
150,2584401515940,1,xfeat_star_fine,stereo,47.520150,42.258661,12.110987,11.943360,17.864145,0.001209,15.933217,17.848061,1.611551,12.465781,600,600,48.153945,1.680593,0.237335,63.595201,334,334,333,0.997006,0.979167,0.000000,1.702438,13.523328,0.352418,0.000750,11.996028,1.173882,194,0.580838,0.854167,0.620455,-0.028128,5.312364
150,2584401515940,1,orb_cpu,stereo,62.885239,64.497706,0.000000,0.000000,0.000000,0.000000,0.000000,0.000000,0.000000,0.000000,600,582,65.029418,12.500739,2.766974,80.297131,384,355,350,0.911458,0.395833,0.000000,2.000000,0.000000,0.000000,0.000000,0.000000,0.000000,343,0.893229,0.395833,0.947475,0.683199,9.672306
151,2584491539523,1,xfeat_star_coarse,stereo,39.532479,21.408041,3.941732,3.876815,15.867883,0.001000,17.094849,15.856758,2.627807,1.673343,600,600,39.905980,2.906809,0.660629,43.473418,334,334,334,1.000000,1.000000,0.000000,0.000000,0.000000,0.000000,0.000000,0.000000,0.000000,168,0.502994,0.812500,0.557924,-0.245387,9.100636
151,2584491539523,1,xfeat_star_fine,stereo,39.532479,21.408041,3.941732,3.876815,15.867883,0.001000,17.094849,15.856758,2.627807,1.673343,600,600,39.905980,2.906809,0.622795,59.767637,324,324,324,1.000000,1.000000,0.000000,1.800789,16.332053,0.252168,0.000500,13.447703,2.631515,185,0.570988,0.875000,0.659442,-0.070132,10.178101
151,2584491539523,1,orb_cpu,stereo,68.631688,64.088453,0.000000,0.000000,0.000000,0.000000,0.000000,0.000000,0.000000,0.000000,600,592,68.855731,8.207756,1.152799,78.216286,382,357,357,0.934555,0.437500,0.000000,2.000000,0.000000,0.000000,0.000000,0.000000,0.000000,345,0.903141,0.437500,0.946772,0.677901,7.269333
151,2584491539523,1,xfeat_guided,temporal,47.520150,39.532479,12.110987,3.941732,17.864145,15.867883,15.933217,17.094849,1.611551,2.627807,600,600,87.052629,3.008809,11.240440,101.301878,329,234,234,0.711246,0.854167,0.000000,nan,0.000000,0.000000,0.000000,0.000000,0.000000,0,0.000000,0.000000,nan,nan,0.000000
151,2584491539523,1,orb_cpu,temporal,62.885239,68.631688,0.000000,0.000000,0.000000,0.000000,0.000000,0.000000,0.000000,0.000000,600,600,131.516927,10.056017,2.073262,143.646206,412,369,369,0.895631,0.416667,0.000000,nan,0.000000,0.000000,0.000000,0.000000,0.000000,0,0.000000,0.000000,nan,nan,0.000000
160,2585391530899,1,xfeat_star_coarse,stereo,23.280093,40.532942,4.729694,4.712777,0.001125,16.845097,16.839889,17.426850,1.709135,1.548051,600,600,41.086070,2.392139,1.203590,44.681799,361,361,361,1.000000,1.000000,0.000000,0.000000,0.000000,0.000000,0.000000,0.000000,0.000000,174,0.481994,0.791667,0.484560,-0.254409,17.479559
160,2585391530899,1,xfeat_star_fine,stereo,23.280093,40.532942,4.729694,4.712777,0.001125,16.845097,16.839889,17.426850,1.709135,1.548051,600,600,41.086070,2.392139,0.319461,54.744649,350,350,347,0.991429,1.000000,0.000000,1.831100,10.946979,0.388043,0.000875,9.366846,1.190923,192,0.548571,0.875000,0.621162,-0.052967,16.890639
160,2585391530899,1,orb_cpu,stereo,60.671684,61.658315,0.000000,0.000000,0.000000,0.000000,0.000000,0.000000,0.000000,0.000000,600,592,61.908732,15.640757,2.262805,79.812294,362,320,315,0.870166,0.416667,0.000000,1.728004,0.000000,0.000000,0.000000,0.000000,0.000000,300,0.828729,0.416667,0.937992,0.576455,6.926831
161,2585481522149,1,xfeat_star_coarse,stereo,35.181786,39.697896,4.689486,4.636694,0.001083,16.555095,16.535637,17.010973,13.955247,1.494967,600,600,40.074689,2.598348,0.659003,43.332040,370,370,370,1.000000,1.000000,0.000000,0.000000,0.000000,0.000000,0.000000,0.000000,0.000000,182,0.491892,0.729167,0.519905,-0.200275,14.009373
161,2585481522149,1,xfeat_star_fine,stereo,35.181786,39.697896,4.689486,4.636694,0.001083,16.555095,16.535637,17.010973,13.955247,1.494967,600,600,40.074689,2.598348,0.316502,54.020894,358,358,357,0.997207,1.000000,0.000000,1.610474,11.031355,0.499503,0.001292,9.325846,1.204423,199,0.555866,0.791667,0.620944,-0.012568,13.080326
161,2585481522149,1,orb_cpu,stereo,62.498236,64.875832,0.000000,0.000000,0.000000,0.000000,0.000000,0.000000,0.000000,0.000000,599,592,65.151293,19.563279,2.018470,86.733042,367,328,327,0.891008,0.479167,0.000000,1.727997,0.000000,0.000000,0.000000,0.000000,0.000000,314,0.855586,0.479167,0.932674,0.573081,7.005541
161,2585481522149,1,xfeat_guided,temporal,23.280093,35.181786,4.729694,4.689486,0.001125,0.001083,16.839889,16.535637,1.709135,13.955247,600,600,58.461879,3.131352,9.428346,71.021577,351,255,255,0.726496,0.854167,0.000000,nan,0.000000,0.000000,0.000000,0.000000,0.000000,0,0.000000,0.000000,nan,nan,0.000000
161,2585481522149,1,orb_cpu,temporal,60.671684,62.498236,0.000000,0.000000,0.000000,0.000000,0.000000,0.000000,0.000000,0.000000,600,599,123.169920,10.033307,2.086845,135.290072,401,356,356,0.887781,0.375000,0.200012,nan,0.000000,0.000000,0.000000,0.000000,0.000000,0,0.000000,0.000000,nan,nan,0.000000
170,2586381516566,1,xfeat_star_coarse,stereo,32.359436,48.343903,13.020450,12.841740,0.001167,17.861061,17.842770,15.948175,1.494758,1.692718,600,600,48.931657,1.552092,0.361543,50.845292,355,355,355,1.000000,1.000000,0.000000,8.000000,0.000000,0.000000,0.000000,0.000000,0.000000,177,0.498592,0.875000,0.543198,-0.275566,6.393079
170,2586381516566,1,xfeat_star_fine,stereo,32.359436,48.343903,13.020450,12.841740,0.001167,17.861061,17.842770,15.948175,1.494758,1.692718,600,600,48.931657,1.552092,0.638004,64.425871,346,346,344,0.994220,1.000000,0.000000,7.689454,13.304118,0.279335,0.000458,10.243643,2.780474,198,0.572254,0.937500,0.658672,-0.129835,13.320577
170,2586381516566,1,orb_cpu,stereo,66.200548,61.447896,0.000000,0.000000,0.000000,0.000000,0.000000,0.000000,0.000000,0.000000,600,593,66.675509,19.998448,2.411639,89.085596,376,335,331,0.880319,0.395833,0.000000,2.000000,0.000000,0.000000,0.000000,0.000000,0.000000,315,0.837766,0.395833,0.936127,0.609075,7.140208
171,2586561521983,1,xfeat_star_coarse,stereo,22.853006,38.793973,3.974314,3.992731,0.000958,17.276391,17.318766,15.879675,1.558634,1.645009,600,600,39.130559,1.662718,0.369835,41.163112,346,346,346,1.000000,0.979167,0.000000,8.000000,0.000000,0.000000,0.000000,0.000000,0.000000,178,0.514451,0.812500,0.512810,-0.266467,11.068773
171,2586561521983,1,xfeat_star_fine,stereo,22.853006,38.793973,3.974314,3.992731,0.000958,17.276391,17.318766,15.879675,1.558634,1.645009,600,600,39.130559,1.662718,0.645087,52.875763,340,340,340,1.000000,0.979167,0.000000,8.448608,11.437399,0.478545,0.001167,9.530388,1.427008,200,0.588235,0.833333,0.621719,-0.108546,12.610072
171,2586561521983,1,orb_cpu,stereo,64.362079,66.586592,0.000000,0.000000,0.000000,0.000000,0.000000,0.000000,0.000000,0.000000,591,582,66.826510,7.979671,1.752219,76.558400,349,311,309,0.885387,0.354167,0.000000,1.728012,0.000000,0.000000,0.000000,0.000000,0.000000,295,0.845272,0.354167,0.937949,0.624554,6.675705
171,2586561521983,1,xfeat_guided,temporal,32.359436,22.853006,13.020450,3.974314,0.001167,0.000958,17.842770,17.318766,1.494758,1.558634,600,600,55.212442,3.113809,8.026629,66.352880,315,236,236,0.749206,0.812500,0.000000,nan,0.000000,0.000000,0.000000,0.000000,0.000000,0,0.000000,0.000000,nan,nan,0.000000
171,2586561521983,1,orb_cpu,temporal,66.200548,64.362079,0.000000,0.000000,0.000000,0.000000,0.000000,0.000000,0.000000,0.000000,600,591,130.562627,9.901016,3.749397,144.213040,370,304,304,0.821622,0.375000,1.000000,nan,0.000000,0.000000,0.000000,0.000000,0.000000,0,0.000000,0.000000,nan,nan,0.000000
180,2587461523650,1,xfeat_star_coarse,stereo,42.056700,25.635356,7.200458,7.009957,17.159973,0.000625,15.896342,17.142432,1.799760,1.482175,600,600,42.510203,1.377758,0.306460,44.194421,350,350,350,1.000000,1.000000,0.000000,8.000000,0.000000,0.000000,0.000000,0.000000,0.000000,202,0.577143,0.895833,0.632810,-0.250240,20.087574
180,2587461523650,1,xfeat_star_fine,stereo,42.056700,25.635356,7.200458,7.009957,17.159973,0.000625,15.896342,17.142432,1.799760,1.482175,600,600,42.510203,1.377758,1.155715,56.581201,339,339,337,0.994100,1.000000,0.000000,8.148884,11.537525,0.554837,0.001208,9.387346,1.593551,214,0.631268,0.916667,0.698178,0.021103,21.794667
180,2587461523650,1,orb_cpu,stereo,62.175649,64.751123,0.000000,0.000000,0.000000,0.000000,0.000000,0.000000,0.000000,0.000000,595,589,65.039582,19.913697,5.920701,90.873980,356,300,297,0.834270,0.354167,0.000000,2.000000,0.000000,0.000000,0.000000,0.000000,0.000000,288,0.808989,0.354167,0.922628,0.592208,7.037582
181,2587551526650,1,xfeat_star_coarse,stereo,22.341920,39.383518,4.748944,4.686527,0.001209,15.911133,15.894258,17.367016,1.697176,1.418675,600,600,39.824145,1.403258,0.307252,41.534655,351,351,351,1.000000,1.000000,0.000000,8.000000,0.000000,0.000000,0.000000,0.000000,0.000000,191,0.544160,0.791667,0.616187,-0.215040,5.491240
181,2587551526650,1,xfeat_star_fine,stereo,22.341920,39.383518,4.748944,4.686527,0.001209,15.911133,15.894258,17.367016,1.697176,1.418675,600,600,39.824145,1.403258,0.313502,55.113609,340,340,340,1.000000,1.000000,0.000000,8.201187,13.572704,0.405544,0.001083,11.993653,1.172132,208,0.611765,0.875000,0.694959,0.032308,5.417406
181,2587551526650,1,orb_cpu,stereo,62.964112,65.193500,0.000000,0.000000,0.000000,0.000000,0.000000,0.000000,0.000000,0.000000,600,591,65.442126,16.061009,4.434817,85.937952,339,293,292,0.861357,0.312500,0.000000,2.000000,0.000000,0.000000,0.000000,0.000000,0.000000,277,0.817109,0.312500,0.931037,0.617617,6.553413
181,2587551526650,1,xfeat_guided,temporal,42.056700,22.341920,7.200458,4.748944,17.159973,0.001209,15.896342,15.894258,1.799760,1.697176,600,600,64.398620,3.218560,8.598591,76.215771,321,236,236,0.735202,0.791667,0.000000,nan,0.000000,0.000000,0.000000,0.000000,0.000000,0,0.000000,0.000000,nan,nan,0.000000
181,2587551526650,1,orb_cpu,temporal,62.175649,62.964112,0.000000,0.000000,0.000000,0.000000,0.000000,0.000000,0.000000,0.000000,595,600,125.139761,9.952349,1.346924,136.439034,383,357,357,0.932115,0.395833,0.000000,nan,0.000000,0.000000,0.000000,0.000000,0.000000,0,0.000000,0.000000,nan,nan,0.000000
190,2588451552984,1,xfeat_star_coarse,stereo,52.513260,32.803480,13.419577,13.258659,18.063604,0.000833,18.338563,18.048562,2.691266,1.495259,600,600,52.992680,3.226352,0.640795,56.859827,355,355,355,1.000000,1.000000,0.000000,8.000000,0.000000,0.000000,0.000000,0.000000,0.000000,228,0.642254,0.875000,0.699809,0.018442,13.654454
190,2588451552984,1,xfeat_star_fine,stereo,52.513260,32.803480,13.419577,13.258659,18.063604,0.000833,18.338563,18.048562,2.691266,1.495259,600,600,52.992680,3.226352,0.911505,69.312357,346,346,344,0.994220,1.000000,0.000000,8.870071,12.181820,0.358377,0.000958,9.318012,2.504223,222,0.641618,0.916667,0.734572,-0.019070,20.589327
190,2588451552984,1,orb_cpu,stereo,62.031565,64.674579,0.000000,0.000000,0.000000,0.000000,0.000000,0.000000,0.000000,0.000000,578,589,65.130708,19.295777,4.616609,89.043094,360,316,315,0.875000,0.437500,0.000000,2.073608,0.000000,0.000000,0.000000,0.000000,0.000000,302,0.838889,0.437500,0.934237,0.624032,6.969624
191,2588541527025,1,xfeat_star_coarse,stereo,33.957820,38.539596,3.872106,3.821814,0.001125,15.899716,15.885633,17.263641,14.198706,1.554300,600,600,38.890973,1.711093,0.566920,41.168986,349,349,349,1.000000,1.000000,0.000000,8.000000,0.000000,0.000000,0.000000,0.000000,0.000000,223,0.638968,0.895833,0.679145,-0.113072,7.304792
191,2588541527025,1,xfeat_star_fine,stereo,33.957820,38.539596,3.872106,3.821814,0.001125,15.899716,15.885633,17.263641,14.198706,1.554300,600,600,38.890973,1.711093,0.238709,54.334728,337,337,337,1.000000,1.000000,0.000000,8.612640,13.493953,0.391253,0.001042,11.959110,1.142257,217,0.643917,0.895833,0.742517,-0.118440,5.453782
191,2588541527025,1,orb_cpu,stereo,61.902064,64.472745,0.000000,0.000000,0.000000,0.000000,0.000000,0.000000,0.000000,0.000000,584,578,64.718372,14.362833,3.129685,82.210890,379,323,321,0.846966,0.395833,0.000000,2.073593,0.000000,0.000000,0.000000,0.000000,0.000000,310,0.817942,0.395833,0.938301,0.659506,7.202083
191,2588541527025,1,xfeat_guided,temporal,52.513260,33.957820,13.419577,3.872106,18.063604,0.001125,18.338563,15.885633,2.691266,14.198706,600,600,86.471080,3.394019,6.723414,96.588513,356,274,274,0.769663,0.875000,0.000000,nan,0.000000,0.000000,0.000000,0.000000,0.000000,0,0.000000,0.000000,nan,nan,0.000000
191,2588541527025,1,orb_cpu,temporal,62.031565,61.902064,0.000000,0.000000,0.000000,0.000000,0.000000,0.000000,0.000000,0.000000,578,584,123.933629,9.437262,2.638640,136.009531,379,337,337,0.889182,0.375000,1.439987,nan,0.000000,0.000000,0.000000,0.000000,0.000000,0,0.000000,0.000000,nan,nan,0.000000
200,2589531530568,1,xfeat_star_coarse,stereo,39.496768,23.323967,4.685026,4.662693,17.166557,0.001291,15.909841,17.142682,1.735177,1.517092,600,600,39.998771,5.328989,1.197340,46.525100,359,359,359,1.000000,1.000000,0.000000,8.000000,0.000000,0.000000,0.000000,0.000000,0.000000,213,0.593315,0.895833,0.620257,-0.160490,26.446776
200,2589531530568,1,xfeat_star_fine,stereo,39.496768,23.323967,4.685026,4.662693,17.166557,0.001291,15.909841,17.142682,1.735177,1.517092,600,600,39.998771,5.328989,0.312668,56.781825,345,345,340,0.985507,1.000000,0.000000,8.912872,11.141397,0.562961,0.001292,9.400887,1.175632,230,0.666667,0.937500,0.761737,-0.038852,15.371088
200,2589531530568,1,orb_cpu,stereo,60.543263,63.285780,0.000000,0.000000,0.000000,0.000000,0.000000,0.000000,0.000000,0.000000,594,592,63.534739,20.323908,5.388364,89.247011,366,315,313,0.855191,0.458333,0.000000,2.488312,0.000000,0.000000,0.000000,0.000000,0.000000,298,0.814208,0.458333,0.935221,0.510974,12.905616
201,2589621546568,1,xfeat_star_coarse,stereo,22.955214,40.320564,4.672901,4.641526,0.000833,16.551095,16.545762,17.620726,1.735509,1.506800,600,600,40.681900,1.437300,0.310043,42.429243,361,361,361,1.000000,1.000000,0.000000,8.000000,0.000000,0.000000,0.000000,0.000000,0.000000,231,0.639889,0.937500,0.668510,0.017784,13.816496
201,2589621546568,1,xfeat_star_fine,stereo,22.955214,40.320564,4.672901,4.641526,0.000833,16.551095,16.545762,17.620726,1.735509,1.506800,600,600,40.681900,1.437300,0.488420,53.685933,343,343,340,0.991254,1.000000,0.000000,8.769470,11.078313,0.383002,0.000958,9.347429,1.346632,250,0.728863,0.895833,0.800043,0.138918,13.505910
201,2589621546568,1,orb_cpu,stereo,62.254273,65.277124,0.000000,0.000000,0.000000,0.000000,0.000000,0.000000,0.000000,0.000000,583,581,65.520792,14.901252,1.995011,82.417055,355,318,316,0.890141,0.437500,0.000000,2.400002,0.000000,0.000000,0.000000,0.000000,0.000000,305,0.859155,0.437500,0.939852,0.681259,6.876706
201,2589621546568,1,xfeat_guided,temporal,39.496768,22.955214,4.685026,4.672901,17.166557,0.000833,15.909841,16.545762,1.735177,1.735509,600,600,62.451982,3.317310,8.730550,74.499842,348,256,256,0.735632,0.812500,0.000000,nan,0.000000,0.000000,0.000000,0.000000,0.000000,0,0.000000,0.000000,nan,nan,0.000000
201,2589621546568,1,orb_cpu,temporal,60.543263,62.254273,0.000000,0.000000,0.000000,0.000000,0.000000,0.000000,0.000000,0.000000,594,583,122.797536,9.653514,2.816974,135.268024,342,306,306,0.894737,0.437500,0.000000,nan,0.000000,0.000000,0.000000,0.000000,0.000000,0,0.000000,0.000000,nan,nan,0.000000
210,2590521622443,1,xfeat_star_coarse,stereo,33.899444,53.301847,14.591792,14.418833,0.000959,17.837102,17.818976,18.278146,1.487551,2.767516,600,600,54.070184,1.635551,0.373461,56.079196,348,348,348,1.000000,1.000000,0.000000,8.000000,0.000000,0.000000,0.000000,0.000000,0.000000,204,0.586207,0.875000,0.635824,-0.283915,6.869914
210,2590521622443,1,xfeat_star_fine,stereo,33.899444,53.301847,14.591792,14.418833,0.000959,17.837102,17.818976,18.278146,1.487551,2.767516,600,600,54.070184,1.635551,0.310377,67.052717,336,336,335,0.997024,1.000000,0.000000,8.952484,11.036605,0.290627,0.000625,9.568805,1.176382,226,0.672619,0.895833,0.733650,-0.236622,5.853617
210,2590521622443,1,orb_cpu,stereo,62.258357,64.229909,0.000000,0.000000,0.000000,0.000000,0.000000,0.000000,0.000000,0.000000,588,573,64.788204,9.516888,2.521182,76.826274,349,306,305,0.873926,0.500000,0.000000,2.488312,0.000000,0.000000,0.000000,0.000000,0.000000,291,0.833811,0.500000,0.930301,0.617368,6.704496
211,2590611631985,1,xfeat_star_coarse,stereo,38.802639,22.743130,4.015190,3.975523,17.273849,0.000833,15.895132,17.249474,1.618218,1.516925,600,600,39.219974,1.657510,0.361169,41.238653,345,345,345,1.000000,1.000000,0.000000,8.000000,0.000000,0.000000,0.000000,0.000000,0.000000,188,0.544928,0.895833,0.599944,-0.246816,11.314565
211,2590611631985,1,xfeat_star_fine,stereo,38.802639,22.743130,4.015190,3.975523,17.273849,0.000833,15.895132,17.249474,1.618218,1.516925,600,600,39.219974,1.657510,0.315877,52.111965,338,338,337,0.997041,1.000000,0.000000,8.924225,10.918604,0.412169,0.000875,9.346220,1.159090,214,0.633136,0.895833,0.720396,-0.203461,19.845947
211,2590611631985,1,orb_cpu,stereo,63.055611,64.994414,0.000000,0.000000,0.000000,0.000000,0.000000,0.000000,0.000000,0.000000,583,563,65.275540,13.817245,3.923814,83.016599,335,274,272,0.811940,0.500000,0.000000,2.639984,0.000000,0.000000,0.000000,0.000000,0.000000,262,0.782090,0.500000,0.921744,0.604997,6.453037
211,2590611631985,1,xfeat_guided,temporal,33.899444,38.802639,14.591792,4.015190,0.000959,17.273849,17.818976,15.895132,1.487551,1.618218,600,600,72.702083,3.339519,11.856818,87.898420,346,245,245,0.708092,0.791667,0.000000,nan,0.000000,0.000000,0.000000,0.000000,0.000000,0,0.000000,0.000000,nan,nan,0.000000
211,2590611631985,1,orb_cpu,temporal,62.258357,63.055611,0.000000,0.000000,0.000000,0.000000,0.000000,0.000000,0.000000,0.000000,588,583,125.313968,9.536596,2.827642,137.678206,387,324,324,0.837209,0.500000,2.000000,nan,0.000000,0.000000,0.000000,0.000000,0.000000,0,0.000000,0.000000,nan,nan,0.000000
220,2591511565568,1,xfeat_star_coarse,stereo,21.584665,38.531887,3.989315,3.944981,0.001292,15.910049,15.896049,17.118098,1.697718,1.558509,600,600,38.874597,5.454864,0.957630,45.287091,337,337,337,1.000000,1.000000,0.000000,8.000000,0.000000,0.000000,0.000000,0.000000,0.000000,201,0.596439,0.979167,0.632000,-0.007162,25.122436
220,2591511565568,1,xfeat_star_fine,stereo,21.584665,38.531887,3.989315,3.944981,0.001292,15.910049,15.896049,17.118098,1.697718,1.558509,600,600,38.874597,5.454864,0.300918,55.699067,327,327,327,1.000000,1.000000,0.000000,8.875488,11.068688,0.567878,0.001208,9.389845,1.109173,207,0.633028,0.979167,0.699175,-0.007599,20.146407
220,2591511565568,1,orb_cpu,stereo,63.109153,58.424209,0.000000,0.000000,0.000000,0.000000,0.000000,0.000000,0.000000,0.000000,542,498,63.362320,21.395163,4.809361,89.566844,283,245,243,0.858657,0.458333,0.000000,2.073593,0.000000,0.000000,0.000000,0.000000,0.000000,235,0.830389,0.458333,0.936827,0.649698,10.745561
221,2591691540444,1,xfeat_star_coarse,stereo,23.144632,39.119348,4.743236,4.656235,0.000958,16.894347,16.897180,15.887132,1.502925,1.681468,600,600,39.584393,1.320091,0.642795,41.547279,355,355,355,1.000000,1.000000,0.000000,8.000000,0.000000,0.000000,0.000000,0.000000,0.000000,214,0.602817,0.916667,0.640961,-0.036606,13.430744
221,2591691540444,1,xfeat_star_fine,stereo,23.144632,39.119348,4.743236,4.656235,0.000958,16.894347,16.897180,15.887132,1.502925,1.681468,600,600,39.584393,1.320091,0.306543,52.081214,346,346,344,0.994220,1.000000,0.000000,9.565048,10.870187,0.380960,0.000792,9.319762,1.168340,233,0.673410,0.937500,0.727806,0.039825,12.320529
221,2591691540444,1,orb_cpu,stereo,61.847353,62.964943,0.000000,0.000000,0.000000,0.000000,0.000000,0.000000,0.000000,0.000000,544,511,63.206152,15.899340,4.948362,84.053854,298,262,260,0.872483,0.437500,0.000000,2.073601,0.000000,0.000000,0.000000,0.000000,0.000000,249,0.835570,0.437500,0.943925,0.650448,6.238785
221,2591691540444,1,xfeat_guided,temporal,21.584665,23.144632,3.989315,4.743236,0.001292,0.000958,15.896049,16.897180,1.697718,1.502925,600,600,44.729297,3.194435,13.384326,61.308058,293,201,201,0.686007,0.729167,0.000000,nan,0.000000,0.000000,0.000000,0.000000,0.000000,0,0.000000,0.000000,nan,nan,0.000000
221,2591691540444,1,orb_cpu,temporal,63.109153,61.847353,0.000000,0.000000,0.000000,0.000000,0.000000,0.000000,0.000000,0.000000,542,544,124.956506,9.688014,5.990784,140.635304,301,232,232,0.770764,0.333333,1.727997,nan,0.000000,0.000000,0.000000,0.000000,0.000000,0,0.000000,0.000000,nan,nan,0.000000
230,2592591563736,1,xfeat_star_coarse,stereo,39.737393,23.449675,4.323524,4.277607,17.616225,0.000834,16.151051,17.601933,1.646384,1.569051,600,600,40.045854,1.613842,0.404002,42.063698,336,336,336,1.000000,0.979167,0.000000,8.000000,0.000000,0.000000,0.000000,0.000000,0.000000,162,0.482143,0.791667,0.495615,-0.061315,6.657455
230,2592591563736,1,xfeat_star_fine,stereo,39.737393,23.449675,4.323524,4.277607,17.616225,0.000834,16.151051,17.601933,1.646384,1.569051,600,600,40.045854,1.613842,0.601795,53.247679,317,317,317,1.000000,0.979167,0.000000,8.745224,10.986188,0.271752,0.000667,9.289386,1.424175,183,0.577287,0.833333,0.627829,-0.017672,12.530071
230,2592591563736,1,orb_cpu,stereo,61.040140,63.208568,0.000000,0.000000,0.000000,0.000000,0.000000,0.000000,0.000000,0.000000,582,564,63.645904,18.385147,3.178477,85.209528,340,284,281,0.826471,0.437500,0.000000,2.073601,0.000000,0.000000,0.000000,0.000000,0.000000,264,0.776471,0.437500,0.919605,0.457842,6.444786
231,2592681564361,1,xfeat_star_coarse,stereo,38.234968,21.489914,3.939272,3.889647,15.882757,0.000583,16.763762,15.858757,1.648968,1.740677,600,600,38.539845,1.604885,0.476878,40.621608,350,350,350,1.000000,1.000000,0.000000,0.000000,0.000000,0.000000,0.000000,0.000000,0.000000,168,0.480000,0.854167,0.486807,-0.010263,6.971873
231,2592681564361,1,xfeat_star_fine,stereo,38.234968,21.489914,3.939272,3.889647,15.882757,0.000583,16.763762,15.858757,1.648968,1.740677,600,600,38.539845,1.604885,0.302460,51.161959,334,334,329,0.985030,1.000000,0.000000,1.801208,10.714769,0.264751,0.000500,9.284178,1.165173,193,0.577844,0.895833,0.620669,0.027829,10.689269
231,2592681564361,1,orb_cpu,stereo,61.882937,64.020865,0.000000,0.000000,0.000000,0.000000,0.000000,0.000000,0.000000,0.000000,581,555,64.295074,18.655689,4.116648,87.067411,325,291,289,0.889231,0.375000,0.000000,2.073601,0.000000,0.000000,0.000000,0.000000,0.000000,278,0.855385,0.375000,0.933146,0.495622,7.790378
231,2592681564361,1,xfeat_guided,temporal,39.737393,38.234968,4.323524,3.939272,17.616225,15.882757,16.151051,16.763762,1.646384,1.648968,600,600,77.972361,3.139268,4.512067,85.623696,310,249,249,0.803226,0.958333,0.000000,nan,0.000000,0.000000,0.000000,0.000000,0.000000,0,0.000000,0.000000,nan,nan,0.000000
231,2592681564361,1,orb_cpu,temporal,61.040140,61.882937,0.000000,0.000000,0.000000,0.000000,0.000000,0.000000,0.000000,0.000000,582,581,122.923077,9.483804,2.464973,134.871854,390,335,335,0.858974,0.437500,0.000000,nan,0.000000,0.000000,0.000000,0.000000,0.000000,0,0.000000,0.000000,nan,nan,0.000000
240,2593581543194,1,xfeat_star_coarse,stereo,39.255056,23.149673,4.704818,4.657235,16.918929,0.000750,15.885591,16.891804,1.745551,1.599676,600,600,39.839476,1.340966,0.306627,41.487069,361,361,361,1.000000,1.000000,0.000000,0.000000,0.000000,0.000000,0.000000,0.000000,0.000000,225,0.623269,0.895833,0.649210,-0.026007,21.201912
240,2593581543194,1,xfeat_star_fine,stereo,39.255056,23.149673,4.704818,4.657235,16.918929,0.000750,15.885591,16.891804,1.745551,1.599676,600,600,39.839476,1.340966,0.323585,52.731924,354,354,354,1.000000,1.000000,0.000000,2.909546,11.227897,0.654503,0.001708,9.378471,1.192673,242,0.683616,0.895833,0.771654,0.020605,21.505747
240,2593581543194,1,orb_cpu,stereo,62.863775,66.426086,0.000000,0.000000,0.000000,0.000000,0.000000,0.000000,0.000000,0.000000,600,599,66.703338,20.570867,3.325435,90.599640,365,327,325,0.890411,0.479167,0.000000,2.073578,0.000000,0.000000,0.000000,0.000000,0.000000,305,0.835616,0.479167,0.918046,0.506961,8.382548
241,2593671559611,1,xfeat_star_coarse,stereo,39.330516,22.347502,4.784319,4.730068,15.886924,0.000708,17.110889,15.877965,1.548217,1.738427,600,600,39.704476,1.645551,0.645754,41.995781,366,366,366,1.000000,1.000000,0.000000,0.000000,0.000000,0.000000,0.000000,0.000000,0.000000,222,0.606557,0.916667,0.675796,-0.016432,7.288791
241,2593671559611,1,xfeat_star_fine,stereo,39.330516,22.347502,4.784319,4.730068,15.886924,0.000708,17.110889,15.877965,1.548217,1.738427,600,600,39.704476,1.645551,0.284085,52.591300,358,358,357,0.997207,1.000000,0.000000,1.620155,10.957188,0.292835,0.000667,9.304095,1.359466,248,0.692737,0.937500,0.790979,0.016754,7.255000
241,2593671559611,1,orb_cpu,stereo,63.223860,66.184834,0.000000,0.000000,0.000000,0.000000,0.000000,0.000000,0.000000,0.000000,600,600,66.457378,16.014425,2.298638,84.770441,370,326,324,0.875676,0.458333,0.000000,2.073578,0.000000,0.000000,0.000000,0.000000,0.000000,302,0.816216,0.437500,0.920026,0.492310,7.053581
241,2593671559611,1,xfeat_guided,temporal,39.255056,39.330516,4.704818,4.784319,16.918929,15.886924,15.885591,17.110889,1.745551,1.548217,600,600,78.585572,3.166018,4.081982,85.833572,347,283,283,0.815562,0.916667,0.000000,nan,0.000000,0.000000,0.000000,0.000000,0.000000,0,0.000000,0.000000,nan,nan,0.000000
241,2593671559611,1,orb_cpu,temporal,62.863775,63.223860,0.000000,0.000000,0.000000,0.000000,0.000000,0.000000,0.000000,0.000000,600,600,126.087635,10.038098,1.632635,137.758368,408,368,368,0.901961,0.500000,1.300003,nan,0.000000,0.000000,0.000000,0.000000,0.000000,0,0.000000,0.000000,nan,nan,0.000000
250,2594661566570,1,xfeat_star_coarse,stereo,33.570399,49.432072,14.435707,14.269331,0.001250,17.633350,17.616016,15.909466,1.517092,1.619550,600,600,50.008742,1.562050,0.491836,52.062628,364,364,364,1.000000,1.000000,0.000000,0.000000,0.000000,0.000000,0.000000,0.000000,0.000000,209,0.574176,0.895833,0.634282,-0.011645,12.442529
250,2594661566570,1,xfeat_star_fine,stereo,33.570399,49.432072,14.435707,14.269331,0.001250,17.633350,17.616016,15.909466,1.517092,1.619550,600,600,50.008742,1.562050,0.242918,62.735772,356,356,355,0.997191,1.000000,0.000000,1.426819,10.922062,0.402794,0.000917,9.324970,1.193131,242,0.679775,0.937500,0.764811,0.124432,11.406149
250,2594661566570,1,orb_cpu,stereo,64.570658,67.045214,0.000000,0.000000,0.000000,0.000000,0.000000,0.000000,0.000000,0.000000,600,600,67.490550,20.172323,2.096929,89.759802,393,362,357,0.908397,0.500000,0.000000,1.728004,0.000000,0.000000,0.000000,0.000000,0.000000,344,0.875318,0.500000,0.929592,0.615839,7.448126
251,2594751555028,1,xfeat_star_coarse,stereo,39.392515,23.244673,4.401233,4.360149,17.402474,0.000916,15.896882,17.385641,1.691551,1.497633,600,600,39.692100,1.586676,0.307501,41.586277,371,371,371,1.000000,1.000000,0.000000,0.000000,0.000000,0.000000,0.000000,0.000000,0.000000,233,0.628032,0.958333,0.652721,0.008337,7.293042
251,2594751555028,1,xfeat_star_fine,stereo,39.392515,23.244673,4.401233,4.360149,17.402474,0.000916,15.896882,17.385641,1.691551,1.497633,600,600,39.692100,1.586676,0.320336,52.570049,361,361,358,0.991690,1.000000,0.000000,1.343500,10.970937,0.399002,0.000791,9.356012,1.214965,267,0.739612,0.958333,0.766589,0.143846,7.302333
251,2594751555028,1,orb_cpu,stereo,65.455872,68.115553,0.000000,0.000000,0.000000,0.000000,0.000000,0.000000,0.000000,0.000000,600,600,68.383514,15.184211,1.606551,85.174276,408,375,372,0.911765,0.541667,0.000000,1.764023,0.000000,0.000000,0.000000,0.000000,0.000000,356,0.872549,0.541667,0.937419,0.618318,7.762919
251,2594751555028,1,xfeat_guided,temporal,33.570399,39.392515,14.435707,4.401233,0.001250,17.402474,17.616016,15.896882,1.517092,1.691551,600,600,72.962914,3.367644,2.091053,78.421611,379,343,343,0.905013,0.979167,0.000000,nan,0.000000,0.000000,0.000000,0.000000,0.000000,0,0.000000,0.000000,nan,nan,0.000000
251,2594751555028,1,orb_cpu,temporal,64.570658,65.455872,0.000000,0.000000,0.000000,0.000000,0.000000,0.000000,0.000000,0.000000,600,600,130.026530,10.065598,2.264638,142.356766,428,375,375,0.876168,0.562500,1.000000,nan,0.000000,0.000000,0.000000,0.000000,0.000000,0,0.000000,0.000000,nan,nan,0.000000
260,2595651569362,1,xfeat_star_coarse,stereo,40.570147,23.243548,4.737360,4.701985,16.862679,0.000916,17.557183,16.851554,1.412633,1.688843,600,600,41.071358,1.475092,0.711587,43.258037,372,372,372,1.000000,1.000000,0.000000,0.000000,0.000000,0.000000,0.000000,0.000000,0.000000,207,0.556452,0.937500,0.592483,-0.055518,17.960727
260,2595651569362,1,xfeat_star_fine,stereo,40.570147,23.243548,4.737360,4.701985,16.862679,0.000916,17.557183,16.851554,1.412633,1.688843,600,600,41.071358,1.475092,0.311419,55.266272,361,361,361,1.000000,1.000000,0.000000,1.436035,12.408403,0.449127,0.000875,10.745728,1.212298,235,0.650970,0.916667,0.711790,0.034779,14.034205
260,2595651569362,1,orb_cpu,stereo,64.802784,67.571550,0.000000,0.000000,0.000000,0.000000,0.000000,0.000000,0.000000,0.000000,600,600,67.838551,18.079602,1.457758,87.375911,401,377,374,0.932668,0.541667,0.000000,2.073586,0.000000,0.000000,0.000000,0.000000,0.000000,357,0.890274,0.520833,0.944257,0.604078,7.670585
261,2595741559945,1,xfeat_star_coarse,stereo,37.818007,21.639122,4.676152,4.623484,15.556838,0.000666,15.904965,15.530463,1.679802,1.484300,600,600,38.160883,1.707885,0.670420,40.539188,384,384,384,1.000000,1.000000,0.000000,0.000000,0.000000,0.000000,0.000000,0.000000,0.000000,211,0.549479,0.895833,0.581796,-0.061489,7.529501
261,2595741559945,1,xfeat_star_fine,stereo,37.818007,21.639122,4.676152,4.623484,15.556838,0.000666,15.904965,15.530463,1.679802,1.484300,600,600,38.160883,1.707885,0.374627,51.475292,375,375,373,0.994667,1.000000,0.000000,1.391205,11.231897,0.446502,0.000833,9.382470,1.401925,248,0.661333,0.937500,0.714640,0.060679,7.474626
261,2595741559945,1,orb_cpu,stereo,65.978457,68.744515,0.000000,0.000000,0.000000,0.000000,0.000000,0.000000,0.000000,0.000000,600,600,69.009600,10.296058,1.717885,81.023543,389,357,356,0.915167,0.520833,0.000000,2.073608,0.000000,0.000000,0.000000,0.000000,0.000000,345,0.886889,0.520833,0.944475,0.624820,7.468459
261,2595741559945,1,xfeat_guided,temporal,40.570147,37.818007,4.737360,4.676152,16.862679,15.556838,17.557183,15.904965,1.412633,1.679802,600,600,78.388154,3.287060,4.181357,85.856571,340,277,277,0.814706,0.979167,0.000000,nan,0.000000,0.000000,0.000000,0.000000,0.000000,0,0.000000,0.000000,nan,nan,0.000000
261,2595741559945,1,orb_cpu,temporal,64.802784,65.978457,0.000000,0.000000,0.000000,0.000000,0.000000,0.000000,0.000000,0.000000,600,600,130.781241,10.019891,1.019089,141.820221,376,354,354,0.941489,0.562500,1.200005,nan,0.000000,0.000000,0.000000,0.000000,0.000000,0,0.000000,0.000000,nan,nan,0.000000
270,2596641604738,1,xfeat_star_coarse,stereo,38.186758,21.780082,4.040107,3.859481,15.920798,0.000708,16.543260,16.043299,1.682468,1.876344,600,600,38.485718,1.790844,0.288293,40.564855,384,384,384,1.000000,1.000000,0.000000,0.000000,0.000000,0.000000,0.000000,0.000000,0.000000,225,0.585938,0.937500,0.576876,0.003278,8.645132
270,2596641604738,1,xfeat_star_fine,stereo,38.186758,21.780082,4.040107,3.859481,15.920798,0.000708,16.543260,16.043299,1.682468,1.876344,600,600,38.485718,1.790844,0.312752,54.266767,373,373,373,1.000000,1.000000,0.000000,1.508987,13.677453,0.415711,0.000750,12.006943,1.253757,266,0.713137,0.958333,0.768265,0.120348,6.134118
270,2596641604738,1,orb_cpu,stereo,66.580293,68.877557,0.000000,0.000000,0.000000,0.000000,0.000000,0.000000,0.000000,0.000000,600,600,69.414684,18.469729,2.095678,89.980091,379,343,342,0.902375,0.458333,0.000000,2.488312,0.000000,0.000000,0.000000,0.000000,0.000000,335,0.883905,0.458333,0.932592,0.598243,7.264458
271,2596731559446,1,xfeat_star_coarse,stereo,21.607914,38.356218,3.944148,3.890856,0.000833,15.858132,15.851632,17.092680,1.811218,1.514342,600,600,38.690761,1.756343,0.385794,40.832898,384,384,384,1.000000,0.979167,0.000000,0.000000,0.000000,0.000000,0.000000,0.000000,0.000000,216,0.562500,0.937500,0.589376,-0.038296,7.973045
271,2596731559446,1,xfeat_star_fine,stereo,21.607914,38.356218,3.944148,3.890856,0.000833,15.858132,15.851632,17.092680,1.811218,1.514342,600,600,38.690761,1.756343,0.648754,65.227786,375,375,372,0.992000,0.979167,0.000000,1.441681,24.131928,0.399543,0.001042,18.285437,5.445656,270,0.720000,0.958333,0.745317,0.106410,11.921567
271,2596731559446,1,orb_cpu,stereo,65.828539,67.840384,0.000000,0.000000,0.000000,0.000000,0.000000,0.000000,0.000000,0.000000,600,600,68.106052,8.569798,2.927933,79.603783,386,362,360,0.932642,0.541667,0.000000,2.488312,0.000000,0.000000,0.000000,0.000000,0.000000,345,0.893782,0.541667,0.929921,0.590727,11.237272
271,2596731559446,1,xfeat_guided,temporal,38.186758,21.607914,4.040107,3.944148,15.920798,0.000833,16.543260,15.851632,1.682468,1.811218,600,600,59.794672,3.161476,2.740682,65.696830,352,303,303,0.860795,0.979167,0.000000,nan,0.000000,0.000000,0.000000,0.000000,0.000000,0,0.000000,0.000000,nan,nan,0.000000
271,2596731559446,1,orb_cpu,temporal,66.580293,65.828539,0.000000,0.000000,0.000000,0.000000,0.000000,0.000000,0.000000,0.000000,600,600,132.408832,10.038765,2.837349,145.284946,387,327,327,0.844961,0.520833,1.440002,nan,0.000000,0.000000,0.000000,0.000000,0.000000,0,0.000000,0.000000,nan,nan,0.000000
280,2597721589446,1,xfeat_star_coarse,stereo,39.670349,23.571633,4.738819,4.663901,17.428765,0.000875,15.874048,17.410015,1.628467,1.496592,600,600,40.212352,1.396924,0.240501,41.849777,384,384,384,1.000000,1.000000,0.000000,0.000000,0.000000,0.000000,0.000000,0.000000,0.000000,210,0.546875,0.875000,0.566215,-0.023734,17.414182
280,2597721589446,1,xfeat_star_fine,stereo,39.670349,23.571633,4.738819,4.663901,17.428765,0.000875,15.874048,17.410015,1.628467,1.496592,600,600,40.212352,1.396924,1.214215,55.978773,368,368,368,1.000000,1.000000,0.000000,1.676308,13.155282,0.612086,0.001250,9.386428,3.154976,250,0.679348,0.958333,0.722718,0.166663,24.545514
280,2597721589446,1,orb_cpu,stereo,66.610251,69.483476,0.000000,0.000000,0.000000,0.000000,0.000000,0.000000,0.000000,0.000000,600,600,69.748019,20.736325,4.868903,95.353247,382,344,343,0.897906,0.395833,0.000000,2.073593,0.000000,0.000000,0.000000,0.000000,0.000000,324,0.848168,0.375000,0.911105,0.496344,7.491542
281,2597811572530,1,xfeat_star_coarse,stereo,22.345627,39.080137,4.749277,4.717443,0.000875,15.883548,15.877299,16.779678,1.717843,1.699343,600,600,39.459181,1.436800,0.404335,41.300316,383,383,383,1.000000,1.000000,0.000000,0.000000,0.000000,0.000000,0.000000,0.000000,0.000000,201,0.524804,0.916667,0.547320,0.035979,6.728288
281,2597811572530,1,xfeat_star_fine,stereo,22.345627,39.080137,4.749277,4.717443,0.000875,15.883548,15.877299,16.779678,1.717843,1.699343,600,600,39.459181,1.436800,0.648962,55.666689,363,363,363,1.000000,1.000000,0.000000,1.564209,14.121746,0.294418,0.000500,10.703060,3.123601,264,0.727273,0.937500,0.803648,0.209569,14.247747
281,2597811572530,1,orb_cpu,stereo,64.273988,67.140254,0.000000,0.000000,0.000000,0.000000,0.000000,0.000000,0.000000,0.000000,600,600,67.445631,13.837328,1.966928,83.249887,373,331,325,0.871314,0.291667,0.000000,2.073593,0.000000,0.000000,0.000000,0.000000,0.000000,306,0.820375,0.291667,0.898230,0.504188,7.045956
281,2597811572530,1,xfeat_guided,temporal,39.670349,22.345627,4.738819,4.749277,17.428765,0.000875,15.874048,15.877299,1.628467,1.717843,600,600,62.015976,3.425061,9.336219,74.777256,322,233,233,0.723602,0.895833,0.000000,nan,0.000000,0.000000,0.000000,0.000000,0.000000,0,0.000000,0.000000,nan,nan,0.000000
281,2597811572530,1,orb_cpu,temporal,66.610251,64.273988,0.000000,0.000000,0.000000,0.000000,0.000000,0.000000,0.000000,0.000000,600,600,130.884239,10.027223,1.869178,142.780640,424,382,382,0.900943,0.333333,3.455994,nan,0.000000,0.000000,0.000000,0.000000,0.000000,0,0.000000,0.000000,nan,nan,0.000000
290,2598711564989,1,xfeat_star_coarse,stereo,22.896004,38.821969,3.961897,4.139482,0.001291,17.054721,17.260931,15.893673,1.671551,1.733968,600,600,39.155513,1.648634,0.385752,41.189899,376,376,376,1.000000,1.000000,0.000000,0.000000,0.000000,0.000000,0.000000,0.000000,0.000000,200,0.531915,0.854167,0.551796,0.055357,12.415737
290,2598711564989,1,xfeat_star_fine,stereo,22.896004,38.821969,3.961897,4.139482,0.001291,17.054721,17.260931,15.893673,1.671551,1.733968,600,600,39.155513,1.648634,0.321419,52.445172,362,362,362,1.000000,1.000000,0.000000,1.695587,11.319606,0.329252,0.000500,9.755847,1.233840,242,0.668508,0.937500,0.725781,0.160410,5.957034
290,2598711564989,1,orb_cpu,stereo,65.362410,67.995884,0.000000,0.000000,0.000000,0.000000,0.000000,0.000000,0.000000,0.000000,600,600,68.458928,16.519760,2.121887,87.100575,406,364,360,0.886700,0.375000,0.000000,2.073608,0.000000,0.000000,0.000000,0.000000,0.000000,339,0.834975,0.375000,0.920416,0.482796,7.664752
291,2598801568989,1,xfeat_star_coarse,stereo,40.485271,23.045755,4.663568,4.615193,16.752178,0.001000,17.561641,16.734136,1.507634,1.695176,600,600,40.779188,1.397425,0.312835,42.489448,365,365,365,1.000000,1.000000,0.000000,0.000000,0.000000,0.000000,0.000000,0.000000,0.000000,188,0.515068,0.916667,0.532695,0.013272,7.001081
291,2598801568989,1,xfeat_star_fine,stereo,40.485271,23.045755,4.663568,4.615193,16.752178,0.001000,17.561641,16.734136,1.507634,1.695176,600,600,40.779188,1.397425,0.306543,53.730387,353,353,352,0.997167,1.000000,0.000000,1.641602,11.247231,0.271919,0.000625,9.753763,1.220674,228,0.645892,0.916667,0.715634,0.067547,5.680699
291,2598801568989,1,orb_cpu,stereo,63.838569,66.786252,0.000000,0.000000,0.000000,0.000000,0.000000,0.000000,0.000000,0.000000,600,600,67.073503,10.003931,1.665801,78.743235,393,359,346,0.880407,0.354167,0.000000,2.073608,0.000000,0.000000,0.000000,0.000000,0.000000,331,0.842239,0.354167,0.922075,0.578490,7.429501
291,2598801568989,1,xfeat_guided,temporal,22.896004,40.485271,3.961897,4.663568,0.001291,16.752178,17.260931,17.561641,1.671551,1.507634,600,600,63.381275,3.265726,4.996361,71.643362,384,311,311,0.809896,0.854167,0.000000,nan,0.000000,0.000000,0.000000,0.000000,0.000000,0,0.000000,0.000000,nan,nan,0.000000
291,2598801568989,1,orb_cpu,temporal,65.362410,63.838569,0.000000,0.000000,0.000000,0.000000,0.000000,0.000000,0.000000,0.000000,600,600,129.200979,8.581049,1.338591,139.120619,434,395,395,0.910138,0.354167,1.000000,nan,0.000000,0.000000,0.000000,0.000000,0.000000,0,0.000000,0.000000,nan,nan,0.000000
300,2599701567739,1,xfeat_star_coarse,stereo,23.509341,39.566556,4.723860,4.597026,0.001042,17.264097,17.282639,15.901715,1.501550,1.803510,600,600,40.178643,5.460947,1.249882,46.889472,372,372,372,1.000000,1.000000,0.000000,0.000000,0.000000,0.000000,0.000000,0.000000,0.000000,212,0.569892,0.979167,0.609920,0.030230,27.843698
300,2599701567739,1,xfeat_star_fine,stereo,23.509341,39.566556,4.723860,4.597026,0.001042,17.264097,17.282639,15.901715,1.501550,1.803510,600,600,40.178643,5.460947,0.311460,57.162446,357,357,353,0.988796,0.979167,0.000000,1.623016,11.211396,0.583461,0.001583,9.375469,1.250299,246,0.689076,0.958333,0.735307,0.088043,24.362845
300,2599701567739,1,orb_cpu,stereo,62.188059,64.967991,0.000000,0.000000,0.000000,0.000000,0.000000,0.000000,0.000000,0.000000,600,600,65.206618,21.543454,3.987564,90.737636,413,371,371,0.898305,0.333333,0.000000,2.000000,0.000000,0.000000,0.000000,0.000000,0.000000,356,0.861985,0.333333,0.916168,0.544632,9.404970
301,2599881589447,1,xfeat_star_coarse,stereo,22.324334,40.054309,4.728193,4.660568,0.001042,15.915339,15.896214,17.993268,1.698677,1.484884,600,600,40.415811,1.336549,0.296001,42.048361,365,365,365,1.000000,1.000000,0.000000,0.000000,0.000000,0.000000,0.000000,0.000000,0.000000,197,0.539726,0.916667,0.576199,0.063284,10.333475
301,2599881589447,1,xfeat_star_fine,stereo,22.324334,40.054309,4.728193,4.660568,0.001042,15.915339,15.896214,17.993268,1.698677,1.484884,600,600,40.415811,1.336549,0.562003,54.061554,351,351,349,0.994302,1.000000,0.000000,1.733887,11.747191,0.380419,0.000625,10.176891,1.188965,242,0.689459,0.937500,0.719203,0.129932,13.662619
301,2599881589447,1,orb_cpu,stereo,64.985157,68.129050,0.000000,0.000000,0.000000,0.000000,0.000000,0.000000,0.000000,0.000000,600,600,68.389094,13.045865,2.139054,83.574013,404,358,356,0.881188,0.354167,0.000000,2.073593,0.000000,0.000000,0.000000,0.000000,0.000000,336,0.831683,0.354167,0.913687,0.542916,7.717377
301,2599881589447,1,xfeat_guided,temporal,23.509341,22.324334,4.723860,4.728193,0.001042,0.001042,17.282639,15.896214,1.501550,1.698677,600,600,45.833675,3.234019,3.121101,52.188795,352,300,300,0.852273,0.937500,0.000000,nan,0.000000,0.000000,0.000000,0.000000,0.000000,0,0.000000,0.000000,nan,nan,0.000000
301,2599881589447,1,orb_cpu,temporal,62.188059,64.985157,0.000000,0.000000,0.000000,0.000000,0.000000,0.000000,0.000000,0.000000,600,600,127.173216,12.260361,4.458233,143.891810,430,387,387,0.900000,0.333333,0.000000,nan,0.000000,0.000000,0.000000,0.000000,0.000000,0,0.000000,0.000000,nan,nan,0.000000
310,2600781575823,1,xfeat_star_coarse,stereo,21.494996,39.408055,3.874647,3.845688,0.001000,15.880089,15.878797,16.953762,1.740385,2.728307,600,600,39.823557,2.990809,0.499586,43.313952,366,366,366,1.000000,1.000000,0.000000,0.000000,0.000000,0.000000,0.000000,0.000000,0.000000,201,0.549180,0.958333,0.574680,-0.054987,14.192622
310,2600781575823,1,xfeat_star_fine,stereo,21.494996,39.408055,3.874647,3.845688,0.001000,15.880089,15.878797,16.953762,1.740385,2.728307,600,600,39.823557,2.990809,0.546336,54.369306,352,352,349,0.991477,1.000000,0.000000,1.861877,11.008604,0.429420,0.000666,9.342094,1.236174,233,0.661932,0.979167,0.712912,0.095481,13.731202
310,2600781575823,1,orb_cpu,stereo,63.964068,66.107038,0.000000,0.000000,0.000000,0.000000,0.000000,0.000000,0.000000,0.000000,600,600,66.657375,11.186729,2.211554,80.055658,407,365,364,0.894349,0.312500,0.000000,2.073601,0.000000,0.000000,0.000000,0.000000,0.000000,343,0.842752,0.312500,0.925482,0.569362,7.635835
311,2600871572490,1,xfeat_star_coarse,stereo,38.797468,22.709211,4.119898,4.071690,17.117637,0.000750,15.954923,17.099929,1.604343,1.536217,600,600,39.205721,1.675010,0.376419,41.257150,368,368,368,1.000000,0.979167,0.000000,0.000000,0.000000,0.000000,0.000000,0.000000,0.000000,201,0.546196,0.937500,0.588848,0.014196,6.661371
311,2600871572490,1,xfeat_star_fine,stereo,38.797468,22.709211,4.119898,4.071690,17.117637,0.000750,15.954923,17.099929,1.604343,1.536217,600,600,39.205721,1.675010,0.479044,57.624867,358,358,357,0.997207,0.979167,0.000000,1.825653,16.265092,0.288835,0.000625,13.039073,2.936434,231,0.645251,0.937500,0.707621,0.099048,9.251760
311,2600871572490,1,orb_cpu,stereo,67.319170,63.255147,0.000000,0.000000,0.000000,0.000000,0.000000,0.000000,0.000000,0.000000,600,600,67.589796,10.106598,2.373597,80.069991,427,380,380,0.889930,0.333333,0.000000,2.000000,0.000000,0.000000,0.000000,0.000000,0.000000,360,0.843091,0.333333,0.924316,0.546897,8.027170
311,2600871572490,1,xfeat_guided,temporal,21.494996,38.797468,3.874647,4.119898,0.001000,17.117637,15.878797,15.954923,1.740385,1.604343,600,600,60.292464,3.550937,4.312066,68.155467,384,313,313,0.815104,0.895833,0.000000,nan,0.000000,0.000000,0.000000,0.000000,0.000000,0,0.000000,0.000000,nan,nan,0.000000
311,2600871572490,1,orb_cpu,temporal,63.964068,67.319170,0.000000,0.000000,0.000000,0.000000,0.000000,0.000000,0.000000,0.000000,600,600,131.283238,10.044223,3.985022,145.312483,422,344,344,0.815166,0.312500,1.199997,nan,0.000000,0.000000,0.000000,0.000000,0.000000,0,0.000000,0.000000,nan,nan,0.000000
320,2601771586323,1,xfeat_star_coarse,stereo,23.177797,39.139761,4.716110,4.628568,0.001416,16.996970,16.979346,15.874631,1.480591,1.639467,600,600,39.697972,5.918408,1.232507,46.848887,369,369,369,1.000000,1.000000,0.000000,0.000000,0.000000,0.000000,0.000000,0.000000,0.000000,199,0.539295,0.895833,0.545193,-0.052076,25.053557
320,2601771586323,1,xfeat_star_fine,stereo,23.177797,39.139761,4.716110,4.628568,0.001416,16.996970,16.979346,15.874631,1.480591,1.639467,600,600,39.697972,5.918408,0.323793,59.516916,356,356,355,0.997191,0.958333,0.000000,2.080948,13.576743,0.371377,0.001000,12.011442,1.192632,242,0.679775,0.937500,0.711660,0.031416,5.908492
320,2601771586323,1,orb_cpu,stereo,69.273847,65.778994,0.000000,0.000000,0.000000,0.000000,0.000000,0.000000,0.000000,0.000000,600,600,69.545182,18.196393,3.668479,91.410054,423,383,381,0.900709,0.333333,0.000000,2.073608,0.000000,0.000000,0.000000,0.000000,0.000000,365,0.862884,0.333333,0.910973,0.554606,10.255433
321,2601861564115,1,xfeat_star_coarse,stereo,39.386304,22.271334,4.706568,4.655985,15.929048,0.001459,17.365264,15.905464,1.385216,1.708260,600,600,39.700598,1.744676,0.294710,41.739984,384,384,384,1.000000,1.000000,0.000000,8.000000,0.000000,0.000000,0.000000,0.000000,0.000000,224,0.583333,0.958333,0.618712,0.082202,7.529084
321,2601861564115,1,xfeat_star_fine,stereo,39.386304,22.271334,4.706568,4.655985,15.929048,0.001459,17.365264,15.905464,1.385216,1.708260,600,600,39.700598,1.744676,0.668379,53.527050,373,373,372,0.997319,1.000000,0.000000,7.742065,11.413397,0.285877,0.000583,9.399053,1.727759,260,0.697051,0.979167,0.742161,0.163315,14.497706
321,2601861564115,1,orb_cpu,stereo,63.184146,60.344963,0.000000,0.000000,0.000000,0.000000,0.000000,0.000000,0.000000,0.000000,600,600,63.467606,11.973984,2.185970,77.627560,419,369,365,0.871122,0.333333,0.000000,2.399994,0.000000,0.000000,0.000000,0.000000,0.000000,335,0.799523,0.333333,0.908705,0.474777,7.862211
321,2601861564115,1,xfeat_guided,temporal,23.177797,39.386304,4.716110,4.706568,0.001416,15.929048,16.979346,17.365264,1.480591,1.385216,600,600,62.564101,3.623270,2.563056,68.750427,384,335,335,0.872396,0.958333,0.000000,nan,0.000000,0.000000,0.000000,0.000000,0.000000,0,0.000000,0.000000,nan,nan,0.000000
321,2601861564115,1,orb_cpu,temporal,69.273847,63.184146,0.000000,0.000000,0.000000,0.000000,0.000000,0.000000,0.000000,0.000000,600,600,132.457993,10.069306,2.611765,145.139064,458,397,397,0.866812,0.333333,0.000000,nan,0.000000,0.000000,0.000000,0.000000,0.000000,0,0.000000,0.000000,nan,nan,0.000000
330,2602851578699,1,xfeat_star_coarse,stereo,21.724330,39.491429,3.969855,3.920813,0.000667,15.907048,15.886089,17.005220,1.867469,2.658223,600,600,39.908724,3.188685,0.679129,43.776538,378,378,378,1.000000,1.000000,0.000000,8.000000,0.000000,0.000000,0.000000,0.000000,0.000000,205,0.542328,0.916667,0.550949,0.015540,14.443623
330,2602851578699,1,xfeat_star_fine,stereo,21.724330,39.491429,3.969855,3.920813,0.000667,15.907048,15.886089,17.005220,1.867469,2.658223,600,600,39.908724,3.188685,0.672462,54.818808,372,372,367,0.986559,1.000000,0.000000,8.053558,11.048937,0.425461,0.000875,9.341802,1.280507,245,0.658602,0.937500,0.717323,0.146578,14.180413
330,2602851578699,1,orb_cpu,stereo,65.573409,67.786879,0.000000,0.000000,0.000000,0.000000,0.000000,0.000000,0.000000,0.000000,600,600,68.265091,20.276531,3.776979,92.318601,397,334,334,0.841310,0.312500,0.000000,2.399998,0.000000,0.000000,0.000000,0.000000,0.000000,315,0.793451,0.312500,0.882511,0.499661,7.491459
331,2602941576366,1,xfeat_star_coarse,stereo,38.912051,22.773461,4.301316,4.252232,16.960887,0.000500,15.920089,16.949053,1.729551,1.571509,600,600,39.203220,1.686551,0.274877,41.164648,367,367,367,1.000000,1.000000,0.000000,8.000000,0.000000,0.000000,0.000000,0.000000,0.000000,198,0.539510,0.895833,0.557851,0.015669,10.189182
331,2602941576366,1,xfeat_star_fine,stereo,38.912051,22.773461,4.301316,4.252232,16.960887,0.000500,15.920089,16.949053,1.729551,1.571509,600,600,39.203220,1.686551,0.319877,54.913891,362,362,362,1.000000,1.000000,0.000000,8.121101,13.704243,0.549003,0.001042,11.947442,1.206381,246,0.679558,0.937500,0.720971,0.146138,8.530464
331,2602941576366,1,orb_cpu,stereo,64.399777,66.698041,0.000000,0.000000,0.000000,0.000000,0.000000,0.000000,0.000000,0.000000,600,600,66.977042,20.549823,5.193487,92.720352,394,341,338,0.857868,0.312500,0.000000,2.400000,0.000000,0.000000,0.000000,0.000000,0.000000,311,0.789340,0.312500,0.882721,0.448995,8.321921
331,2602941576366,1,xfeat_guided,temporal,21.724330,38.912051,3.969855,4.301316,0.000667,16.960887,15.886089,15.920089,1.867469,1.729551,600,600,60.636381,3.535019,3.751771,67.923171,384,321,321,0.835938,0.875000,0.000000,nan,0.000000,0.000000,0.000000,0.000000,0.000000,0,0.000000,0.000000,nan,nan,0.000000
331,2602941576366,1,orb_cpu,temporal,65.573409,64.399777,0.000000,0.000000,0.000000,0.000000,0.000000,0.000000,0.000000,0.000000,600,600,129.973186,10.027348,1.808802,141.809336,464,423,423,0.911638,0.312500,0.000000,nan,0.000000,0.000000,0.000000,0.000000,0.000000,0,0.000000,0.000000,nan,nan,0.000000
340,2603841603324,1,xfeat_star_coarse,stereo,39.428888,23.260714,4.743860,4.668235,17.081637,0.000625,15.912548,17.064220,1.690551,1.527426,600,600,39.914099,1.485550,0.313585,41.713234,372,372,372,1.000000,1.000000,0.000000,8.000000,0.000000,0.000000,0.000000,0.000000,0.000000,191,0.513441,0.916667,0.534010,-0.030462,23.415006
340,2603841603324,1,xfeat_star_fine,stereo,39.428888,23.260714,4.743860,4.668235,17.081637,0.000625,15.912548,17.064220,1.690551,1.527426,600,600,39.914099,1.485550,0.316335,52.955339,362,362,359,0.991713,1.000000,0.000000,8.001129,11.239355,0.587545,0.001667,9.418219,1.231341,240,0.662983,0.916667,0.694418,0.075480,20.642824
340,2603841603324,1,orb_cpu,stereo,65.188282,67.734004,0.000000,0.000000,0.000000,0.000000,0.000000,0.000000,0.000000,0.000000,600,600,67.991838,20.288071,4.540817,92.820726,399,350,349,0.874687,0.270833,0.000000,2.400002,0.000000,0.000000,0.000000,0.000000,0.000000,325,0.814536,0.270833,0.913807,0.419434,7.546168
341,2603931574908,1,xfeat_star_coarse,stereo,22.349000,39.301053,4.741318,4.660442,0.001041,15.888089,15.882797,17.303471,1.723510,1.448842,600,600,39.730097,1.457758,0.307294,41.495149,361,361,361,1.000000,0.979167,0.000000,8.000000,0.000000,0.000000,0.000000,0.000000,0.000000,195,0.540166,0.895833,0.536464,-0.027421,6.392285
341,2603931574908,1,xfeat_star_fine,stereo,22.349000,39.301053,4.741318,4.660442,0.001041,15.888089,15.882797,17.303471,1.723510,1.448842,600,600,39.730097,1.457758,0.637295,55.689602,352,352,351,0.997159,0.979167,0.000000,8.346771,13.864452,0.287668,0.000625,10.706143,2.869891,221,0.627841,0.895833,0.629460,0.019926,13.812869
341,2603931574908,1,orb_cpu,stereo,66.137369,62.632350,0.000000,0.000000,0.000000,0.000000,0.000000,0.000000,0.000000,0.000000,600,600,66.422537,14.511122,2.696390,83.630049,404,351,350,0.866337,0.270833,0.000000,2.400002,0.000000,0.000000,0.000000,0.000000,0.000000,326,0.806931,0.270833,0.913557,0.462581,7.604501
341,2603931574908,1,xfeat_guided,temporal,39.428888,22.349000,4.743860,4.741318,17.081637,0.001041,15.912548,15.882797,1.690551,1.723510,600,600,61.777888,3.364561,1.566925,66.709374,384,355,355,0.924479,1.000000,0.000000,nan,0.000000,0.000000,0.000000,0.000000,0.000000,0,0.000000,0.000000,nan,nan,0.000000
341,2603931574908,1,orb_cpu,temporal,65.188282,66.137369,0.000000,0.000000,0.000000,0.000000,0.000000,0.000000,0.000000,0.000000,600,600,131.325651,10.008056,2.760932,144.094639,442,384,384,0.868778,0.291667,0.000000,nan,0.000000,0.000000,0.000000,0.000000,0.000000,0,0.000000,0.000000,nan,nan,0.000000
350,2604831605908,1,xfeat_star_coarse,stereo,52.633002,32.943809,13.322575,13.155823,18.255685,0.000583,18.312560,18.236685,2.741932,1.550384,600,600,53.225339,3.141726,0.644920,57.011985,354,354,354,1.000000,0.979167,0.000000,8.000000,0.000000,0.000000,0.000000,0.000000,0.000000,189,0.533898,0.895833,0.540490,-0.015921,16.931345
350,2604831605908,1,xfeat_star_fine,stereo,52.633002,32.943809,13.322575,13.155823,18.255685,0.000583,18.312560,18.236685,2.741932,1.550384,600,600,53.225339,3.141726,0.331585,70.001850,348,348,348,1.000000,0.979167,0.000000,8.022232,13.303200,0.568004,0.001500,11.578356,1.154757,212,0.609195,0.895833,0.654455,0.059417,20.634699
350,2604831605908,1,orb_cpu,stereo,62.254264,64.518360,0.000000,0.000000,0.000000,0.000000,0.000000,0.000000,0.000000,0.000000,600,600,65.112280,15.439961,2.688307,83.240548,395,331,330,0.835443,0.187500,0.000000,2.000000,0.000000,0.000000,0.000000,0.000000,0.000000,306,0.774684,0.187500,0.840164,0.420039,6.346535
351,2605011594408,1,xfeat_star_coarse,stereo,21.458203,38.641674,3.874522,3.813605,0.001000,15.898339,15.890380,17.294930,1.692051,1.634592,600,600,39.000050,1.657635,0.378128,41.035813,374,374,374,1.000000,1.000000,0.000000,0.000000,0.000000,0.000000,0.000000,0.000000,0.000000,195,0.521390,0.875000,0.525085,-0.005543,7.544667
351,2605011594408,1,xfeat_star_fine,stereo,21.458203,38.641674,3.874522,3.813605,0.001000,15.898339,15.890380,17.294930,1.692051,1.634592,600,600,39.000050,1.657635,0.239210,51.750872,365,365,365,1.000000,1.000000,0.000000,2.011650,10.853977,0.294127,0.000666,9.308635,1.250424,243,0.665753,0.875000,0.697677,0.116167,10.469725
351,2605011594408,1,orb_cpu,stereo,65.439573,67.727462,0.000000,0.000000,0.000000,0.000000,0.000000,0.000000,0.000000,0.000000,600,600,67.994838,20.200612,4.869735,93.065185,403,352,349,0.866005,0.270833,0.000000,2.000000,0.000000,0.000000,0.000000,0.000000,0.000000,319,0.791563,0.270833,0.878872,0.477837,7.590709
351,2605011594408,1,xfeat_guided,temporal,52.633002,21.458203,13.322575,3.874522,18.255685,0.001000,18.312560,15.890380,2.741932,1.692051,600,600,74.091205,3.040059,2.623598,79.754862,297,253,253,0.851852,1.000000,0.000000,nan,0.000000,0.000000,0.000000,0.000000,0.000000,0,0.000000,0.000000,nan,nan,0.000000
351,2605011594408,1,orb_cpu,temporal,62.254264,65.439573,0.000000,0.000000,0.000000,0.000000,0.000000,0.000000,0.000000,0.000000,600,600,127.693837,10.063348,3.742521,141.499706,390,320,320,0.820513,0.145833,1.199997,nan,0.000000,0.000000,0.000000,0.000000,0.000000,0,0.000000,0.000000,nan,nan,0.000000
360,2605911594867,1,xfeat_star_coarse,stereo,23.285421,39.301385,4.656901,4.588734,0.000875,17.103804,17.079595,15.941505,1.547800,1.667134,600,600,39.878431,1.397883,0.317293,41.593607,384,384,384,1.000000,1.000000,0.000000,0.000000,0.000000,0.000000,0.000000,0.000000,0.000000,208,0.541667,0.937500,0.529018,-0.032329,22.318500
360,2605911594867,1,xfeat_star_fine,stereo,23.285421,39.301385,4.656901,4.588734,0.000875,17.103804,17.079595,15.941505,1.547800,1.667134,600,600,39.878431,1.397883,0.251710,52.843587,379,379,376,0.992084,1.000000,0.000000,1.834834,11.315563,0.634128,0.001375,9.391219,1.288174,259,0.683377,0.937500,0.687738,0.104657,19.071440
360,2605911594867,1,orb_cpu,stereo,68.911467,72.612363,0.000000,0.000000,0.000000,0.000000,0.000000,0.000000,0.000000,0.000000,600,600,72.907906,20.243905,6.143659,99.295470,384,334,333,0.867188,0.416667,0.000000,2.400009,0.000000,0.000000,0.000000,0.000000,0.000000,315,0.820312,0.395833,0.914149,0.530115,8.292213
361,2606001629450,1,xfeat_star_coarse,stereo,22.267707,39.224218,4.719609,4.719984,0.000708,15.832171,15.860714,17.227263,1.686384,1.444633,600,600,39.630845,1.438841,0.304751,41.374437,371,371,371,1.000000,0.979167,0.000000,0.000000,0.000000,0.000000,0.000000,0.000000,0.000000,189,0.509434,0.875000,0.519246,-0.000436,11.626023
361,2606001629450,1,xfeat_star_fine,stereo,22.267707,39.224218,4.719609,4.719984,0.000708,15.832171,15.860714,17.227263,1.686384,1.444633,600,600,39.630845,1.438841,0.320210,52.364790,364,364,364,1.000000,0.979167,0.000000,1.819416,10.974894,0.409752,0.001125,9.349302,1.214423,228,0.626374,0.916667,0.686325,0.083137,12.094234
361,2606001629450,1,orb_cpu,stereo,66.207160,68.796716,0.000000,0.000000,0.000000,0.000000,0.000000,0.000000,0.000000,0.000000,600,600,69.071926,13.415199,2.434138,84.921263,383,334,334,0.872063,0.333333,0.000000,2.488312,0.000000,0.000000,0.000000,0.000000,0.000000,321,0.838120,0.333333,0.926171,0.561142,7.267499
361,2606001629450,1,xfeat_guided,temporal,23.285421,22.267707,4.656901,4.719609,0.000875,0.000708,17.079595,15.860714,1.547800,1.686384,600,600,45.553128,3.295601,2.250679,51.099408,334,289,289,0.865269,1.000000,0.000000,nan,0.000000,0.000000,0.000000,0.000000,0.000000,0,0.000000,0.000000,nan,nan,0.000000
361,2606001629450,1,orb_cpu,temporal,68.911467,66.207160,0.000000,0.000000,0.000000,0.000000,0.000000,0.000000,0.000000,0.000000,600,600,135.118627,10.026722,2.761224,147.906573,402,344,344,0.855721,0.416667,1.199989,nan,0.000000,0.000000,0.000000,0.000000,0.000000,0,0.000000,0.000000,nan,nan,0.000000
370,2606901590826,1,xfeat_star_coarse,stereo,41.288855,23.510173,4.659235,4.614109,17.035303,0.001125,18.110809,17.009303,1.483133,1.885261,600,600,41.621690,1.477258,0.766921,43.865869,369,369,369,1.000000,1.000000,0.000000,0.000000,0.000000,0.000000,0.000000,0.000000,0.000000,210,0.569106,0.875000,0.585464,0.029630,9.028175
370,2606901590826,1,xfeat_star_fine,stereo,41.288855,23.510173,4.659235,4.614109,17.035303,0.001125,18.110809,17.009303,1.483133,1.885261,600,600,41.621690,1.477258,0.319502,56.951026,366,366,364,0.994536,1.000000,0.000000,1.580298,13.532576,0.373294,0.001125,11.903941,1.253757,268,0.732240,0.916667,0.786542,0.199366,9.670553
370,2606901590826,1,orb_cpu,stereo,67.961545,70.317891,0.000000,0.000000,0.000000,0.000000,0.000000,0.000000,0.000000,0.000000,600,600,70.793477,20.178071,4.502525,95.474073,374,325,322,0.860963,0.250000,0.000000,2.399994,0.000000,0.000000,0.000000,0.000000,0.000000,313,0.836898,0.250000,0.920193,0.541949,7.109831
371,2606991578576,1,xfeat_star_coarse,stereo,38.889132,22.616458,4.667026,4.619525,16.560258,0.000625,15.947464,16.542925,1.714259,1.453216,600,600,39.195134,1.760718,0.379544,41.335396,384,384,384,1.000000,1.000000,0.000000,0.000000,0.000000,0.000000,0.000000,0.000000,0.000000,222,0.578125,0.895833,0.612451,0.000018,13.155156
371,2606991578576,1,xfeat_star_fine,stereo,38.889132,22.616458,4.667026,4.619525,16.560258,0.000625,15.947464,16.542925,1.714259,1.453216,600,600,39.195134,1.760718,0.323043,52.405081,378,378,378,1.000000,1.000000,0.000000,1.595978,11.126186,0.521544,0.001000,9.352385,1.251007,291,0.769841,0.937500,0.778629,0.101273,12.360819
371,2606991578576,1,orb_cpu,stereo,70.172348,72.633486,0.000000,0.000000,0.000000,0.000000,0.000000,0.000000,0.000000,0.000000,600,600,72.907030,19.667775,2.975558,95.550363,374,318,311,0.831551,0.270833,0.000000,2.399994,0.000000,0.000000,0.000000,0.000000,0.000000,299,0.799465,0.270833,0.914281,0.471063,7.034206
371,2606991578576,1,xfeat_guided,temporal,41.288855,38.889132,4.659235,4.667026,17.035303,16.560258,18.110809,15.947464,1.483133,1.714259,600,600,80.177987,3.470394,1.135840,84.784221,356,337,337,0.946629,1.000000,0.000000,nan,0.000000,0.000000,0.000000,0.000000,0.000000,0,0.000000,0.000000,nan,nan,0.000000
371,2606991578576,1,orb_cpu,temporal,67.961545,70.172348,0.000000,0.000000,0.000000,0.000000,0.000000,0.000000,0.000000,0.000000,600,600,138.133893,10.004139,1.725759,149.863791,427,385,385,0.901639,0.291667,0.000000,nan,0.000000,0.000000,0.000000,0.000000,0.000000,0,0.000000,0.000000,nan,nan,0.000000
380,2607981583576,1,xfeat_star_coarse,stereo,36.010409,40.375974,4.707651,4.627609,0.000791,16.823927,16.802719,17.447638,14.499039,1.476633,600,600,40.909769,1.424258,1.254966,43.588993,362,362,362,1.000000,1.000000,0.000000,0.000000,0.000000,0.000000,0.000000,0.000000,0.000000,203,0.560773,0.937500,0.571539,-0.080129,27.713820
380,2607981583576,1,xfeat_star_fine,stereo,36.010409,40.375974,4.707651,4.627609,0.000791,16.823927,16.802719,17.447638,14.499039,1.476633,600,600,40.909769,1.424258,0.308168,56.500355,357,357,355,0.994398,1.000000,0.000000,1.610199,13.858160,0.628003,0.000750,12.017067,1.212048,247,0.691877,0.958333,0.736802,0.147070,5.821116
380,2607981583576,1,orb_cpu,stereo,70.428933,73.379116,0.000000,0.000000,0.000000,0.000000,0.000000,0.000000,0.000000,0.000000,600,600,73.608993,13.079073,4.020981,90.709047,376,328,323,0.859043,0.375000,0.000000,2.400024,0.000000,0.000000,0.000000,0.000000,0.000000,309,0.821809,0.375000,0.922470,0.583016,7.186664
381,2608071593160,1,xfeat_star_coarse,stereo,22.358833,39.071842,4.753193,4.682693,0.001000,15.947505,15.933213,16.948261,1.671093,1.493258,600,600,39.481844,1.463633,0.308210,41.253687,367,367,367,1.000000,1.000000,0.000000,0.000000,0.000000,0.000000,0.000000,0.000000,0.000000,200,0.544959,0.937500,0.559258,-0.147109,6.739912
381,2608071593160,1,xfeat_star_fine,stereo,22.358833,39.071842,4.753193,4.682693,0.001000,15.947505,15.933213,16.948261,1.671093,1.493258,600,600,39.481844,1.463633,0.654503,55.490307,362,362,361,0.997238,1.000000,0.000000,1.659790,13.890327,0.304501,0.000542,10.721309,2.863850,235,0.649171,0.937500,0.703786,0.073461,7.950961
381,2608071593160,1,orb_cpu,stereo,69.727303,71.177270,0.000000,0.000000,0.000000,0.000000,0.000000,0.000000,0.000000,0.000000,600,600,71.451480,10.067014,2.738015,84.256509,359,309,301,0.838440,0.375000,0.000000,2.399994,0.000000,0.000000,0.000000,0.000000,0.000000,287,0.799443,0.375000,0.925332,0.515797,6.795663
381,2608071593160,1,xfeat_guided,temporal,36.010409,22.358833,4.707651,4.753193,0.000791,0.001000,16.802719,15.933213,14.499039,1.671093,600,600,58.369242,3.408810,2.937475,64.715527,384,332,332,0.864583,0.875000,0.000000,nan,0.000000,0.000000,0.000000,0.000000,0.000000,0,0.000000,0.000000,nan,nan,0.000000
381,2608071593160,1,orb_cpu,temporal,70.428933,69.727303,0.000000,0.000000,0.000000,0.000000,0.000000,0.000000,0.000000,0.000000,600,600,140.156236,10.022847,2.463430,152.642513,447,395,395,0.883669,0.375000,0.000000,nan,0.000000,0.000000,0.000000,0.000000,0.000000,0,0.000000,0.000000,nan,nan,0.000000
390,2608971591952,1,xfeat_star_coarse,stereo,22.189790,39.963346,3.938897,3.901563,0.000875,16.569675,16.552925,16.757135,1.696926,2.734723,600,600,40.386849,3.372685,0.742587,44.502121,367,367,367,1.000000,1.000000,0.000000,0.000000,0.000000,0.000000,0.000000,0.000000,0.000000,199,0.542234,0.958333,0.553687,-0.109088,14.331663
390,2608971591952,1,xfeat_star_fine,stereo,22.189790,39.963346,3.938897,3.901563,0.000875,16.569675,16.552925,16.757135,1.696926,2.734723,600,600,40.386849,3.372685,0.616129,55.316890,359,359,359,1.000000,1.000000,0.000000,1.730145,10.941227,0.423377,0.000666,9.322344,1.194548,254,0.707521,0.958333,0.709233,0.095887,14.120328
390,2608971591952,1,orb_cpu,stereo,72.361818,74.941540,0.000000,0.000000,0.000000,0.000000,0.000000,0.000000,0.000000,0.000000,600,600,75.475710,19.819485,2.390721,97.685916,353,309,304,0.861190,0.354167,0.000000,2.800026,0.000000,0.000000,0.000000,0.000000,0.000000,294,0.832861,0.354167,0.915724,0.542350,6.658412
391,2609061609910,1,xfeat_star_coarse,stereo,21.620745,39.052549,3.948355,3.881230,0.001125,15.925422,15.910129,17.614222,1.761052,1.631509,600,600,39.422426,1.764093,0.366502,41.553021,363,363,363,1.000000,1.000000,0.000000,0.000000,0.000000,0.000000,0.000000,0.000000,0.000000,190,0.523416,0.979167,0.553742,-0.107642,8.539714
391,2609061609910,1,xfeat_star_fine,stereo,21.620745,39.052549,3.948355,3.881230,0.001125,15.925422,15.910129,17.614222,1.761052,1.631509,600,600,39.422426,1.764093,0.313335,55.142263,356,356,355,0.997191,1.000000,0.000000,1.652412,13.642409,0.421544,0.000792,12.027275,1.192340,251,0.705056,1.000000,0.731558,0.112839,5.796032
391,2609061609910,1,orb_cpu,stereo,69.516593,71.891398,0.000000,0.000000,0.000000,0.000000,0.000000,0.000000,0.000000,0.000000,600,600,72.178691,16.099297,2.593222,90.871210,346,311,305,0.881503,0.375000,0.000000,2.880005,0.000000,0.000000,0.000000,0.000000,0.000000,294,0.849711,0.375000,0.928758,0.595772,6.591204
391,2609061609910,1,xfeat_guided,temporal,22.189790,21.620745,3.938897,3.948355,0.000875,0.001125,16.552925,15.910129,1.696926,1.761052,600,600,43.810535,3.438102,3.489394,50.738031,384,323,323,0.841146,0.958333,0.000000,nan,0.000000,0.000000,0.000000,0.000000,0.000000,0,0.000000,0.000000,nan,nan,0.000000
391,2609061609910,1,orb_cpu,temporal,72.361818,69.516593,0.000000,0.000000,0.000000,0.000000,0.000000,0.000000,0.000000,0.000000,600,600,141.878411,10.043264,3.257643,155.179318,443,373,373,0.841986,0.333333,1.199997,nan,0.000000,0.000000,0.000000,0.000000,0.000000,0,0.000000,0.000000,nan,nan,0.000000
400,2609961605702,1,xfeat_star_coarse,stereo,39.433468,23.186878,4.697901,4.667526,17.051803,0.000750,15.935130,17.028428,1.748301,1.490008,600,600,39.928429,1.396966,0.308002,41.633397,356,356,356,1.000000,1.000000,0.000000,0.000000,0.000000,0.000000,0.000000,0.000000,0.000000,176,0.494382,0.937500,0.499215,-0.006467,22.510541
400,2609961605702,1,xfeat_star_fine,stereo,39.433468,23.186878,4.697901,4.667526,17.051803,0.000750,15.935130,17.028428,1.748301,1.490008,600,600,39.928429,1.396966,0.319669,55.216889,349,349,348,0.997135,1.000000,0.000000,1.680115,13.571825,0.372752,0.000833,11.996817,1.201173,243,0.696275,0.979167,0.697615,0.137428,5.722156
400,2609961605702,1,orb_cpu,stereo,71.087976,74.569996,0.000000,0.000000,0.000000,0.000000,0.000000,0.000000,0.000000,0.000000,600,600,74.812372,13.730867,3.682729,92.225968,352,307,302,0.857955,0.395833,0.000000,3.000000,0.000000,0.000000,0.000000,0.000000,0.000000,294,0.835227,0.395833,0.933556,0.532016,6.672245
401,2610051594786,1,xfeat_star_coarse,stereo,37.871375,21.713745,4.762443,4.712818,15.527585,0.000917,15.903463,15.506710,1.677634,1.493050,600,600,38.201669,1.723134,0.468711,40.393514,352,352,352,1.000000,0.979167,0.000000,0.000000,0.000000,0.000000,0.000000,0.000000,0.000000,172,0.488636,0.875000,0.476165,-0.099986,7.026372
401,2610051594786,1,xfeat_star_fine,stereo,37.871375,21.713745,4.762443,4.712818,15.527585,0.000917,15.903463,15.506710,1.677634,1.493050,600,600,38.201669,1.723134,0.241085,51.443117,346,346,343,0.991329,0.979167,0.000000,1.740448,11.277229,0.391294,0.000792,9.744387,1.140631,222,0.641618,0.937500,0.696508,0.014727,6.258201
401,2610051594786,1,orb_cpu,stereo,68.587129,71.183185,0.000000,0.000000,0.000000,0.000000,0.000000,0.000000,0.000000,0.000000,600,600,71.460228,10.105723,2.854974,84.420925,328,282,278,0.847561,0.416667,0.000000,3.000000,0.000000,0.000000,0.000000,0.000000,0.000000,270,0.823171,0.416667,0.919100,0.497973,6.220201
401,2610051594786,1,xfeat_guided,temporal,39.433468,37.871375,4.697901,4.762443,17.051803,15.527585,15.935130,15.903463,1.748301,1.677634,600,600,77.304843,3.718937,3.148268,84.172048,384,326,326,0.848958,0.916667,0.000000,nan,0.000000,0.000000,0.000000,0.000000,0.000000,0,0.000000,0.000000,nan,nan,0.000000
401,2610051594786,1,orb_cpu,temporal,71.087976,68.587129,0.000000,0.000000,0.000000,0.000000,0.000000,0.000000,0.000000,0.000000,600,600,139.675105,10.020138,3.875855,153.571098,417,351,351,0.841727,0.395833,1.727997,nan,0.000000,0.000000,0.000000,0.000000,0.000000,0,0.000000,0.000000,nan,nan,0.000000
410,2611041611078,1,xfeat_star_coarse,stereo,23.393421,40.705933,4.419816,4.383316,0.001208,17.276262,17.266096,17.585472,1.706134,1.460717,600,600,41.026518,1.488175,0.317419,42.832112,352,352,352,1.000000,1.000000,0.000000,0.000000,0.000000,0.000000,0.000000,0.000000,0.000000,173,0.491477,1.000000,0.488082,-0.126808,11.026269
410,2611041611078,1,xfeat_star_fine,stereo,23.393421,40.705933,4.419816,4.383316,0.001208,17.276262,17.266096,17.585472,1.706134,1.460717,600,600,41.026518,1.488175,0.319793,54.497967,344,344,342,0.994186,1.000000,0.000000,1.834923,11.663481,0.405710,0.000875,10.082181,1.174465,221,0.642442,0.979167,0.671397,0.037393,9.259426
410,2611041611078,1,orb_cpu,stereo,73.286488,75.867878,0.000000,0.000000,0.000000,0.000000,0.000000,0.000000,0.000000,0.000000,600,600,76.357005,20.368279,6.621370,103.346654,356,298,293,0.823034,0.520833,0.000000,3.000000,0.000000,0.000000,0.000000,0.000000,0.000000,286,0.803371,0.520833,0.929908,0.542301,6.748079
411,2611131593328,1,xfeat_star_coarse,stereo,41.105560,23.115377,4.674276,4.627525,16.853593,0.001417,18.060058,16.782051,1.517342,1.704051,600,600,41.401812,1.420757,0.321585,43.144154,378,378,378,1.000000,1.000000,0.000000,0.000000,0.000000,0.000000,0.000000,0.000000,0.000000,201,0.531746,0.958333,0.524298,-0.068423,7.463458
411,2611131593328,1,xfeat_star_fine,stereo,41.105560,23.115377,4.674276,4.627525,16.853593,0.001417,18.060058,16.782051,1.517342,1.704051,600,600,41.401812,1.420757,0.652462,57.426524,370,370,369,0.997297,1.000000,0.000000,1.880280,13.951493,0.290668,0.000375,10.720642,2.939641,249,0.672973,0.979167,0.665586,0.069893,13.325990
411,2611131593328,1,orb_cpu,stereo,73.772199,69.487300,0.000000,0.000000,0.000000,0.000000,0.000000,0.000000,0.000000,0.000000,600,600,74.018366,10.083973,2.967099,87.069438,355,302,302,0.850704,0.541667,0.000000,3.144012,0.000000,0.000000,0.000000,0.000000,0.000000,292,0.822535,0.541667,0.925538,0.486040,6.726496
411,2611131593328,1,xfeat_guided,temporal,23.393421,41.105560,4.419816,4.674276,0.001208,16.853593,17.266096,18.060058,1.706134,1.517342,600,600,64.498981,3.433977,1.988219,69.921177,384,347,347,0.903646,1.000000,0.000000,nan,0.000000,0.000000,0.000000,0.000000,0.000000,0,0.000000,0.000000,nan,nan,0.000000
411,2611131593328,1,orb_cpu,temporal,73.286488,73.772199,0.000000,0.000000,0.000000,0.000000,0.000000,0.000000,0.000000,0.000000,600,600,147.058687,10.017597,2.273679,159.349963,456,410,410,0.899123,0.520833,0.000000,nan,0.000000,0.000000,0.000000,0.000000,0.000000,0,0.000000,0.000000,nan,nan,0.000000
420,2612031624287,1,xfeat_star_coarse,stereo,23.129711,39.172508,4.695485,4.661318,0.000958,16.930093,16.922510,15.897046,1.510258,1.683843,600,600,39.805678,5.390447,0.916255,46.112380,384,384,384,1.000000,1.000000,0.000000,0.000000,0.000000,0.000000,0.000000,0.000000,0.000000,179,0.466146,0.916667,0.463083,-0.171728,29.474745
420,2612031624287,1,xfeat_star_fine,stereo,23.129711,39.172508,4.695485,4.661318,0.000958,16.930093,16.922510,15.897046,1.510258,1.683843,600,600,39.805678,5.390447,0.956255,57.463400,377,377,376,0.997347,1.000000,0.000000,1.666718,11.311020,0.619878,0.001292,9.424968,1.264257,237,0.628647,0.958333,0.637343,-0.015327,24.161717
420,2612031624287,1,orb_cpu,stereo,73.176404,76.225962,0.000000,0.000000,0.000000,0.000000,0.000000,0.000000,0.000000,0.000000,600,600,76.508797,25.027304,4.398608,105.934709,348,282,276,0.793103,0.520833,0.000000,3.455994,0.000000,0.000000,0.000000,0.000000,0.000000,265,0.761494,0.520833,0.916574,0.481715,6.762870
421,2612121617578,1,xfeat_star_coarse,stereo,37.824709,21.649286,4.692818,4.634151,15.512835,0.000666,15.873796,15.491502,1.745135,1.522717,600,600,38.159586,1.325007,0.478502,39.963095,368,368,368,1.000000,1.000000,0.000000,0.000000,0.000000,0.000000,0.000000,0.000000,0.000000,167,0.453804,0.916667,0.440603,-0.227223,10.581767
421,2612121617578,1,xfeat_star_fine,stereo,37.824709,21.649286,4.692818,4.634151,15.512835,0.000666,15.873796,15.491502,1.745135,1.522717,600,600,38.159586,1.325007,0.336543,51.550368,360,360,359,0.997222,1.000000,0.000000,1.760315,11.729232,0.412044,0.000917,10.119472,1.196507,211,0.586111,0.958333,0.639992,-0.101523,10.642017
421,2612121617578,1,orb_cpu,stereo,71.970438,74.943787,0.000000,0.000000,0.000000,0.000000,0.000000,0.000000,0.000000,0.000000,600,600,75.216331,19.772859,2.827682,97.816872,360,305,302,0.838889,0.541667,0.000000,3.399994,0.000000,0.000000,0.000000,0.000000,0.000000,289,0.802778,0.541667,0.920472,0.522237,6.988372
421,2612121617578,1,xfeat_guided,temporal,23.129711,37.824709,4.695485,4.692818,0.000958,15.512835,16.922510,15.873796,1.510258,1.745135,600,600,60.954420,3.372643,1.912344,66.239407,384,348,348,0.906250,0.958333,0.000000,nan,0.000000,0.000000,0.000000,0.000000,0.000000,0,0.000000,0.000000,nan,nan,0.000000
421,2612121617578,1,orb_cpu,temporal,73.176404,71.970438,0.000000,0.000000,0.000000,0.000000,0.000000,0.000000,0.000000,0.000000,600,600,145.146842,10.115348,2.959475,158.221665,445,382,382,0.858427,0.541667,1.199997,nan,0.000000,0.000000,0.000000,0.000000,0.000000,0,0.000000,0.000000,nan,nan,0.000000
430,2613021602579,1,xfeat_star_coarse,stereo,32.714138,52.129620,14.026535,13.863743,0.001042,17.186886,17.167761,18.248142,1.518633,2.830599,600,600,52.775748,2.845724,0.667337,56.288809,348,348,348,1.000000,1.000000,0.000000,0.000000,0.000000,0.000000,0.000000,0.000000,0.000000,156,0.448276,0.854167,0.441846,-0.243068,13.707992
430,2613021602579,1,xfeat_star_fine,stereo,32.714138,52.129620,14.026535,13.863743,0.001042,17.186886,17.167761,18.248142,1.518633,2.830599,600,600,52.775748,2.845724,0.304877,66.736367,337,337,334,0.991098,1.000000,0.000000,1.920670,10.810018,0.376461,0.001000,9.294343,1.137964,182,0.540059,0.875000,0.550451,-0.098727,23.954340
430,2613021602579,1,orb_cpu,stereo,74.641452,69.881676,0.000000,0.000000,0.000000,0.000000,0.000000,0.000000,0.000000,0.000000,600,600,74.899995,23.337878,3.200184,101.438057,335,281,275,0.820896,0.479167,0.000000,3.599991,0.000000,0.000000,0.000000,0.000000,0.000000,262,0.782090,0.479167,0.905740,0.499481,6.494661
431,2613201601995,1,xfeat_star_coarse,stereo,21.547952,38.263085,3.942772,3.891146,0.000834,15.914505,15.891254,16.915634,1.712926,1.541467,600,600,38.625795,1.596468,0.493169,40.715432,346,346,346,1.000000,1.000000,0.000000,0.000000,0.000000,0.000000,0.000000,0.000000,0.000000,164,0.473988,0.895833,0.478148,-0.132723,7.077081
431,2613201601995,1,xfeat_star_fine,stereo,21.547952,38.263085,3.942772,3.891146,0.000834,15.914505,15.891254,16.915634,1.712926,1.541467,600,600,38.625795,1.596468,0.312251,51.258698,334,334,332,0.994012,1.000000,0.000000,2.109856,10.724184,0.309418,0.000667,9.258509,1.155423,192,0.574850,0.937500,0.604529,-0.028010,12.193651
431,2613201601995,1,orb_cpu,stereo,72.357481,74.182282,0.000000,0.000000,0.000000,0.000000,0.000000,0.000000,0.000000,0.000000,600,600,74.436451,16.658425,4.165315,95.260191,325,265,259,0.796923,0.416667,0.000000,3.799988,0.000000,0.000000,0.000000,0.000000,0.000000,248,0.763077,0.416667,0.891612,0.394815,6.229117
431,2613201601995,1,xfeat_guided,temporal,32.714138,21.547952,14.026535,3.942772,0.001042,0.000834,17.167761,15.891254,1.518633,1.712926,600,600,54.262090,3.176642,2.862890,60.301622,357,305,305,0.854342,0.937500,0.000000,nan,0.000000,0.000000,0.000000,0.000000,0.000000,0,0.000000,0.000000,nan,nan,0.000000
431,2613201601995,1,orb_cpu,temporal,74.641452,72.357481,0.000000,0.000000,0.000000,0.000000,0.000000,0.000000,0.000000,0.000000,600,600,146.998933,10.692267,4.764484,162.455684,419,336,336,0.801909,0.458333,1.200005,nan,0.000000,0.000000,0.000000,0.000000,0.000000,0,0.000000,0.000000,nan,nan,0.000000
440,2614101615246,1,xfeat_star_coarse,stereo,41.046683,36.516867,4.719651,4.643567,16.843384,0.000916,18.031266,16.820426,1.452091,15.051666,600,600,41.533436,4.151648,1.232548,46.917632,356,356,356,1.000000,1.000000,0.000000,4.000000,0.000000,0.000000,0.000000,0.000000,0.000000,155,0.435393,0.854167,0.432512,-0.134045,26.372395
440,2614101615246,1,xfeat_star_fine,stereo,41.046683,36.516867,4.719651,4.643567,16.843384,0.000916,18.031266,16.820426,1.452091,15.051666,600,600,41.533436,4.151648,1.191215,67.364787,351,351,350,0.997151,1.000000,0.000000,3.136688,20.488488,0.400336,0.000875,14.548538,5.538489,190,0.541311,0.937500,0.552554,-0.068012,22.124246
440,2614101615246,1,orb_cpu,stereo,72.133021,74.771952,0.000000,0.000000,0.000000,0.000000,0.000000,0.000000,0.000000,0.000000,600,600,75.033704,21.348242,7.442583,103.824529,324,252,244,0.753086,0.479167,0.000000,4.000000,0.000000,0.000000,0.000000,0.000000,0.000000,234,0.722222,0.479167,0.892424,0.453566,6.284743
441,2614191603579,1,xfeat_star_coarse,stereo,39.057339,22.258080,4.698776,4.649026,15.907754,0.000875,16.849925,15.894004,1.600759,1.714009,600,600,39.378258,1.254631,0.296668,40.929557,343,343,343,1.000000,1.000000,0.000000,0.000000,0.000000,0.000000,0.000000,0.000000,0.000000,171,0.498542,0.854167,0.499786,-0.154113,6.815829
441,2614191603579,1,xfeat_star_fine,stereo,39.057339,22.258080,4.698776,4.649026,15.907754,0.000875,16.849925,15.894004,1.600759,1.714009,600,600,39.378258,1.254631,0.681462,55.001968,337,337,335,0.994065,0.979167,0.000000,2.314072,13.687617,0.287835,0.000792,10.684267,2.714515,199,0.590504,0.916667,0.592703,-0.029583,13.291990
441,2614191603579,1,orb_cpu,stereo,73.686821,76.439919,0.000000,0.000000,0.000000,0.000000,0.000000,0.000000,0.000000,0.000000,600,600,76.731338,18.068141,6.271660,101.071139,336,261,259,0.770833,0.437500,0.000000,4.000008,0.000000,0.000000,0.000000,0.000000,0.000000,253,0.752976,0.437500,0.880494,0.407808,6.516119
441,2614191603579,1,xfeat_guided,temporal,41.046683,39.057339,4.719651,4.698776,16.843384,15.907754,18.031266,16.849925,1.452091,1.600759,600,600,80.104022,3.126475,1.961302,85.191799,384,345,345,0.898438,1.000000,0.000000,nan,0.000000,0.000000,0.000000,0.000000,0.000000,0,0.000000,0.000000,nan,nan,0.000000
441,2614191603579,1,orb_cpu,temporal,72.133021,73.686821,0.000000,0.000000,0.000000,0.000000,0.000000,0.000000,0.000000,0.000000,600,600,145.819842,8.986466,2.685307,157.491615,463,400,400,0.863931,0.500000,1.200012,nan,0.000000,0.000000,0.000000,0.000000,0.000000,0,0.000000,0.000000,nan,nan,0.000000
450,2615091610705,1,xfeat_star_coarse,stereo,21.764203,38.017042,3.956605,3.906022,0.000750,15.897504,15.876587,16.559216,1.930136,1.654009,600,600,38.369543,1.488342,0.372710,40.230595,346,346,346,1.000000,1.000000,0.000000,8.000000,0.000000,0.000000,0.000000,0.000000,0.000000,153,0.442197,0.833333,0.444890,-0.112640,7.147790
450,2615091610705,1,xfeat_star_fine,stereo,21.764203,38.017042,3.956605,3.906022,0.000750,15.897504,15.876587,16.559216,1.930136,1.654009,600,600,38.369543,1.488342,0.611504,51.286823,341,341,341,1.000000,1.000000,0.000000,8.061813,10.817434,0.319418,0.000583,9.269259,1.228007,173,0.507331,0.875000,0.520219,-0.072361,13.431532
450,2615091610705,1,orb_cpu,stereo,70.843597,73.479694,0.000000,0.000000,0.000000,0.000000,0.000000,0.000000,0.000000,0.000000,600,600,74.033739,22.706333,11.129770,107.869842,332,236,232,0.698795,0.416667,0.287994,4.799988,0.000000,0.000000,0.000000,0.000000,0.000000,220,0.662651,0.416667,0.877940,0.406371,6.326534
451,2615181614371,1,xfeat_star_coarse,stereo,21.659077,38.846462,3.933230,3.885938,0.000958,15.922420,15.899587,17.105344,1.825052,1.932510,600,600,39.210798,1.519342,0.371502,41.101642,352,352,352,1.000000,1.000000,0.000000,8.000000,0.000000,0.000000,0.000000,0.000000,0.000000,150,0.426136,0.875000,0.402295,-0.137521,7.086997
451,2615181614371,1,xfeat_star_fine,stereo,21.659077,38.846462,3.933230,3.885938,0.000958,15.922420,15.899587,17.105344,1.825052,1.932510,600,600,39.210798,1.519342,0.634920,52.590622,343,343,340,0.991254,1.000000,0.000000,7.942837,11.225562,0.277169,0.000500,9.296634,1.651134,177,0.516035,0.916667,0.521058,-0.101983,13.547741
451,2615181614371,1,orb_cpu,stereo,71.688726,72.693940,0.000000,0.000000,0.000000,0.000000,0.000000,0.000000,0.000000,0.000000,600,600,72.941317,12.413652,8.790756,94.145725,323,236,223,0.690402,0.416667,0.000000,4.800003,0.000000,0.000000,0.000000,0.000000,0.000000,215,0.665635,0.395833,0.892069,0.393415,6.162200
451,2615181614371,1,xfeat_guided,temporal,21.764203,21.659077,3.956605,3.933230,0.000750,0.000958,15.876587,15.899587,1.930136,1.825052,600,600,43.423280,3.119976,3.618812,50.162068,368,308,308,0.836957,0.937500,0.000000,nan,0.000000,0.000000,0.000000,0.000000,0.000000,0,0.000000,0.000000,nan,nan,0.000000
451,2615181614371,1,orb_cpu,temporal,70.843597,71.688726,0.000000,0.000000,0.000000,0.000000,0.000000,0.000000,0.000000,0.000000,600,600,142.532323,10.063181,3.240392,155.835896,442,375,375,0.848416,0.458333,2.000000,nan,0.000000,0.000000,0.000000,0.000000,0.000000,0,0.000000,0.000000,nan,nan,0.000000
460,2616171608872,1,xfeat_star_coarse,stereo,40.725723,23.069376,4.707609,4.646150,16.704174,0.001167,17.785264,16.681675,1.528509,1.740134,600,600,41.187850,1.284257,0.298210,42.770317,351,351,351,1.000000,1.000000,0.000000,8.000000,0.000000,0.000000,0.000000,0.000000,0.000000,180,0.512821,0.854167,0.517311,-0.086258,24.265549
460,2616171608872,1,xfeat_star_fine,stereo,40.725723,23.069376,4.707609,4.646150,16.704174,0.001167,17.785264,16.681675,1.528509,1.740134,600,600,41.187850,1.284257,0.318293,53.932586,336,336,333,0.991071,1.000000,0.000000,8.229645,11.142186,0.620504,0.001916,9.355676,1.163465,192,0.571429,0.875000,0.560109,-0.139735,24.664177
460,2616171608872,1,orb_cpu,stereo,69.754632,72.167020,0.000000,0.000000,0.000000,0.000000,0.000000,0.000000,0.000000,0.000000,600,600,72.428313,22.013537,15.939629,110.381479,303,211,209,0.689769,0.458333,0.288002,4.976654,0.000000,0.000000,0.000000,0.000000,0.000000,202,0.666667,0.458333,0.865533,0.321887,5.875490
461,2616261654247,1,xfeat_star_coarse,stereo,21.715702,37.807123,4.701943,4.641483,0.000750,15.536835,15.515835,15.899796,1.496799,1.728759,600,600,38.200667,1.277049,0.308669,39.786385,340,340,340,1.000000,1.000000,0.000000,8.000000,0.000000,0.000000,0.000000,0.000000,0.000000,161,0.473529,0.916667,0.479259,-0.138024,9.887429
461,2616261654247,1,xfeat_star_fine,stereo,21.715702,37.807123,4.701943,4.641483,0.000750,15.536835,15.515835,15.899796,1.496799,1.728759,600,600,38.200667,1.277049,0.337793,51.618365,328,328,327,0.996951,1.000000,0.000000,8.195778,11.802856,0.367502,0.000666,10.307390,1.127006,168,0.512195,0.916667,0.524543,-0.107076,12.909863
461,2616261654247,1,orb_cpu,stereo,70.690303,72.578605,0.000000,0.000000,0.000000,0.000000,0.000000,0.000000,0.000000,0.000000,600,600,72.854315,18.510184,16.475006,107.839505,291,193,187,0.642612,0.375000,0.576004,5.183990,0.000000,0.000000,0.000000,0.000000,0.000000,175,0.601375,0.375000,0.876210,0.368045,5.685740
461,2616261654247,1,xfeat_guided,temporal,40.725723,21.715702,4.707609,4.701943,16.704174,0.000750,17.785264,15.515835,1.528509,1.496799,600,600,62.441425,3.094100,3.605228,69.140753,351,289,289,0.823362,0.916667,0.000000,nan,0.000000,0.000000,0.000000,0.000000,0.000000,0,0.000000,0.000000,nan,nan,0.000000
461,2616261654247,1,orb_cpu,temporal,69.754632,70.690303,0.000000,0.000000,0.000000,0.000000,0.000000,0.000000,0.000000,0.000000,600,600,140.444935,9.105967,3.469477,153.020379,434,357,357,0.822581,0.520833,3.000000,nan,0.000000,0.000000,0.000000,0.000000,0.000000,0,0.000000,0.000000,nan,nan,0.000000
470,2617161630789,1,xfeat_star_coarse,stereo,38.507502,21.846411,3.971272,3.925480,15.951004,0.001042,17.036259,15.927753,1.548634,1.991886,600,600,38.822170,1.664385,0.358085,40.844640,341,341,341,1.000000,1.000000,0.000000,8.000000,0.000000,0.000000,0.000000,0.000000,0.000000,172,0.504399,0.916667,0.512408,-0.149128,6.933996
470,2617161630789,1,xfeat_star_fine,stereo,38.507502,21.846411,3.971272,3.925480,15.951004,0.001042,17.036259,15.927753,1.548634,1.991886,600,600,38.822170,1.664385,0.303460,51.850117,324,324,324,1.000000,1.000000,0.000000,8.706032,11.060102,0.276168,0.000625,9.654636,1.128548,172,0.530864,0.895833,0.561251,-0.091846,10.927435
470,2617161630789,1,orb_cpu,stereo,70.299342,71.961726,0.000000,0.000000,0.000000,0.000000,0.000000,0.000000,0.000000,0.000000,600,600,72.388687,22.739833,17.456179,112.584699,292,194,191,0.654110,0.437500,0.959995,5.183990,0.000000,0.000000,0.000000,0.000000,0.000000,182,0.623288,0.437500,0.883723,0.221555,5.651614
471,2617251651414,1,xfeat_star_coarse,stereo,38.644711,21.559867,3.969938,3.924480,15.883628,0.000708,17.086219,15.859712,1.704801,1.774759,600,600,38.987921,1.731093,0.369918,41.088932,352,352,352,1.000000,1.000000,0.000000,8.000000,0.000000,0.000000,0.000000,0.000000,0.000000,200,0.568182,0.875000,0.585397,-0.063125,7.106456
471,2617251651414,1,xfeat_star_fine,stereo,38.644711,21.559867,3.969938,3.924480,15.883628,0.000708,17.086219,15.859712,1.704801,1.774759,600,600,38.987921,1.731093,0.308501,51.872949,343,343,340,0.991254,1.000000,0.000000,8.704609,10.845434,0.383169,0.000750,9.309842,1.151465,190,0.553936,0.875000,0.589793,-0.061425,11.550647
471,2617251651414,1,orb_cpu,stereo,68.489916,69.780173,0.000000,0.000000,0.000000,0.000000,0.000000,0.000000,0.000000,0.000000,600,600,70.056966,18.222974,30.148664,118.428604,272,168,152,0.558824,0.375000,0.586586,4.976654,0.000000,0.000000,0.000000,0.000000,0.000000,144,0.529412,0.375000,0.884830,0.082483,5.244696
471,2617251651414,1,xfeat_guided,temporal,38.507502,38.644711,3.971272,3.969938,15.951004,15.883628,17.036259,17.086219,1.548634,1.704801,600,600,77.152213,3.163392,3.832646,84.148251,368,298,298,0.809783,0.895833,0.000000,nan,0.000000,0.000000,0.000000,0.000000,0.000000,0,0.000000,0.000000,nan,nan,0.000000
471,2617251651414,1,orb_cpu,temporal,70.299342,68.489916,0.000000,0.000000,0.000000,0.000000,0.000000,0.000000,0.000000,0.000000,600,600,138.789258,9.445135,4.736276,152.970669,410,323,323,0.787805,0.458333,1.727997,nan,0.000000,0.000000,0.000000,0.000000,0.000000,0,0.000000,0.000000,nan,nan,0.000000
480,2618151625790,1,xfeat_star_coarse,stereo,34.264020,39.127464,4.789943,4.690984,0.000791,16.969634,16.952509,15.863420,12.520527,1.603176,600,600,39.806009,2.113845,1.217298,43.137152,348,348,348,1.000000,0.979167,0.000000,8.000000,0.000000,0.000000,0.000000,0.000000,0.000000,199,0.571839,0.833333,0.600895,-0.030391,26.557811
480,2618151625790,1,xfeat_star_fine,stereo,34.264020,39.127464,4.789943,4.690984,0.000791,16.969634,16.952509,15.863420,12.520527,1.603176,600,600,39.806009,2.113845,1.162215,55.176468,333,333,332,0.996997,0.979167,0.000000,8.891541,12.094399,0.577961,0.001458,9.392051,2.122387,191,0.573574,0.833333,0.604726,-0.025640,21.704243
480,2618151625790,1,orb_cpu,stereo,70.329133,71.318930,0.000000,0.000000,0.000000,0.000000,0.000000,0.000000,0.000000,0.000000,600,600,71.591265,22.037454,14.720413,108.349132,301,209,202,0.671096,0.333333,0.000000,5.760010,0.000000,0.000000,0.000000,0.000000,0.000000,192,0.637874,0.333333,0.878957,0.006579,5.805282
481,2618331621415,1,xfeat_star_coarse,stereo,37.783747,21.649701,4.738276,4.690984,15.497042,0.001125,15.865045,15.475876,1.683134,1.481550,600,600,38.118499,1.550175,0.221959,39.890633,347,347,347,1.000000,1.000000,0.000000,8.000000,0.000000,0.000000,0.000000,0.000000,0.000000,200,0.576369,0.833333,0.603750,-0.063768,12.504277
481,2618331621415,1,xfeat_star_fine,stereo,37.783747,21.649701,4.738276,4.690984,15.497042,0.001125,15.865045,15.475876,1.683134,1.481550,600,600,38.118499,1.550175,0.309627,50.793652,340,340,339,0.997059,1.000000,0.000000,8.931396,10.815351,0.355794,0.000917,9.324718,1.133631,204,0.600000,0.854167,0.611069,-0.037626,11.816981
481,2618331621415,1,orb_cpu,stereo,70.991887,71.542640,0.000000,0.000000,0.000000,0.000000,0.000000,0.000000,0.000000,0.000000,600,600,71.810017,8.879673,15.614168,96.303858,287,190,188,0.655052,0.375000,0.400009,5.760010,0.000000,0.000000,0.000000,0.000000,0.000000,175,0.609756,0.375000,0.876059,0.280386,5.482489
481,2618331621415,1,xfeat_guided,temporal,34.264020,37.783747,4.789943,4.738276,0.000791,15.497042,16.952509,15.865045,12.520527,1.683134,600,600,72.047767,3.330602,1.082297,76.460666,354,334,334,0.943503,1.000000,0.000000,nan,0.000000,0.000000,0.000000,0.000000,0.000000,0,0.000000,0.000000,nan,nan,0.000000
481,2618331621415,1,orb_cpu,temporal,70.329133,70.991887,0.000000,0.000000,0.000000,0.000000,0.000000,0.000000,0.000000,0.000000,600,600,141.321020,10.053805,2.118470,153.493295,428,375,375,0.876168,0.416667,1.000000,nan,0.000000,0.000000,0.000000,0.000000,0.000000,0,0.000000,0.000000,nan,nan,0.000000
490,2619231633707,1,xfeat_star_coarse,stereo,22.193579,38.976421,3.878062,3.821146,0.001041,16.671882,16.653674,16.899759,1.660593,1.583509,600,600,39.333964,2.136845,0.377294,41.848103,380,380,380,1.000000,1.000000,0.000000,8.000000,0.000000,0.000000,0.000000,0.000000,0.000000,253,0.665789,0.916667,0.691768,-0.025912,9.413968
490,2619231633707,1,xfeat_star_fine,stereo,22.193579,38.976421,3.878062,3.821146,0.001041,16.671882,16.653674,16.899759,1.660593,1.583509,600,600,39.333964,2.136845,0.321460,55.399260,370,370,370,1.000000,1.000000,0.000000,8.580460,13.606991,0.384752,0.000875,11.939815,1.281216,246,0.664865,0.895833,0.712395,0.020054,5.997450
490,2619231633707,1,orb_cpu,stereo,74.953325,75.168992,0.000000,0.000000,0.000000,0.000000,0.000000,0.000000,0.000000,0.000000,600,600,75.680662,15.051957,9.589135,100.321754,273,198,197,0.721612,0.437500,0.000000,4.788773,0.000000,0.000000,0.000000,0.000000,0.000000,182,0.666667,0.437500,0.870881,0.395277,5.245529
491,2619321627082,1,xfeat_star_coarse,stereo,22.717374,38.709127,4.367441,4.318982,0.001083,16.884426,16.880467,15.877919,1.468133,1.627634,600,600,39.079837,2.037719,0.364002,41.481558,369,369,369,1.000000,1.000000,0.000000,8.000000,0.000000,0.000000,0.000000,0.000000,0.000000,264,0.715447,0.937500,0.761996,0.057543,7.253665
491,2619321627082,1,xfeat_star_fine,stereo,22.717374,38.709127,4.367441,4.318982,0.001083,16.884426,16.880467,15.877919,1.468133,1.627634,600,600,39.079837,2.037719,0.376835,52.534576,354,354,353,0.997175,1.000000,0.000000,8.567593,11.040185,0.411544,0.000709,9.314842,1.312924,242,0.683616,0.916667,0.761007,0.056385,7.154872
491,2619321627082,1,orb_cpu,stereo,72.940063,73.789776,0.000000,0.000000,0.000000,0.000000,0.000000,0.000000,0.000000,0.000000,600,600,74.047028,10.078305,10.967518,95.092851,278,194,193,0.694245,0.416667,0.000000,4.780823,0.000000,0.000000,0.000000,0.000000,0.000000,188,0.676259,0.416667,0.874116,0.421387,5.027861
491,2619321627082,1,xfeat_guided,temporal,22.193579,22.717374,3.878062,4.367441,0.001041,0.001083,16.653674,16.880467,1.660593,1.468133,600,600,44.910953,3.187392,3.679561,51.777906,354,286,286,0.807910,0.937500,0.000000,nan,0.000000,0.000000,0.000000,0.000000,0.000000,0,0.000000,0.000000,nan,nan,0.000000
491,2619321627082,1,orb_cpu,temporal,74.953325,72.940063,0.000000,0.000000,0.000000,0.000000,0.000000,0.000000,0.000000,0.000000,600,600,147.893388,8.036794,2.178761,158.108943,390,336,336,0.861538,0.458333,1.727997,nan,0.000000,0.000000,0.000000,0.000000,0.000000,0,0.000000,0.000000,nan,nan,0.000000
500,2620221624874,0,xfeat_star_coarse,stereo,23.443919,40.086968,4.742442,4.607608,0.000833,16.686091,16.674341,17.331719,2.026136,1.461425,600,600,40.665221,1.676717,0.306210,42.648148,379,379,379,1.000000,1.000000,0.000000,8.000000,0.000000,0.000000,0.000000,0.000000,0.000000,210,0.554090,0.916667,0.560053,-0.051123,22.535789
500,2620221624874,0,xfeat_star_fine,stereo,23.443919,40.086968,4.742442,4.607608,0.000833,16.686091,16.674341,17.331719,2.026136,1.461425,600,600,40.665221,1.676717,0.319710,53.869667,370,370,369,0.997297,0.979167,0.000000,8.632355,11.208019,0.608711,0.001375,9.370051,1.227340,217,0.586486,0.895833,0.611493,-0.096582,17.677512
500,2620221624874,0,orb_cpu,stereo,74.361237,76.667458,0.000000,0.000000,0.000000,0.000000,0.000000,0.000000,0.000000,0.000000,600,600,76.950959,20.125734,14.557538,111.634231,252,179,179,0.710317,0.458333,0.000000,5.971985,0.000000,0.000000,0.000000,0.000000,0.000000,167,0.662698,0.458333,0.854942,0.073154,4.975860
501,2620311640082,0,xfeat_star_coarse,stereo,22.249496,39.010421,4.647942,4.599150,0.001042,15.911336,15.898128,16.773008,1.702176,1.726635,600,600,39.396256,1.633550,0.500461,41.530267,366,366,366,1.000000,1.000000,0.000000,8.000000,0.000000,0.000000,0.000000,0.000000,0.000000,193,0.527322,0.937500,0.531572,-0.085521,14.264411
501,2620311640082,0,xfeat_star_fine,stereo,22.249496,39.010421,4.647942,4.599150,0.001042,15.911336,15.898128,16.773008,1.702176,1.726635,600,600,39.396256,1.633550,0.653212,53.108622,358,358,358,1.000000,1.000000,0.000000,8.688442,11.425604,0.411669,0.000875,9.309092,1.703676,198,0.553073,0.916667,0.574349,-0.087399,14.125702
501,2620311640082,0,orb_cpu,stereo,75.920954,77.719131,0.000000,0.000000,0.000000,0.000000,0.000000,0.000000,0.000000,0.000000,600,600,77.996506,19.302938,16.504173,113.803617,240,158,155,0.645833,0.416667,0.345589,5.184006,0.000000,0.000000,0.000000,0.000000,0.000000,150,0.625000,0.416667,0.852683,0.160102,4.735734
501,2620311640082,0,xfeat_guided,temporal,23.443919,22.249496,4.742442,4.647942,0.000833,0.001042,16.674341,15.898128,2.026136,1.702176,600,600,45.693415,3.290892,5.031819,54.016126,344,275,275,0.799419,1.000000,0.000000,nan,0.000000,0.000000,0.000000,0.000000,0.000000,0,0.000000,0.000000,nan,nan,0.000000
501,2620311640082,0,orb_cpu,temporal,74.361237,75.920954,0.000000,0.000000,0.000000,0.000000,0.000000,0.000000,0.000000,0.000000,600,600,150.282191,9.916762,3.614436,163.813389,384,308,308,0.802083,0.583333,1.000000,nan,0.000000,0.000000,0.000000,0.000000,0.000000,0,0.000000,0.000000,nan,nan,0.000000
510,2621211645708,0,xfeat_star_coarse,stereo,39.519590,23.382585,4.067606,3.939480,17.866055,0.000875,15.875628,17.934139,1.710093,1.507674,600,600,39.812299,1.730384,0.363876,41.906559,363,363,363,1.000000,0.979167,0.000000,8.000000,0.000000,0.000000,0.000000,0.000000,0.000000,183,0.504132,0.895833,0.516850,-0.071892,12.495652
510,2621211645708,0,xfeat_star_fine,stereo,39.519590,23.382585,4.067606,3.939480,17.866055,0.000875,15.875628,17.934139,1.710093,1.507674,600,600,39.812299,1.730384,0.622920,53.064579,352,352,350,0.994318,0.979167,0.000000,8.900162,10.898976,0.405169,0.000791,9.303176,1.189548,184,0.522727,0.895833,0.564946,-0.094755,13.722574
510,2621211645708,0,orb_cpu,stereo,70.298298,72.392934,0.000000,0.000000,0.000000,0.000000,0.000000,0.000000,0.000000,0.000000,600,600,72.862520,20.137443,10.535349,103.535312,298,216,212,0.711409,0.354167,0.000000,4.800003,0.000000,0.000000,0.000000,0.000000,0.000000,193,0.647651,0.354167,0.878307,0.363561,5.713281
511,2621391656083,0,xfeat_star_coarse,stereo,22.940541,39.446005,4.008939,3.964146,0.001167,17.357386,17.340469,16.408756,1.589633,1.715550,600,600,39.801257,1.805135,0.379085,41.985477,356,356,356,1.000000,1.000000,0.000000,8.000000,0.000000,0.000000,0.000000,0.000000,0.000000,187,0.525281,0.833333,0.528060,-0.080871,12.893695
511,2621391656083,0,xfeat_star_fine,stereo,22.940541,39.446005,4.008939,3.964146,0.001167,17.357386,17.340469,16.408756,1.589633,1.715550,600,600,39.801257,1.805135,0.302002,52.756661,343,343,343,1.000000,1.000000,0.000000,8.826599,10.848267,0.411669,0.000792,9.279300,1.156173,186,0.542274,0.812500,0.540465,-0.082679,11.869314
511,2621391656083,0,orb_cpu,stereo,70.342590,72.355017,0.000000,0.000000,0.000000,0.000000,0.000000,0.000000,0.000000,0.000000,600,600,72.636103,20.261734,11.209061,104.106898,297,217,213,0.717172,0.354167,0.000000,4.561951,0.000000,0.000000,0.000000,0.000000,0.000000,205,0.690236,0.354167,0.883510,0.228373,5.710155
511,2621391656083,0,xfeat_guided,temporal,39.519590,22.940541,4.067606,4.008939,17.866055,0.001167,15.875628,17.340469,1.710093,1.589633,600,600,62.460131,2.939308,6.038532,71.437971,263,201,201,0.764259,0.875000,0.000000,nan,0.000000,0.000000,0.000000,0.000000,0.000000,0,0.000000,0.000000,nan,nan,0.000000
511,2621391656083,0,orb_cpu,temporal,70.298298,70.342590,0.000000,0.000000,0.000000,0.000000,0.000000,0.000000,0.000000,0.000000,600,600,140.640888,10.058096,6.677120,157.376104,373,283,283,0.758713,0.395833,1.000000,nan,0.000000,0.000000,0.000000,0.000000,0.000000,0,0.000000,0.000000,nan,nan,0.000000
520,2622291640458,0,xfeat_star_coarse,stereo,39.307712,23.074500,4.751275,4.674358,16.875675,0.000584,15.890086,16.858508,1.790551,1.540800,600,600,39.770174,1.297465,0.242585,41.310224,364,364,364,1.000000,0.979167,0.000000,8.000000,0.000000,0.000000,0.000000,0.000000,0.000000,189,0.519231,0.875000,0.517818,-0.153022,13.659157
520,2622291640458,0,xfeat_star_fine,stereo,39.307712,23.074500,4.751275,4.674358,16.875675,0.000584,15.890086,16.858508,1.790551,1.540800,600,600,39.770174,1.297465,0.884838,53.403706,354,354,354,1.000000,0.958333,0.000000,8.695095,11.451229,0.586045,0.001583,9.381676,1.481425,193,0.545198,0.854167,0.543659,-0.180907,22.401788
520,2622291640458,0,orb_cpu,stereo,64.672641,67.438990,0.000000,0.000000,0.000000,0.000000,0.000000,0.000000,0.000000,0.000000,600,600,67.675700,20.276319,8.860506,96.812525,310,237,234,0.754839,0.270833,0.000000,4.319992,0.000000,0.000000,0.000000,0.000000,0.000000,222,0.716129,0.270833,0.862986,0.157129,5.882032
521,2622381647208,0,xfeat_star_coarse,stereo,39.169837,22.350454,4.786776,4.714567,15.963753,0.000500,16.756466,15.942753,1.662675,1.692426,600,600,39.504338,1.503341,0.291002,41.298681,362,362,362,1.000000,1.000000,0.000000,8.000000,0.000000,0.000000,0.000000,0.000000,0.000000,192,0.530387,0.833333,0.547834,-0.135634,7.171872
521,2622381647208,0,xfeat_star_fine,stereo,39.169837,22.350454,4.786776,4.714567,15.963753,0.000500,16.756466,15.942753,1.662675,1.692426,600,600,39.504338,1.503341,0.315877,52.343449,350,350,350,1.000000,1.000000,0.000000,8.683403,11.019893,0.322419,0.000667,9.504427,1.192214,196,0.560000,0.854167,0.579323,-0.184678,6.528660
521,2622381647208,0,orb_cpu,stereo,66.924695,69.896087,0.000000,0.000000,0.000000,0.000000,0.000000,0.000000,0.000000,0.000000,600,600,70.220005,10.331806,6.157283,86.709094,324,249,246,0.759259,0.291667,0.000000,4.147186,0.000000,0.000000,0.000000,0.000000,0.000000,228,0.703704,0.291667,0.852914,0.362040,6.182867
521,2622381647208,0,xfeat_guided,temporal,39.307712,39.169837,4.751275,4.786776,16.875675,15.963753,15.890086,16.756466,1.790551,1.662675,600,600,78.477549,3.311059,5.457279,87.245887,340,266,266,0.782353,0.875000,0.000000,nan,0.000000,0.000000,0.000000,0.000000,0.000000,0,0.000000,0.000000,nan,nan,0.000000
521,2622381647208,0,orb_cpu,temporal,64.672641,66.924695,0.000000,0.000000,0.000000,0.000000,0.000000,0.000000,0.000000,0.000000,600,600,131.597336,10.033179,3.452935,145.083450,360,290,290,0.805556,0.312500,1.439972,nan,0.000000,0.000000,0.000000,0.000000,0.000000,0,0.000000,0.000000,nan,nan,0.000000
530,2623281631334,0,xfeat_star_coarse,stereo,33.598974,49.467893,14.731580,14.560996,0.000958,17.410719,17.391886,15.905211,1.474300,1.590634,600,600,50.063146,1.670509,0.389460,52.123115,384,384,384,1.000000,1.000000,0.000000,8.000000,0.000000,0.000000,0.000000,0.000000,0.000000,206,0.536458,0.916667,0.550077,-0.119066,12.607402
530,2623281631334,0,xfeat_star_fine,stereo,33.598974,49.467893,14.731580,14.560996,0.000958,17.410719,17.391886,15.905211,1.474300,1.590634,600,600,50.063146,1.670509,0.322585,63.041591,374,374,374,1.000000,1.000000,0.000000,8.730972,10.985351,0.400377,0.000875,9.329509,1.254299,212,0.566845,0.895833,0.580937,-0.218116,13.185238
530,2623281631334,0,orb_cpu,stereo,71.359302,67.143321,0.000000,0.000000,0.000000,0.000000,0.000000,0.000000,0.000000,0.000000,600,600,71.770471,13.851992,12.189691,97.812154,296,207,199,0.672297,0.270833,0.319992,4.888321,0.000000,0.000000,0.000000,0.000000,0.000000,188,0.635135,0.270833,0.822029,-0.065878,5.621447
531,2623371634875,0,xfeat_star_coarse,stereo,38.855419,21.430866,3.947355,3.903354,15.857961,0.000750,17.411719,15.836085,1.638176,1.690468,600,600,39.166378,1.615801,0.383544,41.165723,378,378,378,1.000000,0.979167,0.000000,8.000000,0.000000,0.000000,0.000000,0.000000,0.000000,195,0.515873,0.895833,0.525505,-0.218699,7.586457
531,2623371634875,0,xfeat_star_fine,stereo,38.855419,21.430866,3.947355,3.903354,15.857961,0.000750,17.411719,15.836085,1.638176,1.690468,600,600,39.166378,1.615801,0.322919,51.908115,368,368,368,1.000000,0.979167,0.000000,8.821701,10.803017,0.298252,0.000458,9.269258,1.234924,208,0.565217,0.854167,0.574593,-0.219172,11.166810
531,2623371634875,0,orb_cpu,stereo,67.739616,69.181165,0.000000,0.000000,0.000000,0.000000,0.000000,0.000000,0.000000,0.000000,600,600,69.446667,17.255844,12.374900,99.077411,288,201,174,0.604167,0.270833,0.288006,5.000000,0.000000,0.000000,0.000000,0.000000,0.000000,159,0.552083,0.270833,0.851144,-0.016960,5.527613
531,2623371634875,0,xfeat_guided,temporal,33.598974,38.855419,14.731580,3.947355,0.000958,15.857961,17.391886,17.411719,1.474300,1.638176,600,600,72.454393,3.392852,4.616442,80.463687,371,299,299,0.805930,0.875000,0.000000,nan,0.000000,0.000000,0.000000,0.000000,0.000000,0,0.000000,0.000000,nan,nan,0.000000
531,2623371634875,0,orb_cpu,temporal,71.359302,67.739616,0.000000,0.000000,0.000000,0.000000,0.000000,0.000000,0.000000,0.000000,600,600,139.098918,10.005304,3.977855,153.082077,372,307,307,0.825269,0.312500,2.540169,nan,0.000000,0.000000,0.000000,0.000000,0.000000,0,0.000000,0.000000,nan,nan,0.000000
540,2624361630126,1,xfeat_star_coarse,stereo,23.079333,39.100961,4.723401,4.629900,0.001208,16.887800,16.869716,15.896085,1.484758,1.687051,600,600,39.700923,1.358090,0.308710,41.367723,377,377,377,1.000000,1.000000,0.000000,8.000000,0.000000,0.000000,0.000000,0.000000,0.000000,242,0.641910,0.895833,0.660175,0.022626,9.545593
540,2624361630126,1,xfeat_star_fine,stereo,23.079333,39.100961,4.723401,4.629900,0.001208,16.887800,16.869716,15.896085,1.484758,1.687051,600,600,39.700923,1.358090,0.324335,54.308251,369,369,368,0.997290,0.979167,0.000000,8.943756,12.924903,0.394127,0.000875,11.289395,1.240215,232,0.628726,0.875000,0.621383,-0.214160,13.744949
540,2624361630126,1,orb_cpu,stereo,69.187832,71.626678,0.000000,0.000000,0.000000,0.000000,0.000000,0.000000,0.000000,0.000000,600,600,71.921805,18.565766,6.959704,97.447275,289,215,212,0.733564,0.250000,0.000000,5.971985,0.000000,0.000000,0.000000,0.000000,0.000000,197,0.681661,0.250000,0.887351,0.196796,5.514530
541,2624451647501,1,xfeat_star_coarse,stereo,22.319287,39.387004,4.735193,4.666276,0.001083,15.931336,15.917711,17.241676,1.665092,1.547550,600,600,39.761173,1.399633,0.237335,41.398141,374,374,374,1.000000,0.979167,0.000000,8.000000,0.000000,0.000000,0.000000,0.000000,0.000000,220,0.588235,0.833333,0.620595,-0.060290,6.191158
541,2624451647501,1,xfeat_star_fine,stereo,22.319287,39.387004,4.735193,4.666276,0.001083,15.931336,15.917711,17.241676,1.665092,1.547550,600,600,39.761173,1.399633,0.639379,55.889386,363,363,362,0.997245,0.979167,0.000000,8.939857,14.089201,0.424336,0.000875,10.756974,2.906766,217,0.597796,0.854167,0.633755,-0.195575,14.065909
541,2624451647501,1,orb_cpu,stereo,65.510478,67.688448,0.000000,0.000000,0.000000,0.000000,0.000000,0.000000,0.000000,0.000000,600,600,67.960741,15.194374,4.966110,88.121225,285,224,220,0.771930,0.250000,0.000000,5.971970,0.000000,0.000000,0.000000,0.000000,0.000000,193,0.677193,0.250000,0.884906,0.078337,5.425405
541,2624451647501,1,xfeat_guided,temporal,23.079333,22.319287,4.723401,4.735193,0.001208,0.001083,16.869716,15.917711,1.484758,1.665092,600,600,45.398620,3.516269,6.364201,55.279090,378,292,292,0.772487,0.916667,0.000000,nan,0.000000,0.000000,0.000000,0.000000,0.000000,0,0.000000,0.000000,nan,nan,0.000000
541,2624451647501,1,orb_cpu,temporal,69.187832,65.510478,0.000000,0.000000,0.000000,0.000000,0.000000,0.000000,0.000000,0.000000,600,600,134.698310,10.021971,6.278076,150.998357,372,282,282,0.758065,0.208333,2.399994,nan,0.000000,0.000000,0.000000,0.000000,0.000000,0,0.000000,0.000000,nan,nan,0.000000
550,2625351641793,1,xfeat_star_coarse,stereo,40.245508,23.165458,4.483941,4.440732,16.886341,0.001334,17.421136,16.865507,1.453924,1.857677,600,600,40.546218,1.485300,0.420585,42.452103,384,384,384,1.000000,1.000000,0.000000,8.000000,0.000000,0.000000,0.000000,0.000000,0.000000,248,0.645833,0.833333,0.717687,-0.054469,13.018320
550,2625351641793,1,xfeat_star_fine,stereo,40.245508,23.165458,4.483941,4.440732,16.886341,0.001334,17.421136,16.865507,1.453924,1.857677,600,600,40.546218,1.485300,0.256669,53.207870,380,380,380,1.000000,1.000000,0.000000,9.165848,10.919683,0.382585,0.001084,9.285758,1.249923,236,0.621053,0.854167,0.690130,-0.072113,13.010778
550,2625351641793,1,orb_cpu,stereo,71.529052,72.210305,0.000000,0.000000,0.000000,0.000000,0.000000,0.000000,0.000000,0.000000,600,600,72.761892,20.382360,5.847865,98.992117,315,246,244,0.774603,0.291667,0.000000,2.000000,0.000000,0.000000,0.000000,0.000000,0.000000,229,0.726984,0.291667,0.874914,0.298262,5.963573
551,2625441641585,1,xfeat_star_coarse,stereo,39.370420,21.362323,3.936938,3.887020,15.863211,0.000709,17.025800,15.843752,2.544388,1.630717,600,600,40.066466,3.318726,0.671546,44.056738,368,368,368,1.000000,0.979167,0.000000,8.000000,0.000000,0.000000,0.000000,0.000000,0.000000,244,0.663043,0.833333,0.709963,-0.069690,14.421827
551,2625441641585,1,xfeat_star_fine,stereo,39.370420,21.362323,3.936938,3.887020,15.863211,0.000709,17.025800,15.843752,2.544388,1.630717,600,600,40.066466,3.318726,0.637128,55.131672,361,361,359,0.994460,0.979167,0.000000,9.143799,11.109352,0.487128,0.001625,9.305467,1.314882,223,0.617729,0.937500,0.669969,-0.044418,14.095993
551,2625441641585,1,orb_cpu,stereo,71.655136,72.687433,0.000000,0.000000,0.000000,0.000000,0.000000,0.000000,0.000000,0.000000,600,600,72.942184,20.115775,4.884443,97.942402,338,270,267,0.789941,0.270833,0.000000,2.000000,0.000000,0.000000,0.000000,0.000000,0.000000,252,0.745562,0.250000,0.892662,0.336049,6.374201
551,2625441641585,1,xfeat_guided,temporal,40.245508,39.370420,4.483941,3.936938,16.886341,15.863211,17.421136,17.025800,1.453924,2.544388,600,600,79.615928,3.394852,5.704114,88.714894,377,301,301,0.798408,0.791667,0.000000,nan,0.000000,0.000000,0.000000,0.000000,0.000000,0,0.000000,0.000000,nan,nan,0.000000
551,2625441641585,1,orb_cpu,temporal,71.529052,71.655136,0.000000,0.000000,0.000000,0.000000,0.000000,0.000000,0.000000,0.000000,600,600,143.184188,10.036637,4.051522,157.272347,376,306,306,0.813830,0.333333,1.200012,nan,0.000000,0.000000,0.000000,0.000000,0.000000,0,0.000000,0.000000,nan,nan,0.000000
560,2626341651877,1,xfeat_star_coarse,stereo,23.224208,39.149878,4.727650,4.695776,0.001042,16.968633,16.997633,15.870793,1.497300,1.614551,600,600,39.706964,5.948740,1.270799,46.926503,384,384,384,1.000000,1.000000,0.000000,8.000000,0.000000,0.000000,0.000000,0.000000,0.000000,252,0.656250,0.854167,0.684796,-0.000435,29.073864
560,2626341651877,1,xfeat_star_fine,stereo,23.224208,39.149878,4.727650,4.695776,0.001042,16.968633,16.997633,15.870793,1.497300,1.614551,600,600,39.706964,5.948740,1.257590,59.181485,376,376,376,1.000000,1.000000,0.000000,9.108292,12.268191,0.611670,0.001125,9.371467,2.283429,250,0.664894,0.854167,0.695546,0.015903,18.472141
560,2626341651877,1,orb_cpu,stereo,69.701791,71.921803,0.000000,0.000000,0.000000,0.000000,0.000000,0.000000,0.000000,0.000000,587,586,72.239805,8.173002,10.217096,90.629903,327,257,255,0.779817,0.333333,0.000000,2.000000,0.000000,0.000000,0.000000,0.000000,0.000000,245,0.749235,0.333333,0.889629,0.336264,6.561827
561,2626521639835,1,xfeat_star_coarse,stereo,21.663658,37.640411,4.740401,4.697900,0.000791,15.472708,15.458292,15.858085,1.463924,1.611551,600,600,38.015413,1.431383,0.307710,39.754506,369,369,369,1.000000,1.000000,0.000000,8.000000,0.000000,0.000000,0.000000,0.000000,0.000000,261,0.707317,0.937500,0.729630,0.141514,5.889824
561,2626521639835,1,xfeat_star_fine,stereo,21.663658,37.640411,4.740401,4.697900,0.000791,15.472708,15.458292,15.858085,1.463924,1.611551,600,600,38.015413,1.431383,0.375377,50.815648,362,362,361,0.997238,1.000000,0.000000,9.100922,10.993475,0.245418,0.000583,9.265133,1.482216,235,0.649171,0.875000,0.701333,0.034036,7.177372
561,2626521639835,1,orb_cpu,stereo,64.967432,67.274028,0.000000,0.000000,0.000000,0.000000,0.000000,0.000000,0.000000,0.000000,565,565,67.551447,9.118924,4.816568,81.486939,299,237,236,0.789298,0.312500,0.000000,7.166351,0.000000,0.000000,0.000000,0.000000,0.000000,225,0.752508,0.312500,0.905417,0.330303,5.686239
561,2626521639835,1,xfeat_guided,temporal,23.224208,21.663658,4.727650,4.740401,0.001042,0.000791,16.997633,15.458292,1.497300,1.463924,600,600,44.887866,2.608514,31.917922,79.414302,232,147,147,0.633621,0.708333,0.000000,nan,0.000000,0.000000,0.000000,0.000000,0.000000,0,0.000000,0.000000,nan,nan,0.000000
561,2626521639835,1,orb_cpu,temporal,69.701791,64.967432,0.000000,0.000000,0.000000,0.000000,0.000000,0.000000,0.000000,0.000000,587,565,134.669223,8.793255,12.899986,156.362464,215,142,142,0.660465,0.312500,3.583191,nan,0.000000,0.000000,0.000000,0.000000,0.000000,0,0.000000,0.000000,nan,nan,0.000000
570,2627421649586,1,xfeat_star_coarse,stereo,38.082996,21.455574,3.884562,3.837021,15.914877,0.001000,16.645715,15.888252,1.637717,1.729218,600,600,38.403372,1.702842,0.276959,40.383173,369,369,369,1.000000,1.000000,0.000000,8.000000,0.000000,0.000000,0.000000,0.000000,0.000000,204,0.552846,0.937500,0.566146,-0.001130,7.271498
570,2627421649586,1,xfeat_star_fine,stereo,38.082996,21.455574,3.884562,3.837021,15.914877,0.001000,16.645715,15.888252,1.637717,1.729218,600,600,38.403372,1.702842,0.318210,53.925038,353,353,352,0.997167,1.000000,0.000000,9.438416,13.500614,0.321210,0.000792,11.968314,1.210006,197,0.558074,0.895833,0.572366,-0.038111,5.737114
570,2627421649586,1,orb_cpu,stereo,63.048380,64.316512,0.000000,0.000000,0.000000,0.000000,0.000000,0.000000,0.000000,0.000000,502,492,64.781764,10.096304,2.677598,77.555666,291,265,265,0.910653,0.416667,0.000000,8.639999,0.000000,0.000000,0.000000,0.000000,0.000000,256,0.879725,0.416667,0.903576,0.541626,7.560749
571,2627511643836,1,xfeat_star_coarse,stereo,38.784750,22.702622,4.367274,4.326731,16.840549,0.000916,15.888127,16.821049,1.688467,1.553592,600,600,39.086168,1.676842,0.377918,41.140928,364,364,364,1.000000,1.000000,0.000000,8.000000,0.000000,0.000000,0.000000,0.000000,0.000000,184,0.505495,0.875000,0.527516,-0.068804,11.329353
571,2627511643836,1,xfeat_star_fine,stereo,38.784750,22.702622,4.367274,4.326731,16.840549,0.000916,15.888127,16.821049,1.688467,1.553592,600,600,39.086168,1.676842,0.302876,53.637662,351,351,349,0.994302,1.000000,0.000000,9.464203,12.571776,0.388836,0.000875,11.016810,1.164964,192,0.547009,0.833333,0.562385,-0.120459,9.749052
571,2627511643836,1,orb_cpu,stereo,62.667003,63.874384,0.000000,0.000000,0.000000,0.000000,0.000000,0.000000,0.000000,0.000000,507,480,64.166594,15.511708,3.612894,83.291196,285,259,259,0.908772,0.416667,0.000000,9.465591,0.000000,0.000000,0.000000,0.000000,0.000000,247,0.866667,0.416667,0.904236,0.527776,8.943756
571,2627511643836,1,xfeat_guided,temporal,38.082996,38.784750,3.884562,4.367274,15.914877,16.840549,16.645715,15.888127,1.637717,1.688467,600,600,76.867746,3.354935,29.497325,109.720006,348,215,215,0.617816,0.770833,0.000000,nan,0.000000,0.000000,0.000000,0.000000,0.000000,0,0.000000,0.000000,nan,nan,0.000000
571,2627511643836,1,orb_cpu,temporal,63.048380,62.667003,0.000000,0.000000,0.000000,0.000000,0.000000,0.000000,0.000000,0.000000,502,507,125.715383,6.774328,2.752849,135.242560,301,248,248,0.823920,0.354167,3.456001,nan,0.000000,0.000000,0.000000,0.000000,0.000000,0,0.000000,0.000000,nan,nan,0.000000
580,2628411645336,1,xfeat_star_coarse,stereo,40.442966,35.985859,4.705900,4.628524,16.867007,0.000625,17.419385,16.845173,1.450466,14.511328,600,600,40.894094,5.506154,1.207757,47.608005,354,354,354,1.000000,0.979167,0.000000,16.000000,0.000000,0.000000,0.000000,0.000000,0.000000,182,0.514124,0.854167,0.529490,-0.061175,18.979935
580,2628411645336,1,xfeat_star_fine,stereo,40.442966,35.985859,4.705900,4.628524,16.867007,0.000625,17.419385,16.845173,1.450466,14.511328,600,600,40.894094,5.506154,1.161548,65.157473,343,343,343,1.000000,0.979167,0.000000,16.767334,17.595677,0.280459,0.000917,11.864439,5.449737,208,0.606414,0.937500,0.659141,-0.084765,23.293458
580,2628411645336,1,orb_cpu,stereo,66.731607,63.849342,0.000000,0.000000,0.000000,0.000000,0.000000,0.000000,0.000000,0.000000,509,502,67.002109,16.469047,2.907182,86.378338,292,265,264,0.904110,0.416667,0.000000,11.000000,0.000000,0.000000,0.000000,0.000000,0.000000,250,0.856164,0.416667,0.908278,0.515118,9.319384
581,2628501648336,1,xfeat_star_coarse,stereo,22.741622,39.881422,4.657650,4.598025,0.000792,16.373130,16.358671,17.398176,1.724301,1.511925,600,600,40.261216,1.590883,0.486545,42.338644,354,354,354,1.000000,0.979167,0.000000,16.000000,0.000000,0.000000,0.000000,0.000000,0.000000,191,0.539548,0.875000,0.536472,-0.016105,13.478322
581,2628501648336,1,xfeat_star_fine,stereo,22.741622,39.881422,4.657650,4.598025,0.000792,16.373130,16.358671,17.398176,1.724301,1.511925,600,600,40.261216,1.590883,0.315335,53.063992,342,342,340,0.994152,0.979167,0.000000,16.542496,10.896558,0.372710,0.001125,9.346259,1.176214,214,0.625731,0.916667,0.666522,0.019426,8.573880
581,2628501648336,1,orb_cpu,stereo,64.685263,65.525476,0.000000,0.000000,0.000000,0.000000,0.000000,0.000000,0.000000,0.000000,519,513,65.828228,15.106623,3.498519,84.433370,291,262,261,0.896907,0.395833,0.000000,11.971970,0.000000,0.000000,0.000000,0.000000,0.000000,245,0.841924,0.395833,0.899509,0.480941,8.862589
581,2628501648336,1,xfeat_guided,temporal,40.442966,22.741622,4.705900,4.657650,16.867007,0.000792,17.419385,16.358671,1.450466,1.724301,600,600,63.184588,3.197559,65.541393,131.923540,311,168,168,0.540193,0.708333,0.000000,nan,0.000000,0.000000,0.000000,0.000000,0.000000,0,0.000000,0.000000,nan,nan,0.000000
581,2628501648336,1,orb_cpu,temporal,66.731607,64.685263,0.000000,0.000000,0.000000,0.000000,0.000000,0.000000,0.000000,0.000000,509,519,131.416870,6.034865,4.398231,141.849966,300,232,232,0.773333,0.312500,2.399994,nan,0.000000,0.000000,0.000000,0.000000,0.000000,0,0.000000,0.000000,nan,nan,0.000000
590,2629401658545,1,xfeat_star_coarse,stereo,40.421841,23.142457,4.634191,4.591650,16.829424,0.001042,17.372801,16.809715,1.585300,1.739800,600,600,40.725843,1.259756,0.318168,42.303767,328,328,328,1.000000,1.000000,0.000000,16.000000,0.000000,0.000000,0.000000,0.000000,0.000000,107,0.326220,0.750000,0.315524,-0.301687,10.921225
590,2629401658545,1,xfeat_star_fine,stereo,40.421841,23.142457,4.634191,4.591650,16.829424,0.001042,17.372801,16.809715,1.585300,1.739800,600,600,40.725843,1.259756,0.598670,53.702578,305,305,302,0.990164,1.000000,0.000000,17.376541,11.118309,0.380418,0.001208,9.293883,1.442466,155,0.508197,0.875000,0.514815,-0.134221,11.793480
590,2629401658545,1,orb_cpu,stereo,64.154301,65.176015,0.000000,0.000000,0.000000,0.000000,0.000000,0.000000,0.000000,0.000000,523,514,65.656809,15.676876,2.024885,83.358570,254,237,237,0.933071,0.416667,0.000000,13.200005,0.000000,0.000000,0.000000,0.000000,0.000000,230,0.905512,0.416667,0.908119,0.571829,7.454540
591,2629581652920,1,xfeat_star_coarse,stereo,38.775083,22.722830,4.103522,4.036439,17.043300,0.000875,15.936626,17.043591,1.691468,1.641675,600,600,39.077709,1.637092,0.369335,41.084136,359,359,359,1.000000,0.979167,0.000000,16.000000,0.000000,0.000000,0.000000,0.000000,0.000000,115,0.320334,0.666667,0.292034,-0.329467,12.528692
591,2629581652920,1,xfeat_star_fine,stereo,38.775083,22.722830,4.103522,4.036439,17.043300,0.000875,15.936626,17.043591,1.691468,1.641675,600,600,39.077709,1.637092,0.622336,52.606572,343,343,337,0.982507,0.979167,0.000000,17.303680,11.269435,0.397210,0.000875,9.645927,1.225048,162,0.472303,0.812500,0.488012,-0.176005,13.240154
591,2629581652920,1,orb_cpu,stereo,63.470089,64.484219,0.000000,0.000000,0.000000,0.000000,0.000000,0.000000,0.000000,0.000000,530,521,64.732388,16.094128,3.763062,84.589578,280,247,244,0.871429,0.500000,0.000000,13.823990,0.000000,0.000000,0.000000,0.000000,0.000000,231,0.825000,0.500000,0.908114,0.487320,7.014621
591,2629581652920,1,xfeat_guided,temporal,40.421841,38.775083,4.634191,4.103522,16.829424,17.043300,17.372801,15.936626,1.585300,1.691468,600,600,79.196924,2.670639,118.545592,200.413155,282,124,124,0.439716,0.687500,8.000000,nan,0.000000,0.000000,0.000000,0.000000,0.000000,0,0.000000,0.000000,nan,nan,0.000000
591,2629581652920,1,orb_cpu,temporal,64.154301,63.470089,0.000000,0.000000,0.000000,0.000000,0.000000,0.000000,0.000000,0.000000,523,530,127.624390,6.320909,3.897104,137.842403,227,176,176,0.775330,0.395833,2.880005,nan,0.000000,0.000000,0.000000,0.000000,0.000000,0,0.000000,0.000000,nan,nan,0.000000
600,2630481650920,1,xfeat_star_coarse,stereo,34.338809,39.318335,4.750026,4.650275,0.000625,17.141175,17.131466,15.841917,12.456442,1.684843,600,600,39.889588,1.308090,0.300543,41.498221,345,345,345,1.000000,0.979167,0.000000,16.000000,0.000000,0.000000,0.000000,0.000000,0.000000,177,0.513043,0.687500,0.567541,-0.165828,5.373237
600,2630481650920,1,xfeat_star_fine,stereo,34.338809,39.318335,4.750026,4.650275,0.000625,17.141175,17.131466,15.841917,12.456442,1.684843,600,600,39.889588,1.308090,0.608795,55.083002,325,325,325,1.000000,0.979167,0.000000,17.490128,13.276529,0.247377,0.000750,10.323014,2.705222,206,0.633846,0.770833,0.697313,-0.227801,12.572108
600,2630481650920,1,orb_cpu,stereo,61.406036,63.226338,0.000000,0.000000,0.000000,0.000000,0.000000,0.000000,0.000000,0.000000,555,523,63.476714,16.696672,3.967896,84.141282,289,252,251,0.868512,0.375000,0.000000,17.915909,0.000000,0.000000,0.000000,0.000000,0.000000,235,0.813149,0.375000,0.913154,0.577050,6.967370
601,2630571658754,1,xfeat_star_coarse,stereo,39.877713,22.730830,4.716317,4.670484,16.385379,0.001084,17.201258,16.362670,1.574550,1.696426,600,600,40.302507,1.390674,0.286960,41.980141,317,317,317,1.000000,0.958333,0.000000,16.000000,0.000000,0.000000,0.000000,0.000000,0.000000,146,0.460568,0.750000,0.481875,-0.139291,10.731224
601,2630571658754,1,xfeat_star_fine,stereo,39.877713,22.730830,4.716317,4.670484,16.385379,0.001084,17.201258,16.362670,1.574550,1.696426,600,600,40.302507,1.390674,0.467210,53.303743,304,304,302,0.993421,0.958333,0.000000,17.729164,11.143352,0.397836,0.001000,9.306674,1.437550,177,0.582237,0.833333,0.619020,-0.148165,11.663688
601,2630571658754,1,orb_cpu,stereo,60.190863,61.957539,0.000000,0.000000,0.000000,0.000000,0.000000,0.000000,0.000000,0.000000,534,522,62.217666,16.215253,3.683937,82.116856,282,254,254,0.900709,0.395833,0.000000,18.662399,0.000000,0.000000,0.000000,0.000000,0.000000,239,0.847518,0.395833,0.911494,0.504841,8.746671
601,2630571658754,1,xfeat_guided,temporal,34.338809,39.877713,4.750026,4.716317,0.000625,16.385379,17.131466,17.201258,12.456442,1.574550,600,600,74.216522,3.277351,92.292201,169.786074,323,166,166,0.513932,0.708333,8.000000,nan,0.000000,0.000000,0.000000,0.000000,0.000000,0,0.000000,0.000000,nan,nan,0.000000
601,2630571658754,1,orb_cpu,temporal,61.406036,60.190863,0.000000,0.000000,0.000000,0.000000,0.000000,0.000000,0.000000,0.000000,555,534,121.596899,6.780828,4.526524,132.904251,305,237,237,0.777049,0.291667,2.400024,nan,0.000000,0.000000,0.000000,0.000000,0.000000,0,0.000000,0.000000,nan,nan,0.000000
610,2631471649421,1,xfeat_star_coarse,stereo,38.639831,21.532656,3.893938,3.831645,15.998793,0.000667,17.108716,15.976668,1.638259,1.723551,600,600,38.948582,1.708218,0.346460,41.003260,325,325,325,1.000000,0.979167,0.000000,32.000000,0.000000,0.000000,0.000000,0.000000,0.000000,151,0.464615,0.729167,0.481435,-0.160709,6.766370
610,2631471649421,1,xfeat_star_fine,stereo,38.639831,21.532656,3.893938,3.831645,15.998793,0.000667,17.108716,15.976668,1.638259,1.723551,600,600,38.948582,1.708218,0.295793,54.366040,311,311,309,0.993569,0.979167,0.000000,32.470226,13.413447,0.382460,0.001083,11.968689,1.060881,189,0.607717,0.812500,0.639369,0.005886,5.026027
610,2631471649421,1,orb_cpu,stereo,62.771335,63.879965,0.000000,0.000000,0.000000,0.000000,0.000000,0.000000,0.000000,0.000000,582,567,64.410843,13.563905,5.633697,83.608445,283,235,234,0.826855,0.437500,0.000000,28.800003,0.000000,0.000000,0.000000,0.000000,0.000000,227,0.802120,0.437500,0.924577,0.457594,5.398362
611,2631561670921,1,xfeat_star_coarse,stereo,23.467416,39.522752,4.663066,4.614650,0.000708,17.304051,17.284967,15.948918,1.518508,1.654925,600,600,39.867254,1.702134,0.346002,41.915390,307,307,307,1.000000,0.937500,0.000000,32.000000,0.000000,0.000000,0.000000,0.000000,0.000000,134,0.436482,0.750000,0.440542,-0.281579,7.290205
611,2631561670921,1,xfeat_star_fine,stereo,23.467416,39.522752,4.663066,4.614650,0.000708,17.304051,17.284967,15.948918,1.518508,1.654925,600,600,39.867254,1.702134,0.293419,55.237295,287,287,287,1.000000,0.937500,0.000000,32.758667,13.374488,0.353169,0.001083,11.996397,1.023547,139,0.484321,0.812500,0.497471,-0.153492,4.547649
611,2631561670921,1,orb_cpu,stereo,60.841074,61.697329,0.000000,0.000000,0.000000,0.000000,0.000000,0.000000,0.000000,0.000000,595,586,61.997789,9.817886,9.042382,80.858057,304,243,242,0.796053,0.479167,0.000000,28.800003,0.000000,0.000000,0.000000,0.000000,0.000000,231,0.759868,0.479167,0.903190,0.334935,7.483206
611,2631561670921,1,xfeat_guided,temporal,38.639831,23.467416,3.893938,4.663066,15.998793,0.000708,17.108716,17.284967,1.638259,1.518508,600,600,62.107247,3.251809,41.183969,106.543025,331,194,194,0.586103,0.708333,0.000000,nan,0.000000,0.000000,0.000000,0.000000,0.000000,0,0.000000,0.000000,nan,nan,0.000000
611,2631561670921,1,orb_cpu,temporal,62.771335,60.841074,0.000000,0.000000,0.000000,0.000000,0.000000,0.000000,0.000000,0.000000,582,595,123.612409,7.791667,2.597638,134.001714,373,313,313,0.839142,0.375000,2.880005,nan,0.000000,0.000000,0.000000,0.000000,0.000000,0,0.000000,0.000000,nan,nan,0.000000
620,2632551758046,1,xfeat_star_coarse,stereo,23.131207,40.607049,4.749109,4.681858,0.000833,16.665588,16.668131,17.765262,1.712759,1.494216,600,600,41.151219,1.378341,0.292960,42.822520,316,316,316,1.000000,0.958333,0.000000,32.000000,0.000000,0.000000,0.000000,0.000000,0.000000,135,0.427215,0.770833,0.455810,-0.199644,4.904276
620,2632551758046,1,xfeat_star_fine,stereo,23.131207,40.607049,4.749109,4.681858,0.000833,16.665588,16.668131,17.765262,1.712759,1.494216,600,600,41.151219,1.378341,0.593253,56.189716,306,306,305,0.996732,0.937500,0.000000,32.885391,13.066903,0.242626,0.000500,10.303847,2.519805,146,0.477124,0.770833,0.499004,-0.035677,17.745594
620,2632551758046,1,orb_cpu,stereo,64.541843,64.203466,0.000000,0.000000,0.000000,0.000000,0.000000,0.000000,0.000000,0.000000,597,585,64.775303,19.476353,4.526983,88.778639,321,257,257,0.800623,0.458333,0.000000,30.000000,0.000000,0.000000,0.000000,0.000000,0.000000,245,0.763240,0.458333,0.925768,0.454466,6.128407
621,2632641665630,1,xfeat_star_coarse,stereo,22.943955,40.965885,4.729775,4.654942,0.001041,16.504380,16.485755,17.135299,1.727092,2.671098,600,600,41.405345,2.876640,0.601336,44.883321,302,302,302,1.000000,0.979167,0.000000,32.000000,0.000000,0.000000,0.000000,0.000000,0.000000,122,0.403974,0.750000,0.423303,-0.289670,11.316727
621,2632641665630,1,xfeat_star_fine,stereo,22.943955,40.965885,4.729775,4.654942,0.001041,16.504380,16.485755,17.135299,1.727092,2.671098,600,600,41.405345,2.876640,0.286793,55.407252,293,293,293,1.000000,0.979167,0.000000,32.670700,10.838474,0.466669,0.001041,9.371800,0.998672,133,0.453925,0.791667,0.476396,-0.115546,9.907969
621,2632641665630,1,orb_cpu,stereo,66.604146,68.114487,0.000000,0.000000,0.000000,0.000000,0.000000,0.000000,0.000000,0.000000,597,590,68.483197,19.709688,6.985287,95.178172,317,262,262,0.826498,0.416667,0.000000,29.859848,0.000000,0.000000,0.000000,0.000000,0.000000,247,0.779180,0.416667,0.926118,0.473919,8.841297
621,2632641665630,1,xfeat_guided,temporal,23.131207,22.943955,4.749109,4.729775,0.000833,0.001041,16.668131,16.485755,1.712759,1.727092,600,600,46.075162,3.562519,0.856088,50.493769,384,380,380,0.989583,1.000000,0.000000,nan,0.000000,0.000000,0.000000,0.000000,0.000000,0,0.000000,0.000000,nan,nan,0.000000
621,2632641665630,1,orb_cpu,temporal,64.541843,66.604146,0.000000,0.000000,0.000000,0.000000,0.000000,0.000000,0.000000,0.000000,597,597,131.145989,9.976720,0.795254,141.917963,525,520,520,0.990476,0.479167,0.000000,nan,0.000000,0.000000,0.000000,0.000000,0.000000,0,0.000000,0.000000,nan,nan,0.000000
630,2633541655214,1,xfeat_star_coarse,stereo,38.882540,33.833721,4.073605,4.020938,17.259217,0.001084,15.868834,17.252883,1.680384,12.558650,600,600,39.187250,1.671926,0.348252,41.207428,312,312,312,1.000000,0.958333,0.000000,32.000000,0.000000,0.000000,0.000000,0.000000,0.000000,136,0.435897,0.770833,0.463615,-0.180334,8.565087
630,2633541655214,1,xfeat_star_fine,stereo,38.882540,33.833721,4.073605,4.020938,17.259217,0.001084,15.868834,17.252883,1.680384,12.558650,600,600,39.187250,1.671926,0.303960,54.427164,300,300,298,0.993333,0.937500,0.000000,32.746735,13.264028,0.340376,0.000917,11.885521,1.036922,148,0.493333,0.854167,0.511067,-0.068575,9.311799
630,2633541655214,1,orb_cpu,stereo,64.767427,65.408681,0.000000,0.000000,0.000000,0.000000,0.000000,0.000000,0.000000,0.000000,596,587,65.916684,19.537603,7.517790,92.972077,320,261,259,0.809375,0.437500,0.000000,29.859833,0.000000,0.000000,0.000000,0.000000,0.000000,245,0.765625,0.437500,0.917174,0.429544,7.428206
631,2633631673172,1,xfeat_star_coarse,stereo,22.952664,40.257214,4.622358,4.565691,0.000917,16.638963,16.617171,17.553802,1.711926,1.498633,600,600,40.606841,1.381299,0.233002,42.221142,306,306,306,1.000000,0.979167,0.000000,32.000000,0.000000,0.000000,0.000000,0.000000,0.000000,136,0.444444,0.729167,0.448720,-0.307642,6.119074
631,2633631673172,1,xfeat_star_fine,stereo,22.952664,40.257214,4.622358,4.565691,0.000917,16.638963,16.617171,17.553802,1.711926,1.498633,600,600,40.606841,1.381299,0.302460,53.703827,300,300,300,1.000000,0.979167,0.000000,32.532188,11.413227,0.257126,0.000458,10.168388,0.987088,145,0.483333,0.833333,0.497426,-0.103954,4.729359
631,2633631673172,1,orb_cpu,stereo,64.052007,64.537343,0.000000,0.000000,0.000000,0.000000,0.000000,0.000000,0.000000,0.000000,597,582,64.836678,9.330716,7.586666,81.754060,310,234,231,0.745161,0.416667,0.000000,30.000000,0.000000,0.000000,0.000000,0.000000,0.000000,217,0.700000,0.416667,0.922771,0.472752,5.904614
631,2633631673172,1,xfeat_guided,temporal,38.882540,22.952664,4.073605,4.622358,17.259217,0.000917,15.868834,16.617171,1.680384,1.711926,600,600,61.835204,3.498311,0.887672,66.221187,384,375,375,0.976562,1.000000,0.000000,nan,0.000000,0.000000,0.000000,0.000000,0.000000,0,0.000000,0.000000,nan,nan,0.000000
631,2633631673172,1,orb_cpu,temporal,64.767427,64.052007,0.000000,0.000000,0.000000,0.000000,0.000000,0.000000,0.000000,0.000000,596,597,128.819434,9.969594,0.607086,139.396114,534,531,531,0.994382,0.479167,0.000000,nan,0.000000,0.000000,0.000000,0.000000,0.000000,0,0.000000,0.000000,nan,nan,0.000000
640,2634531667381,1,xfeat_star_coarse,stereo,39.540085,23.548333,4.035397,4.000229,18.024803,0.000583,15.853584,18.007637,1.626134,1.539675,600,600,39.861919,1.348173,0.289001,41.499093,302,302,302,1.000000,0.937500,0.000000,32.000000,0.000000,0.000000,0.000000,0.000000,0.000000,141,0.466887,0.770833,0.477983,-0.246243,4.747859
640,2634531667381,1,xfeat_star_fine,stereo,39.540085,23.548333,4.035397,4.000229,18.024803,0.000583,15.853584,18.007637,1.626134,1.539675,600,600,39.861919,1.348173,0.807921,58.802602,291,291,291,1.000000,0.916667,0.000000,32.569458,16.784589,0.212626,0.000500,11.903146,4.668150,149,0.512027,0.750000,0.526058,-0.133822,18.291888
640,2634531667381,1,orb_cpu,stereo,63.637837,64.935219,0.000000,0.000000,0.000000,0.000000,0.000000,0.000000,0.000000,0.000000,599,588,65.220554,20.240899,7.460998,92.922451,316,259,259,0.819620,0.458333,0.000000,29.859848,0.000000,0.000000,0.000000,0.000000,0.000000,248,0.784810,0.458333,0.915283,0.458767,6.008365
641,2634621663297,1,xfeat_star_coarse,stereo,23.024830,39.908086,4.752233,4.714650,0.000959,16.568463,16.550671,17.070465,1.720634,1.554300,600,600,40.254755,1.392465,0.298127,41.945347,310,310,310,1.000000,0.979167,0.000000,32.000000,0.000000,0.000000,0.000000,0.000000,0.000000,142,0.458065,0.770833,0.480472,-0.222036,5.174027
641,2634621663297,1,xfeat_star_fine,stereo,23.024830,39.908086,4.752233,4.714650,0.000959,16.568463,16.550671,17.070465,1.720634,1.554300,600,600,40.254755,1.392465,0.300918,56.890759,297,297,297,1.000000,0.979167,0.000000,32.569969,14.942621,0.348210,0.001000,13.539280,1.053839,155,0.521886,0.833333,0.542285,-0.064477,4.893443
641,2634621663297,1,orb_cpu,stereo,63.079626,64.270924,0.000000,0.000000,0.000000,0.000000,0.000000,0.000000,0.000000,0.000000,596,584,64.559050,16.128002,4.978109,85.665161,311,256,255,0.819936,0.479167,0.000000,30.000000,0.000000,0.000000,0.000000,0.000000,0.000000,241,0.774920,0.479167,0.922621,0.422953,5.989365
641,2634621663297,1,xfeat_guided,temporal,39.540085,23.024830,4.035397,4.752233,18.024803,0.000959,15.853584,16.550671,1.626134,1.720634,600,600,62.564915,3.717936,0.707379,66.990230,384,379,379,0.986979,1.000000,0.000000,nan,0.000000,0.000000,0.000000,0.000000,0.000000,0,0.000000,0.000000,nan,nan,0.000000
641,2634621663297,1,orb_cpu,temporal,63.637837,63.079626,0.000000,0.000000,0.000000,0.000000,0.000000,0.000000,0.000000,0.000000,599,596,126.717463,10.012012,0.683754,137.413229,529,525,525,0.992439,0.479167,0.000000,nan,0.000000,0.000000,0.000000,0.000000,0.000000,0,0.000000,0.000000,nan,nan,0.000000
