frame_id,stamp_ns,tracking_state,keypoints,valid_depths,valid_depth_ratio,depth_grid_coverage,tracked_inliers,feature_extract_ms,stereo_match_ms,hybrid_candidates,hybrid_fine_matches,hybrid_accepted,hybrid_added,hybrid_replaced,hybrid_rejected,hybrid_ms,frontend_ms,track_total_ms,pose_valid,tcw_tx,tcw_ty,tcw_tz,tcw_qx,tcw_qy,tcw_qz,tcw_qw
0,1785980894347323723,2,604,226,0.374172,0.8125,226,79.206888,9.366330,0,0,0,0,0,0,0.000000,88.573218,92.810130,1,0.000000,0.000000,0.000000,0.000000,0.000000,0.000000,1.000000
1,1785980894437323598,2,604,229,0.379139,0.812500,187,73.172503,8.875285,0,0,0,0,0,0,0.000000,82.047788,107.797674,1,0.000006,0.000045,-0.000115,0.000111,-0.000051,-0.000013,1.000000
2,1785980894527324181,2,604,238,0.394040,0.833333,183,73.242253,8.883034,0,0,0,0,0,0,0.000000,82.125287,107.546005,1,0.000008,0.000264,-0.000057,0.000246,-0.000010,-0.000025,1.000000
3,1785980894617324556,2,604,231,0.382450,0.812500,180,73.104794,8.778492,0,0,0,0,0,0,0.000000,81.883286,107.162002,1,-0.000014,0.000188,-0.000064,0.000176,-0.000067,-0.000175,1.000000
4,1785980894707325806,2,604,217,0.359272,0.750000,179,72.235787,8.321196,0,0,0,0,0,0,0.000000,80.556983,106.959376,1,-0.000107,0.000110,-0.000091,0.000139,0.000029,-0.000153,1.000000
5,1785980894797325806,2,606,234,0.386139,0.812500,180,72.769749,8.901243,0,0,0,0,0,0,0.000000,81.670992,106.461913,1,-0.000071,0.000322,-0.000028,0.000231,-0.000004,-0.000099,1.000000
6,1785980894887325265,2,605,229,0.378512,0.770833,167,73.240168,8.750742,0,0,0,0,0,0,0.000000,81.990910,106.280369,1,0.000175,0.000002,-0.000011,0.000007,-0.000174,-0.000007,1.000000
7,1785980894977325890,2,606,229,0.377888,0.791667,179,73.145002,8.932410,0,0,0,0,0,0,0.000000,82.077412,99.747688,1,0.000045,0.000163,-0.000001,0.000126,-0.000098,0.000005,1.000000
8,1785980895067325640,2,605,214,0.353719,0.770833,174,72.879000,8.362613,0,0,0,0,0,0,0.000000,81.241613,95.950405,1,0.000370,0.000100,-0.000146,0.000204,-0.000235,0.000235,1.000000
9,1785980895157325723,2,606,217,0.358086,0.770833,169,72.751499,8.356655,0,0,0,0,0,0,0.000000,81.108154,96.852330,1,0.000070,-0.000051,-0.000200,0.000102,-0.000096,0.000030,1.000000
10,1785980895247327057,2,606,215,0.354785,0.770833,161,72.977750,8.055485,0,0,0,0,0,0,0.000000,81.033235,97.879505,1,0.000198,0.000023,-0.000036,0.000108,-0.000116,0.000174,1.000000
11,1785980895337329348,2,605,223,0.368595,0.729167,164,73.094001,8.512364,0,0,0,0,0,0,0.000000,81.606365,97.280625,1,0.000189,0.000028,0.000096,0.000013,-0.000098,0.000167,1.000000
12,1785980895427329098,2,603,202,0.334992,0.729167,166,72.975999,7.823734,0,0,0,0,0,0,0.000000,80.799733,97.772670,1,0.000168,-0.000112,-0.000128,-0.000008,-0.000135,0.000084,1.000000
13,1785980895517330473,2,604,222,0.367550,0.708333,164,72.818956,8.534656,0,0,0,0,0,0,0.000000,81.353612,98.695511,1,0.000100,-0.000141,-0.000224,0.000006,-0.000143,-0.000019,1.000000
14,1785980895607328765,2,603,215,0.356551,0.750000,168,72.972332,8.182737,0,0,0,0,0,0,0.000000,81.155069,96.912953,1,0.000163,-0.000067,-0.000112,-0.000038,-0.000147,0.000100,1.000000
15,1785980895697328848,2,604,218,0.360927,0.729167,164,72.689246,8.457197,0,0,0,0,0,0,0.000000,81.146443,97.322958,1,0.000150,-0.000060,-0.000102,-0.000012,-0.000150,0.000027,1.000000
16,1785980895787328932,2,603,212,0.351575,0.750000,159,73.077083,8.232362,0,0,0,0,0,0,0.000000,81.309445,96.856620,1,0.000184,-0.000139,0.000037,-0.000106,-0.000087,0.000031,1.000000
17,1785980895877328515,2,602,224,0.372093,0.750000,161,73.272418,8.779366,0,0,0,0,0,0,0.000000,82.051784,98.272256,1,0.000085,0.000022,-0.000044,0.000086,-0.000098,0.000061,1.000000
18,1785980895967329724,2,602,212,0.352159,0.750000,159,72.155950,8.048485,0,0,0,0,0,0,0.000000,80.204435,96.244239,1,0.000082,-0.000032,0.000001,-0.000025,-0.000090,0.000089,1.000000
19,1785980896057330307,2,602,207,0.343854,0.708333,153,72.634871,8.015943,0,0,0,0,0,0,0.000000,80.650814,96.371323,1,0.000040,-0.000209,-0.000021,-0.000168,-0.000118,-0.000060,1.000000
20,1785980896147330515,2,602,213,0.353821,0.750000,158,73.349626,8.144403,0,0,0,0,0,0,0.000000,81.494029,96.972995,1,0.000203,-0.000162,-0.000252,-0.000058,-0.000217,-0.000027,1.000000
21,1785980896237331682,2,603,219,0.363184,0.770833,159,70.210683,8.338654,0,0,0,0,0,0,0.000000,78.549337,93.532174,1,0.000405,-0.000225,-0.000073,-0.000110,-0.000248,0.000169,1.000000
22,1785980896327330265,2,602,220,0.365449,0.770833,164,72.782664,8.335530,0,0,0,0,0,0,0.000000,81.118194,97.903586,1,0.000342,-0.000001,-0.000130,0.000071,-0.000175,0.000203,1.000000
23,1785980896417333265,2,602,212,0.352159,0.791667,158,72.648536,8.133777,0,0,0,0,0,0,0.000000,80.782313,96.626407,1,0.000579,-0.000129,-0.000186,0.000093,-0.000328,0.000309,1.000000
24,1785980896507332849,2,601,220,0.366057,0.812500,162,72.302991,8.360988,0,0,0,0,0,0,0.000000,80.663979,96.503490,1,0.000303,-0.000188,0.000066,-0.000169,-0.000299,-0.000018,1.000000
25,1785980896597332974,2,602,233,0.387043,0.812500,155,71.977239,8.906284,0,0,0,0,0,0,0.000000,80.883523,95.941110,1,0.000098,-0.000205,-0.000229,-0.000020,-0.000255,-0.000143,1.000000
26,1785980896687330849,2,602,217,0.360465,0.833333,158,69.574219,8.533115,0,0,0,0,0,0,0.000000,78.107334,93.945343,1,0.000016,0.000012,0.000121,-0.000109,-0.000165,-0.000170,1.000000
27,1785980896777333766,2,602,227,0.377076,0.791667,152,71.738696,8.814117,0,0,0,0,0,0,0.000000,80.552813,96.232029,1,0.000125,-0.000121,0.000190,-0.000230,-0.000157,-0.000009,1.000000
28,1785980896867334057,2,602,235,0.390365,0.770833,155,72.075698,8.892701,0,0,0,0,0,0,0.000000,80.968399,95.351105,1,0.000101,-0.000566,0.000059,-0.000454,-0.000181,-0.000099,1.000000
29,1785980896957332349,2,603,226,0.374793,0.833333,155,72.260991,8.629823,0,0,0,0,0,0,0.000000,80.890814,96.594447,1,0.000358,-0.000015,-0.000035,0.000061,-0.000282,0.000153,1.000000
30,1785980897047335766,2,602,225,0.373754,0.770833,161,72.299658,8.629490,0,0,0,0,0,0,0.000000,80.929148,96.700490,1,0.000209,-0.000067,0.000146,-0.000091,-0.000185,-0.000029,1.000000
31,1785980897137333641,2,603,232,0.384743,0.750000,154,71.548026,8.886951,0,0,0,0,0,0,0.000000,80.434977,94.723848,1,0.000101,-0.000127,-0.000018,-0.000108,-0.000114,-0.000036,1.000000
32,1785980897227335766,2,602,200,0.332226,0.770833,152,69.780970,7.760191,0,0,0,0,0,0,0.000000,77.541161,93.145169,1,-0.000079,-0.000139,-0.000023,-0.000101,-0.000049,-0.000021,1.000000
33,1785980897317334766,2,604,228,0.377483,0.770833,158,71.879654,8.552657,0,0,0,0,0,0,0.000000,80.432311,94.419513,1,0.000146,0.000160,-0.000037,0.000210,-0.000080,0.000137,1.000000
34,1785980897407336266,2,603,231,0.383085,0.750000,160,72.060071,8.635615,0,0,0,0,0,0,0.000000,80.695686,96.567322,1,-0.000071,0.000122,-0.000039,0.000159,-0.000076,-0.000126,1.000000
35,1785980897497332849,2,602,227,0.377076,0.791667,156,72.657744,8.528822,0,0,0,0,0,0,0.000000,81.186566,96.012775,1,-0.000110,-0.000041,-0.000040,0.000048,0.000068,-0.000082,1.000000
36,1785980897587335183,2,601,222,0.369384,0.770833,159,72.404157,8.584365,0,0,0,0,0,0,0.000000,80.988522,96.075067,1,-0.000151,-0.000094,-0.000060,-0.000058,-0.000066,-0.000082,1.000000
37,1785980897677334974,2,601,223,0.371048,0.791667,158,72.111280,8.605656,0,0,0,0,0,0,0.000000,80.716936,96.093151,1,0.000097,-0.000131,-0.000027,-0.000088,-0.000128,-0.000010,1.000000
38,1785980897767337224,2,603,208,0.344942,0.750000,151,71.982529,8.030068,0,0,0,0,0,0,0.000000,80.012597,93.359878,1,-0.000158,-0.000445,-0.000136,-0.000207,-0.000064,-0.000172,1.000000
39,1785980897857338558,2,602,215,0.357143,0.750000,154,72.700576,8.362071,0,0,0,0,0,0,0.000000,81.062647,96.736489,1,0.000336,-0.000204,0.000020,-0.000129,-0.000250,0.000102,1.000000
40,1785980897947337641,2,602,211,0.350498,0.729167,158,71.841860,8.240320,0,0,0,0,0,0,0.000000,80.082180,93.165333,1,0.000086,-0.000214,0.000017,-0.000129,-0.000179,0.000079,1.000000
41,1785980898037338558,2,604,216,0.357616,0.750000,148,72.242697,8.299112,0,0,0,0,0,0,0.000000,80.541809,93.850922,1,-0.000132,-0.000568,0.000091,-0.000423,-0.000114,-0.000313,1.000000
42,1785980898127339183,2,602,217,0.360465,0.791667,151,72.751076,8.377113,0,0,0,0,0,0,0.000000,81.128189,96.594779,1,0.000049,-0.000271,-0.000002,-0.000172,-0.000165,-0.000017,1.000000
43,1785980898217337975,2,603,227,0.376451,0.770833,152,73.052787,8.790158,0,0,0,0,0,0,0.000000,81.842945,97.708413,1,0.000406,-0.000204,0.000085,-0.000218,-0.000386,0.000129,1.000000
44,1785980898307337558,2,604,211,0.349338,0.666667,146,72.719034,8.450363,0,0,0,0,0,0,0.000000,81.169397,95.247684,1,0.000170,-0.000061,0.000121,-0.000075,-0.000212,0.000055,1.000000
45,1785980898397337766,2,603,215,0.356551,0.729167,146,72.502407,8.475447,0,0,0,0,0,0,0.000000,80.977854,95.704312,1,0.000153,-0.000265,0.000043,-0.000184,-0.000208,0.000076,1.000000
46,1785980898487336975,2,604,222,0.367550,0.770833,149,72.950703,8.279862,0,0,0,0,0,0,0.000000,81.230565,96.677737,1,-0.000019,-0.000188,0.000404,-0.000341,-0.000062,-0.000065,1.000000
47,1785980898577337350,2,603,228,0.378109,0.729167,195,71.566690,8.802742,0,0,0,0,0,0,0.000000,80.369432,92.728578,1,-0.002656,-0.000265,-0.000554,0.000098,-0.004931,0.000020,0.999988
48,1785980898667337600,2,602,222,0.368771,0.729167,160,71.440273,8.773658,0,0,0,0,0,0,0.000000,80.213931,97.387660,1,-0.003945,-0.000018,0.000071,0.000649,-0.007208,0.000051,0.999974
49,1785980898757339183,2,603,216,0.358209,0.750000,152,71.867360,8.421655,0,0,0,0,0,0,0.000000,80.289015,96.033565,1,-0.005704,-0.000032,0.000830,0.000728,-0.011059,0.000028,0.999939
50,1785980898847340267,2,607,227,0.373970,0.812500,196,71.228063,9.203619,0,0,0,0,0,0,0.000000,80.431682,95.872605,1,-0.010002,0.000136,-0.001861,0.000789,-0.017499,-0.001269,0.999846
51,1785980898937343767,2,605,237,0.391736,0.791667,149,70.838559,9.273121,0,0,0,0,0,0,0.000000,80.111680,97.827287,1,-0.010980,0.000256,-0.004268,0.001173,-0.019795,-0.001854,0.999802
52,1785980899027341267,2,603,246,0.407960,0.833333,140,71.117685,9.528373,0,0,0,0,0,0,0.000000,80.646058,94.505801,1,-0.011096,-0.000363,-0.005959,0.001580,-0.020123,-0.001515,0.999795
53,1785980899117338392,2,603,248,0.411277,0.812500,151,71.610690,9.340996,0,0,0,0,0,0,0.000000,80.951686,94.569260,1,-0.011126,0.000073,-0.004784,0.001121,-0.019585,-0.001327,0.999807
54,1785980899207337017,2,603,244,0.404643,0.833333,134,73.034160,9.234745,0,0,0,0,0,0,0.000000,82.268905,96.184565,1,-0.011117,0.000142,-0.005376,0.001142,-0.019860,-0.001455,0.999801
55,1785980899297341683,2,604,235,0.389073,0.833333,134,73.652249,8.992743,0,0,0,0,0,0,0.000000,82.644992,96.096815,1,-0.011248,-0.000024,-0.005482,0.001093,-0.019748,-0.001757,0.999803
56,1785980899387342559,2,604,238,0.394040,0.833333,134,73.778708,9.082077,0,0,0,0,0,0,0.000000,82.860785,97.959370,1,-0.011168,-0.000159,-0.005581,0.001061,-0.019752,-0.001678,0.999803
57,1785980899477344809,2,603,231,0.383085,0.854167,195,71.792482,9.229161,0,0,0,0,0,0,0.000000,81.021643,96.594609,1,-0.014108,0.000350,-0.006390,0.000316,-0.023333,-0.002926,0.999723
58,1785980899567344642,2,602,229,0.380399,0.833333,144,72.757991,9.091868,0,0,0,0,0,0,0.000000,81.849859,98.032163,1,-0.018881,0.000650,-0.008780,0.001316,-0.030867,-0.003205,0.999518
59,1785980899657345309,2,602,228,0.378738,0.833333,136,72.880533,8.973492,0,0,0,0,0,0,0.000000,81.854025,95.717310,1,-0.024932,0.000837,-0.012085,0.001163,-0.039319,-0.003830,0.999219
60,1785980899747345642,2,602,244,0.405316,0.833333,200,71.931441,9.320746,0,0,0,0,0,0,0.000000,81.252187,95.925645,1,-0.028458,0.000447,-0.016289,0.000836,-0.044348,-0.004827,0.999004
61,1785980899837343684,2,604,231,0.382450,0.812500,152,72.681198,9.051910,0,0,0,0,0,0,0.000000,81.733108,97.459533,1,-0.031358,0.000905,-0.019128,0.000806,-0.048274,-0.005983,0.998816
62,1785980899927346309,2,605,212,0.350413,0.770833,144,72.424195,8.587614,0,0,0,0,0,0,0.000000,81.011809,95.721142,1,-0.034493,0.001558,-0.022701,0.000266,-0.050171,-0.007834,0.998710
63,1785980900017345725,2,606,225,0.371287,0.854167,129,71.915733,8.833741,0,0,0,0,0,0,0.000000,80.749474,93.898585,1,-0.036621,0.002309,-0.026255,0.000785,-0.054539,-0.008699,0.998473
64,1785980900107345517,2,606,217,0.358086,0.875000,117,73.326620,8.586198,0,0,0,0,0,0,0.000000,81.912818,94.907011,1,-0.041787,0.002642,-0.029706,0.001041,-0.062695,-0.009275,0.997989
65,1785980900197344976,2,604,215,0.355960,0.812500,110,71.590980,8.546364,0,0,0,0,0,0,0.000000,80.137344,92.186279,1,-0.049638,0.002765,-0.034437,0.001999,-0.073697,-0.010176,0.997227
66,1785980900287345309,2,601,231,0.384359,0.916667,114,74.095001,9.118952,0,0,0,0,0,0,0.000000,83.213953,95.138721,1,-0.056915,0.002155,-0.039043,0.002495,-0.085752,-0.009997,0.996263
67,1785980900377345351,2,602,213,0.353821,0.833333,167,72.353819,8.436321,0,0,0,0,0,0,0.000000,80.790140,92.092111,1,-0.063970,0.001871,-0.043049,0.002308,-0.096850,-0.009991,0.995246
68,1785980900467344059,2,603,226,0.374793,0.833333,145,72.306985,9.056243,0,0,0,0,0,0,0.000000,81.363228,95.930726,1,-0.068229,0.002412,-0.047717,0.002733,-0.105035,-0.009700,0.994417
69,1785980900557345767,2,604,225,0.372517,0.833333,111,69.922215,8.709907,0,0,0,0,0,0,0.000000,78.632122,90.066010,1,-0.074115,0.002127,-0.052451,0.002835,-0.113217,-0.010464,0.993511
70,1785980900647348226,2,602,235,0.390365,0.854167,188,75.210468,9.105618,0,0,0,0,0,0,0.000000,84.316086,97.796783,1,-0.079484,0.002941,-0.056822,0.003281,-0.121584,-0.011284,0.992512
71,1785980900737348351,2,602,229,0.380399,0.833333,153,74.467712,9.124119,0,0,0,0,0,0,0.000000,83.591831,98.707041,1,-0.084355,0.003108,-0.060877,0.003740,-0.129153,-0.010912,0.991558
72,1785980900827348143,2,603,241,0.399668,0.791667,206,75.442428,9.600915,0,0,0,0,0,0,0.000000,85.043343,99.542589,1,-0.088252,0.002233,-0.066357,0.004814,-0.135645,-0.011058,0.990684
73,1785980900917350184,2,603,223,0.369818,0.833333,152,74.126666,9.282537,0,0,0,0,0,0,0.000000,83.409203,99.576589,1,-0.093085,0.002517,-0.070354,0.004873,-0.143275,-0.012123,0.989597
74,1785980901007348851,2,604,237,0.392384,0.854167,202,76.916606,9.274244,0,0,0,0,0,0,0.000000,86.190850,100.826183,1,-0.099110,0.003058,-0.074066,0.005303,-0.153903,-0.012949,0.987987
75,1785980901097350101,2,606,230,0.379538,0.854167,156,71.376810,8.775074,0,0,0,0,0,0,0.000000,80.151884,96.246978,1,-0.105927,0.003245,-0.078022,0.005437,-0.165673,-0.014003,0.986066
76,1785980901187349601,2,605,222,0.366942,0.791667,130,75.534637,8.681323,0,0,0,0,0,0,0.000000,84.215960,97.511655,1,-0.112849,0.003609,-0.082184,0.005338,-0.176366,-0.015534,0.984188
77,1785980901277350768,2,603,236,0.391376,0.854167,123,75.285384,8.941242,0,0,0,0,0,0,0.000000,84.226626,97.424196,1,-0.119797,0.004702,-0.085049,0.004794,-0.187961,-0.015937,0.982035
78,1785980901367350226,2,605,230,0.380165,0.937500,115,74.107415,8.767198,0,0,0,0,0,0,0.000000,82.874613,95.558637,1,-0.128218,0.006087,-0.089872,0.003570,-0.201843,-0.015876,0.979283
79,1785980901457349851,2,604,222,0.367550,0.833333,173,72.953947,8.509155,0,0,0,0,0,0,0.000000,81.463102,95.094300,1,-0.135641,0.006679,-0.093722,0.002719,-0.212926,-0.016053,0.976933
80,1785980901547349935,2,603,222,0.368159,0.875000,125,76.791688,8.618698,0,0,0,0,0,0,0.000000,85.410386,99.741506,1,-0.140573,0.006883,-0.099071,0.002456,-0.223389,-0.016002,0.974595
81,1785980901637351268,2,605,218,0.360331,0.895833,118,79.285167,8.396571,0,0,0,0,0,0,0.000000,87.681738,99.917757,1,-0.146764,0.007217,-0.104181,0.002023,-0.234945,-0.015416,0.971884
82,1785980901727350893,2,605,237,0.391736,0.895833,208,79.903548,8.894949,0,0,0,0,0,0,0.000000,88.798497,102.262402,1,-0.154744,0.008353,-0.109230,0.001424,-0.249086,-0.014480,0.968372
83,1785980901817352643,2,607,203,0.334432,0.833333,130,78.815247,7.360271,0,0,0,0,0,0,0.000000,86.175518,102.119734,1,-0.164798,0.008265,-0.117185,0.002485,-0.266468,-0.015008,0.963724
84,1785980901907351101,2,604,231,0.382450,0.833333,131,76.898396,8.974743,0,0,0,0,0,0,0.000000,85.873139,99.982382,1,-0.172593,0.008216,-0.123580,0.002685,-0.282084,-0.015253,0.959265
85,1785980901997354518,2,606,217,0.358086,0.812500,110,79.780171,8.110234,0,0,0,0,0,0,0.000000,87.890405,101.247101,1,-0.183004,0.008453,-0.131041,0.003555,-0.298255,-0.016917,0.954330
86,1785980902087354851,2,606,232,0.382838,0.875000,99,80.458218,8.717865,0,0,0,0,0,0,0.000000,89.176083,100.861431,1,-0.190236,0.008913,-0.140175,0.005324,-0.314388,-0.018083,0.949107
87,1785980902177354602,2,603,228,0.378109,0.875000,152,83.759704,8.677573,0,0,0,0,0,0,0.000000,92.437277,104.292919,1,-0.196416,0.008193,-0.146548,0.005782,-0.324979,-0.019031,0.945512
88,1785980902267358393,2,605,197,0.325620,0.791667,110,74.530710,7.131560,0,0,0,0,0,0,0.000000,81.662270,94.767671,1,-0.201980,0.008184,-0.153926,0.006886,-0.336850,-0.019223,0.941337
89,1785980902357352935,2,605,209,0.345455,0.833333,113,78.514326,8.043984,0,0,0,0,0,0,0.000000,86.558310,99.418293,1,-0.210684,0.008650,-0.162503,0.009146,-0.352287,-0.020342,0.935626
90,1785980902447353310,2,604,232,0.384106,0.875000,163,82.656818,8.785907,0,0,0,0,0,0,0.000000,91.442725,102.687986,1,-0.217741,0.008080,-0.173013,0.011195,-0.368251,-0.021310,0.929415
91,1785980902537354643,2,603,232,0.384743,0.895833,119,83.275407,8.148527,0,0,0,0,0,0,0.000000,91.423934,105.757346,1,-0.223886,0.008017,-0.181135,0.012241,-0.382314,-0.021623,0.923698
92,1785980902627353518,2,600,228,0.380000,0.895833,108,82.073355,8.618822,0,0,0,0,0,0,0.000000,90.692177,103.045698,1,-0.230162,0.009877,-0.188463,0.012691,-0.395273,-0.022859,0.918191
93,1785980902717354810,2,603,199,0.330017,0.833333,107,82.359025,8.127651,0,0,0,0,0,0,0.000000,90.486676,103.011989,1,-0.235260,0.009173,-0.196061,0.011590,-0.408389,-0.022567,0.912455
94,1785980902807356102,2,604,207,0.342715,0.875000,160,86.615977,8.077109,0,0,0,0,0,0,0.000000,94.693086,106.397518,1,-0.242673,0.011462,-0.202769,0.010350,-0.422199,-0.024352,0.906117
95,1785980902897356644,2,606,224,0.369637,0.854167,109,84.086288,8.174944,0,0,0,0,0,0,0.000000,92.261232,106.164682,1,-0.249660,0.012482,-0.212523,0.010088,-0.436651,-0.026721,0.899178
96,1785980902987356435,2,604,235,0.389073,0.895833,104,83.358157,8.914492,0,0,0,0,0,0,0.000000,92.272649,105.025797,1,-0.254238,0.012918,-0.222427,0.011783,-0.449674,-0.028958,0.892646
97,1785980903077358310,2,602,222,0.368771,0.854167,89,83.607118,8.393362,0,0,0,0,0,0,0.000000,92.000480,102.760403,1,-0.259458,0.013290,-0.231363,0.012316,-0.460862,-0.030127,0.886875
98,1785980903167356060,2,605,239,0.395041,0.916667,80,84.681669,9.010784,0,0,0,0,0,0,0.000000,93.692453,104.266916,1,-0.263781,0.012833,-0.240771,0.011859,-0.474263,-0.030742,0.879766
99,1785980903257359935,2,605,231,0.381818,0.916667,91,86.692560,8.754740,0,0,0,0,0,0,0.000000,95.447300,106.329349,1,-0.269739,0.012965,-0.252750,0.013467,-0.489655,-0.031894,0.871229
100,1785980903347356269,2,606,239,0.394389,0.937500,159,87.214939,8.895824,0,0,0,0,0,0,0.000000,96.110763,108.122572,1,-0.274745,0.012203,-0.264813,0.014007,-0.503577,-0.032804,0.863214
101,1785980903437357769,2,606,248,0.409241,0.916667,115,84.646459,8.907449,0,0,0,0,0,0,0.000000,93.553908,108.666576,1,-0.278390,0.011654,-0.275178,0.015655,-0.515141,-0.034026,0.856287
102,1785980903527356644,2,606,251,0.414191,0.895833,105,87.709109,9.398746,0,0,0,0,0,0,0.000000,97.107855,109.984004,1,-0.280592,0.012126,-0.283762,0.017705,-0.525208,-0.035592,0.850045
103,1785980903617357019,2,605,217,0.358678,0.895833,90,88.361073,8.505321,0,0,0,0,0,0,0.000000,96.866394,109.363040,1,-0.282052,0.013523,-0.290180,0.019021,-0.533614,-0.035701,0.844760
104,1785980903707356519,2,605,247,0.408264,0.937500,76,90.305298,9.268578,0,0,0,0,0,0,0.000000,99.573876,109.904920,1,-0.284040,0.012944,-0.299479,0.018921,-0.545496,-0.035770,0.837136
105,1785980903797357269,2,605,204,0.337190,0.895833,87,90.276630,7.985233,0,0,0,0,0,0,0.000000,98.261863,108.458408,1,-0.286842,0.013029,-0.312105,0.020927,-0.560798,-0.035697,0.826918
106,1785980903887358144,2,605,225,0.371901,0.895833,75,91.239346,8.424195,0,0,0,0,0,0,0.000000,99.663541,109.404872,1,-0.291325,0.015316,-0.328696,0.024501,-0.576353,-0.041160,0.815796
107,1785980903977360019,2,605,222,0.366942,0.875000,138,92.606399,8.528946,0,0,0,0,0,0,0.000000,101.135345,111.329222,1,-0.293337,0.015128,-0.337994,0.025129,-0.587479,-0.042666,0.807723
108,1785980904067359394,2,605,219,0.361983,0.937500,83,92.274438,8.475445,0,0,0,0,0,0,0.000000,100.749883,112.096354,1,-0.294815,0.015975,-0.347224,0.026557,-0.597530,-0.044015,0.800197
109,1785980904157360269,2,605,228,0.376860,1.000000,91,94.323164,8.851366,0,0,0,0,0,0,0.000000,103.174530,113.811077,1,-0.298392,0.018314,-0.356036,0.026974,-0.607880,-0.047094,0.792172
110,1785980904247360561,2,605,227,0.375207,0.916667,74,95.193587,8.727573,0,0,0,0,0,0,0.000000,103.921160,113.859702,1,-0.300031,0.020847,-0.364308,0.028021,-0.616803,-0.049753,0.785043
111,1785980904337360561,2,605,243,0.401653,0.895833,66,94.344538,9.077326,0,0,0,0,0,0,0.000000,103.421864,112.908360,1,-0.299960,0.022698,-0.375637,0.029466,-0.627189,-0.051713,0.776590
112,1785980904427362561,2,605,245,0.404959,0.916667,61,98.326613,9.275952,0,0,0,0,0,0,0.000000,107.602565,116.667808,1,-0.300582,0.023276,-0.389237,0.032793,-0.640203,-0.054642,0.765558
113,1785980904517363978,2,605,237,0.391736,0.937500,130,96.480389,8.932532,0,0,0,0,0,0,0.000000,105.412921,115.203961,1,-0.301493,0.025805,-0.401324,0.034569,-0.650530,-0.058467,0.756437
114,1785980904607365853,2,605,230,0.380165,0.916667,97,98.360988,8.747948,0,0,0,0,0,0,0.000000,107.108936,119.114786,1,-0.300693,0.024750,-0.410660,0.034341,-0.659877,-0.057367,0.748393
115,1785980904697362936,2,605,235,0.388430,0.916667,105,96.374471,8.696615,0,0,0,0,0,0,0.000000,105.071086,116.833392,1,-0.299187,0.025352,-0.421665,0.034101,-0.672192,-0.056790,0.737408
116,1785980904787363769,2,605,241,0.398347,0.958333,88,96.130261,8.932533,0,0,0,0,0,0,0.000000,105.062794,115.793133,1,-0.298975,0.026613,-0.428183,0.031895,-0.680195,-0.056036,0.730190
117,1785980904877362519,2,605,221,0.365289,0.875000,85,96.064635,8.487904,0,0,0,0,0,0,0.000000,104.552539,115.643506,1,-0.298032,0.027592,-0.434213,0.029831,-0.685580,-0.056472,0.725191
118,1785980904967362770,2,605,245,0.404959,0.916667,80,97.786065,8.967617,0,0,0,0,0,0,0.000000,106.753682,117.305561,1,-0.295938,0.028217,-0.437859,0.028675,-0.690556,-0.055929,0.720543
119,1785980905057368186,2,605,238,0.393388,0.979167,76,98.054984,9.025950,0,0,0,0,0,0,0.000000,107.080934,116.811266,1,-0.294754,0.029250,-0.443806,0.025699,-0.698561,-0.054374,0.713019
120,1785980905147364853,2,605,248,0.409917,0.916667,69,97.828816,9.327744,0,0,0,0,0,0,0.000000,107.156560,116.725348,1,-0.293341,0.029886,-0.451388,0.022249,-0.709621,-0.052019,0.702309
121,1785980905237361770,2,605,233,0.385124,0.937500,59,98.172694,8.693405,0,0,0,0,0,0,0.000000,106.866099,115.896299,1,-0.292721,0.030573,-0.461333,0.019486,-0.721820,-0.050974,0.689926
122,1785980905327365686,2,605,216,0.357025,0.875000,135,98.666489,8.197693,0,0,0,0,0,0,0.000000,106.864182,115.809882,1,-0.293127,0.032937,-0.469849,0.016136,-0.732189,-0.050888,0.679006
123,1785980905417366561,2,605,239,0.395041,0.979167,85,98.787406,8.899366,0,0,0,0,0,0,0.000000,107.686772,119.056200,1,-0.289927,0.035135,-0.480432,0.015727,-0.745011,-0.050380,0.664961
124,1785980905507365895,2,605,234,0.386777,0.958333,66,99.615579,8.868615,0,0,0,0,0,0,0.000000,108.484194,117.408102,1,-0.287444,0.035257,-0.490293,0.014230,-0.754446,-0.050623,0.654252
125,1785980905597365061,2,605,246,0.406612,0.916667,68,102.523895,9.213660,0,0,0,0,0,0,0.000000,111.737555,120.890923,1,-0.285792,0.034600,-0.497848,0.013647,-0.761350,-0.050476,0.646230
126,1785980905687368187,2,605,251,0.414876,0.895833,63,100.331294,9.446203,0,0,0,0,0,0,0.000000,109.777497,118.892865,1,-0.281176,0.036441,-0.510345,0.015303,-0.772709,-0.051406,0.632491
127,1785980905777366437,2,605,233,0.385124,0.916667,52,100.910131,8.926991,0,0,0,0,0,0,0.000000,109.837122,118.544237,1,-0.277670,0.035482,-0.520830,0.014680,-0.782398,-0.051401,0.620481
128,1785980905867365562,2,605,225,0.371901,0.937500,123,101.269842,8.400361,0,0,0,0,0,0,0.000000,109.670203,118.158274,1,-0.275987,0.041054,-0.527072,0.014288,-0.790599,-0.052857,0.609882
129,1785980905957366728,2,605,238,0.393388,0.916667,88,101.132882,8.870073,0,0,0,0,0,0,0.000000,110.002955,120.860213,1,-0.272628,0.040324,-0.536318,0.013019,-0.799753,-0.052508,0.597887
130,1785980906047366437,2,605,238,0.393388,0.958333,78,100.349626,9.072742,0,0,0,0,0,0,0.000000,109.422368,120.080249,1,-0.267746,0.040923,-0.543549,0.012090,-0.807535,-0.052184,0.587383
131,1785980906137367228,2,605,225,0.371901,0.916667,56,101.340551,8.593030,0,0,0,0,0,0,0.000000,109.933581,119.105240,1,-0.264194,0.042620,-0.550991,0.011005,-0.814813,-0.052332,0.577252
132,1785980906227369145,2,605,242,0.400000,0.937500,53,100.753004,9.142410,0,0,0,0,0,0,0.000000,109.895414,117.778729,1,-0.260578,0.040191,-0.559867,0.009847,-0.822007,-0.050975,0.567106
133,1785980906317367478,2,605,241,0.398347,0.937500,54,100.284458,9.113784,0,0,0,0,0,0,0.000000,109.398242,117.828854,1,-0.256284,0.040059,-0.567498,0.007293,-0.829060,-0.050276,0.556846
134,1785980906407368187,2,605,249,0.411570,0.895833,47,99.183990,9.273827,0,0,0,0,0,0,0.000000,108.457817,115.941797,1,-0.245192,0.038708,-0.580961,0.006964,-0.839489,-0.047837,0.541223
135,1785980906497367937,2,605,224,0.370248,0.916667,118,98.141023,8.569572,0,0,0,0,0,0,0.000000,106.710595,114.512201,1,-0.236027,0.041028,-0.603675,0.004116,-0.853346,-0.046235,0.519274
136,1785980906587367562,2,605,249,0.411570,0.875000,75,97.833437,9.331869,0,0,0,0,0,0,0.000000,107.165306,116.965679,1,-0.223483,0.043437,-0.639108,0.004671,-0.863279,-0.048794,0.502342
137,1785980906677367645,2,605,260,0.429752,0.958333,64,96.332466,9.424453,0,0,0,0,0,0,0.000000,105.756919,113.925530,1,-0.215459,0.047416,-0.676347,-0.004875,0.869819,0.050959,-0.490708
138,1785980906767367770,2,605,258,0.426446,0.937500,49,98.652861,9.614330,0,0,0,0,0,0,0.000000,108.267191,116.030213,1,-0.216749,0.047830,-0.716867,-0.005359,0.870762,0.054576,-0.488638
139,1785980906857372229,2,605,250,0.413223,0.833333,50,98.545943,9.153909,0,0,0,0,0,0,0.000000,107.699852,115.664584,1,-0.214165,0.051537,-0.740535,-0.003291,0.869069,0.054831,-0.491631
140,1785980906947371479,2,605,237,0.391736,0.937500,48,97.111389,8.972866,0,0,0,0,0,0,0.000000,106.084255,113.317106,1,-0.206310,0.051146,-0.771652,-0.007833,0.868394,0.052386,-0.493038
141,1785980907037372270,2,605,241,0.398347,0.916667,41,98.179314,9.108284,0,0,0,0,0,0,0.000000,107.287598,114.551158,1,-0.197546,0.038843,-0.810663,-0.019508,0.868880,0.042372,-0.492819
142,1785980907127369937,2,605,257,0.424793,0.958333,36,98.164023,9.417286,0,0,0,0,0,0,0.000000,107.581309,114.393615,1,-0.189672,0.041416,-0.856866,-0.028351,0.869538,0.046840,-0.490822
143,1785980907217371062,2,605,249,0.411570,0.895833,117,97.290390,9.567455,0,0,0,0,0,0,0.000000,106.857845,114.679201,1,-0.175353,0.036807,-0.884651,-0.031917,0.872324,0.040212,-0.486226
144,1785980907307372562,2,605,228,0.376860,0.937500,89,98.006021,8.524904,0,0,0,0,0,0,0.000000,106.530925,117.140054,1,-0.168707,0.040400,-0.916209,-0.038746,0.872139,0.038923,-0.486166
145,1785980907397370187,2,605,221,0.365289,0.895833,78,99.199322,8.494362,0,0,0,0,0,0,0.000000,107.693684,117.956560,1,-0.170343,0.056256,-0.952464,-0.041181,0.870239,0.048116,-0.488541
146,1785980907487373146,2,604,224,0.370861,0.833333,68,98.414523,8.589238,0,0,0,0,0,0,0.000000,107.003761,116.067211,1,-0.171941,0.061121,-0.990272,-0.040873,0.868631,0.052039,-0.491020
147,1785980907577374646,2,605,248,0.409917,0.916667,60,99.063279,9.188410,0,0,0,0,0,0,0.000000,108.251689,116.870052,1,-0.165934,0.073252,-1.025645,-0.043792,0.868632,0.057961,-0.490104
148,1785980907667372771,2,604,248,0.410596,0.916667,61,98.528816,9.147451,0,0,0,0,0,0,0.000000,107.676267,116.202254,1,-0.168150,0.090750,-1.061999,-0.046377,0.866755,0.066495,-0.492102
149,1785980907757374188,2,605,284,0.469421,0.958333,60,99.024404,10.356002,0,0,0,0,0,0,0.000000,109.380406,118.019102,1,-0.166403,0.091752,-1.092638,-0.045019,0.866180,0.064603,-0.493489
150,1785980907847372896,2,605,233,0.385124,0.895833,53,97.281097,8.810948,0,0,0,0,0,0,0.000000,106.092045,114.434322,1,-0.173188,0.097845,-1.124953,-0.039970,0.864221,0.069740,-0.496650
151,1785980907937374563,2,605,229,0.378512,0.937500,120,98.748691,8.636821,0,0,0,0,0,0,0.000000,107.385512,114.853533,1,-0.177429,0.118791,-1.163710,-0.036965,0.862021,0.082012,-0.498825
152,1785980908027375354,2,604,247,0.408940,0.875000,91,98.969319,9.419161,0,0,0,0,0,0,0.000000,108.388480,118.650690,1,-0.175810,0.125754,-1.199036,-0.038592,0.861033,0.084504,-0.499992
153,1785980908117377688,2,605,237,0.391736,0.875000,71,98.423397,8.959657,0,0,0,0,0,0,0.000000,107.383054,116.961259,1,-0.171054,0.136543,-1.236092,0.042422,-0.860221,-0.087477,0.500568
154,1785980908207375229,2,605,233,0.385124,0.937500,70,98.238313,8.738322,0,0,0,0,0,0,0.000000,106.976635,116.309170,1,-0.164005,0.133643,-1.273703,0.047169,-0.860371,-0.084575,0.500384
155,1785980908297376438,2,605,234,0.386777,0.854167,60,98.025019,8.722781,0,0,0,0,0,0,0.000000,106.747800,115.736040,1,-0.169623,0.128062,-1.302760,0.044380,-0.858476,-0.080782,0.504503
156,1785980908387374688,2,605,245,0.404959,0.916667,55,99.316362,9.199326,0,0,0,0,0,0,0.000000,108.515688,117.003758,1,-0.165255,0.111467,-1.327605,0.045007,-0.858554,-0.071299,0.505743
157,1785980908477376605,2,605,240,0.396694,0.916667,54,98.387229,9.001283,0,0,0,0,0,0,0.000000,107.388512,115.011908,1,-0.163990,0.130768,-1.367324,0.045087,-0.857611,-0.078569,0.506258
158,1785980908567378021,2,605,239,0.395041,0.958333,134,98.050518,9.213993,0,0,0,0,0,0,0.000000,107.264511,116.480129,1,-0.178322,0.134946,-1.402839,0.039999,-0.853816,-0.083033,0.512352
159,1785980908657375938,2,605,265,0.438017,0.958333,85,99.774241,9.575413,0,0,0,0,0,0,0.000000,109.349654,120.521413,1,-0.179512,0.155384,-1.438105,0.038258,-0.853235,-0.089485,0.512365
160,1785980908747377355,2,605,241,0.398347,0.937500,83,98.953067,8.914324,0,0,0,0,0,0,0.000000,107.867391,118.734064,1,-0.181309,0.146775,-1.470279,0.033832,-0.852706,-0.086637,0.514044
161,1785980908837378063,2,605,265,0.438017,0.916667,69,99.319652,9.588663,0,0,0,0,0,0,0.000000,108.908315,117.558637,1,-0.181387,0.141068,-1.501431,0.031946,-0.851881,-0.083348,0.516073
162,1785980908927379730,2,605,246,0.406612,0.916667,64,99.095109,9.180284,0,0,0,0,0,0,0.000000,108.275393,117.306301,1,-0.182904,0.146044,-1.533885,0.030546,-0.850985,-0.085035,0.517359
163,1785980909017375688,2,605,252,0.416529,0.895833,68,103.844106,9.149243,0,0,0,0,0,0,0.000000,112.993349,121.749046,1,-0.186344,0.149884,-1.565584,0.027629,-0.850390,-0.085979,0.518345
164,1785980909107376480,2,605,249,0.411570,0.875000,143,99.755031,9.279701,0,0,0,0,0,0,0.000000,109.034732,118.497353,1,-0.190982,0.167375,-1.597085,0.028360,-0.849028,-0.091396,0.519610
165,1785980909197378063,2,605,227,0.375207,0.895833,103,99.534154,8.486612,0,0,0,0,0,0,0.000000,108.020766,120.986998,1,-0.194471,0.176342,-1.631825,0.024243,-0.847996,-0.095570,0.520751
166,1785980909287379438,2,605,236,0.390083,0.895833,87,99.671072,8.882823,0,0,0,0,0,0,0.000000,108.553895,118.802355,1,-0.178288,0.181997,-1.664044,0.026292,-0.850480,-0.095147,0.516662
167,1785980909377377647,2,605,224,0.370248,0.916667,78,99.591029,8.415361,0,0,0,0,0,0,0.000000,108.006390,116.734962,1,-0.177149,0.136648,-1.693501,0.022685,-0.850963,-0.079039,0.518749
168,1785980909467378730,2,605,249,0.411570,0.916667,69,99.611612,9.097825,0,0,0,0,0,0,0.000000,108.709437,117.251758,1,-0.180076,0.143999,-1.733696,0.020337,-0.850000,-0.082713,0.519850
169,1785980909557381605,2,604,251,0.415563,0.875000,146,99.356860,9.324035,0,0,0,0,0,0,0.000000,108.680895,118.716311,1,-0.178826,0.142024,-1.759313,0.017869,-0.849302,-0.082720,0.521079
170,1785980909647380688,2,605,247,0.408264,0.937500,115,98.760522,9.218826,0,0,0,0,0,0,0.000000,107.979348,121.092498,1,-0.187672,0.157445,-1.797703,0.015573,-0.847730,-0.088480,0.522764
171,1785980909737381063,2,605,229,0.378512,0.895833,97,99.760572,8.529946,0,0,0,0,0,0,0.000000,108.290518,119.886571,1,-0.185454,0.164111,-1.833134,0.017083,-0.847350,-0.089567,0.523148
172,1785980909827380938,2,605,246,0.406612,0.895833,90,99.647737,9.142325,0,0,0,0,0,0,0.000000,108.790062,119.999529,1,-0.196762,0.159561,-1.863840,0.014987,-0.845187,-0.088150,0.526938
173,1785980909917379064,2,605,259,0.428099,0.979167,171,99.031023,9.387369,0,0,0,0,0,0,0.000000,108.418392,120.196155,1,-0.194641,0.190766,-1.898594,0.016045,-0.844542,-0.097552,0.526285
174,1785980910007380772,2,605,253,0.418182,0.937500,102,103.381933,9.462370,0,0,0,0,0,0,0.000000,112.844303,123.426099,1,-0.200209,0.172314,-1.934006,0.010126,-0.844416,-0.092287,0.527582
175,1785980910097381939,2,605,243,0.401653,0.875000,93,100.003489,9.056574,0,0,0,0,0,0,0.000000,109.060063,120.966870,1,-0.186105,0.142463,-1.963785,-0.002946,-0.847731,-0.087938,0.523077
176,1785980910187382230,2,605,251,0.414876,0.979167,150,99.507652,9.286118,0,0,0,0,0,0,0.000000,108.793770,119.563526,1,-0.170311,0.111532,-1.996788,-0.014344,-0.850998,-0.082070,0.518519
177,1785980910277384314,2,605,257,0.424793,0.979167,117,99.097524,9.383785,0,0,0,0,0,0,0.000000,108.481309,121.967253,1,-0.160416,0.069888,-2.027547,-0.026420,-0.853435,-0.074895,0.515113
178,1785980910367381689,2,605,253,0.418182,0.895833,103,97.760386,9.513245,0,0,0,0,0,0,0.000000,107.273631,118.399723,1,-0.133809,0.061447,-2.062918,-0.025024,-0.857135,-0.071646,0.509471
179,1785980910457385480,2,605,248,0.409917,0.916667,91,100.912954,9.032574,0,0,0,0,0,0,0.000000,109.945528,121.791667,1,-0.107672,0.049769,-2.101862,-0.023140,-0.860705,-0.068380,0.503960
180,1785980910547383772,2,605,245,0.404959,0.916667,154,99.217149,9.037199,0,0,0,0,0,0,0.000000,108.254348,118.595933,1,-0.085957,0.084480,-2.142877,-0.005757,-0.862158,-0.070652,0.501656
181,1785980910637385314,2,605,250,0.413223,0.937500,127,98.095723,9.247534,0,0,0,0,0,0,0.000000,107.343257,121.275872,1,-0.060111,0.093064,-2.183032,0.000998,0.864912,0.071679,-0.496778
182,1785980910727384147,2,605,235,0.388430,0.916667,114,99.073064,8.624195,0,0,0,0,0,0,0.000000,107.697259,121.171787,1,-0.037295,0.108098,-2.219406,-0.013643,0.866452,0.069230,-0.494248
183,1785980910817382064,2,605,229,0.378512,0.895833,92,99.353274,8.494069,0,0,0,0,0,0,0.000000,107.847343,119.614857,1,0.005989,0.127548,-2.255399,-0.039811,0.869296,0.061142,-0.488877
184,1785980910907386064,2,605,256,0.423140,0.895833,88,99.249689,9.298702,0,0,0,0,0,0,0.000000,108.548391,120.089069,1,0.021650,0.148567,-2.287258,-0.054868,0.869247,0.057964,-0.487893
185,1785980910997386689,2,605,231,0.381818,0.937500,80,99.290856,8.595445,0,0,0,0,0,0,0.000000,107.886301,117.652673,1,0.028018,0.117278,-2.317280,-0.060897,0.868615,0.044359,-0.489726
186,1785980911087387022,2,605,232,0.383471,0.958333,80,99.371565,8.665613,0,0,0,0,0,0,0.000000,108.037178,118.873059,1,-0.013647,0.102791,-2.339706,-0.060618,0.863362,0.039498,-0.499370
187,1785980911177387231,2,605,256,0.423140,0.895833,146,102.067587,9.421035,0,0,0,0,0,0,0.000000,111.488622,121.861542,1,0.004205,0.025322,-2.359195,-0.056366,0.863970,0.019658,-0.499992
188,1785980911267386481,2,605,248,0.409917,0.895833,104,98.081680,9.197576,0,0,0,0,0,0,0.000000,107.279256,120.625698,1,-0.030714,0.023838,-2.402533,0.057248,-0.860058,-0.020492,0.506560
189,1785980911357389189,2,605,251,0.414876,0.937500,94,100.381864,9.020699,0,0,0,0,0,0,0.000000,109.402563,120.921866,1,-0.058700,-0.010035,-2.431612,0.046523,-0.857093,-0.017188,0.512769
190,1785980911447388398,2,605,277,0.457851,0.979167,84,100.836326,10.082291,0,0,0,0,0,0,0.000000,110.918617,122.409878,1,-0.089974,-0.029355,-2.468451,0.036792,-0.853893,-0.019361,0.518786
191,1785980911537387898,2,605,253,0.418182,0.937500,81,100.443698,9.333410,0,0,0,0,0,0,0.000000,109.777108,120.523071,1,-0.125164,-0.030718,-2.494259,0.026564,-0.850464,-0.023472,0.524838
192,1785980911627390398,2,605,244,0.403306,0.937500,73,100.308946,8.995407,0,0,0,0,0,0,0.000000,109.304353,119.615146,1,-0.147399,-0.046680,-2.520338,0.021227,-0.847658,-0.022583,0.529637
193,1785980911717389273,2,605,257,0.424793,0.937500,139,98.411432,9.585037,0,0,0,0,0,0,0.000000,107.996469,119.196644,1,-0.155101,-0.039298,-2.570463,0.017628,-0.845881,-0.026990,0.532397
194,1785980911807391023,2,605,235,0.388430,0.937500,110,95.119987,8.961156,0,0,0,0,0,0,0.000000,104.081143,117.546588,1,-0.186848,-0.026201,-2.607392,0.012109,-0.842737,-0.033391,0.537152
195,1785980911897390356,2,605,271,0.447934,0.937500,107,98.065969,9.973832,0,0,0,0,0,0,0.000000,108.039801,120.617112,1,-0.180122,0.031562,-2.645204,0.014968,-0.843079,-0.045272,0.535672
196,1785980911987390190,2,605,229,0.378512,0.937500,93,97.850551,8.598070,0,0,0,0,0,0,0.000000,106.448621,117.574129,1,-0.170140,0.073204,-2.683134,0.016549,-0.843569,-0.053786,0.534064
197,1785980912077389065,2,605,252,0.416529,0.916667,90,98.835434,9.411036,0,0,0,0,0,0,0.000000,108.246470,119.735521,1,-0.151898,0.125687,-2.719049,0.021656,-0.844706,-0.062045,0.531181
198,1785980912167391565,2,605,235,0.388430,0.895833,76,98.728808,8.730196,0,0,0,0,0,0,0.000000,107.459004,118.067175,1,-0.156380,0.171742,-2.755353,0.028019,-0.843286,-0.068142,0.532391
199,1785980912257391315,2,605,269,0.444628,0.937500,75,99.291063,9.896956,0,0,0,0,0,0,0.000000,109.188019,119.849189,1,-0.159821,0.212882,-2.791671,0.030548,-0.842247,-0.075521,0.532901
200,1785980912347390065,2,605,235,0.388430,0.895833,143,97.139002,8.772738,0,0,0,0,0,0,0.000000,105.911740,116.456577,1,-0.136626,0.220407,-2.831721,0.035850,-0.843947,-0.073042,0.530221
201,1785980912437395648,2,605,243,0.401653,0.875000,97,97.382505,9.067991,0,0,0,0,0,0,0.000000,106.450496,119.312184,1,-0.154368,0.233711,-2.856806,0.040706,-0.841353,-0.072431,0.534062
202,1785980912527393023,2,605,223,0.368595,0.875000,91,98.668307,8.569112,0,0,0,0,0,0,0.000000,107.237419,118.972139,1,-0.167196,0.229848,-2.892967,0.037981,-0.839982,-0.072629,0.536389
203,1785980912617395648,2,605,239,0.395041,0.875000,75,96.763290,8.935406,0,0,0,0,0,0,0.000000,105.698696,116.348368,1,-0.165633,0.247245,-2.924007,0.039302,-0.839676,-0.074998,0.536446
204,1785980912707392357,2,605,232,0.383471,0.791667,67,97.582089,8.769947,0,0,0,0,0,0,0.000000,106.352036,116.461618,1,-0.181674,0.275604,-2.955433,0.036353,-0.837539,-0.081654,0.539018
205,1785980912797395315,2,605,255,0.421488,0.937500,147,95.970909,9.524953,0,0,0,0,0,0,0.000000,105.495862,115.662903,1,-0.188245,0.242740,-2.989813,0.031670,-0.837231,-0.076899,0.540488
206,1785980912887394648,2,605,280,0.462810,0.895833,103,91.729582,10.279417,0,0,0,0,0,0,0.000000,102.008999,115.376900,1,-0.205408,0.258031,-3.027308,0.030071,-0.835172,-0.080000,0.543308
207,1785980912977395232,2,605,262,0.433058,0.979167,99,99.216226,9.551370,0,0,0,0,0,0,0.000000,108.767596,120.887903,1,-0.221617,0.243410,-3.061456,0.023083,-0.833542,-0.080595,0.546058
208,1785980913067396065,2,605,232,0.383471,0.875000,82,97.145085,8.819031,0,0,0,0,0,0,0.000000,105.964116,117.807920,1,-0.230365,0.291036,-3.095815,0.021406,-0.832017,-0.090605,0.546882
209,1785980913157396815,2,605,273,0.451240,0.916667,146,98.576888,9.984790,0,0,0,0,0,0,0.000000,108.561678,120.479691,1,-0.230254,0.304330,-3.134285,0.022437,-0.831475,-0.092846,0.547290
210,1785980913247397565,2,605,248,0.409917,0.958333,108,92.496880,8.484694,0,0,0,0,0,0,0.000000,100.981574,114.887145,1,-0.229668,0.370771,-3.161920,0.024423,-0.830198,-0.103790,0.547177
211,1785980913337398565,2,605,251,0.414876,0.937500,103,97.229334,9.297201,0,0,0,0,0,0,0.000000,106.526535,118.894511,1,-0.221858,0.381167,-3.196602,0.026038,-0.830475,-0.104547,0.546538
212,1785980913427397357,2,605,248,0.409917,0.958333,80,96.713913,9.152533,0,0,0,0,0,0,0.000000,105.866446,116.929161,1,-0.216505,0.397250,-3.228553,0.027092,-0.830587,-0.106233,0.545991
213,1785980913517398274,2,605,263,0.434711,0.916667,151,94.993149,9.768829,0,0,0,0,0,0,0.000000,104.761978,115.722485,1,-0.206527,0.404601,-3.262944,0.026372,-0.831203,-0.107204,0.544898
214,1785980913607399857,2,605,243,0.401653,0.895833,112,95.698113,9.302534,0,0,0,0,0,0,0.000000,105.000647,118.094629,1,-0.196951,0.412791,-3.296902,0.023660,-0.831855,-0.109284,0.543613
215,1785980913697400399,2,605,259,0.428099,0.875000,103,94.894816,9.500286,0,0,0,0,0,0,0.000000,104.395102,117.690626,1,-0.174560,0.362622,-3.334970,0.018742,-0.834553,-0.102233,0.541035
216,1785980913787398649,2,605,245,0.404959,0.916667,86,94.754064,9.119157,0,0,0,0,0,0,0.000000,103.873221,115.713985,1,-0.150853,0.345015,-3.369644,0.017825,-0.836751,-0.099242,0.538221
217,1785980913877397440,2,605,279,0.461157,0.875000,173,93.538845,9.957915,0,0,0,0,0,0,0.000000,103.496760,115.689650,1,-0.138937,0.333931,-3.404645,0.018443,-0.837696,-0.096506,0.537227
218,1785980913967397607,2,605,280,0.462810,0.958333,126,90.393319,9.618328,0,0,0,0,0,0,0.000000,100.011647,115.523440,1,-0.132260,0.315545,-3.444067,0.021968,-0.838310,-0.091290,0.537048
219,1785980914057399066,2,605,261,0.431405,0.895833,110,97.181000,9.509452,0,0,0,0,0,0,0.000000,106.690452,120.444855,1,-0.071188,0.290336,-3.482978,0.031908,-0.843118,-0.081002,0.530634
220,1785980914147399191,2,605,264,0.436364,0.958333,155,93.548386,9.550786,0,0,0,0,0,0,0.000000,103.099172,114.917477,1,-0.060571,0.265232,-3.519397,0.026877,-0.844234,-0.079435,0.529375
221,1785980914237399149,2,605,246,0.406612,0.958333,137,95.409859,9.101366,0,0,0,0,0,0,0.000000,104.511225,120.241228,1,-0.080566,0.277683,-3.540710,0.022765,-0.842525,-0.082834,0.531763
222,1785980914327398857,2,605,248,0.409917,0.937500,106,97.450792,9.445951,0,0,0,0,0,0,0.000000,106.896743,120.682773,1,-0.061482,0.256027,-3.576060,0.012724,-0.844536,-0.084533,0.528631
223,1785980914417399357,2,605,248,0.409917,0.937500,95,97.387791,9.222117,0,0,0,0,0,0,0.000000,106.609908,118.516339,1,-0.035678,0.308249,-3.607388,0.019915,-0.845813,-0.088563,0.525700
224,1785980914507400816,2,605,261,0.431405,0.916667,100,94.633853,9.708413,0,0,0,0,0,0,0.000000,104.342266,116.583781,1,-0.019820,0.295958,-3.640731,0.017287,-0.847153,-0.087218,0.523857
225,1785980914597402191,2,605,253,0.418182,0.937500,87,94.422518,9.640579,0,0,0,0,0,0,0.000000,104.063097,116.068110,1,0.020898,0.257412,-3.675572,0.017777,-0.850464,-0.080415,0.519546
226,1785980914687403024,2,605,285,0.471074,0.979167,159,95.936113,10.288125,0,0,0,0,0,0,0.000000,106.224238,117.435996,1,0.061346,0.217965,-3.708193,0.016586,-0.853766,-0.073974,0.515108
227,1785980914777404524,2,605,261,0.431405,1.000000,125,91.483785,8.934073,0,0,0,0,0,0,0.000000,100.417858,115.472647,1,0.093486,0.238110,-3.741132,0.024584,-0.855596,-0.072166,0.512000
228,1785980914867401566,2,605,261,0.431405,0.916667,96,96.565159,9.669245,0,0,0,0,0,0,0.000000,106.234404,119.078884,1,0.135882,0.251814,-3.779948,0.032369,-0.857978,-0.069514,0.507932
229,1785980914957406691,2,605,246,0.406612,0.958333,91,95.835195,9.215367,0,0,0,0,0,0,0.000000,105.050562,117.083117,1,0.168073,0.271184,-3.813431,0.039101,-0.859801,-0.068468,0.504506
230,1785980915047402108,2,605,232,0.383471,0.854167,74,96.801285,8.580903,0,0,0,0,0,0,0.000000,105.382188,116.796573,1,0.194109,0.292547,-3.848579,0.047687,-0.860861,-0.066449,0.502224
231,1785980915137400524,2,605,246,0.406612,0.875000,145,97.354749,9.179158,0,0,0,0,0,0,0.000000,106.533907,118.244585,1,0.223638,0.317547,-3.880182,-0.058468,0.862015,0.063402,-0.499492
232,1785980915227401483,2,605,219,0.361983,0.833333,92,91.825662,8.366401,0,0,0,0,0,0,0.000000,100.192063,112.362829,1,0.218030,0.277753,-3.916544,0.055473,-0.861672,-0.058904,0.500975
233,1785980915317404191,2,605,218,0.360331,0.895833,86,95.278023,8.285276,0,0,0,0,0,0,0.000000,103.563299,115.734772,1,0.199369,0.218879,-3.951713,0.058676,-0.860029,-0.047409,0.504639
234,1785980915407403858,2,605,242,0.400000,0.895833,68,96.489366,9.138991,0,0,0,0,0,0,0.000000,105.628357,115.511812,1,0.111084,0.283196,-3.988058,0.063401,-0.853034,-0.055100,0.515050
235,1785980915497406566,2,605,253,0.418182,0.916667,141,96.889702,9.244908,0,0,0,0,0,0,0.000000,106.134610,117.448453,1,0.085593,0.388423,-4.017698,0.070028,-0.850101,-0.066985,0.517627
236,1785980915587407400,2,605,265,0.438017,0.958333,101,91.393283,9.616578,0,0,0,0,0,0,0.000000,101.009861,113.324169,1,0.021967,0.414214,-4.049911,0.069608,-0.845247,-0.070407,0.525124
237,1785980915677402441,2,605,259,0.428099,0.979167,73,96.179696,9.453035,0,0,0,0,0,0,0.000000,105.632731,117.490245,1,-0.024484,0.424270,-4.085216,0.067984,-0.841643,-0.072755,0.530774
238,1785980915767401483,2,605,266,0.439669,0.958333,75,95.886819,9.793330,0,0,0,0,0,0,0.000000,105.680149,116.819030,1,-0.064068,0.457731,-4.116026,0.064727,-0.838546,-0.079044,0.535167
239,1785980915857407066,2,605,246,0.406612,0.854167,147,95.615066,9.114573,0,0,0,0,0,0,0.000000,104.729639,116.284525,1,-0.078876,0.478766,-4.146811,0.065417,-0.837083,-0.081754,0.536963
240,1785980915947405650,2,605,257,0.424793,0.916667,175,89.798685,8.938780,0,0,0,0,0,0,0.000000,98.737465,114.976764,1,-0.080171,0.635526,-4.175796,0.072421,-0.834894,-0.100814,0.536231
241,1785980916037406275,2,605,236,0.390083,0.895833,96,90.315398,8.389693,0,0,0,0,0,0,0.000000,98.705091,110.571812,1,-0.118536,0.694580,-4.205846,0.078483,-0.831246,-0.105064,0.540215
242,1785980916127403816,2,605,234,0.386777,0.854167,144,95.668233,8.656612,0,0,0,0,0,0,0.000000,104.324845,115.747020,1,-0.106108,0.637206,-4.247174,0.068132,-0.832815,-0.102295,0.539734
243,1785980916217405192,2,604,227,0.375828,0.895833,112,90.990278,7.911731,0,0,0,0,0,0,0.000000,98.902009,113.481210,1,-0.054518,0.546111,-4.289804,0.062255,-0.837174,-0.092341,0.535478
244,1785980916307405525,2,605,237,0.391736,0.895833,154,95.540148,8.692403,0,0,0,0,0,0,0.000000,104.232551,117.441491,1,-0.024786,0.481711,-4.324263,0.062240,-0.839644,-0.082515,0.533212
245,1785980916397406692,2,605,239,0.395041,0.895833,105,93.640465,8.334734,0,0,0,0,0,0,0.000000,101.975199,117.332324,1,-0.010428,0.427078,-4.360364,0.062728,-0.840757,-0.073999,0.532651
246,1785980916487407983,2,605,244,0.403306,0.958333,91,94.986768,8.918030,0,0,0,0,0,0,0.000000,103.904798,116.385524,1,-0.025183,0.439233,-4.392480,0.059423,-0.839744,-0.077235,0.534166
247,1785980916577407775,2,605,240,0.396694,0.875000,151,96.348154,8.940447,0,0,0,0,0,0,0.000000,105.288601,118.244622,1,0.040000,0.420302,-4.429182,0.059041,-0.843882,-0.074299,0.528069
248,1785980916667407400,2,605,243,0.401653,0.854167,107,91.220488,8.289484,0,0,0,0,0,0,0.000000,99.509972,114.774636,1,0.113440,0.365852,-4.468925,0.060855,-0.848446,-0.065357,0.521694
249,1785980916757411692,2,605,240,0.396694,0.916667,84,94.592015,9.054198,0,0,0,0,0,0,0.000000,103.646213,115.110681,1,0.091950,0.282877,-4.507264,0.064488,-0.846869,-0.051461,0.525362
250,1785980916847408859,2,605,244,0.403306,0.854167,83,95.565271,8.939489,0,0,0,0,0,0,0.000000,104.504760,116.704859,1,0.128969,0.275197,-4.535817,0.068599,-0.848578,-0.047338,0.522463
251,1785980916937411900,2,605,236,0.390083,0.937500,153,94.717848,8.732153,0,0,0,0,0,0,0.000000,103.450001,115.925603,1,0.088436,0.277058,-4.567574,0.069357,-0.845750,-0.047227,0.526940
252,1785980917027409359,2,605,221,0.365289,0.916667,104,89.929768,7.881813,0,0,0,0,0,0,0.000000,97.811581,113.364665,1,0.053165,0.322986,-4.599495,0.074344,-0.842900,-0.050067,0.530552
253,1785980917117409317,2,605,242,0.400000,0.895833,88,100.609063,8.861030,0,0,0,0,0,0,0.000000,109.470093,122.010485,1,0.042675,0.333452,-4.634902,0.074282,-0.841929,-0.050978,0.532014
254,1785980917207409150,2,605,223,0.368595,0.916667,82,96.116068,8.444319,0,0,0,0,0,0,0.000000,104.560387,116.550358,1,0.004590,0.358788,-4.668062,0.074253,-0.839173,-0.054317,0.536028
255,1785980917297412067,2,605,254,0.419835,0.895833,146,94.807099,9.237450,0,0,0,0,0,0,0.000000,104.044549,116.546440,1,-0.048556,0.380823,-4.705171,0.070240,-0.835829,-0.059933,0.541170
256,1785980917387411775,2,605,223,0.368595,0.854167,86,90.869816,7.874022,0,0,0,0,0,0,0.000000,98.743838,111.761401,1,-0.092371,0.333918,-4.739406,0.067696,-0.833206,-0.055140,0.546026
257,1785980917477413775,2,605,230,0.380165,0.895833,69,96.387944,8.567778,0,0,0,0,0,0,0.000000,104.955722,115.920894,1,-0.099027,0.348108,-4.770171,0.068403,-0.832398,-0.056266,0.547055
258,1785980917567414026,2,605,232,0.383471,0.833333,60,94.727847,8.670903,0,0,0,0,0,0,0.000000,103.398750,113.580708,1,-0.164513,0.254596,-4.799307,0.064508,-0.828493,-0.046059,0.554361
259,1785980917657414692,2,605,246,0.406612,0.895833,136,93.099001,9.117198,0,0,0,0,0,0,0.000000,102.216199,113.440498,1,-0.221107,0.152116,-4.827680,0.060271,-0.825003,-0.035609,0.560775
260,1785980917747413817,2,605,256,0.423140,0.958333,94,89.634181,8.940572,0,0,0,0,0,0,0.000000,98.574753,112.001611,1,-0.276096,0.101588,-4.851434,0.055051,-0.821560,-0.032103,0.566549
261,1785980917837412651,2,605,259,0.428099,0.937500,78,93.445378,9.554493,0,0,0,0,0,0,0.000000,102.999871,114.706716,1,-0.358411,0.115379,-4.875927,0.050998,-0.816492,-0.036214,0.573959
262,1785980917927416567,2,605,258,0.426446,0.875000,61,91.962199,9.504702,0,0,0,0,0,0,0.000000,101.466901,112.545032,1,-0.439992,0.085302,-4.897264,0.045851,-0.811589,-0.035211,0.581362
263,1785980918017414609,2,605,249,0.411570,0.875000,63,92.118492,9.227574,0,0,0,0,0,0,0.000000,101.346066,111.721566,1,-0.520032,0.000303,-4.921255,0.035108,-0.806956,-0.031018,0.588750
264,1785980918107415567,2,605,244,0.403306,0.937500,137,93.821964,8.960739,0,0,0,0,0,0,0.000000,102.782703,113.470372,1,-0.584667,-0.031186,-4.945129,0.029633,-0.802867,-0.030166,0.594656
265,1785980918197414317,2,605,236,0.390083,0.958333,94,86.314612,8.273108,0,0,0,0,0,0,0.000000,94.587720,107.860285,1,-0.657133,-0.026137,-4.965601,0.025338,-0.798261,-0.033122,0.600866
266,1785980918287415276,2,605,251,0.414876,0.937500,75,91.678655,9.430492,0,0,0,0,0,0,0.000000,101.109147,113.623290,1,-0.714689,-0.044744,-4.987401,0.018433,-0.794825,-0.034497,0.605577
267,1785980918377417776,2,605,264,0.436364,0.937500,68,94.003381,9.821120,0,0,0,0,0,0,0.000000,103.824501,115.215052,1,-0.734278,-0.045881,-5.014528,0.010626,-0.793880,-0.038340,0.606771
268,1785980918467415109,2,605,261,0.431405,0.916667,65,90.440727,9.659828,0,0,0,0,0,0,0.000000,100.100555,111.122186,1,-0.740202,-0.045537,-5.046651,0.006377,-0.793564,-0.040784,0.607085
269,1785980918557416484,2,605,268,0.442975,0.937500,49,90.490686,9.881663,0,0,0,0,0,0,0.000000,100.372349,110.632515,1,-0.766373,-0.059709,-5.076257,-0.000538,-0.792085,-0.042693,0.608916
270,1785980918647414901,2,605,257,0.424793,0.916667,134,91.742071,9.452201,0,0,0,0,0,0,0.000000,101.194272,112.434571,1,-0.743341,-0.083612,-5.106557,-0.009277,-0.793947,-0.044231,0.606305
271,1785980918737414359,2,605,250,0.413223,0.937500,93,87.258119,9.264950,0,0,0,0,0,0,0.000000,96.523069,110.176095,1,-0.714310,-0.076240,-5.144938,-0.009330,-0.795391,-0.045222,0.604336
272,1785980918827416776,2,605,233,0.385124,0.916667,69,91.878989,8.665320,0,0,0,0,0,0,0.000000,100.544309,112.214277,1,-0.713825,-0.059764,-5.177470,-0.009001,-0.795212,-0.046769,0.604459
273,1785980918917415359,2,605,250,0.413223,0.895833,74,94.539467,9.374159,0,0,0,0,0,0,0.000000,103.913626,114.097833,1,-0.690570,0.003941,-5.221329,-0.004211,-0.796159,-0.051516,0.602875
274,1785980919007415818,2,605,224,0.370248,0.833333,63,91.460776,8.701903,0,0,0,0,0,0,0.000000,100.162679,111.296560,1,-0.640695,0.153565,-5.265440,0.011154,-0.797816,-0.059694,0.599836
275,1785980919097415901,2,605,228,0.376860,0.916667,49,92.316909,8.750862,0,0,0,0,0,0,0.000000,101.067771,110.647431,1,-0.640333,0.322552,-5.303723,0.029301,-0.796320,-0.068508,0.600269
276,1785980919187419401,2,605,233,0.385124,0.895833,126,95.082264,8.882446,0,0,0,0,0,0,0.000000,103.964710,114.003958,1,-0.610408,0.401085,-5.342834,0.034260,-0.797147,-0.073978,0.598256
277,1785980919277420485,2,605,228,0.376860,0.875000,87,94.609760,8.617694,0,0,0,0,0,0,0.000000,103.227454,115.928182,1,-0.616347,0.440048,-5.371917,0.037970,-0.796295,-0.075909,0.598925
278,1785980919367435735,2,605,261,0.431405,0.875000,152,96.090105,9.474576,0,0,0,0,0,0,0.000000,105.564681,117.105774,1,-0.621411,0.465889,-5.403915,0.041263,-0.795644,-0.076456,0.599502
279,1785980919457419526,2,605,223,0.368595,0.875000,105,95.702684,8.520902,0,0,0,0,0,0,0.000000,104.223586,118.517868,1,-0.615207,0.424089,-5.441062,0.044135,-0.795887,-0.069991,0.599764
280,1785980919547418526,2,605,238,0.393388,0.875000,84,96.160063,8.932405,0,0,0,0,0,0,0.000000,105.092468,117.574485,1,-0.612436,0.420582,-5.474531,0.045785,-0.795878,-0.068233,0.599856
281,1785980919637420110,2,605,206,0.340496,0.895833,138,93.017121,7.923688,0,0,0,0,0,0,0.000000,100.940809,113.052699,1,-0.636640,0.424601,-5.505918,0.048481,-0.794148,-0.067060,0.602065
282,1785980919727418735,2,605,225,0.371901,0.875000,113,98.522040,8.674945,0,0,0,0,0,0,0.000000,107.196985,121.861603,1,-0.648232,0.441072,-5.540417,0.050341,-0.793070,-0.067779,0.603250
283,1785980919817416568,2,605,223,0.368595,0.895833,94,92.816995,8.368359,0,0,0,0,0,0,0.000000,101.185354,113.969373,1,-0.679446,0.399838,-5.574324,0.043742,-0.791445,-0.067094,0.605970
284,1785980919907421735,2,605,224,0.370248,0.916667,150,93.539666,8.414610,0,0,0,0,0,0,0.000000,101.954276,114.180123,1,-0.619096,0.351410,-5.611917,0.037595,-0.795044,-0.065216,0.601863
285,1785980919997422943,2,605,230,0.380165,0.916667,105,91.117064,8.556319,0,0,0,0,0,0,0.000000,99.673383,113.607619,1,-0.644620,0.379052,-5.625741,0.038934,-0.793404,-0.067228,0.603718
286,1785980920087418235,2,605,207,0.342149,0.875000,93,93.848752,7.950022,0,0,0,0,0,0,0.000000,101.798774,116.273640,1,-0.637589,0.390081,-5.637242,0.038517,-0.793677,-0.068520,0.603240
287,1785980920177420735,2,605,241,0.398347,0.937500,95,92.186697,8.835154,0,0,0,0,0,0,0.000000,101.021851,114.716336,1,-0.623073,0.389792,-5.640295,0.038458,-0.794476,-0.068521,0.602191
288,1785980920267422068,2,605,229,0.378512,0.916667,103,91.927153,8.599902,0,0,0,0,0,0,0.000000,100.527055,113.386075,1,-0.617363,0.376433,-5.639157,0.038212,-0.794909,-0.067293,0.601773
289,1785980920357427235,2,605,217,0.358678,0.937500,100,92.118405,8.219566,0,0,0,0,0,0,0.000000,100.337971,112.423609,1,-0.504963,0.368060,-5.652248,0.036630,-0.801440,-0.067374,0.593138
290,1785980920447425860,2,605,221,0.365289,0.937500,84,91.900818,8.350191,0,0,0,0,0,0,0.000000,100.251009,112.334524,1,-0.388548,0.372504,-5.664565,0.037460,-0.807853,-0.067345,0.584324
291,1785980920537426027,2,605,212,0.350413,0.895833,78,91.666900,8.053815,0,0,0,0,0,0,0.000000,99.720715,111.450600,1,-0.284541,0.377974,-5.673905,0.038040,-0.813467,-0.067639,0.576411
292,1785980920627425069,2,604,240,0.397351,0.895833,142,92.805034,8.940114,0,0,0,0,0,0,0.000000,101.745148,112.989154,1,-0.199874,0.394932,-5.680034,0.039967,-0.817837,-0.068179,0.569998
293,1785980920717425110,2,604,239,0.395695,0.916667,109,90.060387,8.927905,0,0,0,0,0,0,0.000000,98.988292,112.590776,1,-0.128346,0.381756,-5.686476,0.039976,-0.821665,-0.067012,0.564605
294,1785980920807426277,2,604,209,0.346026,0.916667,103,94.152920,8.147857,0,0,0,0,0,0,0.000000,102.300777,114.725501,1,-0.042367,0.380822,-5.691043,0.040099,-0.826237,-0.066921,0.557894
295,1785980920897427277,2,604,225,0.372517,0.937500,95,91.238979,8.606777,0,0,0,0,0,0,0.000000,99.845756,112.197856,1,0.054368,0.387337,-5.693422,0.041119,-0.831214,-0.066909,0.550379
296,1785980920987426402,2,604,210,0.347682,0.916667,95,90.660892,7.998939,0,0,0,0,0,0,0.000000,98.659831,110.644217,1,0.197568,0.383556,-5.691976,0.041711,-0.838501,-0.066272,0.539243
297,1785980921077426694,2,604,224,0.370861,0.895833,92,92.211237,8.366275,0,0,0,0,0,0,0.000000,100.577512,112.633734,1,0.337580,0.393564,-5.686934,0.042011,-0.845517,-0.067080,0.528049
298,1785980921167427069,2,605,218,0.360331,0.937500,94,90.322805,8.230274,0,0,0,0,0,0,0.000000,98.553079,111.837560,1,0.444305,0.394667,-5.681779,0.042536,-0.850761,-0.066906,0.519539
299,1785980921257429861,2,605,216,0.357025,0.895833,85,94.539630,8.207649,0,0,0,0,0,0,0.000000,102.747279,114.374164,1,0.543840,0.398189,-5.675517,0.042737,-0.855563,-0.067196,0.511538
300,1785980921347429861,2,605,207,0.342149,0.916667,75,92.803617,7.969814,0,0,0,0,0,0,0.000000,100.773431,111.762310,1,0.658592,0.403664,-5.666033,0.044221,-0.861003,-0.066805,0.502250
301,1785980921437428402,2,605,200,0.330579,0.937500,74,91.827858,7.775063,0,0,0,0,0,0,0.000000,99.602921,110.518966,1,0.763159,0.403486,-5.654527,-0.044369,0.865948,0.066723,-0.493673
302,1785980921527427652,2,605,221,0.365289,0.937500,59,95.080342,8.522734,0,0,0,0,0,0,0.000000,103.603076,114.209495,1,0.855974,0.397851,-5.643602,-0.044820,0.870285,0.065839,-0.486066
303,1785980921617428194,2,605,218,0.360331,0.916667,130,91.870400,8.434192,0,0,0,0,0,0,0.000000,100.304592,110.455465,1,0.960115,0.392379,-5.629572,-0.044969,0.875012,0.065206,-0.477578
304,1785980921707426944,2,605,210,0.347107,0.916667,96,90.499639,8.172107,0,0,0,0,0,0,0.000000,98.671746,111.798601,1,1.083593,0.383909,-5.606821,-0.044509,0.880642,0.064673,-0.467233
305,1785980921797429028,2,605,205,0.338843,0.937500,100,91.622064,7.903271,0,0,0,0,0,0,0.000000,99.525335,112.187353,1,1.203718,0.376708,-5.582667,-0.044451,0.886052,0.063988,-0.456992
306,1785980921887428194,2,605,226,0.373554,0.937500,86,92.817116,8.745986,0,0,0,0,0,0,0.000000,101.563102,113.826283,1,1.343440,0.380792,-5.550237,-0.045711,0.892007,0.063402,-0.445213
307,1785980921977427819,2,605,228,0.376860,0.958333,76,95.878723,8.613444,0,0,0,0,0,0,0.000000,104.492167,115.847840,1,1.485538,0.381019,-5.514013,-0.045829,0.898102,0.063434,-0.432769
308,1785980922067432028,2,605,194,0.320661,0.958333,58,96.263642,7.633186,0,0,0,0,0,0,0.000000,103.896828,114.063992,1,1.630930,0.373485,-5.470347,-0.045050,0.904301,0.063332,-0.419762
309,1785980922157431153,2,605,196,0.323967,0.895833,59,94.708921,7.430393,0,0,0,0,0,0,0.000000,102.139314,112.157811,1,1.764286,0.371270,-5.429313,-0.046985,0.909688,0.061508,-0.408016
310,1785980922247431569,2,605,212,0.350413,0.937500,59,96.992398,8.140815,0,0,0,0,0,0,0.000000,105.133213,115.585796,1,1.867499,0.367499,-5.393377,-0.047048,0.913817,0.060891,-0.398770
311,1785980922337432986,2,605,199,0.328926,0.895833,51,93.509412,7.683353,0,0,0,0,0,0,0.000000,101.192765,110.515172,1,1.990124,0.377048,-5.346961,-0.048792,0.918555,0.060387,-0.387594
312,1785980922427433820,2,605,196,0.323967,0.895833,54,97.439110,7.403850,0,0,0,0,0,0,0.000000,104.842960,113.448404,1,2.123846,0.379719,-5.294140,-0.048718,0.923786,0.060978,-0.374870
313,1785980922517429153,2,605,208,0.343802,0.895833,49,94.512752,7.913688,0,0,0,0,0,0,0.000000,102.426440,111.733681,1,2.267570,0.372571,-5.232778,-0.050024,0.929182,0.059185,-0.361407
314,1785980922607435361,2,605,204,0.337190,0.875000,50,98.485784,7.578935,0,0,0,0,0,0,0.000000,106.064719,116.169758,1,2.393737,0.376432,-5.172218,-0.051442,0.933764,0.058468,-0.349315
315,1785980922697429111,2,605,220,0.363636,0.916667,127,98.963454,8.190190,0,0,0,0,0,0,0.000000,107.153644,116.988556,1,2.513894,0.398659,-5.109018,-0.052674,0.938015,0.059833,-0.337303
316,1785980922787431445,2,605,211,0.348760,0.875000,86,100.285048,7.909188,0,0,0,0,0,0,0.000000,108.194236,120.683669,1,2.632287,0.397691,-5.046458,-0.054191,0.942110,0.058198,-0.325738
317,1785980922877435653,2,605,212,0.350413,0.916667,82,99.333624,8.093564,0,0,0,0,0,0,0.000000,107.427188,118.343108,1,2.735426,0.396851,-4.988558,-0.053884,0.945664,0.058363,-0.315294
318,1785980922967436236,2,605,201,0.332231,0.916667,74,97.309732,7.629893,0,0,0,0,0,0,0.000000,104.939625,115.726337,1,2.862180,0.398470,-4.912044,-0.054503,0.949965,0.057951,-0.302057
319,1785980923057435445,2,605,219,0.361983,0.937500,55,99.328373,8.405234,0,0,0,0,0,0,0.000000,107.733607,117.587476,1,2.996534,0.399905,-4.826974,-0.055435,0.954385,0.057318,-0.287736
320,1785980923147438570,2,605,188,0.310744,0.958333,46,95.606843,7.339350,0,0,0,0,0,0,0.000000,102.946193,111.496345,1,3.117942,0.396625,-4.745130,-0.055637,0.958246,0.056797,-0.274669
321,1785980923237435820,2,605,184,0.304132,0.895833,38,98.813452,7.290808,0,0,0,0,0,0,0.000000,106.104260,114.382534,1,3.234525,0.399373,-4.661186,-0.056765,0.961802,0.055857,-0.261906
322,1785980923327437362,2,605,185,0.305785,0.937500,35,101.580016,7.187557,0,0,0,0,0,0,0.000000,108.767573,117.061763,1,3.348480,0.409500,-4.575403,-0.057957,0.965146,0.055829,-0.249032
323,1785980923417436612,2,605,212,0.350413,0.937500,35,96.249765,8.089022,0,0,0,0,0,0,0.000000,104.338787,111.909681,1,3.470442,0.410101,-4.475000,-0.057050,0.968733,0.057004,-0.234633
324,1785980923507437028,3,605,198,0.327273,0.937500,28,95.798885,7.602436,0,0,0,0,0,0,0.000000,103.401321,110.905422,0,3.573925,0.411546,-4.385748,-0.057895,0.971678,0.056461,-0.222042
325,1785980923597439362,3,605,200,0.330579,0.854167,0,97.123771,8.138356,0,0,0,0,0,0,0.000000,105.262127,117.460474,0,0.000000,0.000000,0.000000,0.000000,0.000000,0.000000,1.000000
326,1785980923687438445,3,605,215,0.355372,0.895833,0,95.664343,8.162898,0,0,0,0,0,0,0.000000,103.827241,116.077046,0,0.000000,0.000000,0.000000,0.000000,0.000000,0.000000,1.000000
327,1785980923777437737,3,605,222,0.366942,0.812500,0,97.143855,8.329025,0,0,0,0,0,0,0.000000,105.472880,117.824019,0,0.000000,0.000000,0.000000,0.000000,0.000000,0.000000,1.000000
328,1785980923867442029,3,606,216,0.356436,0.875000,0,102.465188,8.385649,0,0,0,0,0,0,0.000000,110.850837,123.347813,0,0.000000,0.000000,0.000000,0.000000,0.000000,0.000000,1.000000
329,1785980923957438279,3,604,219,0.362583,0.875000,0,96.512140,8.367650,0,0,0,0,0,0,0.000000,104.879790,117.520057,0,0.000000,0.000000,0.000000,0.000000,0.000000,0.000000,1.000000
330,1785980924047439487,3,605,242,0.400000,0.875000,0,96.950727,9.063739,0,0,0,0,0,0,0.000000,106.014466,118.535649,0,0.000000,0.000000,0.000000,0.000000,0.000000,0.000000,1.000000
331,1785980924137440320,3,605,246,0.406612,0.875000,0,96.754267,9.056780,0,0,0,0,0,0,0.000000,105.811047,118.565648,0,0.000000,0.000000,0.000000,0.000000,0.000000,0.000000,1.000000
332,1785980924227440737,3,605,212,0.350413,0.833333,0,97.943318,8.178773,0,0,0,0,0,0,0.000000,106.122091,118.507607,0,0.000000,0.000000,0.000000,0.000000,0.000000,0.000000,1.000000
333,1785980924317440029,3,605,224,0.370248,0.916667,0,98.085902,8.716235,0,0,0,0,0,0,0.000000,106.802137,119.625615,0,0.000000,0.000000,0.000000,0.000000,0.000000,0.000000,1.000000
334,1785980924407439195,3,605,226,0.373554,0.895833,0,97.987318,8.674985,0,0,0,0,0,0,0.000000,106.662303,119.110528,0,0.000000,0.000000,0.000000,0.000000,0.000000,0.000000,1.000000
335,1785980924497438404,3,605,238,0.393388,0.958333,0,98.279278,9.005071,0,0,0,0,0,0,0.000000,107.284349,119.683656,0,0.000000,0.000000,0.000000,0.000000,0.000000,0.000000,1.000000
336,1785980924587440779,3,605,240,0.396694,0.979167,0,98.192861,9.012822,0,0,0,0,0,0,0.000000,107.205683,119.381153,0,0.000000,0.000000,0.000000,0.000000,0.000000,0.000000,1.000000
337,1785980924677444946,3,605,236,0.390083,0.895833,0,99.001576,8.999362,0,0,0,0,0,0,0.000000,108.000938,121.402586,0,0.000000,0.000000,0.000000,0.000000,0.000000,0.000000,1.000000
338,1785980924767440946,3,605,225,0.371901,0.854167,0,97.002726,8.745820,0,0,0,0,0,0,0.000000,105.748546,119.870116,0,0.000000,0.000000,0.000000,0.000000,0.000000,0.000000,1.000000
339,1785980924857440571,3,605,241,0.398347,0.937500,0,97.215478,9.260865,0,0,0,0,0,0,0.000000,106.476343,119.226235,0,0.000000,0.000000,0.000000,0.000000,0.000000,0.000000,1.000000
340,1785980924947441362,3,605,234,0.386777,0.875000,0,98.063359,8.884196,0,0,0,0,0,0,0.000000,106.947555,119.878865,0,0.000000,0.000000,0.000000,0.000000,0.000000,0.000000,1.000000
341,1785980925037442821,3,605,221,0.365289,0.895833,0,97.931566,8.380733,0,0,0,0,0,0,0.000000,106.312299,118.876606,0,0.000000,0.000000,0.000000,0.000000,0.000000,0.000000,1.000000
342,1785980925127441612,3,605,229,0.378512,0.791667,0,97.248436,8.826320,0,0,0,0,0,0,0.000000,106.074756,118.812231,0,0.000000,0.000000,0.000000,0.000000,0.000000,0.000000,1.000000
343,1785980925217442779,3,605,255,0.421488,0.916667,0,96.575513,9.633785,0,0,0,0,0,0,0.000000,106.209298,118.666730,0,0.000000,0.000000,0.000000,0.000000,0.000000,0.000000,1.000000
344,1785980925307442196,3,605,242,0.400000,0.833333,0,94.943460,9.199197,0,0,0,0,0,0,0.000000,104.142657,116.392087,0,0.000000,0.000000,0.000000,0.000000,0.000000,0.000000,1.000000
345,1785980925397441488,3,605,224,0.370248,0.937500,0,94.124953,8.710152,0,0,0,0,0,0,0.000000,102.835105,115.925250,0,0.000000,0.000000,0.000000,0.000000,0.000000,0.000000,1.000000
346,1785980925487443154,3,605,246,0.406612,0.916667,0,99.235159,9.408449,0,0,0,0,0,0,0.000000,108.643608,122.084423,0,0.000000,0.000000,0.000000,0.000000,0.000000,0.000000,1.000000
347,1785980925577442738,3,605,244,0.403306,0.916667,0,92.577772,9.285657,0,0,0,0,0,0,0.000000,101.863429,114.158568,0,0.000000,0.000000,0.000000,0.000000,0.000000,0.000000,1.000000
348,1785980925667443488,3,605,224,0.370248,0.958333,0,91.911268,8.781986,0,0,0,0,0,0,0.000000,100.693254,113.413937,0,0.000000,0.000000,0.000000,0.000000,0.000000,0.000000,1.000000
349,1785980925757447696,3,605,227,0.375207,0.916667,0,94.902375,8.946779,0,0,0,0,0,0,0.000000,103.849154,117.009299,0,0.000000,0.000000,0.000000,0.000000,0.000000,0.000000,1.000000
350,1785980925847445738,3,605,241,0.398347,0.875000,0,92.559023,9.255073,0,0,0,0,0,0,0.000000,101.814096,114.813699,0,0.000000,0.000000,0.000000,0.000000,0.000000,0.000000,1.000000
351,1785980925937448321,3,605,235,0.388430,0.895833,0,91.192553,9.020238,0,0,0,0,0,0,0.000000,100.212791,113.837940,0,0.000000,0.000000,0.000000,0.000000,0.000000,0.000000,1.000000
352,1785980926027448488,3,605,231,0.381818,0.916667,0,90.933384,8.677110,0,0,0,0,0,0,0.000000,99.610494,111.906632,0,0.000000,0.000000,0.000000,0.000000,0.000000,0.000000,1.000000
353,1785980926117449405,3,605,257,0.424793,0.958333,0,94.225285,9.468700,0,0,0,0,0,0,0.000000,103.693985,116.035915,0,0.000000,0.000000,0.000000,0.000000,0.000000,0.000000,1.000000
354,1785980926207448821,3,605,223,0.368595,0.916667,0,91.331470,8.493192,0,0,0,0,0,0,0.000000,99.824662,112.684264,0,0.000000,0.000000,0.000000,0.000000,0.000000,0.000000,1.000000
355,1785980926297450738,3,605,214,0.353719,0.895833,0,91.489472,8.195898,0,0,0,0,0,0,0.000000,99.685370,112.790682,0,0.000000,0.000000,0.000000,0.000000,0.000000,0.000000,1.000000
356,1785980926387447821,3,605,245,0.404959,0.937500,0,95.629088,9.145989,0,0,0,0,0,0,0.000000,104.775077,117.269342,0,0.000000,0.000000,0.000000,0.000000,0.000000,0.000000,1.000000
357,1785980926477451030,3,605,249,0.411570,0.937500,0,93.527028,9.315032,0,0,0,0,0,0,0.000000,102.842060,115.762912,0,0.000000,0.000000,0.000000,0.000000,0.000000,0.000000,1.000000
359,1785980926657451530,2,605,258,0.426446,0.937500,258,93.370652,9.735369,0,0,0,0,0,0,0.000000,103.106021,106.839675,1,0.000000,0.000000,0.000000,0.000000,0.000000,0.000000,1.000000
360,1785980926747451072,2,605,218,0.360331,0.895833,158,93.116609,8.584401,0,0,0,0,0,0,0.000000,101.701010,124.946859,1,0.000730,-0.000475,-0.000283,-0.000466,0.000604,0.000206,1.000000
361,1785980926837450238,2,605,242,0.400000,0.937500,164,93.305318,9.128447,0,0,0,0,0,0,0.000000,102.433765,118.881478,1,0.000022,0.000244,0.000354,-0.000110,0.000055,0.000028,1.000000
362,1785980926927452780,2,605,229,0.378512,0.937500,151,93.998699,8.656027,0,0,0,0,0,0,0.000000,102.654726,118.235307,1,0.000040,-0.000282,-0.000386,-0.000286,0.000381,-0.000280,1.000000
363,1785980927017453530,2,605,222,0.366942,0.916667,147,92.503852,8.612401,0,0,0,0,0,0,0.000000,101.116253,116.980587,1,-0.000183,0.000103,-0.000074,0.000060,0.000150,-0.000095,1.000000
364,1785980927107452488,2,605,235,0.388430,0.979167,147,92.782647,8.895487,0,0,0,0,0,0,0.000000,101.678134,117.318339,1,-0.000077,-0.000240,-0.000678,-0.000060,0.000311,0.000120,1.000000
365,1785980927197454447,2,605,235,0.388430,0.958333,139,92.974064,9.074780,0,0,0,0,0,0,0.000000,102.048844,117.638467,1,0.000165,0.000092,0.000229,-0.000180,0.000049,0.000166,1.000000
366,1785980927287452447,2,605,234,0.386777,0.937500,141,93.150816,8.984029,0,0,0,0,0,0,0.000000,102.134845,117.464840,1,-0.000089,-0.000044,0.000266,-0.000345,0.000196,-0.000107,1.000000
367,1785980927377454197,2,605,244,0.403306,0.937500,145,94.336825,9.332990,0,0,0,0,0,0,0.000000,103.669815,118.842101,1,-0.000296,0.000044,-0.000020,-0.000161,0.000269,-0.000271,1.000000
368,1785980927467454864,2,605,236,0.390083,0.937500,148,94.204449,9.148405,0,0,0,0,0,0,0.000000,103.352854,118.077970,1,-0.000191,0.000011,0.000287,-0.000288,0.000081,-0.000203,1.000000
369,1785980927557453489,2,605,249,0.411570,0.937500,148,92.832396,9.485157,0,0,0,0,0,0,0.000000,102.317553,117.823718,1,0.000242,-0.000004,0.000126,-0.000203,-0.000059,0.000369,1.000000
370,1785980927647452739,2,605,254,0.419835,0.958333,150,94.381283,9.490491,0,0,0,0,0,0,0.000000,103.871774,119.432814,1,-0.000124,-0.000182,0.000220,-0.000286,0.000051,-0.000108,1.000000
371,1785980927737453239,2,605,265,0.438017,0.979167,161,92.973897,9.861244,0,0,0,0,0,0,0.000000,102.835141,120.088235,1,-0.000277,-0.000113,0.000311,-0.000284,0.000153,-0.000266,1.000000
372,1785980927827453989,2,605,246,0.406612,0.875000,145,93.008564,9.167072,0,0,0,0,0,0,0.000000,102.175636,117.219504,1,0.000141,-0.000297,0.000092,-0.000362,-0.000111,-0.000213,1.000000
373,1785980927917453780,2,605,245,0.404959,0.937500,146,93.955030,9.244073,0,0,0,0,0,0,0.000000,103.199103,119.142144,1,-0.000025,-0.000462,-0.000553,-0.000172,-0.000196,-0.000096,1.000000
374,1785980928007455155,2,605,250,0.413223,0.937500,154,94.039696,9.231365,0,0,0,0,0,0,0.000000,103.271061,119.267061,1,0.000168,-0.000252,-0.000213,-0.000093,-0.000189,0.000247,1.000000
375,1785980928097454239,2,605,231,0.381818,0.937500,153,94.375366,8.930028,0,0,0,0,0,0,0.000000,103.305394,118.541805,1,0.000354,-0.000476,0.000014,-0.000222,-0.000362,0.000203,1.000000
376,1785980928187455072,2,605,241,0.398347,0.937500,148,94.692201,9.120738,0,0,0,0,0,0,0.000000,103.812939,119.925024,1,0.000207,-0.000408,-0.000082,-0.000236,-0.000257,0.000140,1.000000
377,1785980928277458072,2,605,237,0.391736,0.937500,157,94.614576,9.087071,0,0,0,0,0,0,0.000000,103.701647,120.906240,1,0.000282,-0.000016,0.000762,-0.000267,-0.000217,-0.000011,1.000000
378,1785980928367457406,2,605,254,0.419835,0.916667,148,94.557700,9.602242,0,0,0,0,0,0,0.000000,104.159942,120.705697,1,0.000359,-0.000830,-0.000668,-0.000331,-0.000295,0.000294,1.000000
379,1785980928457456489,2,605,240,0.396694,0.937500,155,94.391407,9.070030,0,0,0,0,0,0,0.000000,103.461437,119.525895,1,0.000311,-0.000374,-0.000175,-0.000125,-0.000249,0.000265,1.000000
380,1785980928547457572,2,605,247,0.408264,0.937500,157,94.612283,9.214114,0,0,0,0,0,0,0.000000,103.826397,120.416235,1,-0.000100,-0.000473,0.000013,-0.000314,-0.000066,0.000033,1.000000
381,1785980928637457947,2,605,231,0.381818,0.958333,151,93.381231,8.866153,0,0,0,0,0,0,0.000000,102.247384,118.879598,1,-0.000092,-0.000523,-0.000073,-0.000306,-0.000188,-0.000089,1.000000
382,1785980928727459489,2,605,245,0.404959,0.958333,156,92.991687,9.061529,0,0,0,0,0,0,0.000000,102.053216,119.056058,1,-0.000207,-0.000477,0.000113,-0.000359,-0.000115,-0.000204,1.000000
383,1785980928817460073,2,605,242,0.400000,0.937500,149,94.359823,9.070197,0,0,0,0,0,0,0.000000,103.430020,117.367878,1,-0.000132,-0.000732,-0.000173,-0.000431,-0.000205,-0.000025,1.000000
384,1785980928907461239,2,605,233,0.385124,0.895833,148,94.297072,8.480650,0,0,0,0,0,0,0.000000,102.777722,118.544554,1,-0.000141,-0.000569,-0.000243,-0.000347,-0.000250,-0.000277,1.000000
385,1785980928997458739,2,605,232,0.383471,0.958333,149,94.578657,8.883695,0,0,0,0,0,0,0.000000,103.462352,120.482234,1,0.000084,-0.000775,-0.000336,-0.000395,-0.000305,-0.000034,1.000000
386,1785980929087457989,2,605,247,0.408264,0.916667,123,93.614233,9.290989,0,0,0,0,0,0,0.000000,102.905222,116.936456,1,-0.002386,-0.000737,0.000535,0.000064,-0.002964,-0.000823,0.999995
387,1785980929177459031,2,605,236,0.390083,0.937500,120,93.742025,9.112696,0,0,0,0,0,0,0.000000,102.854721,114.780815,1,-0.002941,-0.001682,-0.001092,0.000439,-0.004669,-0.000169,0.999989
388,1785980929267459739,2,605,243,0.401653,0.895833,126,94.025360,9.111488,0,0,0,0,0,0,0.000000,103.136848,117.077124,1,-0.002691,-0.001868,-0.000851,-0.000012,-0.004440,0.000076,0.999990
389,1785980929357461989,2,605,238,0.393388,0.937500,120,94.124361,8.974445,0,0,0,0,0,0,0.000000,103.098806,115.235194,1,-0.003523,-0.001979,-0.001327,0.000262,-0.003954,-0.000309,0.999992
390,1785980929447467281,2,605,237,0.391736,0.958333,116,94.499947,8.952403,0,0,0,0,0,0,0.000000,103.452350,116.366535,1,-0.003101,-0.001544,-0.001092,0.000399,-0.004314,-0.000167,0.999991
391,1785980929537461448,2,605,242,0.400000,0.979167,123,93.137936,9.084029,0,0,0,0,0,0,0.000000,102.221965,116.360160,1,-0.003559,-0.001417,-0.000972,0.000407,-0.004183,-0.000593,0.999991
392,1785980929627461448,2,605,233,0.385124,0.958333,113,93.267229,8.980279,0,0,0,0,0,0,0.000000,102.247508,114.846064,1,-0.003266,-0.001589,-0.000767,0.000418,-0.004471,-0.000483,0.999990
393,1785980929717461365,2,605,245,0.404959,0.979167,115,94.466405,9.306239,0,0,0,0,0,0,0.000000,103.772644,116.140325,1,-0.003600,-0.001476,-0.000651,0.000395,-0.004513,-0.000252,0.999990
394,1785980929807461198,2,605,249,0.411570,0.979167,123,94.574197,9.388115,0,0,0,0,0,0,0.000000,103.962312,116.061366,1,-0.003419,-0.001801,-0.001297,0.000428,-0.004553,-0.000412,0.999989
395,1785980929897462906,2,605,236,0.390083,0.937500,119,94.583864,8.935569,0,0,0,0,0,0,0.000000,103.519433,116.656578,1,-0.003003,-0.001725,-0.000868,0.000306,-0.004812,-0.000238,0.999988
396,1785980929987462990,2,605,228,0.376860,0.958333,121,94.539988,8.817611,0,0,0,0,0,0,0.000000,103.357599,116.346700,1,-0.003395,-0.001593,-0.000720,0.000336,-0.004718,-0.000482,0.999989
397,1785980930077463990,2,605,241,0.398347,0.958333,121,97.070091,9.234447,0,0,0,0,0,0,0.000000,106.304538,120.161063,1,-0.003437,-0.001727,-0.000899,0.000285,-0.004623,-0.000454,0.999989
398,1785980930167463948,2,605,238,0.393388,0.958333,113,92.988976,9.112779,0,0,0,0,0,0,0.000000,102.101755,114.555061,1,-0.003628,-0.001368,-0.000516,0.000329,-0.004591,-0.000355,0.999989
399,1785980930257463407,2,605,241,0.398347,0.979167,112,94.649655,9.032279,0,0,0,0,0,0,0.000000,103.681934,115.528777,1,-0.003668,-0.001659,-0.000748,0.000337,-0.004669,-0.000576,0.999989
400,1785980930347465115,2,605,240,0.396694,0.916667,116,93.157560,8.966611,0,0,0,0,0,0,0.000000,102.124171,115.079857,1,-0.003558,-0.001466,-0.000869,0.000376,-0.004631,-0.000697,0.999989
401,1785980930437466948,2,605,234,0.386777,0.958333,116,94.552696,8.823652,0,0,0,0,0,0,0.000000,103.376348,115.174940,1,-0.003162,-0.002028,-0.001445,0.000339,-0.004830,-0.000543,0.999988
402,1785980930527466365,2,605,252,0.416529,0.958333,111,94.652155,9.452824,0,0,0,0,0,0,0.000000,104.104979,116.797785,1,-0.003478,-0.001747,-0.001237,0.000381,-0.004667,-0.000534,0.999989
403,1785980930617468448,2,605,236,0.390083,0.979167,117,93.333770,9.136780,0,0,0,0,0,0,0.000000,102.470550,116.006738,1,-0.003402,-0.001270,-0.000529,0.000505,-0.004708,-0.000416,0.999989
404,1785980930707468157,2,605,233,0.385124,0.958333,118,94.098359,8.685484,0,0,0,0,0,0,0.000000,102.783843,115.213356,1,-0.003499,-0.001551,-0.000739,0.000407,-0.004695,-0.000852,0.999988
405,1785980930797468615,2,605,240,0.396694,0.979167,114,97.760470,9.197155,0,0,0,0,0,0,0.000000,106.957625,120.196520,1,-0.003511,-0.001799,-0.000858,0.000240,-0.004773,-0.000852,0.999988
406,1785980930887465782,2,605,247,0.408264,0.979167,114,95.843456,9.203239,0,0,0,0,0,0,0.000000,105.046695,117.751918,1,-0.003680,-0.001243,-0.000516,0.000379,-0.004858,-0.000823,0.999988
407,1785980930977466407,2,605,238,0.393388,0.958333,106,94.522445,8.952695,0,0,0,0,0,0,0.000000,103.475140,116.135196,1,-0.003795,-0.000833,-0.000091,0.000446,-0.004839,-0.000501,0.999988
408,1785980931067466449,2,605,241,0.398347,0.958333,177,95.491743,9.024404,0,0,0,0,0,0,0.000000,104.516147,117.855543,1,-0.003020,-0.001396,-0.000497,0.000370,-0.005111,-0.000238,0.999987
409,1785980931157468990,2,605,231,0.381818,0.937500,166,95.589745,8.716152,0,0,0,0,0,0,0.000000,104.305897,120.169936,1,-0.003383,-0.001475,-0.000295,0.000184,-0.005141,-0.000718,0.999987
410,1785980931247467990,2,605,229,0.378512,0.937500,157,93.122975,8.735652,0,0,0,0,0,0,0.000000,101.858627,119.098760,1,-0.003339,-0.001138,-0.000205,0.000436,-0.005091,-0.000722,0.999987
411,1785980931337466949,2,605,247,0.408264,0.916667,146,92.980557,9.356740,0,0,0,0,0,0,0.000000,102.337297,117.579957,1,-0.003113,-0.001527,-0.000121,0.000070,-0.005234,-0.000480,0.999986
412,1785980931427468740,2,605,259,0.428099,0.958333,156,94.394818,9.688576,0,0,0,0,0,0,0.000000,104.083394,120.389854,1,-0.003054,-0.001579,-0.000194,0.000136,-0.005242,-0.000330,0.999986
413,1785980931517469282,2,605,236,0.390083,0.958333,144,94.524027,8.946361,0,0,0,0,0,0,0.000000,103.470388,118.382462,1,-0.003103,-0.001611,-0.000584,0.000186,-0.005252,-0.000462,0.999986
414,1785980931607466741,2,605,240,0.396694,0.958333,152,94.507527,9.244655,0,0,0,0,0,0,0.000000,103.752182,119.689389,1,-0.002824,-0.001569,-0.000491,0.000210,-0.005330,-0.000226,0.999986
415,1785980931697471907,2,605,231,0.381818,0.937500,144,93.100891,8.921195,0,0,0,0,0,0,0.000000,102.022086,117.300996,1,-0.003082,-0.001312,-0.000513,0.000423,-0.005187,-0.000198,0.999986
416,1785980931787469699,2,605,252,0.416529,0.958333,154,92.977848,9.636742,0,0,0,0,0,0,0.000000,102.614590,117.867166,1,-0.003087,-0.001546,-0.000387,0.000171,-0.005238,-0.000385,0.999986
417,1785980931877469449,2,605,252,0.416529,0.979167,134,94.061357,9.534199,0,0,0,0,0,0,0.000000,103.595556,118.607673,1,-0.001923,-0.000988,-0.002650,-0.001101,-0.003306,0.000291,0.999994
418,1785980931967469824,2,605,247,0.408264,0.916667,191,92.818555,9.274988,0,0,0,0,0,0,0.000000,102.093543,116.597322,1,-0.001206,-0.000967,-0.017130,0.001736,-0.002173,-0.000656,0.999996
419,1785980932057471074,2,605,265,0.438017,0.895833,121,94.140273,9.876118,0,0,0,0,0,0,0.000000,104.016391,118.907340,1,-0.002101,-0.002086,-0.041654,0.006339,-0.007139,0.002064,0.999952
420,1785980932147470741,2,605,225,0.371901,0.854167,91,96.951711,8.518982,0,0,0,0,0,0,0.000000,105.470693,116.374446,1,-0.002854,-0.005196,-0.077537,0.018950,-0.008469,-0.001706,0.999783
421,1785980932237471616,2,605,205,0.338843,0.854167,147,94.708819,7.857478,0,0,0,0,0,0,0.000000,102.566297,112.563457,1,-0.000873,-0.006349,-0.119838,0.032589,-0.012262,-0.003166,0.999389
422,1785980932327476824,2,605,204,0.337190,0.854167,112,95.315573,7.999729,0,0,0,0,0,0,0.000000,103.315302,115.606147,1,-0.002628,-0.007083,-0.161539,0.049798,-0.019686,-0.009349,0.998522
423,1785980932417472158,2,605,215,0.355372,0.895833,97,94.405274,7.969020,0,0,0,0,0,0,0.000000,102.374294,112.945960,1,-0.011194,-0.006090,-0.178050,0.056537,-0.041387,-0.016357,0.997408
424,1785980932507473949,2,605,200,0.330579,0.854167,94,92.777011,7.744101,0,0,0,0,0,0,0.000000,100.521112,110.648608,1,-0.007727,-0.007720,-0.171028,0.048074,-0.037689,-0.009936,0.998083
425,1785980932597474783,2,605,218,0.360331,0.854167,98,92.638968,8.134355,0,0,0,0,0,0,0.000000,100.773323,111.771325,1,-0.004200,-0.006957,-0.163535,0.045848,-0.030120,-0.007831,0.998464
426,1785980932687474241,2,605,208,0.343802,0.875000,98,93.926562,7.828727,0,0,0,0,0,0,0.000000,101.755289,112.671957,1,-0.005816,-0.007367,-0.165326,0.046759,-0.032328,-0.009058,0.998342
427,1785980932777474449,2,605,207,0.342149,0.895833,87,93.994479,7.927686,0,0,0,0,0,0,0.000000,101.922165,112.579998,1,-0.006874,-0.007338,-0.168468,0.047239,-0.033218,-0.008820,0.998292
428,1785980932867477824,2,605,223,0.368595,0.895833,81,92.364091,8.406357,0,0,0,0,0,0,0.000000,100.770448,111.328696,1,-0.006433,-0.006702,-0.178292,0.047362,-0.033242,-0.008158,0.998291
429,1785980932957475991,2,605,214,0.353719,0.895833,147,93.543433,8.132396,0,0,0,0,0,0,0.000000,101.675829,112.473705,1,-0.004982,-0.001926,-0.199457,0.051409,-0.030051,-0.012747,0.998144
430,1785980933047475825,2,605,197,0.325620,0.875000,107,94.389690,7.683976,0,0,0,0,0,0,0.000000,102.073666,114.537388,1,-0.005106,0.000401,-0.231210,0.058213,-0.030077,-0.016215,0.997719
431,1785980933137477116,2,604,191,0.316225,0.895833,92,94.502815,7.590183,0,0,0,0,0,0,0.000000,102.092998,112.082535,1,-0.007280,0.003667,-0.266176,0.056926,-0.027917,-0.025377,0.997665
432,1785980933227478991,2,606,196,0.323432,0.812500,83,93.885811,8.029812,0,0,0,0,0,0,0.000000,101.915623,111.265487,1,-0.010274,0.009666,-0.299009,0.049472,-0.024045,-0.035662,0.997849
433,1785980933317478533,2,604,210,0.347682,0.895833,77,92.838302,8.105437,0,0,0,0,0,0,0.000000,100.943739,110.731774,1,-0.012608,0.014207,-0.315680,0.038756,-0.023169,-0.040824,0.998146
434,1785980933407481241,2,604,203,0.336093,0.812500,77,94.186562,8.041979,0,0,0,0,0,0,0.000000,102.228541,112.192703,1,-0.008833,0.011635,-0.349212,0.027445,-0.025176,-0.041829,0.998430
435,1785980933497477950,2,604,233,0.385762,0.895833,79,95.052777,8.811568,0,0,0,0,0,0,0.000000,103.864345,113.939006,1,-0.005309,0.012653,-0.380581,0.022924,-0.023084,-0.041314,0.998616
436,1785980933587476950,2,605,223,0.368595,0.833333,68,91.160330,8.515607,0,0,0,0,0,0,0.000000,99.675937,108.909968,1,-0.002006,0.013346,-0.410660,0.014425,-0.024425,-0.040286,0.998785
437,1785980933677481367,2,605,247,0.408264,0.916667,66,94.454314,9.238280,0,0,0,0,0,0,0.000000,103.692594,112.051158,1,-0.000886,0.011957,-0.436687,0.007338,-0.026421,-0.038603,0.998878
438,1785980933767479325,2,605,251,0.414876,0.895833,157,92.070837,9.150488,0,0,0,0,0,0,0.000000,101.221325,110.822024,1,0.000922,0.010374,-0.469206,-0.001654,-0.028656,-0.039738,0.998798
439,1785980933857480033,2,605,239,0.395041,0.875000,110,96.348454,9.032278,0,0,0,0,0,0,0.000000,105.380732,118.741293,1,-0.002829,0.007812,-0.501212,-0.010708,-0.029902,-0.045824,0.998444
440,1785980933947476658,2,605,252,0.416529,0.895833,102,89.768861,9.327197,0,0,0,0,0,0,0.000000,99.096058,111.239735,1,0.002029,0.004865,-0.530327,-0.018868,-0.031808,-0.043095,0.998386
441,1785980934037479783,2,605,238,0.393388,0.937500,82,90.437907,9.083486,0,0,0,0,0,0,0.000000,99.521393,110.127476,1,0.001192,0.000950,-0.563531,-0.023831,-0.034112,-0.046372,0.998057
442,1785980934127481742,2,605,249,0.411570,0.875000,82,90.429573,9.097528,0,0,0,0,0,0,0.000000,99.527101,109.630430,1,0.009028,0.003726,-0.600563,-0.018908,-0.037155,-0.043333,0.998190
443,1785980934217481158,2,605,242,0.400000,0.916667,81,93.268137,9.193821,0,0,0,0,0,0,0.000000,102.461958,112.113283,1,0.018912,0.003266,-0.634195,-0.019501,-0.042182,-0.038400,0.998181
444,1785980934307483075,2,605,238,0.393388,0.916667,77,90.992703,8.783027,0,0,0,0,0,0,0.000000,99.775730,109.324553,1,0.026724,0.005309,-0.670085,-0.018033,-0.046443,-0.030911,0.998280
445,1785980934397481950,2,605,231,0.381818,0.791667,71,89.794152,8.688275,0,0,0,0,0,0,0.000000,98.482427,108.193210,1,0.034093,0.007658,-0.700567,-0.016344,-0.048543,-0.028062,0.998293
446,1785980934487481825,2,605,241,0.398347,0.875000,66,91.731291,9.083654,0,0,0,0,0,0,0.000000,100.814945,110.266684,1,0.036306,0.013403,-0.736744,-0.012309,-0.048903,-0.026778,0.998369
447,1785980934577480950,2,605,260,0.429752,0.895833,149,91.422747,9.683950,0,0,0,0,0,0,0.000000,101.106697,111.043106,1,0.048866,0.009042,-0.767417,-0.011922,-0.050800,-0.029344,0.998206
448,1785980934667484909,2,605,250,0.413223,0.854167,107,90.624532,9.239530,0,0,0,0,0,0,0.000000,99.864062,112.834663,1,0.049558,0.022936,-0.800426,-0.005642,-0.052598,-0.026421,0.998250
449,1785980934757484950,2,605,235,0.388430,0.854167,93,90.615616,9.010070,0,0,0,0,0,0,0.000000,99.625686,110.717020,1,0.047057,0.030749,-0.835928,-0.001704,-0.050339,-0.028720,0.998318
450,1785980934847485242,2,604,248,0.410596,0.916667,95,91.414164,9.356947,0,0,0,0,0,0,0.000000,100.771111,111.373026,1,0.047742,0.034288,-0.867832,-0.001852,-0.050132,-0.032751,0.998204
451,1785980934937484325,2,605,244,0.403306,0.833333,88,92.322587,9.237071,0,0,0,0,0,0,0.000000,101.559658,112.144240,1,0.052927,0.043884,-0.904823,0.004090,-0.052094,-0.033226,0.998081
452,1785980935027488284,2,605,222,0.366942,0.833333,72,91.624039,8.458565,0,0,0,0,0,0,0.000000,100.082604,109.919139,1,0.060363,0.052329,-0.944248,0.010213,-0.054366,-0.027914,0.998079
453,1785980935117484867,2,605,225,0.371901,0.895833,62,91.091494,8.647066,0,0,0,0,0,0,0.000000,99.738560,108.824963,1,0.062786,0.064870,-0.978705,0.017082,-0.053980,-0.028887,0.997978
454,1785980935207486034,2,605,222,0.366942,0.875000,60,91.423454,8.567482,0,0,0,0,0,0,0.000000,99.990936,109.184674,1,0.065714,0.064466,-1.010781,0.018877,-0.053771,-0.030949,0.997895
455,1785980935297486742,2,604,208,0.344371,0.875000,59,92.989925,8.177230,0,0,0,0,0,0,0.000000,101.167155,109.931389,1,0.062394,0.083435,-1.060527,0.026403,-0.052839,-0.034918,0.997643
456,1785980935387486534,2,604,211,0.349338,0.937500,141,93.261677,8.055728,0,0,0,0,0,0,0.000000,101.317405,110.940396,1,0.068160,0.097748,-1.095554,0.031628,-0.052976,-0.032931,0.997551
457,1785980935477487742,2,605,222,0.366942,0.916667,104,91.347037,8.473982,0,0,0,0,0,0,0.000000,99.821019,112.790243,1,0.065635,0.094328,-1.143385,0.030396,-0.051452,-0.034911,0.997602
458,1785980935567486576,2,605,229,0.378512,0.875000,90,93.282051,8.762026,0,0,0,0,0,0,0.000000,102.044077,112.638450,1,0.065125,0.098766,-1.178951,0.031731,-0.051307,-0.042081,0.997291
459,1785980935657485034,2,604,219,0.362583,0.937500,63,93.488636,8.416440,0,0,0,0,0,0,0.000000,101.905076,110.677477,1,0.065660,0.111523,-1.217130,0.038706,-0.052048,-0.047436,0.996766
460,1785980935747487493,2,605,210,0.347107,0.875000,67,97.439083,8.046396,0,0,0,0,0,0,0.000000,105.485479,114.166253,1,0.076041,0.113599,-1.260957,0.040566,-0.056567,-0.048109,0.996414
461,1785980935837489659,2,604,210,0.347682,0.875000,53,93.975098,8.065979,0,0,0,0,0,0,0.000000,102.041077,111.133564,1,0.073166,0.136181,-1.291146,0.048288,-0.053808,-0.056985,0.995754
462,1785980935927490743,2,605,219,0.361983,0.895833,50,97.143706,8.181605,0,0,0,0,0,0,0.000000,105.325311,113.210038,1,0.080484,0.144292,-1.326904,0.051743,-0.056981,-0.059243,0.995272
463,1785980936647493243,2,605,223,0.368595,0.875000,126,92.488045,8.363273,0,0,0,0,0,0,0.000000,100.851318,118.162701,1,0.119940,0.127970,-1.566783,0.032059,-0.073703,-0.041946,0.995882
464,1785980936737494368,2,605,232,0.383471,0.916667,60,96.020197,8.825526,0,0,0,0,0,0,0.000000,104.845723,114.689840,1,0.143668,0.086162,-1.629290,0.020361,-0.077165,-0.036400,0.996146
465,1785980936827493201,2,605,235,0.388430,0.875000,72,90.750698,8.720817,0,0,0,0,0,0,0.000000,99.471515,109.246381,1,0.143366,0.077759,-1.659066,0.017215,-0.075878,-0.035083,0.996351
466,1785980936917495535,2,605,236,0.390083,0.958333,70,92.113333,8.865860,0,0,0,0,0,0,0.000000,100.979193,109.976178,1,0.138273,0.054100,-1.687955,0.008509,-0.075163,-0.040857,0.996298
467,1785980937007494451,2,605,227,0.375207,0.979167,58,91.980457,8.666358,0,0,0,0,0,0,0.000000,100.646815,109.357591,1,0.150565,0.046364,-1.719198,0.005173,-0.079234,-0.043376,0.995898
468,1785980937097494826,2,605,235,0.388430,0.937500,48,90.411028,8.870735,0,0,0,0,0,0,0.000000,99.281763,106.937280,1,0.166554,0.066567,-1.751395,0.011663,-0.082300,-0.040497,0.995716
469,1785980937187493327,2,605,221,0.365289,0.958333,126,92.769046,8.341231,0,0,0,0,0,0,0.000000,101.110277,109.431340,1,0.170103,0.114665,-1.789821,0.026523,-0.082498,-0.040615,0.995410
470,1785980937277496410,2,605,206,0.340496,0.854167,86,93.158923,8.053687,0,0,0,0,0,0,0.000000,101.212610,111.699482,1,0.183729,0.148706,-1.841840,0.036178,-0.083501,-0.042114,0.994960
471,1785980937367494118,2,604,203,0.336093,0.916667,71,97.547540,7.987645,0,0,0,0,0,0,0.000000,105.535185,115.947098,1,0.195721,0.154750,-1.875941,0.037124,-0.085970,-0.039928,0.994805
472,1785980937457494243,2,604,218,0.360927,0.895833,63,92.997505,8.321564,0,0,0,0,0,0,0.000000,101.319069,110.129970,1,0.191874,0.175007,-1.908553,0.041677,-0.083617,-0.036449,0.994959
473,1785980937547496743,2,605,226,0.373554,0.958333,55,92.284749,8.582649,0,0,0,0,0,0,0.000000,100.867398,109.220380,1,0.202981,0.155823,-1.941403,0.035033,-0.085456,-0.032009,0.995211
474,1785980937637495702,2,604,224,0.370861,0.875000,53,92.143457,8.278481,0,0,0,0,0,0,0.000000,100.421938,108.634292,1,0.199495,0.162023,-1.972694,0.035428,-0.083788,-0.034086,0.995270
475,1785980937727495577,2,605,228,0.376860,0.875000,131,93.973220,8.722109,0,0,0,0,0,0,0.000000,102.695329,111.346312,1,0.218492,0.156665,-1.996005,0.033123,-0.088368,-0.032378,0.995010
476,1785980937817495785,2,605,234,0.386777,0.937500,95,90.130149,8.644566,0,0,0,0,0,0,0.000000,98.774715,110.519847,1,0.227243,0.142104,-2.017687,0.029414,-0.090179,-0.029782,0.995046
477,1785980937907495619,2,605,229,0.378512,0.958333,92,91.072406,8.671816,0,0,0,0,0,0,0.000000,99.744222,110.971184,1,0.229961,0.132016,-2.022342,0.026483,-0.090613,-0.028831,0.995116
478,1785980937997496244,2,604,229,0.379139,0.875000,86,91.443701,8.551899,0,0,0,0,0,0,0.000000,99.995600,111.004976,1,0.226835,0.133860,-2.019636,0.027165,-0.090345,-0.029094,0.995115
479,1785980938087497744,2,606,237,0.391089,0.895833,87,91.585744,8.685024,0,0,0,0,0,0,0.000000,100.270768,111.217436,1,0.251996,0.135608,-2.017828,0.027778,-0.097341,-0.030080,0.994409
480,1785980938177499660,2,605,223,0.368595,0.916667,89,90.845946,8.356730,0,0,0,0,0,0,0.000000,99.202676,109.846633,1,0.269682,0.134695,-2.016939,0.027775,-0.102842,-0.030343,0.993847
481,1785980938267501827,2,605,233,0.385124,0.895833,83,92.844086,9.092486,0,0,0,0,0,0,0.000000,101.936572,112.830531,1,0.301514,0.130783,-2.013154,0.027252,-0.112887,-0.031204,0.992744
482,1785980938357498952,2,606,244,0.402640,0.958333,78,90.763737,9.066528,0,0,0,0,0,0,0.000000,99.830265,109.493880,1,0.330570,0.129940,-2.007657,0.026975,-0.121360,-0.032010,0.991726
483,1785980938447500369,2,605,247,0.408264,0.916667,76,91.298407,9.202154,0,0,0,0,0,0,0.000000,100.500561,110.137468,1,0.356879,0.125949,-2.005601,0.026195,-0.129166,-0.032934,0.990730
484,1785980938537503327,2,605,229,0.378512,0.895833,75,88.879181,8.597191,0,0,0,0,0,0,0.000000,97.476372,106.881777,1,0.386398,0.125736,-2.000022,0.026137,-0.137895,-0.032526,0.989568
485,1785980938627499494,2,604,250,0.413907,0.833333,68,89.098015,9.366155,0,0,0,0,0,0,0.000000,98.464170,107.879659,1,0.422527,0.124595,-1.992832,0.026049,-0.148837,-0.032867,0.987972
486,1785980938717499244,2,605,241,0.398347,0.854167,64,90.367275,8.968735,0,0,0,0,0,0,0.000000,99.336010,108.194411,1,0.458992,0.124821,-1.983952,0.026092,-0.159890,-0.032935,0.986240
487,1785980938807502577,2,605,249,0.411570,0.937500,60,89.565143,9.241488,0,0,0,0,0,0,0.000000,98.806631,107.516031,1,0.492905,0.121610,-1.977172,0.026129,-0.170361,-0.032692,0.984492
488,1785980938897502577,2,604,223,0.369205,0.916667,57,92.105620,8.502690,0,0,0,0,0,0,0.000000,100.608310,109.458379,1,0.538436,0.125075,-1.962418,0.027011,-0.184224,-0.033377,0.981946
489,1785980938987503161,2,605,239,0.395041,0.937500,48,92.126329,8.800609,0,0,0,0,0,0,0.000000,100.926938,108.912416,1,0.587057,0.120904,-1.946146,0.026885,-0.199761,-0.034433,0.978870
490,1785980939077501661,2,605,219,0.361983,0.937500,45,91.681201,8.085145,0,0,0,0,0,0,0.000000,99.766346,107.178986,1,0.634199,0.116514,-1.930799,0.026395,-0.214752,-0.035200,0.975677
491,1785980939167504202,2,605,242,0.400000,0.895833,41,90.712610,8.948151,0,0,0,0,0,0,0.000000,99.660761,106.851567,1,0.679497,0.114378,-1.911306,0.026349,-0.229957,-0.036644,0.972154
492,1785980939257505953,2,606,240,0.396040,0.833333,126,92.235288,9.113987,0,0,0,0,0,0,0.000000,101.349275,109.651129,1,0.724257,0.112580,-1.889970,0.026665,-0.243747,-0.035497,0.968822
493,1785980939347505828,2,606,245,0.404290,0.937500,95,90.807110,9.079444,0,0,0,0,0,0,0.000000,99.886554,111.660811,1,0.760252,0.118598,-1.872034,0.028342,-0.255418,-0.034454,0.965801
494,1785980939437507369,2,604,237,0.392384,0.895833,83,91.750284,8.887026,0,0,0,0,0,0,0.000000,100.637310,110.634386,1,0.803237,0.122120,-1.850605,0.029844,-0.269174,-0.033533,0.962045
495,1785980939527503744,2,605,209,0.345455,0.875000,81,91.800493,7.927353,0,0,0,0,0,0,0.000000,99.727846,109.529795,1,0.849281,0.123212,-1.826482,0.030883,-0.284346,-0.033482,0.957639
496,1785980939617503328,2,605,232,0.383471,0.895833,75,90.897569,8.734150,0,0,0,0,0,0,0.000000,99.631719,108.625246,1,0.897668,0.122980,-1.798218,0.031752,-0.300696,-0.034573,0.952564
497,1785980939707503411,2,605,210,0.347107,0.916667,68,89.504682,8.401273,0,0,0,0,0,0,0.000000,97.905955,107.436111,1,0.941272,0.124419,-1.770222,0.032972,-0.315815,-0.035845,0.947570
498,1785980939797505828,2,605,201,0.332231,0.916667,64,90.209855,7.906977,0,0,0,0,0,0,0.000000,98.116832,106.979357,1,0.979246,0.118236,-1.744088,0.032563,-0.329133,-0.037729,0.942968
499,1785980939887506453,2,604,208,0.344371,0.895833,52,87.888004,8.240188,0,0,0,0,0,0,0.000000,96.128192,104.028044,1,1.019943,0.113036,-1.715764,0.032123,-0.343052,-0.038880,0.937962
500,1785980939977511245,2,607,207,0.341021,0.854167,45,89.335515,7.953477,0,0,0,0,0,0,0.000000,97.288992,104.813800,1,1.051287,0.106370,-1.691741,0.031178,-0.355073,-0.040872,0.933424
501,1785980940067508495,2,604,204,0.337748,0.916667,46,88.237756,7.906352,0,0,0,0,0,0,0.000000,96.144108,103.913959,1,1.083649,0.101081,-1.666632,0.030065,-0.365552,-0.041066,0.929399
502,1785980940157510786,2,604,213,0.352649,0.895833,128,90.191771,8.390814,0,0,0,0,0,0,0.000000,98.582585,106.987691,1,1.110021,0.094152,-1.639824,0.027810,-0.376148,-0.041076,0.925231
503,1785980940247511078,2,604,214,0.354305,0.833333,99,87.684209,8.364105,0,0,0,0,0,0,0.000000,96.048314,107.610236,1,1.136541,0.086600,-1.609897,0.026026,-0.386635,-0.041664,0.920923
504,1785980940337510245,2,604,196,0.324503,0.833333,91,86.067655,7.793601,0,0,0,0,0,0,0.000000,93.861256,105.043467,1,1.152819,0.079487,-1.592865,0.024187,-0.393119,-0.041852,0.918216
505,1785980940427510578,2,607,222,0.365733,0.875000,83,86.175115,8.690441,0,0,0,0,0,0,0.000000,94.865556,104.805465,1,1.186900,0.065778,-1.557903,0.020155,-0.406528,-0.040792,0.912505
506,1785980940517510536,2,601,218,0.362729,0.854167,149,88.246130,8.429273,0,0,0,0,0,0,0.000000,96.675403,107.285817,1,1.231088,0.052280,-1.511094,0.016663,-0.424456,-0.039772,0.904421
507,1785980940607510370,2,608,209,0.343750,0.833333,98,89.687558,8.240730,0,0,0,0,0,0,0.000000,97.928288,109.741836,1,1.270493,0.061878,-1.470093,0.020904,-0.439791,-0.040337,0.896950
508,1785980940697510620,2,607,205,0.337727,0.833333,100,84.310434,8.093853,0,0,0,0,0,0,0.000000,92.404287,104.014750,1,1.301818,0.053378,-1.432274,0.020142,-0.453847,-0.043351,0.889797
509,1785980940787509662,2,607,234,0.385502,0.937500,169,85.313899,8.904817,0,0,0,0,0,0,0.000000,94.218716,105.863514,1,1.331039,0.051801,-1.397135,0.020335,-0.466434,-0.043871,0.883233
510,1785980940877511328,2,604,215,0.355960,0.854167,133,82.334543,8.357231,0,0,0,0,0,0,0.000000,90.691774,105.260634,1,1.362471,0.049835,-1.353385,0.020145,-0.480644,-0.043417,0.875609
511,1785980940967508662,2,603,202,0.334992,0.833333,110,81.578454,7.855601,0,0,0,0,0,0,0.000000,89.434055,101.483647,1,1.393944,0.044834,-1.307883,0.019875,-0.495582,-0.044716,0.867181
512,1785980941057515078,2,605,216,0.357025,0.875000,162,83.587886,8.403106,0,0,0,0,0,0,0.000000,91.990992,103.330703,1,1.425154,0.040005,-1.262293,0.019456,-0.510332,-0.044195,0.858621
513,1785980941147513287,2,605,214,0.353719,0.854167,121,81.678704,8.063103,0,0,0,0,0,0,0.000000,89.741807,103.478120,1,1.450948,0.036635,-1.220286,0.019889,-0.523421,-0.045750,0.850613
514,1785980941237512662,2,607,203,0.334432,0.833333,110,82.770337,7.839434,0,0,0,0,0,0,0.000000,90.609771,104.445876,1,1.471505,0.034309,-1.183932,0.020331,-0.534483,-0.046780,0.843639
515,1785980941327512954,2,608,230,0.378289,0.875000,184,85.513358,8.588815,0,0,0,0,0,0,0.000000,94.102173,106.549601,1,1.494664,0.034350,-1.141659,0.021448,-0.547182,-0.047597,0.835384
516,1785980941417512120,2,609,235,0.385879,0.895833,119,81.357577,8.889234,0,0,0,0,0,0,0.000000,90.246811,103.754371,1,1.525822,0.036094,-1.083884,0.023169,-0.564384,-0.045803,0.823915
517,1785980941507512912,2,602,211,0.350498,0.854167,103,82.318709,8.226313,0,0,0,0,0,0,0.000000,90.545022,102.383236,1,1.560123,0.040533,-1.008909,0.025889,-0.585653,-0.044661,0.808917
518,1785980941597515037,2,605,213,0.352066,0.833333,89,83.973055,8.309021,0,0,0,0,0,0,0.000000,92.282076,103.705038,1,1.586794,0.040733,-0.941131,0.026648,-0.603759,-0.043133,0.795553
519,1785980941687514287,2,607,215,0.354201,0.812500,144,81.075408,8.229354,0,0,0,0,0,0,0.000000,89.304762,100.737640,1,1.594755,0.041304,-0.918965,0.026825,-0.609536,-0.042039,0.791189
520,1785980941777515287,2,604,208,0.344371,0.854167,121,86.847950,7.930101,0,0,0,0,0,0,0.000000,94.778051,109.295621,1,1.602919,0.041297,-0.901445,0.026822,-0.613805,-0.041705,0.787899
521,1785980941867515954,2,607,208,0.342669,0.833333,129,82.311874,8.340647,0,0,0,0,0,0,0.000000,90.652521,105.154964,1,1.610816,0.042138,-0.879867,0.027196,-0.619326,-0.040790,0.783602
522,1785980941957515745,2,607,216,0.355848,0.875000,119,87.515914,8.251396,0,0,0,0,0,0,0.000000,95.767310,110.155919,1,1.620414,0.041942,-0.846851,0.026914,-0.627251,-0.039772,0.777335
523,1785980942047516371,2,608,209,0.343750,0.854167,96,84.603100,7.859643,0,0,0,0,0,0,0.000000,92.462743,103.919497,1,1.633198,0.041470,-0.798925,0.026695,-0.638901,-0.038111,0.767881
524,1785980942137516287,2,607,212,0.349259,0.770833,85,81.942997,8.110770,0,0,0,0,0,0,0.000000,90.053767,100.438054,1,1.648253,0.041482,-0.735759,0.027377,-0.653987,-0.037453,0.755082
525,1785980942227516579,2,608,223,0.366776,0.791667,135,81.484450,8.303979,0,0,0,0,0,0,0.000000,89.788429,99.578254,1,1.660818,0.040244,-0.674111,0.027388,-0.668177,-0.036162,0.742618
526,1785980942317519246,2,608,229,0.376645,0.854167,102,81.351616,8.736441,0,0,0,0,0,0,0.000000,90.088057,102.032232,1,1.666995,0.036236,-0.635017,0.026901,-0.677282,-0.036600,0.734320
527,1785980942407513287,2,604,223,0.369205,0.854167,95,79.858980,8.350313,0,0,0,0,0,0,0.000000,88.209293,99.425878,1,1.671076,0.032343,-0.597724,0.026618,-0.685851,-0.036734,0.726327
528,1785980942497516621,2,606,217,0.358086,0.791667,89,79.201892,8.227688,0,0,0,0,0,0,0.000000,87.429580,98.291536,1,1.676142,0.029907,-0.550325,0.027483,-0.696392,-0.038352,0.716109
529,1785980942587517371,2,607,218,0.359143,0.833333,75,79.266184,8.420939,0,0,0,0,0,0,0.000000,87.687123,97.328279,1,1.680163,0.028058,-0.506329,0.027956,-0.706125,-0.038341,0.706496
530,1785980942677520246,2,608,208,0.342105,0.770833,74,77.683505,8.029394,0,0,0,0,0,0,0.000000,85.712899,95.318013,1,1.682025,0.029168,-0.473577,0.028425,-0.712982,-0.038425,0.699551
531,1785980942767518454,2,606,194,0.320132,0.770833,79,78.899347,7.650516,0,0,0,0,0,0,0.000000,86.549863,96.726566,1,1.684195,0.026306,-0.425625,0.027986,-0.723160,-0.038095,0.689062
532,1785980942857517163,2,604,221,0.365894,0.770833,70,78.003799,8.364647,0,0,0,0,0,0,0.000000,86.368446,96.626773,1,1.684963,0.026448,-0.371629,0.028010,-0.734783,-0.036580,0.676736
533,1785980942947518454,2,606,190,0.313531,0.791667,133,78.343968,7.422598,0,0,0,0,0,0,0.000000,85.766566,95.288388,1,1.683407,0.026830,-0.322369,0.028270,-0.745679,-0.036039,0.664729
534,1785980943037518746,2,603,207,0.343284,0.729167,88,77.725838,8.073269,0,0,0,0,0,0,0.000000,85.799107,96.810691,1,1.682837,0.032554,-0.285215,0.027460,-0.756222,-0.030919,0.653007
535,1785980943127520163,2,604,222,0.367550,0.770833,144,77.408961,8.386189,0,0,0,0,0,0,0.000000,85.795150,95.769516,1,1.681673,0.027691,-0.270837,0.029275,-0.764598,-0.034565,0.642913
536,1785980943217517913,2,603,223,0.369818,0.750000,104,77.753505,8.506814,0,0,0,0,0,0,0.000000,86.260319,99.139125,1,1.678333,0.026717,-0.254559,0.030918,-0.774461,-0.035687,0.630858
537,1785980943307518454,2,609,208,0.341544,0.812500,76,79.607061,7.968560,0,0,0,0,0,0,0.000000,87.575621,97.678530,1,1.673802,0.008208,-0.247925,0.031703,-0.783304,-0.044568,0.619228
538,1785980943397520163,2,604,213,0.352649,0.833333,127,80.757527,8.198603,0,0,0,0,0,0,0.000000,88.956130,98.058241,1,1.674166,0.008217,-0.275372,0.036456,-0.784684,-0.052560,0.616587
539,1785980943487523913,2,603,205,0.339967,0.812500,91,82.918710,8.014686,0,0,0,0,0,0,0.000000,90.933396,101.575434,1,1.672769,-0.009020,-0.333780,0.038053,-0.780953,-0.066137,0.619912
540,1785980943577522080,2,604,198,0.327815,0.854167,69,82.335914,7.874560,0,0,0,0,0,0,0.000000,90.210474,100.004505,1,1.676214,-0.006198,-0.372689,0.041864,-0.780385,-0.072462,0.619673
541,1785980943667522330,2,604,199,0.329470,0.812500,72,82.444082,7.817267,0,0,0,0,0,0,0.000000,90.261349,100.269675,1,1.683329,0.013426,-0.401222,0.045380,-0.781090,-0.069805,0.618842
542,1785980943757525121,2,605,177,0.292562,0.791667,138,83.181294,7.296931,0,0,0,0,0,0,0.000000,90.478225,100.571259,1,1.687366,0.037798,-0.447180,0.051336,-0.778271,-0.068817,0.622031
543,1785980943847524580,2,608,184,0.302632,0.812500,98,83.229962,7.359097,0,0,0,0,0,0,0.000000,90.589059,102.751484,1,1.689829,0.036892,-0.482851,0.046974,-0.777728,-0.065048,0.623459
544,1785980943937523955,2,606,190,0.313531,0.791667,79,81.014737,7.295096,0,0,0,0,0,0,0.000000,88.309833,98.237200,1,1.690166,0.027669,-0.528282,0.039952,-0.775869,-0.060444,0.626720
545,1785980944027525913,2,605,200,0.330579,0.812500,76,81.587825,7.651391,0,0,0,0,0,0,0.000000,89.239216,99.080456,1,1.692666,0.028901,-0.562330,0.036438,-0.775343,-0.055314,0.628057
546,1785980944117526663,2,606,213,0.351485,0.854167,143,82.028578,8.080477,0,0,0,0,0,0,0.000000,90.109055,100.583592,1,1.691474,0.014550,-0.608265,0.026548,-0.772104,-0.045971,0.633275
547,1785980944207526788,2,609,196,0.321839,0.791667,98,77.910046,7.960268,0,0,0,0,0,0,0.000000,85.870314,97.909614,1,1.692656,-0.009371,-0.630917,0.014394,-0.773410,-0.039085,0.632537
548,1785980944297527288,2,606,207,0.341584,0.770833,97,77.386375,7.952310,0,0,0,0,0,0,0.000000,85.338685,96.810896,1,1.689978,-0.042679,-0.653491,0.000068,-0.774022,-0.033161,0.632290
549,1785980944387528288,2,604,214,0.354305,0.750000,83,75.339109,8.160729,0,0,0,0,0,0,0.000000,83.499838,94.234627,1,1.693569,-0.052049,-0.666041,-0.007004,-0.776758,-0.026346,0.629209
550,1785980944477528872,2,606,209,0.344884,0.750000,68,72.499630,8.231812,0,0,0,0,0,0,0.000000,80.731442,90.528724,1,1.693089,-0.086855,-0.685980,-0.020331,-0.777753,-0.021364,0.627878
551,1785980944567528205,2,604,241,0.399007,0.770833,169,73.036426,9.087277,0,0,0,0,0,0,0.000000,82.123703,92.588656,1,1.700365,-0.069560,-0.707806,-0.017452,-0.779856,-0.016322,0.625502
552,1785980944657529997,2,605,187,0.309091,0.729167,128,73.273302,7.414930,0,0,0,0,0,0,0.000000,80.688232,95.530554,1,1.706401,-0.062141,-0.735213,-0.014434,-0.781333,-0.018054,0.623686
553,1785980944747528830,2,604,223,0.369205,0.791667,117,73.970557,8.295062,0,0,0,0,0,0,0.000000,82.265619,95.007507,1,1.710814,-0.055627,-0.767755,-0.012215,-0.782084,-0.019692,0.622743
554,1785980944837529205,2,603,204,0.338308,0.729167,109,72.976175,8.081936,0,0,0,0,0,0,0.000000,81.058111,93.033325,1,1.714548,-0.042407,-0.805726,-0.007643,-0.781820,-0.023344,0.623020
555,1785980944927531497,2,605,227,0.375207,0.770833,93,74.009016,8.658732,0,0,0,0,0,0,0.000000,82.667748,94.396294,1,1.721143,-0.031107,-0.836467,-0.004224,-0.782740,-0.023998,0.621872
556,1785980945017532122,2,604,198,0.327815,0.770833,149,74.060849,8.010602,0,0,0,0,0,0,0.000000,82.071451,93.057409,1,1.720396,-0.027003,-0.868792,-0.002741,-0.782922,-0.028222,0.621474
557,1785980945107532372,2,605,206,0.340496,0.812500,107,75.091316,7.990852,0,0,0,0,0,0,0.000000,83.082168,96.310350,1,1.726541,-0.004476,-0.905915,0.005949,-0.783024,-0.037113,0.620854
558,1785980945197531872,2,606,210,0.346535,0.812500,106,75.805404,7.937018,0,0,0,0,0,0,0.000000,83.742422,96.585518,1,1.726682,-0.005785,-0.944654,0.005966,-0.783049,-0.040491,0.620612
559,1785980945287531247,2,608,214,0.351974,0.750000,93,80.873442,8.176770,0,0,0,0,0,0,0.000000,89.050212,101.069510,1,1.730054,-0.003604,-0.978809,0.005394,-0.782783,-0.041320,0.620898
560,1785980945377531164,2,608,209,0.343750,0.833333,83,74.651645,8.182436,0,0,0,0,0,0,0.000000,82.834081,93.883997,1,1.728102,-0.008403,-1.017406,0.003762,-0.781816,-0.043390,0.621987
561,1785980945467533872,2,605,247,0.408264,0.791667,162,74.215808,9.312237,0,0,0,0,0,0,0.000000,83.528045,94.567420,1,1.736448,-0.007024,-1.038847,0.002229,-0.784241,-0.036469,0.619380
562,1785980945557531831,2,608,234,0.384868,0.812500,130,72.978049,8.781399,0,0,0,0,0,0,0.000000,81.759448,96.304891,1,1.738886,-0.009491,-1.072203,0.001362,-0.784533,-0.036137,0.619032
563,1785980945647531081,2,606,237,0.391089,0.812500,119,74.048098,9.061318,0,0,0,0,0,0,0.000000,83.109416,96.745977,1,1.745901,-0.004165,-1.100716,0.002512,-0.785569,-0.037739,0.617617
564,1785980945737534872,2,607,221,0.364086,0.770833,110,74.178974,8.364563,0,0,0,0,0,0,0.000000,82.543537,96.225097,1,1.743703,-0.022975,-1.138616,-0.002245,-0.784983,-0.039471,0.618255
565,1785980945827531456,2,608,224,0.368421,0.812500,96,72.351960,8.665482,0,0,0,0,0,0,0.000000,81.017442,92.500737,1,1.746748,-0.018161,-1.170290,-0.002302,-0.785063,-0.037530,0.618273
566,1785980945917534831,2,608,209,0.343750,0.833333,99,73.432551,8.194020,0,0,0,0,0,0,0.000000,81.626571,93.071782,1,1.747750,-0.018279,-1.205140,-0.003123,-0.784555,-0.039052,0.618821
567,1785980946007532622,2,603,217,0.359867,0.875000,78,72.949881,8.684232,0,0,0,0,0,0,0.000000,81.634113,92.447694,1,1.754027,-0.000447,-1.237091,0.002105,-0.785675,-0.042803,0.617153
568,1785980946097537122,2,607,217,0.357496,0.854167,166,75.677235,8.403188,0,0,0,0,0,0,0.000000,84.080423,96.262890,1,1.759354,0.012398,-1.275530,0.005812,-0.785355,-0.047423,0.617200
569,1785980946187534956,2,604,217,0.359272,0.812500,121,76.926952,8.509897,0,0,0,0,0,0,0.000000,85.436849,99.688374,1,1.767652,0.044170,-1.305108,0.012922,-0.785892,-0.047668,0.616388
570,1785980946277535206,2,607,187,0.308072,0.812500,87,77.005160,7.560265,0,0,0,0,0,0,0.000000,84.565425,96.069054,1,1.769179,0.077823,-1.346627,0.021810,-0.784755,-0.057511,0.616747
571,1785980946367534539,2,606,186,0.306931,0.812500,78,77.562374,7.478806,0,0,0,0,0,0,0.000000,85.041180,95.642342,1,1.770608,0.079237,-1.385285,0.022083,-0.784506,-0.065606,0.616245
572,1785980946457536331,2,607,195,0.321252,0.812500,78,78.090420,7.709891,0,0,0,0,0,0,0.000000,85.800311,95.751760,1,1.768457,0.072826,-1.425602,0.019913,-0.783544,-0.071443,0.616895
573,1785980946547541081,2,605,183,0.302479,0.770833,72,78.010835,7.248555,0,0,0,0,0,0,0.000000,85.259390,95.587884,1,1.771619,0.070141,-1.458103,0.019362,-0.784192,-0.074670,0.615705
574,1785980946637535748,2,606,190,0.313531,0.791667,155,78.517922,7.640266,0,0,0,0,0,0,0.000000,86.158188,97.150562,1,1.778729,0.079593,-1.488277,0.021405,-0.785341,-0.078470,0.613696
575,1785980946727537414,2,605,188,0.310744,0.812500,122,76.786616,7.031261,0,0,0,0,0,0,0.000000,83.817877,97.817608,1,1.788369,0.077505,-1.509815,0.020080,-0.787087,-0.076248,0.611782
576,1785980946817540039,2,606,206,0.339934,0.770833,176,75.745484,7.954226,0,0,0,0,0,0,0.000000,83.699710,96.433972,1,1.787650,0.071577,-1.543365,0.017693,-0.786773,-0.071499,0.612833
577,1785980946907538123,2,607,186,0.306425,0.750000,131,73.829970,6.847801,0,0,0,0,0,0,0.000000,80.677771,95.071712,1,1.792233,0.077395,-1.575234,0.018366,-0.786946,-0.065662,0.613243
578,1785980946997537706,2,605,205,0.338843,0.854167,110,78.878215,8.006643,0,0,0,0,0,0,0.000000,86.884858,100.854838,1,1.786240,0.073353,-1.615659,0.016539,-0.785186,-0.065689,0.615544
579,1785980947087538165,2,604,217,0.359272,0.854167,180,75.788109,8.286729,0,0,0,0,0,0,0.000000,84.074838,97.576231,1,1.795020,0.057533,-1.640968,0.012493,-0.787041,-0.062049,0.613645
580,1785980947177537373,2,605,191,0.315702,0.791667,125,72.605044,6.949594,0,0,0,0,0,0,0.000000,79.554638,94.382415,1,1.798142,0.024091,-1.668395,0.004715,-0.788186,-0.059842,0.612502
581,1785980947267539581,2,604,198,0.327815,0.791667,105,73.672092,7.784267,0,0,0,0,0,0,0.000000,81.456359,94.370290,1,1.808620,0.015122,-1.684671,0.002118,-0.790465,-0.054995,0.610029
582,1785980947357540373,2,604,229,0.379139,0.750000,103,78.615797,8.777024,0,0,0,0,0,0,0.000000,87.392821,100.555085,1,1.818038,0.029857,-1.712195,0.005012,-0.791104,-0.050560,0.609568
583,1785980947447542290,2,603,214,0.354892,0.729167,93,73.950303,8.169937,0,0,0,0,0,0,0.000000,82.120240,94.037120,1,1.822438,0.026042,-1.745963,0.004239,-0.791681,-0.050220,0.608852
584,1785980947537542040,2,602,208,0.345515,0.729167,95,74.148263,7.994685,0,0,0,0,0,0,0.000000,82.142948,93.956620,1,1.827898,0.044115,-1.775736,0.007366,-0.792197,-0.049250,0.608230
585,1785980947627541332,2,604,180,0.298013,0.770833,154,73.625301,7.181387,0,0,0,0,0,0,0.000000,80.806688,93.664909,1,1.840785,0.045218,-1.800293,0.007660,-0.794048,-0.045787,0.606080
586,1785980947717540332,2,605,223,0.368595,0.812500,126,69.382769,8.003226,0,0,0,0,0,0,0.000000,77.385995,92.388107,1,1.851545,0.052528,-1.824443,0.008910,-0.795461,-0.043213,0.604397
587,1785980947807541623,2,604,208,0.344371,0.750000,111,73.039004,8.268895,0,0,0,0,0,0,0.000000,81.307899,94.545624,1,1.865354,0.062545,-1.845479,0.010972,-0.797204,-0.036067,0.602532
588,1785980947897543082,2,607,238,0.392092,0.791667,105,72.172206,8.991817,0,0,0,0,0,0,0.000000,81.164023,93.151404,1,1.872252,0.064355,-1.873248,0.010823,-0.797847,-0.031109,0.601960
589,1785980947987547373,2,604,204,0.337748,0.770833,99,72.233831,8.169436,0,0,0,0,0,0,0.000000,80.403267,93.426281,1,1.880732,0.061781,-1.902730,0.010260,-0.798941,-0.029804,0.600582
590,1785980948077541373,2,606,216,0.356436,0.791667,91,71.130406,8.650606,0,0,0,0,0,0,0.000000,79.781012,91.186598,1,1.888969,0.009989,-1.927133,0.000394,-0.800474,-0.026402,0.598785
591,1785980948167540665,2,607,216,0.355848,0.791667,148,72.310249,8.375854,0,0,0,0,0,0,0.000000,80.686103,90.410217,1,1.896585,0.065628,-1.955173,0.011324,-0.800145,-0.031062,0.598895
592,1785980948257544915,2,607,215,0.354201,0.812500,106,71.334324,8.047644,0,0,0,0,0,0,0.000000,79.381968,92.422231,1,1.913519,0.122597,-1.981976,0.022004,-0.801819,-0.038930,0.595892
593,1785980948347545249,2,604,207,0.342715,0.750000,90,74.434764,7.959726,0,0,0,0,0,0,0.000000,82.394490,93.572781,1,1.928348,0.153310,-2.013786,0.028270,-0.803414,-0.037432,0.593571
594,1785980948437543040,2,602,217,0.360465,0.833333,179,73.464799,8.292645,0,0,0,0,0,0,0.000000,81.757444,94.400704,1,1.927605,0.166134,-2.050060,0.030366,-0.802577,-0.033774,0.594817
595,1785980948527545165,2,605,216,0.357025,0.729167,134,75.106894,7.803850,0,0,0,0,0,0,0.000000,82.910744,99.566701,1,1.946775,0.183116,-2.066283,0.034171,-0.805025,-0.026700,0.591655
596,1785980948617544790,2,608,209,0.343750,0.750000,112,72.606917,7.914810,0,0,0,0,0,0,0.000000,80.521727,93.530240,1,1.963488,0.180678,-2.085238,0.033195,-0.807210,-0.023587,0.588858
597,1785980948707545957,2,605,219,0.361983,0.750000,100,71.008988,8.412688,0,0,0,0,0,0,0.000000,79.421676,91.863227,1,1.963313,0.185945,-2.120703,0.034286,-0.806561,-0.017942,0.589883
598,1785980948797544999,2,602,229,0.380399,0.791667,173,69.908396,8.781940,0,0,0,0,0,0,0.000000,78.690336,90.814719,1,1.955691,0.179634,-2.160695,0.032768,-0.805040,-0.016696,0.592079
599,1785980948887544290,2,601,228,0.379368,0.833333,125,68.848638,8.213228,0,0,0,0,0,0,0.000000,77.061866,92.434689,1,1.957972,0.172968,-2.196083,0.031673,-0.804869,-0.014424,0.592431
600,1785980948977549415,2,602,222,0.368771,0.791667,119,71.565700,8.647856,0,0,0,0,0,0,0.000000,80.213556,94.678039,1,1.951815,0.157962,-2.239790,0.028732,-0.803598,-0.016887,0.594239
601,1785980949067548707,2,604,195,0.322848,0.770833,102,74.211095,7.845558,0,0,0,0,0,0,0.000000,82.056653,95.003833,1,1.958999,0.186177,-2.272601,0.032729,-0.803785,-0.020434,0.593667
602,1785980949157546749,2,604,189,0.312914,0.666667,97,73.127420,7.588556,0,0,0,0,0,0,0.000000,80.715976,92.929651,1,1.960317,0.237708,-2.308939,0.040591,-0.803129,-0.027475,0.593786
603,1785980949247548291,2,609,211,0.346470,0.708333,102,75.716647,8.183603,0,0,0,0,0,0,0.000000,83.900250,95.914339,1,1.961747,0.270062,-2.346037,0.046148,-0.802507,-0.026939,0.594244
604,1785980949337548207,2,606,213,0.351485,0.729167,89,76.277110,8.306353,0,0,0,0,0,0,0.000000,84.583463,96.252883,1,1.950454,0.286795,-2.388830,0.047407,-0.800572,-0.029465,0.596631
605,1785980949427550749,2,606,216,0.356436,0.770833,83,76.168483,8.383396,0,0,0,0,0,0,0.000000,84.551879,96.210758,1,1.951725,0.294067,-2.430591,0.046698,-0.799917,-0.035587,0.597232
606,1785980949517550916,2,607,229,0.377265,0.750000,88,76.499611,8.639731,0,0,0,0,0,0,0.000000,85.139342,96.365676,1,1.932959,0.283194,-2.482796,0.044686,-0.797087,-0.031691,0.601374
607,1785980949607548791,2,603,208,0.344942,0.750000,162,76.453694,8.137019,0,0,0,0,0,0,0.000000,84.590713,96.624052,1,1.915478,0.258336,-2.529325,0.039178,-0.794708,-0.037130,0.604587
608,1785980949697550791,2,606,215,0.354785,0.791667,118,71.877285,7.716182,0,0,0,0,0,0,0.000000,79.593467,93.222360,1,1.899910,0.202121,-2.575332,0.029316,-0.792928,-0.033714,0.607675
609,1785980949787549874,2,608,212,0.348684,0.750000,103,75.633312,8.122310,0,0,0,0,0,0,0.000000,83.755622,96.036798,1,1.889583,0.180162,-2.621875,0.023825,-0.791757,-0.038564,0.609152
610,1785980949877552124,2,607,222,0.365733,0.770833,102,73.478421,8.532647,0,0,0,0,0,0,0.000000,82.011068,94.845997,1,1.880452,0.146897,-2.671632,0.019561,-0.789756,-0.033551,0.612191
611,1785980949967552541,2,604,223,0.369205,0.812500,84,73.432713,8.532771,0,0,0,0,0,0,0.000000,81.965484,93.709530,1,1.864815,0.133499,-2.717976,0.015670,-0.787918,-0.038784,0.614358
612,1785980950057550874,2,606,228,0.376238,0.770833,83,74.940682,8.533689,0,0,0,0,0,0,0.000000,83.474371,94.651328,1,1.857962,0.119104,-2.759463,0.012074,-0.786697,-0.042823,0.615734
613,1785980950147551624,2,607,217,0.357496,0.812500,82,76.699404,8.303520,0,0,0,0,0,0,0.000000,85.002924,96.236757,1,1.857910,0.147770,-2.791096,0.013755,-0.786688,-0.053345,0.614887
614,1785980950237552083,2,603,211,0.349917,0.770833,77,76.177191,7.943850,0,0,0,0,0,0,0.000000,84.121041,95.270624,1,1.852723,0.179128,-2.838094,0.014771,-0.784910,-0.067156,0.615783
615,1785980950327553333,2,607,209,0.344316,0.812500,139,83.499120,8.448480,0,0,0,0,0,0,0.000000,91.947600,103.193308,1,1.844704,0.190562,-2.882574,0.013828,-0.783727,-0.075662,0.616325
616,1785980950417553291,2,605,222,0.366942,0.791667,100,75.085933,7.992601,0,0,0,0,0,0,0.000000,83.078534,97.868060,1,1.853603,0.202963,-2.909677,0.014865,-0.784487,-0.077317,0.615128
617,1785980950507553166,2,604,213,0.352649,0.812500,98,77.636368,8.072101,0,0,0,0,0,0,0.000000,85.708469,98.395938,1,1.878910,0.150590,-2.922261,0.007120,-0.787866,-0.074528,0.611279
618,1785980950597554250,2,604,222,0.367550,0.791667,92,75.388476,8.656939,0,0,0,0,0,0,0.000000,84.045415,95.983338,1,1.890343,0.118722,-2.946269,0.002297,-0.789474,-0.071773,0.609569
619,1785980950687553750,2,604,218,0.360927,0.770833,77,78.686251,8.419896,0,0,0,0,0,0,0.000000,87.106147,98.762983,1,1.911288,0.096028,-2.965142,-0.000615,-0.791947,-0.069362,0.606637
620,1785980950777556916,2,602,213,0.353821,0.791667,72,74.683179,8.386354,0,0,0,0,0,0,0.000000,83.069533,94.077781,1,1.955140,0.113705,-2.967408,0.002546,-0.796501,-0.067089,0.600899
621,1785980950867561291,2,603,227,0.376451,0.791667,76,74.866597,8.774690,0,0,0,0,0,0,0.000000,83.641287,94.707786,1,1.979973,0.084210,-2.981953,-0.000404,-0.799782,-0.062108,0.597069
622,1785980950957554250,2,606,210,0.346535,0.791667,73,75.216058,8.190478,0,0,0,0,0,0,0.000000,83.406536,94.114865,1,2.022982,0.098558,-2.993172,0.004457,-0.803934,-0.054172,0.592230
623,1785980951047555375,2,605,224,0.370248,0.812500,67,75.511977,8.423605,0,0,0,0,0,0,0.000000,83.935582,94.716285,1,2.063586,0.137001,-3.001911,0.012656,-0.807896,-0.048291,0.587206
624,1785980951137556917,2,603,246,0.407960,0.854167,73,74.367218,9.217235,0,0,0,0,0,0,0.000000,83.584453,94.233407,1,2.093886,0.077051,-3.015409,0.008342,-0.811246,-0.034923,0.583602
625,1785980951227556875,2,604,223,0.369205,0.750000,142,73.382127,8.643855,0,0,0,0,0,0,0.000000,82.025982,93.211815,1,2.112464,0.101503,-3.033361,0.014119,-0.812954,-0.028671,0.581450
626,1785980951317559417,2,605,221,0.365289,0.770833,114,73.563295,8.162435,0,0,0,0,0,0,0.000000,81.725730,97.127969,1,2.132886,0.152884,-3.058024,0.022987,-0.814240,-0.025194,0.579525
627,1785980951407556417,2,604,221,0.365894,0.750000,101,72.817414,8.432687,0,0,0,0,0,0,0.000000,81.250101,93.763986,1,2.132967,0.158049,-3.101086,0.024679,-0.813947,-0.022012,0.579998
628,1785980951497558708,2,605,229,0.378512,0.770833,90,76.258315,8.858816,0,0,0,0,0,0,0.000000,85.117131,97.164761,1,2.085107,0.124873,-3.167457,0.018433,-0.809089,-0.024107,0.586901
629,1785980951587556417,2,606,240,0.396040,0.812500,83,75.409933,9.190568,0,0,0,0,0,0,0.000000,84.600501,96.720758,1,2.072640,0.094136,-3.206922,0.012575,-0.807965,-0.027187,0.588468
630,1785980951677559833,2,605,217,0.358678,0.812500,74,74.484094,8.153352,0,0,0,0,0,0,0.000000,82.637446,93.389400,1,2.070343,0.124128,-3.248052,0.014416,-0.807262,-0.034303,0.589019
631,1785980951767559333,2,606,214,0.353135,0.750000,68,75.031513,8.089477,0,0,0,0,0,0,0.000000,83.120990,93.882862,1,2.082154,0.174454,-3.280599,0.020098,-0.807744,-0.038566,0.587927
632,1785980951857560459,2,607,221,0.364086,0.750000,144,77.186529,8.473938,0,0,0,0,0,0,0.000000,85.660467,96.444339,1,2.090567,0.282241,-3.311132,0.031977,-0.806704,-0.044213,0.588431
633,1785980951947559584,2,608,225,0.370066,0.791667,100,73.695086,7.976309,0,0,0,0,0,0,0.000000,81.671395,95.965919,1,2.089889,0.316335,-3.347294,0.036075,-0.806078,-0.045834,0.588928
634,1785980952037560542,2,607,226,0.372323,0.833333,92,76.702651,8.644523,0,0,0,0,0,0,0.000000,85.347174,97.494679,1,2.082604,0.335788,-3.390450,0.038472,-0.805542,-0.047336,0.589390
635,1785980952127559709,2,607,210,0.345964,0.833333,77,77.123487,8.050935,0,0,0,0,0,0,0.000000,85.174422,95.827833,1,2.095643,0.370716,-3.417548,0.044962,-0.806299,-0.041838,0.588310
636,1785980952217558792,2,603,211,0.349917,0.812500,65,75.981561,8.016893,0,0,0,0,0,0,0.000000,83.998454,94.353572,1,2.097891,0.389647,-3.453588,0.049863,-0.805943,-0.035285,0.588833
637,1785980952307560334,2,605,209,0.345455,0.770833,64,77.203070,8.009559,0,0,0,0,0,0,0.000000,85.212629,94.444156,1,2.101124,0.428250,-3.486367,0.056399,-0.805716,-0.031316,0.588778
638,1785980952397562167,2,603,215,0.356551,0.791667,67,78.526997,8.264936,0,0,0,0,0,0,0.000000,86.791933,97.872890,1,2.092818,0.426536,-3.528536,0.057188,-0.804768,-0.028418,0.590145
639,1785980952487562751,2,604,217,0.359272,0.791667,65,78.318662,8.267853,0,0,0,0,0,0,0.000000,86.586515,97.128801,1,2.073966,0.381021,-3.583861,0.051436,-0.802557,-0.026989,0.593741
640,1785980952577564167,2,606,212,0.349835,0.854167,65,78.184245,8.100268,0,0,0,0,0,0,0.000000,86.284513,96.763549,1,2.057768,0.380531,-3.622303,0.050006,-0.801193,-0.027928,0.595659
641,1785980952667563042,2,605,221,0.365289,0.833333,60,77.843533,8.613897,0,0,0,0,0,0,0.000000,86.457430,96.449379,1,2.050388,0.325489,-3.667797,0.043986,-0.800235,-0.024067,0.597587
642,1785980952757562084,2,607,194,0.319605,0.791667,69,74.621800,7.893808,0,0,0,0,0,0,0.000000,82.515608,92.922978,1,2.042765,0.287391,-3.709576,0.039889,-0.799472,-0.020846,0.599015
643,1785980952847563042,2,603,243,0.402985,0.770833,141,75.765101,9.046983,0,0,0,0,0,0,0.000000,84.812084,95.268161,1,2.015846,0.238633,-3.760871,0.030584,-0.797307,-0.026981,0.602195
644,1785980952937565792,2,603,228,0.378109,0.875000,94,73.339624,8.756607,0,0,0,0,0,0,0.000000,82.096231,94.416947,1,2.007472,0.231123,-3.821828,0.027849,-0.796316,-0.033385,0.603317
645,1785980953027564917,2,604,228,0.377483,0.833333,73,75.320805,8.629480,0,0,0,0,0,0,0.000000,83.950285,95.396495,1,2.000020,0.210377,-3.862840,0.024620,-0.795600,-0.034027,0.604365
646,1785980953117563792,2,604,217,0.359272,0.791667,73,75.444015,8.294062,0,0,0,0,0,0,0.000000,83.738077,94.443863,1,2.005153,0.226472,-3.894389,0.026284,-0.795766,-0.034817,0.604031
647,1785980953207564709,2,606,226,0.372937,0.833333,60,76.140311,8.737440,0,0,0,0,0,0,0.000000,84.877751,95.165035,1,1.988630,0.218550,-3.941997,0.025438,-0.794132,-0.034541,0.606230
648,1785980953297565459,2,604,221,0.365894,0.854167,139,76.349021,8.551021,0,0,0,0,0,0,0.000000,84.900042,95.672121,1,1.996283,0.289210,-3.969943,0.030131,-0.794388,-0.043354,0.605112
649,1785980953387567001,2,605,209,0.345455,0.791667,90,71.896279,8.020518,0,0,0,0,0,0,0.000000,79.916797,92.517390,1,1.973376,0.327176,-4.016826,0.030067,-0.792274,-0.052274,0.607179
650,1785980953477567251,2,607,227,0.373970,0.833333,168,76.449772,8.795065,0,0,0,0,0,0,0.000000,85.244837,98.595518,1,2.001006,0.323223,-4.038871,0.028307,-0.794286,-0.054158,0.604463
651,1785980953567568043,2,603,218,0.361526,0.791667,109,78.817373,7.865725,0,0,0,0,0,0,0.000000,86.683098,102.059710,1,2.028857,0.377557,-4.059427,0.033378,-0.795918,-0.057907,0.601704
652,1785980953657568168,2,607,225,0.370675,0.875000,98,78.389827,8.515146,0,0,0,0,0,0,0.000000,86.904973,100.712158,1,2.029620,0.457885,-4.093340,0.040272,-0.795305,-0.063727,0.601504
653,1785980953747566001,2,604,239,0.395695,0.833333,159,77.123984,8.956983,0,0,0,0,0,0,0.000000,86.080967,98.679476,1,2.057681,0.492292,-4.112483,0.041769,-0.796970,-0.068881,0.598623
654,1785980953837570001,2,605,228,0.376860,0.791667,113,74.883177,8.758481,0,0,0,0,0,0,0.000000,83.641658,98.239973,1,2.078794,0.502047,-4.135767,0.044890,-0.798630,-0.063725,0.596754
655,1785980953927568460,2,605,212,0.350413,0.770833,94,77.878989,8.034517,0,0,0,0,0,0,0.000000,85.913506,98.849103,1,2.106727,0.455432,-4.157422,0.042717,-0.801061,-0.055324,0.594488
656,1785980954017568126,2,607,223,0.367381,0.812500,164,77.283986,8.580105,0,0,0,0,0,0,0.000000,85.864091,98.205806,1,2.138505,0.436058,-4.177968,0.044069,-0.803413,-0.047307,0.591901
657,1785980954107568835,2,605,212,0.350413,0.791667,118,73.584375,7.652265,0,0,0,0,0,0,0.000000,81.236640,97.912137,1,2.128644,0.395090,-4.220388,0.040289,-0.802712,-0.043780,0.593391
658,1785980954197567793,2,604,230,0.380795,0.833333,111,76.517188,8.552646,0,0,0,0,0,0,0.000000,85.069834,99.920985,1,2.146121,0.390204,-4.246540,0.039998,-0.803747,-0.042275,0.592118
659,1785980954287567168,2,606,207,0.341584,0.812500,98,75.397804,7.942683,0,0,0,0,0,0,0.000000,83.340487,96.612710,1,2.166822,0.349864,-4.274066,0.037785,-0.805320,-0.036391,0.590515
660,1785980954377567960,2,606,207,0.341584,0.791667,164,75.133928,8.275852,0,0,0,0,0,0,0.000000,83.409780,96.846170,1,2.178103,0.275985,-4.306178,0.028799,-0.806323,-0.036672,0.589634
661,1785980954467571335,2,605,223,0.368595,0.833333,117,74.587340,8.240311,0,0,0,0,0,0,0.000000,82.827651,98.773517,1,2.186115,0.329796,-4.335872,0.034290,-0.806416,-0.038477,0.589099
662,1785980954557569585,2,606,213,0.351485,0.812500,107,75.943600,8.326603,0,0,0,0,0,0,0.000000,84.270203,98.158847,1,2.206727,0.360518,-4.362225,0.037464,-0.807568,-0.038996,0.587291
663,1785980954647571127,2,608,216,0.355263,0.812500,98,76.332270,8.595730,0,0,0,0,0,0,0.000000,84.928000,98.195180,1,2.208498,0.404000,-4.389815,0.041525,-0.807310,-0.040709,0.587255
664,1785980954737570877,2,606,248,0.409241,0.833333,95,77.775738,9.194860,0,0,0,0,0,0,0.000000,86.970598,99.509480,1,2.172975,0.391377,-4.425337,0.039701,-0.804869,-0.040762,0.590719
665,1785980954827570210,2,608,220,0.361842,0.812500,103,75.423679,8.657230,0,0,0,0,0,0,0.000000,84.080909,98.282221,1,2.192407,0.388269,-4.420215,0.039161,-0.806199,-0.041311,0.588900
666,1785980954917571210,2,607,232,0.382208,0.791667,97,75.553055,9.010358,0,0,0,0,0,0,0.000000,84.563413,98.230513,1,2.182089,0.389766,-4.428785,0.039570,-0.805323,-0.040668,0.590115
667,1785980955007573835,2,604,215,0.355960,0.750000,91,76.337893,8.460271,0,0,0,0,0,0,0.000000,84.798164,97.795218,1,2.116174,0.403151,-4.459899,0.041039,-0.800653,-0.040630,0.596339
668,1785980955097572168,2,603,216,0.358209,0.854167,166,76.641688,8.514937,0,0,0,0,0,0,0.000000,85.156625,98.510723,1,2.000561,0.394561,-4.515821,0.040512,-0.792163,-0.039458,0.607684
669,1785980955187573293,2,607,232,0.382208,0.812500,117,73.876959,8.335311,0,0,0,0,0,0,0.000000,82.212270,97.840552,1,1.861694,0.418336,-4.576619,0.043263,-0.781927,-0.039265,0.620627
670,1785980955277572502,2,605,234,0.386777,0.854167,111,77.351275,9.210984,0,0,0,0,0,0,0.000000,86.562259,100.753947,1,1.770002,0.439695,-4.614055,0.045076,-0.774917,-0.040153,0.629174
671,1785980955367573085,2,605,215,0.355372,0.833333,107,76.060932,8.414478,0,0,0,0,0,0,0.000000,84.475410,98.452763,1,1.660280,0.451953,-4.659141,0.046339,-0.766677,-0.040247,0.639093
672,1785980955457571752,2,606,216,0.356436,0.750000,93,77.637486,8.327519,0,0,0,0,0,0,0.000000,85.965005,98.007219,1,1.536630,0.459427,-4.700724,0.047146,-0.757478,-0.040083,0.649921
673,1785980955547572835,2,606,204,0.336634,0.854167,87,77.966072,7.939641,0,0,0,0,0,0,0.000000,85.905713,97.852843,1,1.417975,0.461141,-4.744612,0.047682,-0.748299,-0.039757,0.660451
674,1785980955637573919,2,605,226,0.373554,0.812500,82,78.451534,8.712647,0,0,0,0,0,0,0.000000,87.164181,99.308936,1,1.265912,0.472411,-4.785343,0.048278,-0.736778,-0.040266,0.673206
675,1785980955727576960,2,605,209,0.345455,0.833333,151,77.128148,8.269644,0,0,0,0,0,0,0.000000,85.397792,97.657298,1,1.115275,0.492957,-4.827196,0.050317,-0.724964,-0.041066,0.685718
676,1785980955817573002,2,605,215,0.355372,0.833333,109,77.254524,8.136476,0,0,0,0,0,0,0.000000,85.391000,101.683578,1,1.005084,0.502699,-4.852190,0.051247,-0.716380,-0.041322,0.694598
677,1785980955907577044,2,605,221,0.365289,0.770833,93,78.556992,8.619979,0,0,0,0,0,0,0.000000,87.176971,100.690654,1,0.909602,0.507776,-4.869510,0.051381,-0.708977,-0.041703,0.702120
678,1785980955997575169,2,606,224,0.369637,0.812500,86,76.792813,8.542395,0,0,0,0,0,0,0.000000,85.335208,97.332380,1,0.759619,0.522865,-4.894917,0.051620,-0.697122,-0.043904,0.713742
679,1785980956087575877,2,605,213,0.352066,0.812500,74,79.047913,8.332769,0,0,0,0,0,0,0.000000,87.380682,99.174892,1,0.590492,0.549748,-4.917231,0.053625,-0.683429,-0.045695,0.726610
680,1785980956177577002,2,607,215,0.354201,0.833333,142,77.411234,8.398436,0,0,0,0,0,0,0.000000,85.809670,97.024461,1,0.497782,0.557993,-4.927227,0.053742,-0.676040,-0.046740,0.733415
681,1785980956267578044,2,605,199,0.328926,0.729167,90,75.975680,7.536264,0,0,0,0,0,0,0.000000,83.511944,96.178454,1,0.564610,0.552650,-4.919481,0.053002,-0.681396,-0.047134,0.728471
682,1785980956357578252,2,605,213,0.352066,0.770833,97,78.656575,8.279560,0,0,0,0,0,0,0.000000,86.936135,99.896856,1,0.689282,0.527831,-4.904073,0.051305,-0.691426,-0.045317,0.719197
683,1785980956447578044,2,604,234,0.387417,0.854167,105,78.560241,8.740273,0,0,0,0,0,0,0.000000,87.300514,100.434193,1,0.789063,0.515784,-4.888729,0.050584,-0.699308,-0.044227,0.711655
684,1785980956537579377,2,602,229,0.380399,0.875000,111,76.905188,8.864773,0,0,0,0,0,0,0.000000,85.769961,99.613229,1,0.876711,0.499097,-4.874705,0.049484,-0.706250,-0.043034,0.704919
685,1785980956627579461,2,603,230,0.381426,0.812500,119,78.335906,8.846523,0,0,0,0,0,0,0.000000,87.182429,101.534535,1,0.995038,0.491910,-4.850948,0.049345,-0.715543,-0.041891,0.695563
686,1785980956717582294,2,604,216,0.357616,0.854167,128,78.451448,8.586813,0,0,0,0,0,0,0.000000,87.038261,101.117781,1,1.134681,0.482309,-4.819691,0.048626,-0.726433,-0.041423,0.684262
687,1785980956807582128,2,605,224,0.370248,0.854167,132,77.561608,8.568271,0,0,0,0,0,0,0.000000,86.129879,101.698326,1,1.254072,0.474452,-4.789929,0.047669,-0.735584,-0.041666,0.674469
688,1785980956897580294,2,609,237,0.389163,0.812500,115,78.885868,8.825773,0,0,0,0,0,0,0.000000,87.711641,102.323039,1,1.342302,0.462710,-4.765456,0.046602,-0.742418,-0.041099,0.667049
689,1785980956987580044,2,606,220,0.363036,0.854167,121,77.166814,8.672855,0,0,0,0,0,0,0.000000,85.839669,101.282489,1,1.451427,0.456968,-4.732822,0.046179,-0.750627,-0.040796,0.657847
690,1785980957077581419,2,609,216,0.354680,0.770833,122,78.781367,8.605688,0,0,0,0,0,0,0.000000,87.387055,102.783418,1,1.580031,0.443451,-4.690638,0.044795,-0.760415,-0.040637,0.646615
691,1785980957167580044,2,602,213,0.353821,0.812500,124,78.066111,8.230852,0,0,0,0,0,0,0.000000,86.296963,100.719360,1,1.688436,0.425150,-4.650923,0.042730,-0.768582,-0.040528,0.637035
692,1785980957257593169,2,603,238,0.394693,0.875000,123,77.728734,9.146026,0,0,0,0,0,0,0.000000,86.874760,101.838368,1,1.779414,0.400825,-4.616445,0.040151,-0.775465,-0.040272,0.628824
693,1785980957347584628,2,605,226,0.373554,0.854167,121,77.423732,8.638521,0,0,0,0,0,0,0.000000,86.062253,101.166446,1,1.885278,0.384943,-4.572445,0.038520,-0.783256,-0.039798,0.619227
694,1785980957437580336,2,605,239,0.395041,0.833333,121,77.271606,9.200150,0,0,0,0,0,0,0.000000,86.471756,101.493782,1,1.984093,0.365244,-4.528277,0.036640,-0.790709,-0.039277,0.609831
695,1785980957527589420,2,609,224,0.367816,0.833333,110,76.884978,8.515978,0,0,0,0,0,0,0.000000,85.400956,99.289391,1,2.085862,0.350505,-4.480597,0.035315,-0.798148,-0.038775,0.600174
696,1785980957617582253,2,609,226,0.371100,0.812500,113,76.404182,8.495062,0,0,0,0,0,0,0.000000,84.899244,99.084140,1,2.180019,0.333365,-4.433585,0.033618,-0.805111,-0.038718,0.590904
697,1785980957707585628,2,604,201,0.332781,0.791667,105,75.886386,7.930433,0,0,0,0,0,0,0.000000,83.816819,98.194507,1,2.291777,0.322215,-4.372146,0.032650,-0.813328,-0.038044,0.579641
698,1785980957797586711,2,606,241,0.397690,0.812500,180,75.963220,9.154692,0,0,0,0,0,0,0.000000,85.117912,99.028388,1,2.399580,0.303839,-4.309245,0.030959,-0.821384,-0.038040,0.568263
699,1785980957887586128,2,604,239,0.395695,0.854167,134,75.506134,8.488604,0,0,0,0,0,0,0.000000,83.994738,101.588865,1,2.513606,0.302792,-4.238141,0.030835,-0.829570,-0.038563,0.556216
700,1785980957977585628,2,604,247,0.408940,0.791667,153,76.409849,9.143025,0,0,0,0,0,0,0.000000,85.552874,102.290245,1,2.622808,0.294548,-4.168318,0.030599,-0.837434,-0.038372,0.544331
701,1785980958067584420,2,605,228,0.376860,0.895833,134,76.630516,8.625271,0,0,0,0,0,0,0.000000,85.255787,101.673449,1,2.723987,0.292784,-4.097738,0.030475,-0.844671,-0.038856,0.533004
702,1785980958157586503,2,602,218,0.362126,0.895833,124,76.382056,8.455686,0,0,0,0,0,0,0.000000,84.837742,99.613142,1,2.835493,0.292519,-4.015026,0.030758,-0.852602,-0.039095,0.520187
703,1785980958247586712,2,607,240,0.395387,0.854167,115,76.504723,9.185316,0,0,0,0,0,0,0.000000,85.690039,100.021227,1,2.934999,0.289056,-3.937983,0.030583,-0.859731,-0.039464,0.508301
704,1785980958337588337,2,607,246,0.405272,0.854167,115,76.938268,9.297067,0,0,0,0,0,0,0.000000,86.235335,101.062694,1,3.041938,0.285807,-3.849301,-0.030703,0.867364,0.039225,-0.495175
705,1785980958427586920,2,604,253,0.418874,0.854167,111,78.118110,9.574528,0,0,0,0,0,0,0.000000,87.692638,102.348286,1,3.145565,0.275243,-3.756597,-0.029733,0.874812,0.039917,-0.481900
706,1785980958517587462,2,606,246,0.405941,0.854167,174,77.992692,9.496819,0,0,0,0,0,0,0.000000,87.489511,101.585614,1,3.237318,0.267462,-3.669980,-0.029465,0.881403,0.039326,-0.469803
707,1785980958607587962,2,604,238,0.394040,0.812500,140,80.881464,8.364394,0,0,0,0,0,0,0.000000,89.245858,106.539484,1,3.338564,0.259614,-3.569991,-0.028764,0.888634,0.040318,-0.455936
708,1785980958697589837,2,606,231,0.381188,0.833333,123,79.424411,8.745230,0,0,0,0,0,0,0.000000,88.169641,103.822504,1,3.428672,0.245997,-3.472522,-0.026996,0.895170,0.042040,-0.442915
709,1785980958787588170,2,604,252,0.417219,0.854167,127,79.240076,9.404776,0,0,0,0,0,0,0.000000,88.644852,103.795796,1,3.517840,0.235892,-3.374470,-0.026153,0.901540,0.043199,-0.429738
710,1785980958877586295,2,608,246,0.404605,0.833333,115,79.907998,9.234442,0,0,0,0,0,0,0.000000,89.142440,104.360800,1,3.603926,0.228842,-3.273368,-0.025695,0.907698,0.043884,-0.416530
711,1785980958967589337,2,605,238,0.393388,0.833333,109,79.771829,8.939982,0,0,0,0,0,0,0.000000,88.711811,102.849998,1,3.676326,0.221297,-3.182211,-0.025220,0.912910,0.044016,-0.404997
712,1785980959057591170,2,604,244,0.403974,0.895833,107,79.879580,9.203734,0,0,0,0,0,0,0.000000,89.083314,102.664121,1,3.749556,0.202109,-3.086454,-0.023780,0.918253,0.043544,-0.392873
713,1785980959147590837,2,605,243,0.401653,0.833333,105,81.798553,9.103858,0,0,0,0,0,0,0.000000,90.902411,104.830594,1,3.824850,0.186248,-2.980045,-0.022192,0.923799,0.044687,-0.379612
714,1785980959237592587,2,606,222,0.366337,0.833333,170,80.181582,8.466395,0,0,0,0,0,0,0.000000,88.647977,102.507828,1,3.896850,0.181495,-2.870445,-0.022045,0.929181,0.045955,-0.366094
715,1785980959327590962,2,603,240,0.398010,0.916667,147,77.216977,8.325186,0,0,0,0,0,0,0.000000,85.542163,104.228007,1,3.958126,0.161436,-2.772624,-0.020321,0.933794,0.045806,-0.354285
716,1785980959417592504,2,606,244,0.402640,0.895833,127,80.719669,9.301110,0,0,0,0,0,0,0.000000,90.020779,106.307188,1,4.022958,0.141824,-2.667802,-0.019365,0.938633,0.044164,-0.341529
717,1785980959507590921,2,608,259,0.425987,0.895833,135,81.337507,9.549819,0,0,0,0,0,0,0.000000,90.887326,107.815783,1,4.088915,0.124150,-2.547022,-0.017888,0.943727,0.044268,-0.327260
718,1785980959597593254,2,606,245,0.404290,0.958333,109,82.915977,9.016815,0,0,0,0,0,0,0.000000,91.932792,104.868803,1,4.157137,0.121324,-2.416795,-0.018410,0.948910,0.043818,-0.311947
719,1785980959687592421,2,607,252,0.415157,0.895833,108,78.721279,9.315359,0,0,0,0,0,0,0.000000,88.036638,101.776737,1,4.216435,0.110301,-2.294455,-0.018033,0.953507,0.043092,-0.297727
720,1785980959777591337,2,604,215,0.355960,0.958333,94,80.040414,8.336228,0,0,0,0,0,0,0.000000,88.376642,101.303068,1,4.263588,0.101892,-2.184568,-0.017492,0.957317,0.042763,-0.285322
721,1785980959867593254,2,604,240,0.397351,0.916667,88,79.926121,8.815480,0,0,0,0,0,0,0.000000,88.741601,101.496236,1,4.306870,0.094010,-2.082399,-0.017377,0.960755,0.041706,-0.273693
722,1785980959957595171,2,604,209,0.346026,0.854167,84,80.278290,7.945307,0,0,0,0,0,0,0.000000,88.223597,100.772231,1,4.351149,0.090469,-1.970970,-0.017729,0.964291,0.040168,-0.261179
723,1785980960047594046,2,605,221,0.365289,0.875000,155,81.001754,8.382435,0,0,0,0,0,0,0.000000,89.384189,102.194824,1,4.388481,0.079730,-1.862735,-0.016837,0.967498,0.040725,-0.249009
724,1785980960137593296,2,604,226,0.374172,0.875000,115,80.488874,8.043058,0,0,0,0,0,0,0.000000,88.531932,103.982129,1,4.428006,0.075247,-1.742405,-0.016824,0.970864,0.040920,-0.235511
725,1785980960227595421,2,606,233,0.384488,0.875000,100,78.703028,8.870272,0,0,0,0,0,0,0.000000,87.573300,101.884238,1,4.463552,0.071977,-1.622423,-0.016844,0.973979,0.041307,-0.222207
726,1785980960317595879,2,606,240,0.396040,0.875000,105,79.146531,9.307859,0,0,0,0,0,0,0.000000,88.454390,101.810029,1,4.498341,0.074338,-1.496402,-0.017736,0.977072,0.040005,-0.208361
727,1785980960407593546,2,604,208,0.344371,0.895833,87,79.144573,8.395227,0,0,0,0,0,0,0.000000,87.539800,99.884140,1,4.532419,0.079834,-1.354677,-0.018994,0.980300,0.038544,-0.192784
728,1785980960497596546,2,604,223,0.369205,0.895833,74,78.166983,8.581062,0,0,0,0,0,0,0.000000,86.748045,97.310913,1,4.561202,0.081635,-1.218166,-0.019755,0.983244,0.036961,-0.177411
729,1785980960587598171,2,604,208,0.344371,0.895833,144,73.935411,8.074600,0,0,0,0,0,0,0.000000,82.010011,93.385051,1,4.591841,0.062013,-1.044809,-0.018279,0.986744,0.034431,-0.157534
730,1785980960677594588,2,602,222,0.368771,0.916667,105,73.212737,7.804349,0,0,0,0,0,0,0.000000,81.017086,94.348682,1,4.613974,0.043705,-0.901053,-0.016845,0.989602,0.031219,-0.139389
731,1785980960767595213,2,604,228,0.377483,0.895833,150,76.228759,8.587812,0,0,0,0,0,0,0.000000,84.816571,97.435163,1,4.632993,0.026653,-0.758992,-0.015370,0.992079,0.029774,-0.121066
732,1785980960857595379,2,605,219,0.361983,0.895833,166,77.385559,8.476436,0,0,0,0,0,0,0.000000,85.861995,100.450977,1,4.647141,0.075487,-0.653060,-0.020789,0.993558,0.034744,-0.105842
733,1785980960947597046,2,603,218,0.361526,0.958333,106,78.562360,8.252726,0,0,0,0,0,0,0.000000,86.815086,101.802194,1,4.657258,0.097942,-0.564252,-0.023444,0.994802,0.035717,-0.092437
734,1785980961037600213,2,603,221,0.366501,0.875000,164,77.765812,8.398561,0,0,0,0,0,0,0.000000,86.164373,98.901382,1,4.660626,0.104740,-0.550003,-0.024539,0.995124,0.040599,-0.086478
735,1785980961127600463,2,602,205,0.340532,0.895833,102,76.223676,7.834765,0,0,0,0,0,0,0.000000,84.058441,98.475003,1,4.664299,0.096014,-0.514684,-0.023850,0.995751,0.041698,-0.078563
736,1785980961217601380,2,604,220,0.364238,0.937500,104,77.675978,8.569146,0,0,0,0,0,0,0.000000,86.245124,99.895972,1,4.665643,0.077870,-0.560942,-0.021549,0.995679,0.041759,-0.080093
737,1785980961307600713,2,604,220,0.364238,0.916667,177,77.552977,8.492019,0,0,0,0,0,0,0.000000,86.044996,99.993222,1,4.668279,0.061941,-0.594155,-0.019537,0.995640,0.043586,-0.080120
738,1785980961397601671,2,603,222,0.368159,0.916667,192,74.646873,8.763439,0,0,0,0,0,0,0.000000,83.410312,99.953597,1,4.669390,0.068059,-0.671733,-0.019516,0.994915,0.051104,-0.084564
739,1785980961487600963,2,604,239,0.395695,0.937500,210,76.573220,9.021648,0,0,0,0,0,0,0.000000,85.594868,102.859326,1,4.672616,0.089858,-0.708292,-0.021305,0.994519,0.057794,-0.084491
740,1785980961577601088,2,601,200,0.332779,0.895833,127,77.838729,7.425512,0,0,0,0,0,0,0.000000,85.264241,101.898861,1,4.676792,0.143284,-0.744182,-0.026551,0.994215,0.060434,-0.084735
741,1785980961667603005,2,602,197,0.327243,0.916667,112,77.496934,8.015682,0,0,0,0,0,0,0.000000,85.512616,101.505024,1,4.677278,0.136760,-0.818737,-0.025411,0.993996,0.058696,-0.088777
742,1785980961757604880,2,603,211,0.349917,0.875000,192,76.299092,8.457644,0,0,0,0,0,0,0.000000,84.756736,100.439016,1,4.672898,0.098966,-0.908757,-0.021202,0.993905,0.052257,-0.094724
743,1785980961847604380,2,603,218,0.361526,0.895833,215,73.184486,7.975766,0,0,0,0,0,0,0.000000,81.160252,100.317640,1,4.677436,0.125283,-0.939845,-0.024196,0.994178,0.043911,-0.095371
744,1785980961937604172,2,605,233,0.385124,0.916667,214,72.207313,8.336018,0,0,0,0,0,0,0.000000,80.543331,101.545524,1,4.679310,0.118495,-0.982199,-0.023621,0.994296,0.038375,-0.096668
745,1785980962027604755,2,605,220,0.363636,0.812500,142,74.981166,7.933266,0,0,0,0,0,0,0.000000,82.914432,102.443031,1,4.685088,0.134524,-1.005116,-0.025120,0.994389,0.037450,-0.095697
746,1785980962117601547,2,603,205,0.339967,0.791667,182,75.089499,8.087391,0,0,0,0,0,0,0.000000,83.176890,98.544835,1,4.684761,0.144849,-1.066473,-0.025608,0.994043,0.038754,-0.098592
747,1785980962207604005,2,604,215,0.355960,0.833333,146,74.445953,7.940599,0,0,0,0,0,0,0.000000,82.386552,100.665059,1,4.685044,0.119775,-1.105984,-0.022575,0.994009,0.040561,-0.098956
748,1785980962297605672,2,604,224,0.370861,0.854167,211,76.833845,8.782813,0,0,0,0,0,0,0.000000,85.616658,103.776706,1,4.688517,0.091748,-1.130893,-0.019815,0.994321,0.035905,-0.098201
749,1785980962387606505,2,605,225,0.371901,0.770833,225,73.240778,8.587270,0,0,0,0,0,0,0.000000,81.828048,101.614732,1,4.694046,0.061106,-1.142652,-0.017258,0.994783,0.030340,-0.095856
750,1785980962477608797,2,607,231,0.380560,0.854167,238,73.456446,8.614021,0,0,0,0,0,0,0.000000,82.070467,104.545545,1,4.699962,0.077275,-1.156773,-0.018639,0.994918,0.030436,-0.094154
751,1785980962567607130,2,607,228,0.375618,0.791667,175,73.268278,8.293226,0,0,0,0,0,0,0.000000,81.561504,104.463753,1,4.705397,0.092581,-1.183442,-0.020089,0.994930,0.031606,-0.093337
752,1785980962657604422,2,606,242,0.399340,0.833333,248,71.998060,8.766521,0,0,0,0,0,0,0.000000,80.764581,100.837601,1,4.716534,0.118456,-1.183915,-0.022470,0.995184,0.031908,-0.089926
753,1785980962747604464,2,605,219,0.361983,0.833333,175,76.761886,7.803806,0,0,0,0,0,0,0.000000,84.565692,106.401557,1,4.721510,0.155426,-1.218755,-0.026090,0.995071,0.031777,-0.090245
754,1785980962837606464,2,605,255,0.421488,0.812500,248,68.897912,9.425151,0,0,0,0,0,0,0.000000,78.323063,97.802079,1,4.722703,0.185209,-1.259767,-0.028513,0.994850,0.034647,-0.090880
755,1785980962927607047,2,606,257,0.424092,0.895833,183,73.522654,8.912397,0,0,0,0,0,0,0.000000,82.435051,106.841685,1,4.728827,0.231078,-1.287906,-0.032982,0.994723,0.035860,-0.090294
756,1785980963017604589,2,608,270,0.444079,0.937500,238,69.050497,9.482444,0,0,0,0,0,0,0.000000,78.532941,100.734433,1,4.717468,0.219550,-1.387907,-0.031024,0.994011,0.040602,-0.096597
757,1785980963107605589,2,606,250,0.412541,0.895833,244,75.237083,8.872772,0,0,0,0,0,0,0.000000,84.109855,106.740976,1,4.714713,0.219256,-1.451061,-0.028797,0.993186,0.055251,-0.098488
758,1785980963197606714,2,604,223,0.369205,0.875000,151,76.680634,8.068975,0,0,0,0,0,0,0.000000,84.749609,106.243514,1,4.718867,0.238999,-1.489423,-0.028302,0.992317,0.070064,-0.097965
759,1785980963287609089,2,604,222,0.367550,0.833333,198,73.014775,8.226559,0,0,0,0,0,0,0.000000,81.241334,100.160011,1,4.720232,0.304779,-1.528454,-0.033347,0.991336,0.080461,-0.098323
760,1785980963377608047,2,607,205,0.337727,0.854167,201,79.148319,7.692430,0,0,0,0,0,0,0.000000,86.840749,106.145596,1,4.714096,0.265266,-1.591794,-0.027372,0.990646,0.088017,-0.100620
761,1785980963467613131,2,606,216,0.356436,0.812500,209,79.006068,7.861015,0,0,0,0,0,0,0.000000,86.867083,107.507022,1,4.712882,0.224126,-1.636911,-0.022267,0.990599,0.088968,-0.101507
762,1785980963557608006,2,606,200,0.330033,0.812500,143,74.473285,7.315636,0,0,0,0,0,0,0.000000,81.788921,101.350562,1,4.723443,0.245204,-1.644701,-0.022566,0.990048,0.097821,-0.098621
763,1785980963647609672,2,606,217,0.358086,0.833333,200,77.819434,7.991807,0,0,0,0,0,0,0.000000,85.811241,103.585701,1,4.733364,0.257658,-1.662261,-0.023572,0.990251,0.097141,-0.097011
764,1785980963737608423,2,606,204,0.336634,0.833333,203,78.323979,7.459803,0,0,0,0,0,0,0.000000,85.783782,105.440882,1,4.732162,0.298538,-1.715869,-0.027132,0.989876,0.097655,-0.099366
765,1785980963827609173,2,606,208,0.343234,0.854167,138,80.482369,7.422595,0,0,0,0,0,0,0.000000,87.904964,107.593605,1,4.717297,0.278987,-1.806058,-0.024586,0.989529,0.096034,-0.104909
766,1785980963917614964,2,606,197,0.325083,0.854167,114,79.729863,7.570638,0,0,0,0,0,0,0.000000,87.300501,102.917323,1,4.738128,0.293604,-1.794073,-0.029116,0.991033,0.083183,-0.100433
767,1785980964007613131,2,603,208,0.344942,0.875000,185,75.753960,7.662555,0,0,0,0,0,0,0.000000,83.416515,99.562756,1,4.731515,0.261309,-1.858457,-0.026476,0.991176,0.078116,-0.103761
768,1785980964097615589,2,605,190,0.314050,0.812500,119,75.324082,7.158051,0,0,0,0,0,0,0.000000,82.482133,99.854591,1,4.715400,0.236357,-1.947511,-0.024593,0.990968,0.073060,-0.109723
769,1785980964187609756,2,609,198,0.325123,0.812500,112,77.962934,7.473262,0,0,0,0,0,0,0.000000,85.436196,101.394852,1,4.708779,0.212807,-2.005275,-0.019800,0.990287,0.080316,-0.111755
770,1785980964277611881,2,607,186,0.306425,0.708333,91,79.104526,7.072676,0,0,0,0,0,0,0.000000,86.177202,100.695931,1,4.695970,0.160500,-2.078301,-0.011721,0.989396,0.087830,-0.115080
771,1785980964367612006,2,606,189,0.311881,0.750000,164,79.441361,7.608847,0,0,0,0,0,0,0.000000,87.050208,101.735563,1,4.695317,0.141945,-2.118740,-0.009382,0.989343,0.088168,-0.115491
772,1785980964457611631,2,605,167,0.276033,0.708333,110,77.935808,6.454004,0,0,0,0,0,0,0.000000,84.389812,100.886932,1,4.687457,0.094555,-2.178893,-0.004239,0.989195,0.087322,-0.117684
773,1785980964547613923,2,603,171,0.283582,0.812500,92,74.722577,7.031383,0,0,0,0,0,0,0.000000,81.753960,96.111689,1,4.671973,0.020495,-2.242302,0.003753,0.988923,0.086788,-0.120354
774,1785980964637614965,2,605,158,0.261157,0.729167,87,74.718285,6.486172,0,0,0,0,0,0,0.000000,81.204457,97.022944,1,4.672871,-0.049103,-2.275655,0.011462,0.988769,0.088938,-0.119559
775,1785980964727614506,2,605,138,0.228099,0.666667,134,81.202081,6.334796,0,0,0,0,0,0,0.000000,87.536877,101.393768,1,4.656250,-0.124613,-2.332751,0.021690,0.987841,0.095732,-0.120564
776,1785980964817614715,2,605,132,0.218182,0.708333,83,77.871058,5.707540,0,0,0,0,0,0,0.000000,83.578598,96.917485,1,4.683920,-0.152674,-2.311024,0.021594,0.989283,0.087659,-0.114753
777,1785980964907616340,2,603,148,0.245439,0.625000,78,79.057566,5.952626,0,0,0,0,0,0,0.000000,85.010192,98.224537,1,4.701619,-0.213584,-2.276543,0.028773,0.989541,0.091429,-0.107807
778,1785980964997616131,2,604,145,0.240066,0.708333,64,79.460653,5.982084,0,0,0,0,0,0,0.000000,85.442737,97.794075,1,4.772319,-0.207711,-2.103598,0.026132,0.991568,0.090533,-0.088955
779,1785980965087617965,2,605,141,0.233058,0.625000,66,81.219373,6.185753,0,0,0,0,0,0,0.000000,87.405126,99.737505,1,4.773611,-0.204437,-2.106452,0.025640,0.991595,0.090439,-0.088895
780,1785980965177617048,2,606,154,0.254125,0.687500,73,80.600869,6.846007,0,0,0,0,0,0,0.000000,87.446876,100.107133,1,4.775907,-0.207616,-2.100302,0.025761,0.991627,0.090637,-0.088308
781,1785980965267615965,2,605,150,0.247934,0.729167,73,82.852592,6.826591,0,0,0,0,0,0,0.000000,89.679183,101.717519,1,4.777624,-0.202767,-2.100490,0.025253,0.991658,0.090462,-0.088282
782,1785980965357618298,2,605,153,0.252893,0.708333,75,83.698973,6.636673,0,0,0,0,0,0,0.000000,90.335646,102.987195,1,4.776409,-0.206423,-2.101499,0.025637,0.991656,0.090297,-0.088363
783,1785980965447622590,2,607,140,0.230642,0.666667,73,83.883350,6.301171,0,0,0,0,0,0,0.000000,90.184521,103.034320,1,4.777112,-0.204312,-2.100019,0.025443,0.991655,0.090490,-0.088236
784,1785980965537618090,2,606,137,0.226073,0.645833,75,83.780475,6.308670,0,0,0,0,0,0,0.000000,90.089145,102.731110,1,4.778157,-0.206381,-2.098411,0.025481,0.991687,0.090256,-0.088102
785,1785980965627617507,2,605,149,0.246281,0.708333,74,83.635431,6.525172,0,0,0,0,0,0,0.000000,90.160603,103.280821,1,4.776108,-0.207689,-2.098684,0.025807,0.991660,0.090393,-0.088167
786,1785980965717617423,2,605,146,0.241322,0.708333,76,83.219595,6.559380,0,0,0,0,0,0,0.000000,89.778975,103.013194,1,4.778446,-0.206598,-2.097420,0.025575,0.991685,0.090369,-0.087983
787,1785980965807619924,2,606,139,0.229373,0.645833,77,83.583681,6.380296,0,0,0,0,0,0,0.000000,89.963977,103.134778,1,4.776917,-0.208469,-2.098788,0.025811,0.991665,0.090350,-0.088152
788,1785980965897621340,2,606,140,0.231023,0.687500,71,83.600264,6.268045,0,0,0,0,0,0,0.000000,89.868309,102.726942,1,4.776628,-0.206655,-2.100074,0.025643,0.991668,0.090300,-0.088222
789,1785980965987618382,2,606,150,0.247525,0.666667,69,83.685181,6.687089,0,0,0,0,0,0,0.000000,90.372270,102.458273,1,4.777870,-0.203682,-2.098581,0.025320,0.991678,0.090356,-0.088144
790,1785980966077618590,2,605,140,0.231405,0.687500,67,83.669514,6.457671,0,0,0,0,0,0,0.000000,90.127185,102.236063,1,4.776955,-0.202954,-2.100518,0.025336,0.991647,0.090515,-0.088322
791,1785980966167621590,2,606,152,0.250825,0.687500,66,84.019058,6.603380,0,0,0,0,0,0,0.000000,90.622438,102.993235,1,4.779222,-0.199104,-2.097560,0.024865,0.991694,0.090407,-0.088045
792,1785980966257622299,2,605,145,0.239669,0.687500,68,83.736389,6.606130,0,0,0,0,0,0,0.000000,90.342519,102.164104,1,4.776681,-0.201681,-2.100921,0.025272,0.991634,0.090629,-0.088373
793,1785980966347621299,2,606,139,0.229373,0.645833,75,83.318844,6.367004,0,0,0,0,0,0,0.000000,89.685848,102.195187,1,4.776563,-0.200572,-2.099254,0.025294,0.991639,0.090649,-0.088292
794,1785980966437621549,2,606,141,0.232673,0.687500,68,83.411137,6.373378,0,0,0,0,0,0,0.000000,89.784515,102.210021,1,4.777447,-0.200380,-2.099274,0.025105,0.991657,0.090536,-0.088253
795,1785980966527622174,2,606,149,0.245875,0.645833,66,84.180392,6.547047,0,0,0,0,0,0,0.000000,90.727439,102.684024,1,4.775359,-0.203541,-2.101373,0.025501,0.991619,0.090626,-0.088475
796,1785980966617619257,2,607,150,0.247117,0.687500,65,83.531470,6.614714,0,0,0,0,0,0,0.000000,90.146184,101.988435,1,4.776772,-0.204067,-2.100041,0.025456,0.991649,0.090488,-0.088292
797,1785980966707620674,2,605,149,0.246281,0.687500,74,83.912389,6.643089,0,0,0,0,0,0,0.000000,90.555478,103.102068,1,4.777829,-0.203692,-2.097357,0.025328,0.991689,0.090291,-0.088082
798,1785980966797621174,2,605,146,0.241322,0.645833,69,83.748513,6.449629,0,0,0,0,0,0,0.000000,90.198142,102.525231,1,4.778839,-0.202595,-2.096850,0.025214,0.991703,0.090313,-0.087935
799,1785980966887619091,2,605,156,0.257851,0.708333,76,82.976674,6.919841,0,0,0,0,0,0,0.000000,89.896515,102.477063,1,4.778548,-0.205490,-2.096921,0.025429,0.991707,0.090157,-0.087992
800,1785980966977620341,2,605,141,0.233058,0.666667,71,83.506512,6.377338,0,0,0,0,0,0,0.000000,89.883850,103.084735,1,4.777013,-0.206511,-2.099785,0.025615,0.991675,0.090250,-0.088206
801,1785980967067621799,2,606,148,0.244224,0.687500,79,83.177301,6.703423,0,0,0,0,0,0,0.000000,89.880724,102.973942,1,4.777758,-0.206162,-2.098262,0.025534,0.991699,0.090142,-0.088071
802,1785980967157623882,2,605,132,0.218182,0.583333,77,83.527886,6.028626,0,0,0,0,0,0,0.000000,89.556512,102.587730,1,4.777814,-0.207335,-2.097760,0.025553,0.991709,0.090026,-0.088071
803,1785980967247621133,2,605,131,0.216529,0.604167,72,82.894007,6.120252,0,0,0,0,0,0,0.000000,89.014259,101.453180,1,4.776158,-0.206379,-2.099554,0.025642,0.991671,0.090253,-0.088235
