frame_id,stamp_ns,tracking_state,keypoints,valid_depths,valid_depth_ratio,depth_grid_coverage,tracked_inliers,feature_extract_ms,stereo_match_ms,hybrid_candidates,hybrid_fine_matches,hybrid_accepted,hybrid_added,hybrid_replaced,hybrid_rejected,hybrid_ms,frontend_ms,track_total_ms,pose_valid,tcw_tx,tcw_ty,tcw_tz,tcw_qx,tcw_qy,tcw_qz,tcw_qw
0,1785980800116998720,2,605,222,0.366942,0.8125,222,92.744508,9.369690,0,0,0,0,0,0,0.000000,102.114198,106.331764,1,0.000000,0.000000,0.000000,0.000000,0.000000,0.000000,1.000000
1,1785980800206994261,2,605,219,0.361983,0.833333,190,90.480805,8.692637,0,0,0,0,0,0,0.000000,99.173442,125.716530,1,-0.000098,0.000095,-0.000071,0.000123,0.000059,-0.000037,1.000000
2,1785980800296993886,2,606,226,0.372937,0.833333,198,85.260806,8.645137,0,0,0,0,0,0,0.000000,93.905943,119.835436,1,-0.000130,0.000109,-0.000110,0.000115,0.000081,-0.000093,1.000000
3,1785980800386993636,2,605,222,0.366942,0.812500,194,84.119620,8.622178,0,0,0,0,0,0,0.000000,92.741798,117.023890,1,0.000045,0.000123,-0.000000,0.000127,0.000008,0.000013,1.000000
4,1785980800476993136,2,605,225,0.371901,0.833333,185,83.951575,8.539927,0,0,0,0,0,0,0.000000,92.491502,118.569746,1,-0.000224,0.000089,-0.000113,0.000164,0.000132,-0.000123,1.000000
5,1785980800566994886,2,605,213,0.352066,0.833333,184,83.925158,8.474884,0,0,0,0,0,0,0.000000,92.400042,117.030472,1,-0.000132,0.000020,-0.000038,-0.000002,0.000065,-0.000006,1.000000
6,1785980800656995095,2,606,222,0.366337,0.833333,186,83.917783,8.714387,0,0,0,0,0,0,0.000000,92.632170,117.957237,1,0.000002,0.000018,0.000010,0.000016,0.000017,0.000012,1.000000
7,1785980800746995178,2,606,216,0.356436,0.791667,184,87.682885,8.425591,0,0,0,0,0,0,0.000000,96.108476,112.595152,1,-0.000055,0.000114,0.000002,0.000069,0.000033,0.000013,1.000000
8,1785980800836995887,2,605,208,0.343802,0.812500,189,83.891116,8.352632,0,0,0,0,0,0,0.000000,92.243748,110.128405,1,-0.000117,0.000039,-0.000042,0.000075,0.000042,-0.000072,1.000000
9,1785980800926996137,2,605,223,0.368595,0.812500,183,82.591802,8.550885,0,0,0,0,0,0,0.000000,91.142687,108.656754,1,-0.000067,0.000032,0.000008,0.000014,0.000047,-0.000025,1.000000
10,1785980801016995845,2,605,215,0.355372,0.791667,186,83.962657,8.454800,0,0,0,0,0,0,0.000000,92.417457,109.998942,1,-0.000149,-0.000072,-0.000045,-0.000018,0.000093,-0.000085,1.000000
11,1785980801106996345,2,605,227,0.375207,0.791667,187,84.129993,8.884515,0,0,0,0,0,0,0.000000,93.014508,110.623869,1,-0.000172,-0.000078,0.000110,-0.000116,0.000146,-0.000031,1.000000
12,1785980801196997928,2,605,227,0.375207,0.854167,187,83.925448,8.783431,0,0,0,0,0,0,0.000000,92.708879,113.198576,1,-0.000019,-0.000007,0.000056,-0.000015,-0.000006,-0.000015,1.000000
13,1785980801376996553,2,606,222,0.366337,0.791667,183,84.279079,8.505717,0,0,0,0,0,0,0.000000,92.784796,109.993192,1,-0.000155,-0.000107,0.000070,-0.000077,0.000127,-0.000072,1.000000
14,1785980801556997512,2,606,216,0.356436,0.812500,183,88.651897,8.430800,0,0,0,0,0,0,0.000000,97.082697,114.362428,1,-0.000175,-0.000021,-0.000041,0.000049,0.000078,-0.000081,1.000000
15,1785980801646997304,2,605,219,0.361983,0.791667,184,82.793513,8.578801,0,0,0,0,0,0,0.000000,91.372314,110.099817,1,-0.000202,-0.000118,-0.000126,-0.000028,0.000042,-0.000079,1.000000
16,1785980801736999637,2,606,220,0.363036,0.812500,185,82.797428,8.657803,0,0,0,0,0,0,0.000000,91.455231,108.632626,1,-0.000113,-0.000018,-0.000094,0.000051,0.000037,0.000030,1.000000
17,1785980801827000012,2,605,221,0.365289,0.833333,185,84.122407,8.758471,0,0,0,0,0,0,0.000000,92.880878,111.614757,1,0.000022,0.000036,0.000004,0.000029,0.000044,0.000111,1.000000
18,1785980801916999012,2,605,227,0.375207,0.791667,188,82.399338,8.931515,0,0,0,0,0,0,0.000000,91.330853,109.380638,1,-0.000125,-0.000072,0.000060,-0.000050,0.000074,-0.000031,1.000000
19,1785980802007000387,2,605,232,0.383471,0.812500,190,84.316452,8.890265,0,0,0,0,0,0,0.000000,93.206717,109.981813,1,-0.000051,-0.000063,0.000059,-0.000036,0.000061,0.000035,1.000000
20,1785980802096999220,2,605,229,0.378512,0.833333,186,83.991738,8.672428,0,0,0,0,0,0,0.000000,92.664166,110.302111,1,-0.000136,-0.000043,0.000019,-0.000017,0.000082,-0.000028,1.000000
21,1785980802187000762,2,605,230,0.380165,0.854167,192,84.080822,8.853015,0,0,0,0,0,0,0.000000,92.933837,112.323057,1,0.000008,-0.000060,0.000052,-0.000043,0.000032,0.000091,1.000000
22,1785980802277000304,2,605,211,0.348760,0.812500,189,82.750091,8.318923,0,0,0,0,0,0,0.000000,91.069014,109.363177,1,-0.000184,-0.000055,0.000054,-0.000037,0.000100,-0.000109,1.000000
23,1785980802367000804,2,605,225,0.371901,0.812500,187,84.682705,8.864389,0,0,0,0,0,0,0.000000,93.547094,111.427042,1,-0.000036,-0.000102,0.000057,-0.000070,0.000044,0.000084,1.000000
24,1785980802457000554,2,605,234,0.386777,0.854167,185,84.009819,8.854555,0,0,0,0,0,0,0.000000,92.864374,109.279050,1,-0.000013,0.000032,0.000024,0.000015,0.000038,0.000066,1.000000
25,1785980802547003346,2,606,227,0.374587,0.833333,181,84.017070,8.766471,0,0,0,0,0,0,0.000000,92.783541,110.297149,1,-0.000116,-0.000059,0.000049,-0.000025,0.000097,0.000039,1.000000
26,1785980802637001429,2,605,219,0.361983,0.791667,182,84.796748,8.534759,0,0,0,0,0,0,0.000000,93.331507,111.060245,1,0.000017,-0.000031,0.000090,-0.000050,0.000054,0.000153,1.000000
27,1785980802727001887,2,605,220,0.363636,0.812500,181,84.002067,8.482466,0,0,0,0,0,0,0.000000,92.484533,110.850238,1,-0.000179,-0.000037,0.000070,-0.000018,0.000134,-0.000028,1.000000
28,1785980802817000971,2,605,216,0.357025,0.791667,176,84.077235,8.252880,0,0,0,0,0,0,0.000000,92.330115,108.709704,1,0.000015,-0.000047,0.000037,-0.000063,0.000031,0.000071,1.000000
29,1785980802907001179,2,605,215,0.355372,0.833333,175,83.051053,8.413298,0,0,0,0,0,0,0.000000,91.464351,108.235031,1,-0.000031,-0.000048,0.000053,0.000000,0.000081,0.000043,1.000000
30,1785980802997001304,2,605,217,0.358678,0.770833,182,84.107069,8.382506,0,0,0,0,0,0,0.000000,92.489575,110.149019,1,-0.000024,0.000058,-0.000064,0.000119,-0.000040,0.000005,1.000000
31,1785980803087002388,2,605,212,0.350413,0.812500,176,84.811997,8.304838,0,0,0,0,0,0,0.000000,93.116835,110.245104,1,-0.000039,-0.000015,0.000005,-0.000011,0.000029,0.000074,1.000000
32,1785980803177001596,2,605,221,0.365289,0.791667,182,84.046275,8.545258,0,0,0,0,0,0,0.000000,92.591533,109.601842,1,0.000076,-0.000154,-0.000064,-0.000036,-0.000020,0.000035,1.000000
33,1785980803267004346,2,606,232,0.382838,0.833333,178,83.990690,8.900931,0,0,0,0,0,0,0.000000,92.891621,111.285867,1,-0.000135,-0.000073,0.000028,-0.000033,0.000082,-0.000027,1.000000
34,1785980803357003804,2,605,220,0.363636,0.791667,174,83.945606,8.532009,0,0,0,0,0,0,0.000000,92.477615,107.129219,1,0.000021,-0.000089,-0.000091,0.000015,-0.000004,0.000063,1.000000
35,1785980803447005221,2,605,220,0.363636,0.791667,180,84.042941,8.476799,0,0,0,0,0,0,0.000000,92.519740,109.599091,1,-0.000058,-0.000061,-0.000199,0.000066,-0.000025,-0.000077,1.000000
36,1785980803537003554,2,605,239,0.395041,0.812500,178,85.946138,9.046683,0,0,0,0,0,0,0.000000,94.992821,109.833970,1,-0.000140,-0.000029,-0.000055,0.000060,0.000061,-0.000096,1.000000
37,1785980803627006721,2,605,222,0.366942,0.812500,181,83.874522,8.599218,0,0,0,0,0,0,0.000000,92.473740,110.850944,1,-0.000274,0.000023,-0.000061,0.000081,0.000112,-0.000116,1.000000
38,1785980803717006971,2,606,210,0.346535,0.812500,180,84.270817,8.291547,0,0,0,0,0,0,0.000000,92.562364,110.279807,1,-0.000229,-0.000071,0.000012,-0.000014,0.000099,-0.000106,1.000000
39,1785980803807008596,2,606,228,0.376238,0.812500,171,84.290692,8.653511,0,0,0,0,0,0,0.000000,92.944203,109.735591,1,-0.000098,-0.000050,-0.000017,-0.000006,0.000018,-0.000060,1.000000
40,1785980803897006971,2,605,217,0.358678,0.791667,181,83.854103,8.554301,0,0,0,0,0,0,0.000000,92.408404,109.261625,1,-0.000158,-0.000023,-0.000008,0.000016,0.000016,-0.000124,1.000000
41,1785980803987006721,2,605,217,0.358678,0.812500,181,84.179024,8.412257,0,0,0,0,0,0,0.000000,92.591281,108.653407,1,-0.000194,-0.000027,-0.000022,0.000018,0.000075,-0.000132,1.000000
42,1785980804077008305,2,605,212,0.350413,0.833333,171,84.191108,8.256587,0,0,0,0,0,0,0.000000,92.447695,108.080231,1,-0.000111,-0.000031,-0.000002,0.000009,-0.000015,-0.000138,1.000000
43,1785980804167009513,2,606,224,0.369637,0.791667,174,83.986520,8.635760,0,0,0,0,0,0,0.000000,92.622280,109.933675,1,-0.000112,-0.000018,-0.000002,0.000028,0.000005,-0.000084,1.000000
44,1785980804257007013,2,605,212,0.350413,0.812500,179,84.057895,8.278879,0,0,0,0,0,0,0.000000,92.336774,107.734848,1,-0.000024,0.000030,-0.000019,0.000076,-0.000061,-0.000079,1.000000
45,1785980804347009972,2,605,235,0.388430,0.833333,181,85.142453,9.065766,0,0,0,0,0,0,0.000000,94.208219,111.019233,1,-0.000108,-0.000018,-0.000017,0.000024,-0.000009,-0.000094,1.000000
46,1785980804437008180,2,605,219,0.361983,0.791667,175,84.008853,8.431715,0,0,0,0,0,0,0.000000,92.440568,108.487693,1,-0.000021,-0.000052,-0.000119,0.000089,-0.000059,-0.000022,1.000000
47,1785980804527007722,2,606,218,0.359736,0.812500,171,84.134022,8.650260,0,0,0,0,0,0,0.000000,92.784282,110.325389,1,0.000042,-0.000023,-0.000049,0.000032,-0.000091,-0.000038,1.000000
48,1785980804617023347,2,606,221,0.364686,0.812500,176,84.352150,8.545550,0,0,0,0,0,0,0.000000,92.897700,109.745171,1,-0.000101,0.000027,-0.000103,0.000107,-0.000059,-0.000148,1.000000
49,1785980804707010388,2,605,215,0.355372,0.833333,180,84.175395,8.322046,0,0,0,0,0,0,0.000000,92.497441,108.685610,1,-0.000090,0.000023,-0.000058,0.000078,-0.000012,-0.000138,1.000000
50,1785980804797005513,2,605,219,0.361983,0.812500,180,84.099644,8.624509,0,0,0,0,0,0,0.000000,92.724153,110.141050,1,-0.000068,-0.000036,-0.000002,-0.000007,0.000003,-0.000097,1.000000
51,1785980804887008638,2,605,219,0.361983,0.833333,174,84.629152,8.716511,0,0,0,0,0,0,0.000000,93.345663,110.592390,1,-0.000043,-0.000001,-0.000194,0.000135,-0.000066,-0.000084,1.000000
52,1785980804977009305,2,605,222,0.366942,0.812500,175,84.231937,8.564175,0,0,0,0,0,0,0.000000,92.796112,110.613348,1,-0.000095,0.000089,-0.000027,0.000089,0.000000,-0.000132,1.000000
53,1785980805067010264,2,606,220,0.363036,0.812500,178,84.234021,8.540758,0,0,0,0,0,0,0.000000,92.774779,109.110201,1,-0.000196,0.000044,-0.000029,0.000090,0.000020,-0.000166,1.000000
54,1785980805157008222,2,605,217,0.358678,0.833333,177,83.009334,8.445548,0,0,0,0,0,0,0.000000,91.454882,107.987931,1,-0.000245,0.000063,0.000000,0.000068,0.000088,-0.000166,1.000000
55,1785980805247010722,2,605,216,0.357025,0.812500,180,84.136017,8.509465,0,0,0,0,0,0,0.000000,92.645482,111.465067,1,0.000024,0.000079,-0.000077,0.000160,-0.000049,-0.000010,1.000000
56,1785980805337009139,2,604,229,0.379139,0.791667,169,83.666552,8.851138,0,0,0,0,0,0,0.000000,92.517690,109.526704,1,-0.000449,-0.000024,-0.000317,0.000011,0.000050,-0.000317,1.000000
57,1785980805427010264,2,606,236,0.389439,0.833333,150,83.648260,9.255852,0,0,0,0,0,0,0.000000,92.904112,109.282075,1,0.000785,0.000729,-0.006870,-0.000260,0.000209,-0.000891,1.000000
58,1785980805517010555,2,606,220,0.363036,0.854167,135,85.865752,8.546216,0,0,0,0,0,0,0.000000,94.411968,108.452604,1,0.000148,0.001355,-0.023518,0.002274,-0.000150,-0.002108,0.999995
59,1785980805607008555,2,605,208,0.343802,0.812500,104,83.988639,8.174544,0,0,0,0,0,0,0.000000,92.163183,104.878756,1,0.003350,0.001285,-0.045955,0.006069,-0.001304,0.000591,0.999981
60,1785980805697011014,2,606,200,0.330033,0.791667,104,83.829260,8.040125,0,0,0,0,0,0,0.000000,91.869385,102.110502,1,0.006849,0.002774,-0.069297,0.009752,-0.000783,0.002727,0.999948
61,1785980805787012389,2,606,209,0.344884,0.812500,90,84.921068,8.420214,0,0,0,0,0,0,0.000000,93.341282,104.151284,1,0.012353,0.003293,-0.093234,0.009950,0.002193,0.004854,0.999936
62,1785980805877011681,2,607,213,0.350906,0.812500,94,85.040113,8.351505,0,0,0,0,0,0,0.000000,93.391618,103.923114,1,0.013518,0.005946,-0.113927,0.008208,0.008694,-0.000864,0.999928
63,1785980805967012389,2,607,198,0.326194,0.812500,163,85.070654,8.127043,0,0,0,0,0,0,0.000000,93.197697,103.830280,1,0.010723,0.007348,-0.137726,0.007220,0.014328,-0.010675,0.999814
64,1785980806057011472,2,607,199,0.327842,0.812500,175,87.923032,7.848705,0,0,0,0,0,0,0.000000,95.771737,108.476268,1,0.012812,0.006959,-0.163689,0.014374,0.011820,-0.008239,0.999793
65,1785980806147011139,2,606,220,0.363036,0.812500,127,86.730347,8.496757,0,0,0,0,0,0,0.000000,95.227104,107.416667,1,0.013988,0.010033,-0.181811,0.011140,0.008579,-0.010825,0.999843
66,1785980806237010681,2,606,238,0.392739,0.812500,118,83.392251,8.957431,0,0,0,0,0,0,0.000000,92.349682,105.328675,1,0.013067,0.013453,-0.202800,0.006560,0.005544,-0.012851,0.999881
67,1785980806327015806,2,606,220,0.363036,0.833333,164,83.249457,8.527216,0,0,0,0,0,0,0.000000,91.776673,103.529855,1,0.014232,0.014802,-0.226074,0.005899,0.004843,-0.012323,0.999895
68,1785980806417015389,2,605,228,0.376860,0.812500,141,82.565488,8.681177,0,0,0,0,0,0,0.000000,91.246665,105.761473,1,0.017221,0.016147,-0.247037,0.003511,-0.000876,-0.008063,0.999961
69,1785980806507013889,2,606,228,0.376238,0.833333,127,81.754143,8.893305,0,0,0,0,0,0,0.000000,90.647448,104.029030,1,0.019571,0.018159,-0.270040,0.006024,-0.001373,-0.005764,0.999964
70,1785980806597013764,2,603,248,0.411277,0.812500,115,79.728986,9.503981,0,0,0,0,0,0,0.000000,89.232967,99.659837,1,0.020603,0.019216,-0.285786,-0.005277,-0.003488,-0.006494,0.999959
71,1785980806687013931,2,604,252,0.417219,0.833333,101,79.551898,9.519856,0,0,0,0,0,0,0.000000,89.071754,100.192385,1,0.023507,0.020440,-0.302514,-0.015729,-0.009003,-0.003791,0.999829
72,1785980806777015056,2,605,265,0.438017,0.791667,172,77.609910,10.025655,0,0,0,0,0,0,0.000000,87.635565,98.889698,1,0.027980,0.021828,-0.319672,-0.023720,-0.009166,0.001820,0.999675
73,1785980806867014306,2,605,259,0.428099,0.791667,149,76.935275,10.017197,0,0,0,0,0,0,0.000000,86.952472,101.755158,1,0.026618,0.023349,-0.337896,-0.030896,-0.012308,-0.001630,0.999445
74,1785980806957016181,2,604,271,0.448675,0.833333,125,76.080220,10.131656,0,0,0,0,0,0,0.000000,86.211876,100.312303,1,0.029892,0.022634,-0.361078,-0.033327,-0.016276,0.000938,0.999312
75,1785980807047014973,2,604,270,0.447020,0.791667,121,75.160122,10.265159,0,0,0,0,0,0,0.000000,85.425281,98.277480,1,0.033801,0.021048,-0.383966,-0.035313,-0.018914,0.003720,0.999190
76,1785980807137013723,2,604,261,0.432119,0.750000,111,74.827117,9.782360,0,0,0,0,0,0,0.000000,84.609477,96.170947,1,0.038666,0.019796,-0.406900,-0.034647,-0.022103,0.009103,0.999114
77,1785980807227016556,2,605,272,0.449587,0.770833,113,74.123104,10.122406,0,0,0,0,0,0,0.000000,84.245510,97.136335,1,0.041529,0.019324,-0.430705,-0.033557,-0.024761,0.010470,0.999075
78,1785980807317015890,2,606,266,0.438944,0.833333,106,74.924324,10.118740,0,0,0,0,0,0,0.000000,85.043064,96.218112,1,0.043783,0.017043,-0.453469,-0.036855,-0.026640,0.007724,0.998936
79,1785980807407016973,2,603,272,0.451078,0.770833,95,74.284274,10.364244,0,0,0,0,0,0,0.000000,84.648518,95.188679,1,0.041087,0.017904,-0.472573,-0.037717,-0.026453,0.007182,0.998912
80,1785980807497016890,2,605,284,0.469421,0.791667,184,74.118771,10.759125,0,0,0,0,0,0,0.000000,84.877896,97.165626,1,0.047076,0.016810,-0.491640,-0.037990,-0.027671,0.011102,0.998833
81,1785980807587017140,2,606,273,0.450495,0.812500,140,74.088478,10.303743,0,0,0,0,0,0,0.000000,84.392221,99.508621,1,0.053716,0.018568,-0.518000,-0.034588,-0.031186,0.018347,0.998746
82,1785980807677018056,2,603,248,0.411277,0.729167,124,72.981877,9.447604,0,0,0,0,0,0,0.000000,82.429481,96.070692,1,0.062120,0.023441,-0.541303,-0.029554,-0.032879,0.028839,0.998606
83,1785980807767019140,2,603,274,0.454395,0.791667,125,73.458383,10.218574,0,0,0,0,0,0,0.000000,83.676957,97.083289,1,0.066375,0.026560,-0.565001,-0.025923,-0.035644,0.032471,0.998500
84,1785980807857018390,2,606,275,0.453795,0.812500,121,73.562968,10.617414,0,0,0,0,0,0,0.000000,84.180382,99.039611,1,0.071816,0.029632,-0.589074,-0.024738,-0.037211,0.037162,0.998310
85,1785980807947018432,2,607,298,0.490939,0.812500,111,73.286672,10.968711,0,0,0,0,0,0,0.000000,84.255383,96.257944,1,0.073185,0.035567,-0.611590,-0.021023,-0.036887,0.036430,0.998434
86,1785980808037019182,2,602,273,0.453488,0.812500,98,72.860708,10.544079,0,0,0,0,0,0,0.000000,83.404787,95.210969,1,0.073216,0.039619,-0.636687,-0.018755,-0.036349,0.034067,0.998582
87,1785980808127018848,2,605,289,0.477686,0.812500,92,74.465899,10.778000,0,0,0,0,0,0,0.000000,85.243899,95.701560,1,0.074582,0.045651,-0.659782,-0.014918,-0.035441,0.033152,0.998710
88,1785980808217018140,2,605,271,0.447934,0.812500,172,72.047569,10.057155,0,0,0,0,0,0,0.000000,82.104724,93.483065,1,0.071395,0.045322,-0.682613,-0.017316,-0.034476,0.027895,0.998866
89,1785980808307018848,2,605,291,0.480992,0.833333,132,72.993208,10.716415,0,0,0,0,0,0,0.000000,83.709623,97.485085,1,0.071602,0.048311,-0.709940,-0.014259,-0.035543,0.023269,0.998995
90,1785980808397020348,2,604,274,0.453642,0.770833,112,74.761485,10.131823,0,0,0,0,0,0,0.000000,84.893308,97.738130,1,0.071283,0.056433,-0.736062,-0.007711,-0.033745,0.021789,0.999163
91,1785980808487020182,2,605,258,0.426446,0.812500,101,73.693843,9.716566,0,0,0,0,0,0,0.000000,83.410409,94.315745,1,0.072454,0.064657,-0.763785,0.000691,-0.033974,0.019773,0.999227
92,1785980808577020765,2,606,280,0.462046,0.791667,109,73.349130,10.255616,0,0,0,0,0,0,0.000000,83.604746,96.158815,1,0.074872,0.069529,-0.786314,0.002998,-0.034502,0.017935,0.999239
93,1785980808667021765,2,604,285,0.471854,0.833333,185,73.808428,10.345075,0,0,0,0,0,0,0.000000,84.153503,96.338066,1,0.077385,0.073989,-0.810562,0.005172,-0.034914,0.018603,0.999204
94,1785980808757021682,2,604,276,0.456954,0.791667,138,71.616560,10.528454,0,0,0,0,0,0,0.000000,82.145014,97.784129,1,0.081348,0.071325,-0.832399,0.001249,-0.034671,0.022887,0.999136
95,1785980808847023224,2,603,293,0.485904,0.791667,135,73.712842,10.683039,0,0,0,0,0,0,0.000000,84.395881,98.887563,1,0.083210,0.067530,-0.850967,-0.004822,-0.033148,0.026618,0.999084
96,1785980808937022849,2,605,272,0.449587,0.833333,132,73.256252,10.223741,0,0,0,0,0,0,0.000000,83.479993,98.247011,1,0.083892,0.064936,-0.871937,-0.008553,-0.031778,0.028260,0.999059
97,1785980809027023349,2,605,289,0.477686,0.812500,130,73.169084,10.682539,0,0,0,0,0,0,0.000000,83.851623,97.952632,1,0.086219,0.065488,-0.894240,-0.009564,-0.032313,0.027731,0.999047
98,1785980809117023890,2,604,293,0.485099,0.812500,119,73.514131,10.775957,0,0,0,0,0,0,0.000000,84.290088,98.211511,1,0.085351,0.072037,-0.917795,-0.005388,-0.029803,0.026240,0.999197
99,1785980809207023307,2,605,277,0.457851,0.854167,121,74.904483,10.368242,0,0,0,0,0,0,0.000000,85.272725,98.143632,1,0.084474,0.080296,-0.944479,0.000346,-0.028237,0.025342,0.999280
100,1785980809297022057,2,606,278,0.458746,0.750000,108,75.237572,10.300908,0,0,0,0,0,0,0.000000,85.538480,98.314135,1,0.082441,0.083869,-0.969713,0.001845,-0.027232,0.021005,0.999407
101,1785980809387023307,2,605,277,0.457851,0.854167,188,73.912885,10.207990,0,0,0,0,0,0,0.000000,84.120875,97.165742,1,0.086068,0.091752,-0.994802,0.006788,-0.027768,0.019734,0.999397
102,1785980809477023724,2,607,272,0.448105,0.812500,140,72.063148,10.420118,0,0,0,0,0,0,0.000000,82.483266,98.568556,1,0.087113,0.103718,-1.019827,0.014072,-0.027495,0.019256,0.999337
103,1785980809567024016,2,605,279,0.461157,0.833333,126,75.051903,10.443410,0,0,0,0,0,0,0.000000,85.495313,99.272941,1,0.088050,0.114380,-1.046482,0.021169,-0.027200,0.015919,0.999279
104,1785980809657022516,2,605,264,0.436364,0.812500,118,76.403673,10.015029,0,0,0,0,0,0,0.000000,86.418702,99.626279,1,0.083314,0.117349,-1.070935,0.022394,-0.024984,0.009493,0.999392
105,1785980809747030224,2,607,254,0.418451,0.791667,116,76.333587,9.722274,0,0,0,0,0,0,0.000000,86.055861,98.954309,1,0.077503,0.116899,-1.093189,0.021715,-0.022678,0.003678,0.999500
106,1785980809837025807,2,608,271,0.445724,0.854167,172,75.434073,10.099363,0,0,0,0,0,0,0.000000,85.533436,98.617970,1,0.073238,0.119248,-1.113517,0.021535,-0.020339,-0.003154,0.999556
107,1785980809927025349,2,605,299,0.494215,0.854167,155,72.017979,11.103920,0,0,0,0,0,0,0.000000,83.121899,99.273813,1,0.074424,0.128313,-1.138441,0.025554,-0.022273,-0.012175,0.999351
108,1785980810017025349,2,606,270,0.445545,0.833333,137,77.517772,10.228615,0,0,0,0,0,0,0.000000,87.746387,101.915021,1,0.068374,0.128502,-1.162657,0.025220,-0.019354,-0.017886,0.999335
109,1785980810107026641,2,605,292,0.482645,0.875000,129,77.748276,10.692955,0,0,0,0,0,0,0.000000,88.441231,102.568281,1,0.076628,0.124875,-1.184797,0.023013,-0.022822,-0.015281,0.999358
110,1785980810197025683,2,606,289,0.476898,0.833333,206,77.594563,10.663413,0,0,0,0,0,0,0.000000,88.257976,102.522194,1,0.086635,0.121130,-1.205890,0.020298,-0.026471,-0.010906,0.999384
111,1785980810287026474,2,606,283,0.466997,0.875000,158,71.257382,9.908151,0,0,0,0,0,0,0.000000,81.165533,97.117029,1,0.093078,0.118012,-1.228603,0.018335,-0.028634,-0.005755,0.999405
112,1785980810377026683,2,604,289,0.478477,0.854167,150,75.689242,10.641372,0,0,0,0,0,0,0.000000,86.330614,103.369707,1,0.093730,0.113612,-1.249569,0.015303,-0.028218,-0.005714,0.999468
113,1785980810467026766,2,604,284,0.470199,0.854167,139,75.743201,10.403326,0,0,0,0,0,0,0.000000,86.146527,101.601763,1,0.096526,0.111607,-1.273062,0.014345,-0.029856,-0.006464,0.999430
114,1785980810557031058,2,604,271,0.448675,0.875000,138,75.758993,10.370659,0,0,0,0,0,0,0.000000,86.129652,100.471079,1,0.102566,0.122897,-1.296381,0.019145,-0.031818,-0.006813,0.999287
115,1785980810647027141,2,605,276,0.456198,0.895833,123,75.554406,10.431368,0,0,0,0,0,0,0.000000,85.985774,100.009946,1,0.107502,0.125848,-1.322183,0.020649,-0.033620,-0.006882,0.999198
116,1785980810737026850,2,602,273,0.453488,0.875000,189,77.033385,10.052278,0,0,0,0,0,0,0.000000,87.085663,102.123519,1,0.106451,0.123366,-1.341660,0.018697,-0.032996,-0.009507,0.999235
117,1785980810827028516,2,605,261,0.431405,0.833333,158,74.449971,9.529062,0,0,0,0,0,0,0.000000,83.979033,101.912974,1,0.107409,0.136051,-1.363468,0.023368,-0.032719,-0.008391,0.999156
118,1785980810917028850,2,606,262,0.432343,0.854167,146,77.427642,10.091571,0,0,0,0,0,0,0.000000,87.519213,104.038632,1,0.112632,0.149833,-1.387397,0.027463,-0.034154,-0.010275,0.998986
119,1785980811007027975,2,604,260,0.430464,0.854167,126,75.934327,9.818483,0,0,0,0,0,0,0.000000,85.752810,100.055029,1,0.119399,0.157278,-1.408596,0.029683,-0.036832,-0.012699,0.998800
120,1785980811097028516,2,605,270,0.446281,0.854167,192,77.729771,10.068737,0,0,0,0,0,0,0.000000,87.798508,102.205853,1,0.131688,0.163918,-1.432930,0.031663,-0.041132,-0.010683,0.998595
121,1785980811187032308,2,604,268,0.443709,0.854167,156,75.407567,9.307100,0,0,0,0,0,0,0.000000,84.714667,101.554675,1,0.143681,0.174249,-1.458060,0.035423,-0.045401,-0.009048,0.998300
122,1785980811277028683,2,604,252,0.417219,0.833333,133,78.956288,9.665897,0,0,0,0,0,0,0.000000,88.622185,102.847778,1,0.159899,0.192453,-1.484177,0.041714,-0.050431,-0.005386,0.997841
123,1785980811367028642,2,604,259,0.428808,0.812500,189,77.874771,9.722940,0,0,0,0,0,0,0.000000,87.597711,101.345462,1,0.173366,0.185459,-1.507401,0.038200,-0.055010,0.002407,0.997752
124,1785980811457033017,2,605,244,0.403306,0.875000,157,71.751803,8.610590,0,0,0,0,0,0,0.000000,80.362393,97.695490,1,0.177236,0.195262,-1.529899,0.041396,-0.055170,0.006534,0.997597
125,1785980811547031267,2,604,261,0.432119,0.854167,220,74.565680,9.920151,0,0,0,0,0,0,0.000000,84.485831,102.375437,1,0.181889,0.206580,-1.553813,0.044905,-0.056459,0.005545,0.997379
126,1785980811637032725,2,604,251,0.415563,0.812500,153,72.156435,9.133139,0,0,0,0,0,0,0.000000,81.289574,98.476627,1,0.188714,0.208462,-1.576946,0.045029,-0.058107,0.009756,0.997247
127,1785980811727033642,2,604,264,0.437086,0.854167,147,78.239942,9.843316,0,0,0,0,0,0,0.000000,88.083258,103.781039,1,0.190741,0.204236,-1.600721,0.042842,-0.057783,0.012598,0.997330
128,1785980811817031350,2,604,252,0.417219,0.854167,208,78.092231,9.496019,0,0,0,0,0,0,0.000000,87.588250,104.016042,1,0.195342,0.187138,-1.621648,0.035595,-0.058131,0.016844,0.997532
129,1785980811907030850,2,604,258,0.427152,0.875000,169,73.320742,8.959929,0,0,0,0,0,0,0.000000,82.280671,100.745785,1,0.193940,0.185749,-1.645008,0.034809,-0.056770,0.018921,0.997601
130,1785980811997032517,2,607,276,0.454695,0.833333,232,76.145535,10.335490,0,0,0,0,0,0,0.000000,86.481025,104.041627,1,0.199201,0.193334,-1.666664,0.036963,-0.057912,0.018950,0.997457
131,1785980812087031309,2,604,249,0.412252,0.854167,174,75.921282,8.782759,0,0,0,0,0,0,0.000000,84.704041,104.336797,1,0.181194,0.203160,-1.690951,0.040269,-0.051503,0.013001,0.997776
132,1785980812177032934,2,604,254,0.420530,0.833333,163,73.600661,9.678272,0,0,0,0,0,0,0.000000,83.278933,100.955036,1,0.181987,0.204862,-1.714468,0.040246,-0.051140,0.012570,0.997801
133,1785980812267034309,2,604,258,0.427152,0.833333,225,77.692015,9.736273,0,0,0,0,0,0,0.000000,87.428288,104.347170,1,0.166913,0.218127,-1.738124,0.044387,-0.045683,0.007139,0.997944
134,1785980812357035684,2,604,253,0.418874,0.854167,179,74.872013,9.053971,0,0,0,0,0,0,0.000000,83.925984,105.935111,1,0.164000,0.219145,-1.761331,0.044386,-0.044321,0.001910,0.998029
135,1785980812447034725,2,604,256,0.423841,0.833333,158,75.953238,9.732689,0,0,0,0,0,0,0.000000,85.685927,102.945691,1,0.162041,0.229566,-1.786336,0.047546,-0.043666,-0.001294,0.997913
136,1785980812537034392,2,604,247,0.408940,0.875000,149,78.496860,9.533728,0,0,0,0,0,0,0.000000,88.030588,105.140724,1,0.153679,0.224053,-1.811462,0.045579,-0.040772,-0.005440,0.998114
137,1785980812627035017,2,604,260,0.430464,0.895833,128,75.746277,10.094737,0,0,0,0,0,0,0.000000,85.841014,100.191440,1,0.144080,0.193210,-1.833163,0.035413,-0.037871,-0.009404,0.998611
138,1785980812717034684,2,603,260,0.431177,0.833333,128,75.896944,9.986277,0,0,0,0,0,0,0.000000,85.883221,100.965866,1,0.149643,0.176552,-1.854741,0.029947,-0.038732,-0.014449,0.998696
139,1785980812807032476,2,603,248,0.411277,0.854167,191,75.114140,9.596104,0,0,0,0,0,0,0.000000,84.710244,100.583902,1,0.140828,0.174126,-1.875361,0.028753,-0.036763,-0.019913,0.998712
140,1785980812897035226,2,603,280,0.464345,0.875000,155,71.221081,9.669897,0,0,0,0,0,0,0.000000,80.890978,99.069046,1,0.157739,0.156700,-1.894426,0.023141,-0.042361,-0.025835,0.998500
141,1785980812987033351,2,605,287,0.474380,0.875000,150,70.462487,9.889817,0,0,0,0,0,0,0.000000,80.352304,97.454147,1,0.174181,0.156262,-1.915528,0.022772,-0.047824,-0.027366,0.998221
142,1785980813077034476,2,605,288,0.476033,0.854167,138,73.091235,10.799872,0,0,0,0,0,0,0.000000,83.891107,100.113104,1,0.198794,0.171101,-1.939351,0.027164,-0.054494,-0.023352,0.997871
143,1785980813167036476,2,608,285,0.468750,0.895833,194,73.215860,10.344032,0,0,0,0,0,0,0.000000,83.559892,98.542202,1,0.225201,0.184374,-1.964379,0.030659,-0.061924,-0.022510,0.997356
144,1785980813257036517,2,605,284,0.469421,0.812500,170,67.320521,10.314281,0,0,0,0,0,0,0.000000,77.634802,97.345809,1,0.238176,0.195967,-1.985793,0.033326,-0.065173,-0.020434,0.997108
145,1785980813347037017,2,602,288,0.478405,0.895833,227,70.979242,9.821441,0,0,0,0,0,0,0.000000,80.800683,100.841987,1,0.232657,0.202853,-2.009970,0.034862,-0.063305,-0.021635,0.997150
146,1785980813437036309,2,602,301,0.500000,0.854167,159,69.905685,10.460325,0,0,0,0,0,0,0.000000,80.366010,99.468841,1,0.251946,0.226767,-2.033695,0.041073,-0.067890,-0.018130,0.996682
147,1785980813527036434,2,604,281,0.465232,0.875000,144,71.764546,9.635854,0,0,0,0,0,0,0.000000,81.400400,98.738913,1,0.256910,0.258754,-2.059502,0.049529,-0.068940,-0.014996,0.996278
148,1785980813617037393,2,603,264,0.437811,0.833333,130,73.772118,10.034444,0,0,0,0,0,0,0.000000,83.806562,99.743928,1,0.266477,0.275902,-2.080282,0.053607,-0.070748,-0.011223,0.995990
149,1785980813707038476,2,605,263,0.434711,0.833333,127,75.192847,9.816232,0,0,0,0,0,0,0.000000,85.009079,100.641064,1,0.277634,0.275584,-2.099184,0.052458,-0.073278,-0.009081,0.995890
150,1785980813797041184,2,603,251,0.416252,0.791667,182,75.702437,9.541394,0,0,0,0,0,0,0.000000,85.243831,101.279783,1,0.257363,0.268249,-2.118636,0.049521,-0.068053,-0.011092,0.996390
151,1785980813887037726,2,604,254,0.420530,0.791667,146,71.907880,8.972094,0,0,0,0,0,0,0.000000,80.879974,98.507241,1,0.266929,0.268987,-2.140502,0.049389,-0.070277,-0.017058,0.996158
152,1785980813977038268,2,602,277,0.460133,0.833333,133,74.035288,9.559853,0,0,0,0,0,0,0.000000,83.595141,99.462422,1,0.274566,0.269027,-2.166644,0.048864,-0.072494,-0.021052,0.995949
153,1785980814067038809,2,604,259,0.428808,0.812500,179,77.196918,9.697814,0,0,0,0,0,0,0.000000,86.894732,102.550427,1,0.298769,0.277015,-2.187855,0.050181,-0.078560,-0.020386,0.995437
154,1785980814157036810,2,604,283,0.468543,0.833333,171,74.973134,9.635812,0,0,0,0,0,0,0.000000,84.608946,104.325703,1,0.305910,0.262036,-2.209365,0.046178,-0.080446,-0.023057,0.995422
155,1785980814247038518,2,605,288,0.476033,0.812500,153,73.702239,9.555353,0,0,0,0,0,0,0.000000,83.257592,102.729469,1,0.321443,0.262613,-2.231462,0.046014,-0.084165,-0.021140,0.995164
156,1785980814337037643,2,607,266,0.438221,0.833333,211,78.788023,10.145862,0,0,0,0,0,0,0.000000,88.933885,106.329482,1,0.337034,0.247809,-2.250763,0.042187,-0.087837,-0.021724,0.995004
157,1785980814427041101,2,607,289,0.476112,0.770833,174,74.304373,9.912067,0,0,0,0,0,0,0.000000,84.216440,105.306883,1,0.342758,0.252421,-2.272937,0.043055,-0.089061,-0.022303,0.994845
158,1785980814517040601,2,606,254,0.419142,0.791667,159,74.949174,9.402892,0,0,0,0,0,0,0.000000,84.352066,104.093989,1,0.368814,0.274857,-2.293199,0.048122,-0.094624,-0.017636,0.994193
159,1785980814607042435,2,606,241,0.397690,0.770833,143,76.354987,9.165680,0,0,0,0,0,0,0.000000,85.520667,103.123475,1,0.380599,0.283527,-2.314627,0.049941,-0.097108,-0.012421,0.993942
160,1785980814697039810,2,607,250,0.411862,0.812500,135,80.281419,9.287723,0,0,0,0,0,0,0.000000,89.569142,104.836081,1,0.394934,0.305927,-2.335972,0.054745,-0.099831,-0.005264,0.993483
161,1785980814787040352,2,606,243,0.400990,0.791667,186,79.007025,9.407350,0,0,0,0,0,0,0.000000,88.414375,103.168348,1,0.405572,0.343996,-2.355851,0.063024,-0.101912,0.003042,0.992790
162,1785980814877041727,2,606,247,0.407591,0.770833,144,75.355136,8.762341,0,0,0,0,0,0,0.000000,84.117477,100.878730,1,0.419005,0.360983,-2.376989,0.066264,-0.104251,0.005663,0.992325
163,1785980814967041185,2,605,253,0.418182,0.729167,139,77.832758,8.951885,0,0,0,0,0,0,0.000000,86.784643,104.472284,1,0.426107,0.359151,-2.399028,0.064955,-0.105406,0.010109,0.992254
164,1785980815057042935,2,607,250,0.411862,0.770833,192,80.338920,9.443600,0,0,0,0,0,0,0.000000,89.782520,105.604510,1,0.435764,0.338187,-2.420626,0.058665,-0.106934,0.014642,0.992426
165,1785980815147046268,2,603,251,0.416252,0.791667,159,75.499930,8.874509,0,0,0,0,0,0,0.000000,84.374439,102.442961,1,0.445946,0.303384,-2.441828,0.049705,-0.108301,0.022418,0.992622
166,1785980815237043810,2,605,263,0.434711,0.833333,152,76.970451,9.439559,0,0,0,0,0,0,0.000000,86.410010,104.788287,1,0.440016,0.287344,-2.465082,0.045003,-0.106333,0.026587,0.992956
167,1785980815327043893,2,604,240,0.397351,0.791667,130,74.977004,9.267015,0,0,0,0,0,0,0.000000,84.244019,100.228843,1,0.431410,0.261726,-2.489511,0.038770,-0.103631,0.028978,0.993437
168,1785980815417043852,2,604,242,0.400662,0.854167,202,80.209916,9.443267,0,0,0,0,0,0,0.000000,89.653183,106.539437,1,0.431044,0.251271,-2.514125,0.036363,-0.102834,0.028857,0.993615
169,1785980815507046644,2,605,219,0.361983,0.854167,148,74.477580,8.191082,0,0,0,0,0,0,0.000000,82.668662,102.116621,1,0.406460,0.239341,-2.546000,0.034259,-0.096820,0.028079,0.994316
170,1785980815597045602,2,602,226,0.375415,0.833333,142,77.672420,8.213666,0,0,0,0,0,0,0.000000,85.886086,104.969122,1,0.404687,0.252099,-2.571100,0.037416,-0.096189,0.025018,0.994345
171,1785980815687045185,2,604,233,0.385762,0.791667,131,76.425899,8.970593,0,0,0,0,0,0,0.000000,85.396492,102.493582,1,0.397865,0.254515,-2.594160,0.038179,-0.094278,0.024019,0.994524
172,1785980815777043477,2,605,209,0.345455,0.854167,122,81.734813,8.142581,0,0,0,0,0,0,0.000000,89.877394,105.725048,1,0.378857,0.262198,-2.616756,0.039801,-0.089812,0.021480,0.994931
173,1785980815867043102,2,604,212,0.350993,0.812500,112,80.992301,8.121622,0,0,0,0,0,0,0.000000,89.113923,103.533140,1,0.359349,0.271467,-2.643033,0.041972,-0.085451,0.015830,0.995332
174,1785980815957044644,2,604,215,0.355960,0.833333,176,83.174126,8.163623,0,0,0,0,0,0,0.000000,91.337749,106.841981,1,0.356195,0.278421,-2.666944,0.043606,-0.084644,0.009841,0.995408
175,1785980816047043894,2,602,221,0.367110,0.854167,133,78.950437,7.832201,0,0,0,0,0,0,0.000000,86.782638,104.534947,1,0.349942,0.296558,-2.690270,0.047346,-0.083174,0.003495,0.995404
176,1785980816137045852,2,603,193,0.320066,0.729167,105,79.510903,7.019439,0,0,0,0,0,0,0.000000,86.530342,101.145896,1,0.351241,0.322526,-2.712300,0.052600,-0.083094,0.000415,0.995152
177,1785980816227047894,2,605,186,0.307438,0.750000,107,80.481250,6.833435,0,0,0,0,0,0,0.000000,87.314685,101.873654,1,0.343290,0.337441,-2.737745,0.055426,-0.081435,-0.003244,0.995131
178,1785980816317046144,2,605,195,0.322314,0.750000,173,84.021470,7.516779,0,0,0,0,0,0,0.000000,91.538249,106.285845,1,0.351554,0.353505,-2.758578,0.057997,-0.082671,-0.005876,0.994870
179,1785980816407048852,2,605,189,0.312397,0.729167,128,80.702753,7.233984,0,0,0,0,0,0,0.000000,87.936737,104.560070,1,0.360503,0.353265,-2.779111,0.057451,-0.084272,-0.009550,0.994739
180,1785980816497046061,2,605,200,0.330579,0.729167,115,81.347763,7.490779,0,0,0,0,0,0,0.000000,88.838542,103.359218,1,0.374804,0.348606,-2.800385,0.056103,-0.086908,-0.011405,0.994570
181,1785980816587047394,2,605,176,0.290909,0.729167,105,80.916548,7.234192,0,0,0,0,0,0,0.000000,88.150740,102.926420,1,0.369232,0.344128,-2.826128,0.054870,-0.085555,-0.010463,0.994766
182,1785980816677045227,2,605,193,0.319008,0.750000,161,84.499475,7.662865,0,0,0,0,0,0,0.000000,92.162340,106.303093,1,0.396921,0.310212,-2.846366,0.048028,-0.090744,-0.010113,0.994664
183,1785980816767045977,2,605,192,0.317355,0.770833,120,80.148534,7.307776,0,0,0,0,0,0,0.000000,87.456310,104.022101,1,0.394882,0.287084,-2.870266,0.043206,-0.089801,-0.003986,0.995014
184,1785980816857048269,2,601,199,0.331115,0.750000,115,79.984657,7.396277,0,0,0,0,0,0,0.000000,87.380934,103.182047,1,0.402513,0.271674,-2.892790,0.040021,-0.090804,-0.002344,0.995062
185,1785980816947048519,2,604,182,0.301325,0.791667,104,82.308651,7.690907,0,0,0,0,0,0,0.000000,89.999558,103.312674,1,0.412409,0.261378,-2.914598,0.037921,-0.092431,0.001059,0.994996
186,1785980817037048269,2,605,195,0.322314,0.770833,108,82.461653,7.664865,0,0,0,0,0,0,0.000000,90.126518,103.358758,1,0.421000,0.239465,-2.934417,0.033270,-0.093470,0.003685,0.995059
187,1785980817127048144,2,604,203,0.336093,0.812500,97,79.708111,7.995037,0,0,0,0,0,0,0.000000,87.703148,101.099849,1,0.440237,0.203139,-2.954379,0.026303,-0.096576,0.006358,0.994958
188,1785980817217049186,2,606,205,0.338284,0.770833,87,80.636707,7.896660,0,0,0,0,0,0,0.000000,88.533367,101.492227,1,0.464489,0.148916,-2.970223,0.016124,-0.100643,0.006025,0.994774
189,1785980817307050978,2,606,210,0.346535,0.791667,174,79.576316,8.100372,0,0,0,0,0,0,0.000000,87.676688,101.443185,1,0.468415,0.116107,-2.991172,0.009916,-0.100909,0.008244,0.994812
190,1785980817397051519,2,603,208,0.344942,0.791667,121,75.915844,7.499112,0,0,0,0,0,0,0.000000,83.414956,100.884676,1,0.479749,0.078403,-3.009413,0.002893,-0.102656,0.009560,0.994667
191,1785980817487047853,2,604,216,0.357616,0.833333,119,75.427546,7.676115,0,0,0,0,0,0,0.000000,83.103661,99.457613,1,0.476919,0.047838,-3.029819,-0.002573,-0.102053,0.010304,0.994722
192,1785980817577050478,2,603,231,0.383085,0.791667,107,74.047900,8.199998,0,0,0,0,0,0,0.000000,82.247898,97.554043,1,0.498530,0.017493,-3.044687,-0.008292,-0.105322,0.012506,0.994325
193,1785980817667050603,2,605,206,0.340496,0.791667,106,77.680953,8.165664,0,0,0,0,0,0,0.000000,85.846617,98.961396,1,0.516810,0.014888,-3.065518,-0.009396,-0.107866,0.018664,0.993946
194,1785980817757052353,2,606,210,0.346535,0.791667,91,78.680675,8.294041,0,0,0,0,0,0,0.000000,86.974716,100.804506,1,0.521230,-0.003800,-3.085168,-0.012481,-0.108341,0.020450,0.993825
195,1785980817847049728,2,606,223,0.367987,0.791667,169,77.178653,8.544753,0,0,0,0,0,0,0.000000,85.723406,100.266123,1,0.543044,-0.021428,-3.092938,-0.015940,-0.111808,0.022211,0.993354
196,1785980817937050561,2,606,226,0.372937,0.812500,150,74.924286,8.383500,0,0,0,0,0,0,0.000000,83.307786,101.583643,1,0.549457,-0.023360,-3.099190,-0.016361,-0.112712,0.023444,0.993216
197,1785980818027051436,2,606,229,0.377888,0.791667,153,73.040592,8.318416,0,0,0,0,0,0,0.000000,81.359008,101.027551,1,0.566899,-0.028614,-3.096203,-0.017243,-0.115663,0.022918,0.992874
198,1785980818117049770,2,606,233,0.384488,0.812500,156,73.655184,8.352500,0,0,0,0,0,0,0.000000,82.007684,100.092621,1,0.568665,-0.025825,-3.093284,-0.016895,-0.116176,0.022859,0.992822
199,1785980818207049103,2,605,207,0.342149,0.791667,127,76.350889,8.160914,0,0,0,0,0,0,0.000000,84.511803,99.993366,1,0.624703,-0.027411,-3.082537,-0.017388,-0.126143,0.022242,0.991610
200,1785980818297049312,2,604,213,0.352649,0.750000,119,77.474114,8.149538,0,0,0,0,0,0,0.000000,85.623652,100.672835,1,0.679743,-0.032247,-3.069966,-0.018343,-0.136315,0.021582,0.990261
201,1785980818387052520,2,604,222,0.367550,0.812500,117,77.373988,8.402001,0,0,0,0,0,0,0.000000,85.775989,100.550041,1,0.746714,-0.033314,-3.054744,-0.018790,-0.148627,0.021111,0.988489
202,1785980818477052603,2,605,230,0.380165,0.770833,115,76.765353,8.631962,0,0,0,0,0,0,0.000000,85.397315,100.954131,1,0.819961,-0.033175,-3.033811,-0.019065,-0.161963,0.020960,0.986390
203,1785980818567054603,2,604,224,0.370861,0.812500,110,76.704103,8.606212,0,0,0,0,0,0,0.000000,85.310315,99.745072,1,0.895052,-0.034480,-3.011500,-0.019322,-0.175930,0.019930,0.984011
204,1785980818657053728,2,603,245,0.406302,0.770833,107,78.218875,9.180428,0,0,0,0,0,0,0.000000,87.399303,101.570180,1,0.975478,-0.028770,-2.985061,-0.018525,-0.191223,0.018596,0.981196
205,1785980818747054770,2,608,228,0.375000,0.750000,104,76.916063,8.621295,0,0,0,0,0,0,0.000000,85.537358,98.961141,1,1.057707,-0.024587,-2.955084,-0.017887,-0.206924,0.017382,0.978039
206,1785980818837056228,2,603,234,0.388060,0.791667,94,76.473972,8.678796,0,0,0,0,0,0,0.000000,85.152768,98.961140,1,1.129360,-0.022661,-2.927139,-0.017585,-0.220673,0.016160,0.975055
207,1785980818927052895,2,605,248,0.409917,0.791667,163,74.155313,9.272096,0,0,0,0,0,0,0.000000,83.427409,96.746982,1,1.191600,-0.028570,-2.897752,-0.018943,-0.232553,0.016304,0.972263
208,1785980819017056437,2,602,212,0.352159,0.770833,106,71.202643,7.425402,0,0,0,0,0,0,0.000000,78.628045,93.814481,1,1.266419,-0.033558,-2.862331,-0.020080,-0.247081,0.016140,0.968652
209,1785980819107054479,2,604,215,0.355960,0.750000,104,71.475606,7.752158,0,0,0,0,0,0,0.000000,79.227764,93.606102,1,1.338962,-0.036397,-2.826055,-0.020775,-0.261360,0.015391,0.964895
210,1785980819197055312,2,609,256,0.420361,0.791667,163,73.555010,9.118260,0,0,0,0,0,0,0.000000,82.673270,96.940900,1,1.399747,-0.040311,-2.791875,-0.021777,-0.273522,0.015221,0.961499
211,1785980819287054937,2,607,241,0.397035,0.812500,133,69.550743,8.992883,0,0,0,0,0,0,0.000000,78.543626,94.858869,1,1.468214,-0.048936,-2.752210,-0.023351,-0.287164,0.015070,0.957478
212,1785980819377054270,2,604,227,0.375828,0.833333,122,74.410940,7.914701,0,0,0,0,0,0,0.000000,82.325641,97.165403,1,1.528982,-0.056676,-2.712983,-0.025188,-0.299683,0.014892,0.953590
213,1785980819467056062,2,604,252,0.417219,0.812500,107,75.173534,9.197887,0,0,0,0,0,0,0.000000,84.371421,98.701885,1,1.599642,-0.060899,-2.664512,-0.026473,-0.314119,0.015544,0.948887
214,1785980819557063062,2,604,233,0.385762,0.770833,98,76.896976,8.880716,0,0,0,0,0,0,0.000000,85.777692,99.722691,1,1.660876,-0.066392,-2.620466,-0.027665,-0.327152,0.015503,0.944440
215,1785980819647059812,2,602,234,0.388704,0.791667,91,74.786111,9.041051,0,0,0,0,0,0,0.000000,83.827162,96.206680,1,1.721537,-0.067087,-2.575129,-0.027880,-0.339994,0.014555,0.939901
216,1785980819737060646,2,607,255,0.420099,0.812500,82,75.538788,9.436598,0,0,0,0,0,0,0.000000,84.975386,97.077316,1,1.794094,-0.060173,-2.519412,-0.026678,-0.355778,0.013319,0.934095
217,1785980819827060729,2,605,254,0.419835,0.812500,150,75.671373,9.418556,0,0,0,0,0,0,0.000000,85.089929,97.064399,1,1.856037,-0.057518,-2.467348,-0.025829,-0.369846,0.011225,0.928666
218,1785980819917060937,2,603,232,0.384743,0.812500,108,71.960901,8.330582,0,0,0,0,0,0,0.000000,80.291483,95.902132,1,1.901890,-0.059065,-2.426103,-0.026327,-0.380276,0.010950,0.924434
219,1785980820007060687,2,607,219,0.360791,0.791667,108,74.194351,8.485834,0,0,0,0,0,0,0.000000,82.680185,95.680046,1,1.953916,-0.057279,-2.378779,-0.026742,-0.391705,0.012325,0.919620
220,1785980820097059854,2,605,244,0.403306,0.791667,94,77.075060,9.219345,0,0,0,0,0,0,0.000000,86.294405,99.827274,1,2.014746,-0.054036,-2.318933,-0.026610,-0.406017,0.012859,0.913388
221,1785980820187058687,2,606,238,0.392739,0.833333,89,75.765040,9.284637,0,0,0,0,0,0,0.000000,85.049677,97.486194,1,2.075011,-0.048855,-2.256761,-0.026296,-0.420239,0.013101,0.906938
222,1785980820277058604,2,606,243,0.400990,0.854167,78,75.432993,9.201095,0,0,0,0,0,0,0.000000,84.634088,96.190968,1,2.130840,-0.043327,-2.195197,-0.025975,-0.433805,0.014189,0.900520
223,1785980820367056229,2,606,239,0.394389,0.791667,78,73.910971,9.219636,0,0,0,0,0,0,0.000000,83.130607,95.162827,1,2.189178,-0.036960,-2.125873,-0.024972,-0.448712,0.013706,0.893222
224,1785980820457056604,2,603,220,0.364842,0.770833,72,75.786332,8.470084,0,0,0,0,0,0,0.000000,84.256416,95.639418,1,2.239174,-0.029563,-2.063036,-0.022866,-0.462167,0.011282,0.886426
225,1785980820547055979,2,604,228,0.377483,0.791667,144,76.220838,8.470459,0,0,0,0,0,0,0.000000,84.691297,95.859295,1,2.287476,-0.015672,-2.001810,-0.020929,-0.474454,0.011838,0.879952
226,1785980820637058896,2,606,230,0.379538,0.791667,107,74.282060,8.769755,0,0,0,0,0,0,0.000000,83.051815,98.043036,1,2.336489,-0.001478,-1.934716,-0.017924,-0.488131,0.010657,0.872521
227,1785980820727059354,2,603,249,0.412935,0.791667,92,74.733398,9.194803,0,0,0,0,0,0,0.000000,83.928201,96.775099,1,2.395755,0.022517,-1.849070,-0.012585,-0.505107,0.008816,0.862920
228,1785980820817058896,2,603,242,0.401327,0.791667,81,78.388827,9.350805,0,0,0,0,0,0,0.000000,87.739632,99.604223,1,2.445050,0.034828,-1.770050,-0.008101,-0.520401,0.004394,0.853872
229,1785980820907060813,2,606,248,0.409241,0.833333,167,76.707510,9.041217,0,0,0,0,0,0,0.000000,85.748727,98.287580,1,2.490788,0.048579,-1.690258,-0.004024,-0.535039,0.001954,0.844815
230,1785980820997062271,2,608,231,0.379934,0.791667,114,72.925829,8.698503,0,0,0,0,0,0,0.000000,81.624332,96.700765,1,2.528283,0.057787,-1.620331,-0.000760,-0.547416,-0.000827,0.836860
231,1785980821087063313,2,603,212,0.351575,0.770833,111,75.632203,8.149079,0,0,0,0,0,0,0.000000,83.781282,97.521443,1,2.558568,0.066569,-1.560155,0.001464,-0.557658,-0.001472,0.830068
232,1785980821177063938,2,605,217,0.358678,0.770833,100,76.792135,8.520709,0,0,0,0,0,0,0.000000,85.312844,98.198076,1,2.585507,0.072600,-1.500297,0.004115,-0.567569,-0.004048,0.823306
233,1785980821267063938,2,605,214,0.353719,0.770833,103,78.175322,8.057994,0,0,0,0,0,0,0.000000,86.233316,99.241758,1,2.615224,0.079760,-1.433769,0.007631,-0.578716,-0.006940,0.815464
234,1785980821357064980,2,607,207,0.341021,0.770833,93,77.110014,7.983410,0,0,0,0,0,0,0.000000,85.093424,97.172185,1,2.641257,0.077845,-1.363088,0.010830,-0.590168,-0.012485,0.807111
235,1785980821447062438,2,606,212,0.349835,0.729167,148,75.803453,8.100661,0,0,0,0,0,0,0.000000,83.904114,96.328965,1,2.670216,0.085025,-1.284542,0.014918,-0.602489,-0.016724,0.797813
236,1785980821537062188,2,604,215,0.355960,0.750000,130,76.696758,8.262997,0,0,0,0,0,0,0.000000,84.959755,100.409316,1,2.693283,0.084148,-1.212076,0.017284,-0.613774,-0.019716,0.789046
237,1785980821627063438,2,606,220,0.363036,0.770833,111,79.293588,8.316248,0,0,0,0,0,0,0.000000,87.609836,101.569626,1,2.714398,0.082114,-1.141055,0.019830,-0.624612,-0.023495,0.780330
238,1785980821717064438,2,604,208,0.344371,0.729167,92,79.895053,8.039869,0,0,0,0,0,0,0.000000,87.934922,101.150284,1,2.730764,0.081781,-1.081635,0.021671,-0.633362,-0.025608,0.773128
239,1785980821807064772,2,604,212,0.350993,0.833333,84,78.820537,8.190413,0,0,0,0,0,0,0.000000,87.010950,99.303589,1,2.744369,0.080467,-1.027659,0.022676,-0.641118,-0.026971,0.766633
240,1785980821897064730,2,604,189,0.312914,0.833333,90,80.119557,7.623321,0,0,0,0,0,0,0.000000,87.742878,99.778264,1,2.758739,0.071258,-0.965561,0.022589,-0.650071,-0.028994,0.758984
241,1785980821987064272,2,606,181,0.298680,0.770833,140,80.275642,7.095063,0,0,0,0,0,0,0.000000,87.370705,100.199436,1,2.767688,0.063483,-0.919857,0.023132,-0.657083,-0.031092,0.752821
242,1785980822077064938,2,607,196,0.322900,0.770833,105,76.605463,7.710114,0,0,0,0,0,0,0.000000,84.315577,96.862470,1,2.785737,0.053452,-0.827861,0.024222,-0.670958,-0.034819,0.740281
243,1785980822167065688,2,604,201,0.332781,0.729167,92,80.392351,7.924659,0,0,0,0,0,0,0.000000,88.317010,100.901028,1,2.796983,0.041035,-0.766007,0.024222,-0.681899,-0.038107,0.730051
244,1785980822257066355,2,604,209,0.346026,0.791667,95,78.538823,8.080661,0,0,0,0,0,0,0.000000,86.619484,97.599437,1,2.796942,0.009605,-0.768582,0.020173,-0.684503,-0.042754,0.727475
245,1785980822347066688,2,606,185,0.305281,0.791667,82,80.402434,7.527444,0,0,0,0,0,0,0.000000,87.929878,99.507674,1,2.801733,-0.011083,-0.746350,0.019276,-0.690558,-0.047710,0.721444
246,1785980822437066647,2,603,183,0.303483,0.750000,142,80.205806,7.336233,0,0,0,0,0,0,0.000000,87.542039,99.861679,1,2.810082,-0.036919,-0.684796,0.015493,-0.701580,-0.050099,0.710658
247,1785980822527065855,2,606,210,0.346535,0.812500,112,77.524559,8.107202,0,0,0,0,0,0,0.000000,85.631761,99.326296,1,2.816585,-0.057656,-0.631818,0.011983,-0.711162,-0.051815,0.701014
248,1785980822617063897,2,603,214,0.354892,0.791667,99,79.541921,8.143411,0,0,0,0,0,0,0.000000,87.685332,99.991931,1,2.821633,-0.052464,-0.592882,0.012741,-0.718359,-0.051342,0.693659
249,1785980822707064814,2,603,228,0.378109,0.791667,83,79.351375,8.425666,0,0,0,0,0,0,0.000000,87.777041,99.680049,1,2.827358,-0.060895,-0.540053,0.008079,-0.727077,-0.047693,0.684849
250,1785980822797067147,2,603,225,0.373134,0.812500,144,79.782882,8.663128,0,0,0,0,0,0,0.000000,88.446010,98.667242,1,2.838555,-0.023115,-0.471300,0.012504,-0.737818,-0.042028,0.673574
251,1785980822887066980,2,604,240,0.397351,0.833333,116,75.896533,9.181468,0,0,0,0,0,0,0.000000,85.078001,99.217833,1,2.843585,-0.011397,-0.426167,0.007678,-0.745395,-0.032417,0.665790
252,1785980822977066647,2,605,223,0.368595,0.791667,105,79.462002,8.602210,0,0,0,0,0,0,0.000000,88.064212,101.002402,1,2.853314,0.062045,-0.394657,0.015304,-0.751278,-0.021226,0.659467
253,1785980823067068355,2,605,237,0.391736,0.833333,87,76.730961,8.979424,0,0,0,0,0,0,0.000000,85.710385,97.567476,1,2.854370,0.063172,-0.386195,0.008976,-0.754355,-0.012978,0.656277
254,1785980823157068064,2,606,248,0.409241,0.791667,90,77.803227,9.135384,0,0,0,0,0,0,0.000000,86.938611,98.889661,1,2.858928,0.079872,-0.396354,0.007000,-0.755524,-0.005831,0.655058
255,1785980823247065272,2,605,235,0.388430,0.812500,152,73.916252,9.045550,0,0,0,0,0,0,0.000000,82.961802,94.062381,1,2.861568,0.074822,-0.416939,0.001899,-0.755244,-0.001121,0.655440
256,1785980823337066939,2,602,239,0.397010,0.833333,119,74.484260,8.892547,0,0,0,0,0,0,0.000000,83.376807,97.414180,1,2.863073,0.086941,-0.458135,-0.000072,-0.752979,0.005313,0.658023
257,1785980823427066522,2,602,227,0.377076,0.854167,112,75.255688,8.583001,0,0,0,0,0,0,0.000000,83.838689,97.537807,1,2.867497,0.099225,-0.493760,-0.001863,-0.750946,0.010596,0.660276
258,1785980823517064981,2,603,247,0.409619,0.833333,108,74.876807,9.433139,0,0,0,0,0,0,0.000000,84.309946,97.178051,1,2.869895,0.109365,-0.540969,-0.005619,-0.747516,0.019008,0.663948
259,1785980823607069606,2,603,243,0.402985,0.812500,99,72.167101,9.262303,0,0,0,0,0,0,0.000000,81.429404,93.989004,1,2.870393,0.131106,-0.582957,-0.005354,-0.744569,0.025032,0.667055
260,1785980823697069189,2,607,270,0.444811,0.854167,95,73.970501,9.777560,0,0,0,0,0,0,0.000000,83.748061,95.361647,1,2.874073,0.151646,-0.618156,-0.006390,-0.742582,0.032659,0.668927
261,1785980823787068772,2,604,250,0.413907,0.812500,91,73.315033,9.358845,0,0,0,0,0,0,0.000000,82.673878,94.851599,1,2.875566,0.166569,-0.657677,-0.002949,-0.740885,0.032021,0.670862
262,1785980823877068273,2,602,226,0.375415,0.750000,93,73.301116,8.492124,0,0,0,0,0,0,0.000000,81.793240,94.088962,1,2.873775,0.149241,-0.712258,-0.004695,-0.737292,0.029008,0.674935
263,1785980823967066523,2,605,270,0.446281,0.812500,166,72.050931,9.917437,0,0,0,0,0,0,0.000000,81.968368,93.510745,1,2.874730,0.142150,-0.741016,-0.006626,-0.736500,0.028991,0.675784
264,1785980824057072356,2,606,258,0.425743,0.833333,130,68.707382,9.865978,0,0,0,0,0,0,0.000000,78.573360,93.193158,1,2.872583,0.121177,-0.780726,-0.006723,-0.734516,0.022261,0.678193
265,1785980824147071564,2,605,246,0.406612,0.833333,110,70.782704,9.293344,0,0,0,0,0,0,0.000000,80.076048,93.214199,1,2.868807,0.106274,-0.825430,-0.008741,-0.731670,0.020321,0.681300
266,1785980824237068648,2,603,266,0.441128,0.770833,94,69.602768,9.668891,0,0,0,0,0,0,0.000000,79.271659,92.735149,1,2.866743,0.087516,-0.868847,-0.008429,-0.729394,0.013335,0.683912
267,1785980824327069481,2,606,252,0.415842,0.812500,90,71.180125,9.415179,0,0,0,0,0,0,0.000000,80.595304,92.787316,1,2.863485,0.071345,-0.913257,-0.010988,-0.726751,0.011769,0.686712
268,1785980824417071023,2,604,257,0.425497,0.770833,88,69.284305,9.386721,0,0,0,0,0,0,0.000000,78.671026,91.304753,1,2.861121,0.062897,-0.950101,-0.012521,-0.724902,0.011002,0.688650
269,1785980824507072648,2,608,266,0.437500,0.770833,85,69.013968,10.146524,0,0,0,0,0,0,0.000000,79.160492,91.420963,1,2.857479,0.046862,-0.984614,-0.014061,-0.723410,0.006892,0.690241
270,1785980824597072523,2,604,254,0.420530,0.750000,164,70.649492,9.286677,0,0,0,0,0,0,0.000000,79.936169,93.629578,1,2.854346,0.025158,-1.024085,-0.018142,-0.721326,0.006611,0.692327
271,1785980824687073815,2,605,271,0.447934,0.791667,142,65.844337,9.311302,0,0,0,0,0,0,0.000000,75.155639,91.865550,1,2.855202,0.010791,-1.049974,-0.019088,-0.721072,0.002863,0.692591
272,1785980824777072398,2,605,250,0.413223,0.791667,126,69.845437,9.553431,0,0,0,0,0,0,0.000000,79.398868,94.395087,1,2.853716,0.016987,-1.088823,-0.018538,-0.719283,0.004002,0.694458
273,1785980824867071648,2,603,251,0.416252,0.770833,109,70.750367,9.451430,0,0,0,0,0,0,0.000000,80.201797,94.687341,1,2.854110,-0.015977,-1.104635,-0.024698,-0.719496,0.002799,0.694052
274,1785980824957072898,2,604,234,0.387417,0.770833,112,71.850508,9.009423,0,0,0,0,0,0,0.000000,80.859931,95.470020,1,2.860710,-0.007490,-1.108618,-0.022626,-0.721774,0.001600,0.691757
275,1785980825047070565,2,605,246,0.406612,0.729167,117,72.565268,9.467930,0,0,0,0,0,0,0.000000,82.033198,96.790789,1,2.864060,0.007128,-1.129795,-0.019399,-0.722279,-0.000865,0.691329
276,1785980825137071231,2,603,253,0.419569,0.729167,104,71.590421,9.409846,0,0,0,0,0,0,0.000000,81.000267,95.637022,1,2.870904,0.021458,-1.146890,-0.017420,-0.723157,0.000886,0.690463
277,1785980825227074231,2,604,235,0.389073,0.729167,94,72.406431,8.955714,0,0,0,0,0,0,0.000000,81.362145,93.781326,1,2.875290,0.029307,-1.158391,-0.016434,-0.724495,0.000912,0.689083
278,1785980825317072357,2,606,246,0.405941,0.791667,84,72.829145,9.357428,0,0,0,0,0,0,0.000000,82.186573,95.224638,1,2.878921,0.043988,-1.180314,-0.014196,-0.724731,0.001326,0.688884
279,1785980825407074023,2,605,253,0.418182,0.750000,180,73.301110,9.383511,0,0,0,0,0,0,0.000000,82.684621,96.305196,1,2.885880,0.052932,-1.189645,-0.013349,-0.725712,0.001201,0.687868
280,1785980825497070940,2,604,234,0.387417,0.791667,139,73.042648,8.405998,0,0,0,0,0,0,0.000000,81.448646,98.934235,1,2.887138,0.063724,-1.216397,-0.010509,-0.725819,-0.000534,0.687805
281,1785980825587075898,2,604,235,0.389073,0.791667,124,74.238458,9.016923,0,0,0,0,0,0,0.000000,83.255381,97.620132,1,2.891871,0.073075,-1.233740,-0.008397,-0.726695,-0.001534,0.686907
282,1785980825677073607,2,606,229,0.377888,0.791667,110,75.013759,8.594459,0,0,0,0,0,0,0.000000,83.608218,98.045928,1,2.894738,0.084288,-1.255095,-0.005521,-0.727073,-0.004106,0.686525
283,1785980825767075440,2,605,252,0.416529,0.812500,184,74.235165,9.475680,0,0,0,0,0,0,0.000000,83.710845,99.427156,1,2.901393,0.092496,-1.265043,-0.004061,-0.728792,-0.004487,0.684708
284,1785980825857076607,2,607,212,0.349259,0.687500,139,71.876380,7.767989,0,0,0,0,0,0,0.000000,79.644369,98.633519,1,2.905172,0.115000,-1.288406,-0.001537,-0.728725,-0.001720,0.684803
285,1785980825947075607,2,604,236,0.390728,0.812500,137,75.346222,8.963714,0,0,0,0,0,0,0.000000,84.309936,100.712133,1,2.905674,0.115567,-1.314094,-0.002876,-0.728564,0.001582,0.684970
286,1785980826037079649,2,603,258,0.427861,0.854167,127,75.257804,9.562431,0,0,0,0,0,0,0.000000,84.820235,100.509547,1,2.906521,0.124780,-1.342477,-0.001135,-0.728028,0.001092,0.685546
287,1785980826127076440,2,605,221,0.365289,0.729167,114,76.102775,8.360996,0,0,0,0,0,0,0.000000,84.463771,98.298723,1,2.903147,0.125471,-1.380505,0.001188,-0.726380,-0.005248,0.687272
288,1785980826217075274,2,604,208,0.344371,0.770833,171,76.558655,8.025075,0,0,0,0,0,0,0.000000,84.583730,98.985064,1,2.900095,0.112804,-1.414052,0.000028,-0.725262,-0.008586,0.688419
289,1785980826307079065,2,603,200,0.331675,0.729167,138,75.914062,7.304023,0,0,0,0,0,0,0.000000,83.218085,101.148304,1,2.898582,0.102115,-1.441918,-0.002516,-0.724496,-0.007993,0.689228
290,1785980826397080899,2,607,204,0.336079,0.708333,130,76.982786,7.931032,0,0,0,0,0,0,0.000000,84.913818,101.397599,1,2.893231,0.087039,-1.481737,-0.005918,-0.722236,-0.006558,0.691591
291,1785980826487079607,2,603,224,0.371476,0.854167,117,81.884774,8.707044,0,0,0,0,0,0,0.000000,90.591818,106.263045,1,2.892012,0.049224,-1.505587,-0.013343,-0.721831,-0.004022,0.691929
292,1785980826577083274,2,604,215,0.355960,0.770833,106,81.980650,8.064742,0,0,0,0,0,0,0.000000,90.045392,104.880608,1,2.888783,0.031275,-1.537712,-0.016683,-0.720436,-0.004684,0.693305
293,1785980826667083316,2,603,189,0.313433,0.750000,98,74.924588,7.560568,0,0,0,0,0,0,0.000000,82.485156,96.291315,1,2.876097,-0.008635,-1.576386,-0.024478,-0.717687,-0.004052,0.695924
294,1785980826757078441,2,606,213,0.351485,0.812500,92,75.619139,8.144410,0,0,0,0,0,0,0.000000,83.763549,98.242885,1,2.877742,-0.036607,-1.596906,-0.030279,-0.717411,-0.001185,0.695991
295,1785980826847077816,2,606,233,0.384488,0.833333,171,75.232258,8.779627,0,0,0,0,0,0,0.000000,84.011885,98.748892,1,2.871974,-0.069862,-1.638902,-0.034567,-0.715244,-0.004188,0.698007
296,1785980826937079816,2,606,225,0.371287,0.770833,138,72.068671,8.109159,0,0,0,0,0,0,0.000000,80.177830,98.312969,1,2.866575,-0.098631,-1.668641,-0.039598,-0.713960,-0.004215,0.699053
297,1785980827027081232,2,608,229,0.376645,0.812500,131,74.347454,8.738085,0,0,0,0,0,0,0.000000,83.085539,99.316025,1,2.861885,-0.123543,-1.692005,-0.044454,-0.713197,-0.002627,0.699548
298,1785980827117078982,2,606,243,0.400990,0.791667,125,73.435608,9.070923,0,0,0,0,0,0,0.000000,82.506531,98.153133,1,2.852913,-0.152325,-1.728849,-0.048218,-0.711153,-0.005722,0.701358
299,1785980827207080441,2,608,218,0.358553,0.770833,110,74.959586,8.149285,0,0,0,0,0,0,0.000000,83.108871,98.595845,1,2.849429,-0.161621,-1.756877,-0.049952,-0.710337,-0.005665,0.702065
300,1785980827297079732,2,604,221,0.365894,0.770833,109,73.602733,8.553332,0,0,0,0,0,0,0.000000,82.156065,97.315535,1,2.851940,-0.152413,-1.779841,-0.047901,-0.710284,-0.007115,0.702247
301,1785980827387080399,2,605,227,0.375207,0.833333,101,73.888821,8.558874,0,0,0,0,0,0,0.000000,82.447695,96.535190,1,2.857951,-0.126836,-1.802823,-0.043377,-0.710687,-0.008495,0.702118
302,1785980827477079941,2,606,231,0.381188,0.833333,98,74.312660,8.728668,0,0,0,0,0,0,0.000000,83.041328,97.200325,1,2.858580,-0.110809,-1.836124,-0.040065,-0.710021,-0.011119,0.702952
303,1785980827567079941,2,607,249,0.410214,0.833333,91,73.698527,9.432470,0,0,0,0,0,0,0.000000,83.130997,96.845653,1,2.859200,-0.109226,-1.860205,-0.039759,-0.710058,-0.013103,0.702898
304,1785980827657080983,2,604,236,0.390728,0.875000,157,73.739193,8.857712,0,0,0,0,0,0,0.000000,82.596905,96.680317,1,2.855444,-0.100351,-1.892205,-0.037640,-0.708585,-0.017575,0.704401
305,1785980827747080441,2,604,201,0.332781,0.833333,107,70.836650,7.462191,0,0,0,0,0,0,0.000000,78.298841,93.400642,1,2.849966,-0.100755,-1.926094,-0.035320,-0.707595,-0.028314,0.705167
306,1785980827837084483,2,604,216,0.357616,0.729167,109,75.743096,8.104159,0,0,0,0,0,0,0.000000,83.847255,97.122405,1,2.843585,-0.106629,-1.954843,-0.036298,-0.707108,-0.027855,0.705623
307,1785980827927082983,2,604,207,0.342715,0.812500,93,72.226003,7.898822,0,0,0,0,0,0,0.000000,80.124825,92.285168,1,2.844552,-0.104639,-1.979463,-0.036419,-0.706856,-0.027661,0.705878
308,1785980828017083774,2,604,231,0.382450,0.812500,103,72.591592,8.869253,0,0,0,0,0,0,0.000000,81.460845,94.521659,1,2.837829,-0.109491,-2.012467,-0.036302,-0.705670,-0.033394,0.706822
309,1785980828107083608,2,609,233,0.382594,0.812500,91,74.585288,8.705709,0,0,0,0,0,0,0.000000,83.290997,96.675315,1,2.844380,-0.094375,-2.032120,-0.033827,-0.706279,-0.034909,0.706262
310,1785980828197084941,2,605,205,0.338843,0.791667,81,73.861901,8.000991,0,0,0,0,0,0,0.000000,81.862892,95.319293,1,2.844644,-0.087793,-2.059441,-0.032907,-0.705891,-0.035462,0.706666
311,1785980828287084816,2,606,213,0.351485,0.750000,80,74.650744,8.190118,0,0,0,0,0,0,0.000000,82.840862,93.081970,1,2.849978,-0.085427,-2.079583,-0.033017,-0.705882,-0.036564,0.706614
312,1785980828377083941,2,604,206,0.341060,0.854167,77,74.670162,8.000449,0,0,0,0,0,0,0.000000,82.670611,94.314321,1,2.851484,-0.114706,-2.094872,-0.037260,-0.707083,-0.034872,0.705286
313,1785980828467084108,2,607,216,0.355848,0.875000,146,72.864844,8.327203,0,0,0,0,0,0,0.000000,81.192047,92.590504,1,2.850260,-0.099583,-2.122133,-0.034889,-0.706264,-0.036680,0.706137
314,1785980828557087441,2,605,221,0.365289,0.833333,112,70.808564,8.016282,0,0,0,0,0,0,0.000000,78.824846,93.523392,1,2.853061,-0.097915,-2.140921,-0.034131,-0.706687,-0.040171,0.705560
315,1785980828647083858,2,605,224,0.370248,0.833333,100,73.477978,8.418830,0,0,0,0,0,0,0.000000,81.896808,93.701686,1,2.867478,-0.086562,-2.154181,-0.032339,-0.708332,-0.040388,0.703981
316,1785980828737085566,2,606,223,0.367987,0.812500,102,74.889288,8.407579,0,0,0,0,0,0,0.000000,83.296867,95.448460,1,2.874974,-0.090041,-2.167339,-0.033517,-0.709270,-0.038373,0.703093
317,1785980828827086442,2,604,209,0.346026,0.791667,79,75.945511,7.941322,0,0,0,0,0,0,0.000000,83.886833,94.290902,1,2.871640,-0.027342,-2.205837,-0.023289,-0.707714,-0.044851,0.704689
318,1785980828917086483,2,608,227,0.373355,0.791667,71,76.634647,8.530873,0,0,0,0,0,0,0.000000,85.165520,97.599700,1,2.884475,-0.017114,-2.215945,-0.021030,-0.709596,-0.050221,0.702502
319,1785980829007088442,2,605,218,0.360331,0.812500,153,74.682160,8.354912,0,0,0,0,0,0,0.000000,83.037072,93.710352,1,2.873995,-0.015168,-2.253220,-0.021835,-0.707853,-0.047255,0.704440
320,1785980829097086233,2,605,224,0.370248,0.833333,113,77.515701,8.141117,0,0,0,0,0,0,0.000000,85.656818,99.950400,1,2.874519,-0.019452,-2.276549,-0.023495,-0.707478,-0.043378,0.705011
321,1785980829187089400,2,607,206,0.339374,0.791667,119,74.436572,8.181618,0,0,0,0,0,0,0.000000,82.618190,97.407944,1,2.872663,-0.025535,-2.303121,-0.024175,-0.707876,-0.044089,0.704545
322,1785980829277088400,2,606,230,0.379538,0.770833,111,74.459155,8.808418,0,0,0,0,0,0,0.000000,83.267573,96.821894,1,2.889794,-0.016153,-2.307419,-0.022770,-0.710439,-0.045337,0.701928
323,1785980829367085525,2,606,226,0.372937,0.791667,105,75.128582,8.844377,0,0,0,0,0,0,0.000000,83.972959,95.908548,1,2.904059,0.023814,-2.318119,-0.017901,-0.712002,-0.041157,0.700742
324,1785980829457086734,2,605,186,0.307438,0.833333,92,74.936204,7.354064,0,0,0,0,0,0,0.000000,82.290268,96.298428,1,2.903906,0.043209,-2.346758,-0.015634,-0.711403,-0.039687,0.701489
325,1785980829547091400,2,605,198,0.327273,0.812500,80,74.464531,7.700403,0,0,0,0,0,0,0.000000,82.164934,93.993311,1,2.903389,0.065106,-2.371404,-0.012425,-0.711230,-0.041080,0.701648
326,1785980829637089234,2,607,215,0.354201,0.833333,86,75.350043,8.209118,0,0,0,0,0,0,0.000000,83.559161,97.292234,1,2.902925,0.056694,-2.396903,-0.013744,-0.710876,-0.042609,0.701891
327,1785980829727091192,2,607,213,0.350906,0.812500,84,74.502279,8.265827,0,0,0,0,0,0,0.000000,82.768106,96.183466,1,2.912690,0.053826,-2.407604,-0.013937,-0.712416,-0.045001,0.700175
328,1785980829817090400,2,607,197,0.324547,0.750000,84,75.948051,7.957406,0,0,0,0,0,0,0.000000,83.905457,96.792100,1,2.914793,0.062473,-2.433259,-0.012808,-0.712117,-0.046031,0.700433
329,1785980829907091150,2,607,204,0.336079,0.729167,69,73.742435,7.982781,0,0,0,0,0,0,0.000000,81.725216,94.030060,1,2.906944,0.015421,-2.454563,-0.019617,-0.711791,-0.049245,0.700388
330,1785980829997090900,2,604,189,0.312914,0.812500,66,75.176956,7.428773,0,0,0,0,0,0,0.000000,82.605729,92.746834,1,2.917408,0.040305,-2.464297,-0.016155,-0.712936,-0.051555,0.699144
331,1785980830087093859,2,607,210,0.345964,0.791667,72,74.827326,8.082033,0,0,0,0,0,0,0.000000,82.909359,93.227382,1,2.924321,0.029032,-2.481191,-0.017523,-0.713638,-0.053109,0.698279
332,1785980830177091234,2,609,218,0.357964,0.770833,154,74.957701,8.389078,0,0,0,0,0,0,0.000000,83.346779,94.303145,1,2.925939,0.029461,-2.491995,-0.017508,-0.714164,-0.054834,0.697608
333,1785980830267088859,2,607,222,0.365733,0.833333,131,71.896574,7.949489,0,0,0,0,0,0,0.000000,79.846063,97.076643,1,2.923613,0.021121,-2.493918,-0.018662,-0.713893,-0.054156,0.697908
334,1785980830357090901,2,606,202,0.333333,0.791667,105,73.591015,7.829029,0,0,0,0,0,0,0.000000,81.420044,94.520565,1,2.894323,0.025773,-2.532614,-0.018311,-0.708859,-0.051945,0.703197
335,1785980830447090859,2,605,201,0.332231,0.812500,111,72.712835,8.037073,0,0,0,0,0,0,0.000000,80.749908,94.627066,1,2.870479,0.037429,-2.564934,-0.017113,-0.704899,-0.049939,0.707341
336,1785980830537092151,2,606,192,0.316832,0.812500,108,76.554932,7.556983,0,0,0,0,0,0,0.000000,84.111915,97.926989,1,2.841182,0.043487,-2.599997,-0.016653,-0.700462,-0.049238,0.711794
337,1785980830627092817,2,606,210,0.346535,0.812500,108,74.664280,8.119991,0,0,0,0,0,0,0.000000,82.784271,96.189798,1,2.798585,0.048408,-2.652153,-0.016627,-0.693638,-0.048431,0.718501
338,1785980830717093651,2,605,194,0.320661,0.729167,90,72.979046,7.507608,0,0,0,0,0,0,0.000000,80.486654,93.488298,1,2.748986,0.056248,-2.711927,-0.016180,-0.685808,-0.046850,0.726093
339,1785980830807093359,2,605,238,0.393388,0.854167,89,73.223966,9.105339,0,0,0,0,0,0,0.000000,82.329305,94.685315,1,2.679548,0.064734,-2.790007,-0.015694,-0.675156,-0.045230,0.736120
340,1785980830897092484,2,603,212,0.351575,0.854167,84,74.681695,8.251659,0,0,0,0,0,0,0.000000,82.933354,95.419868,1,2.600963,0.075799,-2.873657,-0.014905,-0.663167,-0.044087,0.747023
341,1785980830987092359,2,604,217,0.359272,0.770833,85,72.930045,8.560331,0,0,0,0,0,0,0.000000,81.490376,93.570632,1,2.527005,0.094052,-2.946748,-0.013304,-0.651910,-0.043335,0.756941
342,1785980831077091734,2,605,206,0.340496,0.833333,77,72.799543,8.068574,0,0,0,0,0,0,0.000000,80.868117,93.289628,1,2.445134,0.109887,-3.023245,-0.011877,-0.639943,-0.042788,0.767138
343,1785980831167094818,2,603,193,0.320066,0.770833,70,74.332981,7.806403,0,0,0,0,0,0,0.000000,82.139384,94.545312,1,2.373507,0.127260,-3.091127,-0.009813,-0.629633,-0.041091,0.775743
344,1785980831257097109,2,604,217,0.359272,0.750000,146,74.328647,8.366495,0,0,0,0,0,0,0.000000,82.695142,95.916081,1,2.305002,0.137162,-3.147498,-0.009026,-0.619649,-0.039687,0.783823
345,1785980831347094984,2,603,213,0.353234,0.770833,102,76.018046,8.550164,0,0,0,0,0,0,0.000000,84.568210,99.517966,1,2.222189,0.150663,-3.218426,-0.007508,-0.607776,-0.037641,0.793180
346,1785980831437095276,2,605,220,0.363636,0.812500,88,73.201423,8.696124,0,0,0,0,0,0,0.000000,81.897547,95.641785,1,2.146786,0.161787,-3.275591,-0.006475,-0.597140,-0.035975,0.801304
347,1785980831527096068,2,606,214,0.353135,0.791667,82,74.718610,8.503413,0,0,0,0,0,0,0.000000,83.222023,96.203085,1,2.059750,0.171828,-3.336396,-0.005578,-0.585237,-0.034887,0.810093
348,1785980831617097026,2,604,198,0.327815,0.812500,85,75.071907,7.797612,0,0,0,0,0,0,0.000000,82.869519,96.723134,1,1.982393,0.175058,-3.387158,-0.005314,-0.574692,-0.032624,0.817702
349,1785980831707096985,2,608,211,0.347039,0.770833,74,74.028515,8.336494,0,0,0,0,0,0,0.000000,82.365009,94.840271,1,1.905410,0.179378,-3.436419,-0.004965,-0.564276,-0.030226,0.825018
350,1785980831797097360,2,603,186,0.308458,0.770833,82,75.663289,7.540983,0,0,0,0,0,0,0.000000,83.204272,95.593074,1,1.808532,0.182403,-3.492734,-0.004840,-0.551242,-0.028302,0.833851
351,1785980831887099568,2,603,189,0.313433,0.750000,66,76.123588,7.709527,0,0,0,0,0,0,0.000000,83.833115,95.209777,1,1.686965,0.199162,-3.557435,-0.002946,-0.535259,-0.026552,0.844266
352,1785980831977096985,2,606,231,0.381188,0.791667,148,76.241298,8.743292,0,0,0,0,0,0,0.000000,84.984590,97.812855,1,1.606320,0.208011,-3.599840,-0.001720,-0.524208,-0.024676,0.851231
353,1785980832067097151,2,607,207,0.341021,0.833333,92,78.836793,7.471774,0,0,0,0,0,0,0.000000,86.308567,100.864066,1,1.535330,0.209228,-3.635089,-0.001644,-0.514581,-0.023333,0.857123
354,1785980832157097568,2,608,201,0.330592,0.770833,85,76.847222,8.024531,0,0,0,0,0,0,0.000000,84.871753,98.713742,1,1.444324,0.216838,-3.674712,-0.000698,-0.502716,-0.021365,0.864187
355,1785980832247098943,2,605,222,0.366942,0.833333,90,74.622773,8.521497,0,0,0,0,0,0,0.000000,83.144270,95.413902,1,1.351541,0.222516,-3.712203,-0.000084,-0.490484,-0.020488,0.871210
356,1785980832337097568,2,604,211,0.349338,0.770833,71,74.679482,8.075115,0,0,0,0,0,0,0.000000,82.754597,94.921020,1,1.245996,0.235965,-3.750084,0.001352,-0.476772,-0.020240,0.878793
357,1785980832427098818,2,604,191,0.316225,0.750000,72,74.316518,7.683984,0,0,0,0,0,0,0.000000,82.000502,94.231969,1,1.156816,0.233952,-3.782435,0.001186,-0.465190,-0.019884,0.884987
358,1785980832517098693,2,603,195,0.323383,0.770833,63,73.988514,7.922488,0,0,0,0,0,0,0.000000,81.911002,93.794880,1,1.063635,0.246669,-3.810917,0.002684,-0.452832,-0.019174,0.891385
359,1785980832607099818,2,603,187,0.310116,0.750000,64,74.818734,7.384147,0,0,0,0,0,0,0.000000,82.202881,93.899506,1,0.970008,0.244155,-3.838617,0.002558,-0.440911,-0.018256,0.897361
360,1785980832697098693,2,605,201,0.332231,0.750000,137,74.805274,8.101782,0,0,0,0,0,0,0.000000,82.907056,94.907726,1,0.877887,0.251389,-3.862289,0.003199,-0.428734,-0.017516,0.903255
361,1785980832787101110,2,603,213,0.353234,0.812500,106,72.070152,8.485121,0,0,0,0,0,0,0.000000,80.555273,95.273523,1,0.784458,0.255252,-3.883039,0.003617,-0.416612,-0.016679,0.908924
362,1785980832877097860,2,604,225,0.372517,0.812500,94,72.866871,8.601206,0,0,0,0,0,0,0.000000,81.468077,95.036395,1,0.699180,0.250129,-3.900184,0.002871,-0.405619,-0.016437,0.913890
363,1785980832967099777,2,605,215,0.355372,0.791667,86,73.815010,8.552122,0,0,0,0,0,0,0.000000,82.367132,95.624945,1,0.607966,0.254322,-3.915605,0.003434,-0.393812,-0.015332,0.919057
364,1785980833057102235,2,604,210,0.347682,0.750000,82,73.145083,8.356828,0,0,0,0,0,0,0.000000,81.501911,95.286232,1,0.518113,0.257936,-3.927941,0.004120,-0.382072,-0.013763,0.924021
365,1785980833147100027,2,605,232,0.383471,0.791667,77,73.828051,9.065462,0,0,0,0,0,0,0.000000,82.893513,95.327690,1,0.425761,0.254937,-3.939406,0.003928,-0.370136,-0.012411,0.928886
366,1785980833237101902,2,605,218,0.360331,0.729167,78,73.590712,8.609497,0,0,0,0,0,0,0.000000,82.200209,94.438425,1,0.332411,0.251903,-3.944741,0.003084,-0.357798,-0.012097,0.933715
367,1785980833327100110,2,606,226,0.372937,0.791667,71,72.776826,8.867085,0,0,0,0,0,0,0.000000,81.643911,94.755722,1,0.218330,0.245595,-3.955558,0.002664,-0.343065,-0.010915,0.939244
368,1785980833417100360,2,605,228,0.376860,0.833333,60,73.590380,8.858876,0,0,0,0,0,0,0.000000,82.449256,93.980461,1,0.109912,0.244595,-3.958747,0.001782,-0.328786,-0.012078,0.944325
369,1785980833507100527,2,605,229,0.378512,0.750000,65,73.224208,8.990753,0,0,0,0,0,0,0.000000,82.214961,93.762624,1,0.021283,0.237146,-3.959137,0.000855,-0.317144,-0.011499,0.948307
370,1785980833597100944,2,607,221,0.364086,0.729167,57,73.310917,8.756208,0,0,0,0,0,0,0.000000,82.067125,93.605081,1,-0.073671,0.239353,-3.946045,0.000166,-0.304475,-0.011462,0.952451
371,1785980833687100111,2,603,227,0.376451,0.750000,54,73.346083,8.911419,0,0,0,0,0,0,0.000000,82.257502,93.896166,1,-0.171630,0.231934,-3.952539,0.000253,-0.291635,-0.009889,0.956478
372,1785980833777100736,2,603,215,0.356551,0.791667,47,72.626906,8.571455,0,0,0,0,0,0,0.000000,81.198361,92.367644,1,-0.270884,0.227676,-3.943822,0.000195,-0.278296,-0.007915,0.960463
373,1785980833867101569,2,603,218,0.361526,0.791667,47,75.110524,8.741583,0,0,0,0,0,0,0.000000,83.852107,94.540133,1,-0.371181,0.220828,-3.928150,-0.000683,-0.264692,-0.006540,0.964311
374,1785980833957102736,2,605,257,0.424793,0.770833,140,73.565670,9.740972,0,0,0,0,0,0,0.000000,83.306642,95.093183,1,-0.460534,0.206542,-3.922355,-0.001593,-0.252562,-0.003985,0.967571
375,1785980834047101361,2,606,240,0.396040,0.791667,86,71.680351,9.152130,0,0,0,0,0,0,0.000000,80.832481,95.346061,1,-0.560928,0.195394,-3.907471,-0.002412,-0.238621,-0.002166,0.971107
376,1785980834137100819,2,603,221,0.366501,0.750000,75,73.588669,8.469578,0,0,0,0,0,0,0.000000,82.058247,95.356603,1,-0.667272,0.186008,-3.886932,-0.003417,-0.223962,-0.001005,0.974591
377,1785980834227101486,2,607,231,0.380560,0.770833,71,74.833227,8.974127,0,0,0,0,0,0,0.000000,83.807354,96.488825,1,-0.754441,0.177983,-3.867740,-0.004521,-0.211711,-0.000639,0.977322
378,1785980834317102986,2,604,242,0.400662,0.791667,63,73.822004,9.412258,0,0,0,0,0,0,0.000000,83.234262,95.142514,1,-0.859166,0.175341,-3.841170,-0.004747,-0.196795,-0.000234,0.980433
379,1785980834407101903,2,608,243,0.399671,0.791667,59,73.772462,9.278006,0,0,0,0,0,0,0.000000,83.050468,94.851678,1,-0.975420,0.185504,-3.809241,-0.003436,-0.180449,-0.000662,0.983578
380,1785980834497104486,2,604,225,0.372517,0.770833,66,73.769504,8.760249,0,0,0,0,0,0,0.000000,82.529753,94.607549,1,-1.075622,0.193079,-3.777723,-0.001688,-0.165953,0.000462,0.986132
381,1785980834587103236,2,606,219,0.361386,0.750000,51,76.558960,8.469953,0,0,0,0,0,0,0.000000,85.028913,96.464533,1,-1.185508,0.203620,-3.739698,0.000559,-0.149820,0.001489,0.988712
382,1785980834677103778,2,608,211,0.347039,0.791667,40,74.008964,8.483620,0,0,0,0,0,0,0.000000,82.492584,93.152360,1,-1.289490,0.217382,-3.702506,0.003000,-0.134459,0.001638,0.990913
383,1785980834767104944,2,608,225,0.370066,0.791667,133,76.704418,8.810792,0,0,0,0,0,0,0.000000,85.515210,97.324835,1,-1.382334,0.215490,-3.661585,0.004056,-0.120600,0.004001,0.992685
384,1785980834857105569,2,607,220,0.362438,0.791667,91,72.654945,7.883778,0,0,0,0,0,0,0.000000,80.538723,96.303946,1,-1.464962,0.206366,-3.624686,0.003164,-0.107899,0.004482,0.994147
385,1785980834947104278,2,603,222,0.368159,0.791667,90,75.544402,8.906293,0,0,0,0,0,0,0.000000,84.450695,99.133528,1,-1.560231,0.203540,-3.581897,0.003047,-0.093176,0.004893,0.995633
386,1785980835037105778,2,604,221,0.365894,0.770833,67,74.907476,8.951252,0,0,0,0,0,0,0.000000,83.858728,97.291584,1,-1.646133,0.202457,-3.537853,0.003161,-0.079857,0.005043,0.996789
387,1785980835127108903,2,602,230,0.382060,0.791667,76,75.601070,8.870626,0,0,0,0,0,0,0.000000,84.471696,97.571547,1,-1.720226,0.201456,-3.495345,0.003561,-0.068015,0.006028,0.997660
388,1785980835217105903,2,602,250,0.415282,0.791667,65,76.810210,9.626802,0,0,0,0,0,0,0.000000,86.437012,99.110692,1,-1.810855,0.194292,-3.444705,0.003942,-0.053449,0.007882,0.998532
389,1785980835307107903,2,606,220,0.363036,0.770833,63,74.692096,8.422327,0,0,0,0,0,0,0.000000,83.114423,95.637893,1,-1.899597,0.194182,-3.385170,0.004380,-0.038754,0.008722,0.999201
390,1785980835397108070,2,602,253,0.420266,0.854167,55,76.314536,9.514093,0,0,0,0,0,0,0.000000,85.828629,97.562711,1,-1.985209,0.181170,-3.328182,0.003808,-0.024261,0.010819,0.999640
391,1785980835487107486,2,604,229,0.379139,0.770833,59,78.040686,8.892584,0,0,0,0,0,0,0.000000,86.933270,98.818020,1,-2.064721,0.160159,-3.272709,0.002025,-0.010708,0.012712,0.999860
392,1785980835577109361,2,605,236,0.390083,0.833333,51,77.437844,9.175838,0,0,0,0,0,0,0.000000,86.613682,98.536225,1,-2.158731,0.145149,-3.203951,0.001719,0.005844,0.015592,0.999860
393,1785980835667108445,2,603,243,0.402985,0.812500,47,77.784348,9.515968,0,0,0,0,0,0,0.000000,87.300316,98.611225,1,-2.299707,0.138180,-3.089832,0.001991,0.031094,0.017941,0.999353
394,1785980835757107445,2,601,233,0.387687,0.854167,44,79.028865,9.031586,0,0,0,0,0,0,0.000000,88.060451,99.385318,1,-2.372488,0.121538,-3.048441,-0.001433,0.045515,0.016221,0.998831
395,1785980835847107903,2,604,241,0.399007,0.854167,45,78.220853,9.185046,0,0,0,0,0,0,0.000000,87.405899,98.906228,1,-2.369951,0.155473,-3.037319,0.000689,0.043806,0.016610,0.998902
396,1785980835937109320,2,604,233,0.385762,0.833333,139,78.446398,9.154588,0,0,0,0,0,0,0.000000,87.600986,99.824408,1,-2.360636,0.175768,-3.042141,0.003224,0.041942,0.020782,0.998899
397,1785980836027109320,2,602,233,0.387043,0.833333,81,75.853195,9.000377,0,0,0,0,0,0,0.000000,84.853572,99.907867,1,-2.395700,0.198427,-3.032013,0.004658,0.048763,0.017931,0.998639
398,1785980836117110695,2,608,223,0.366776,0.875000,87,74.588468,8.238992,0,0,0,0,0,0,0.000000,82.827460,97.405249,1,-2.404649,0.202391,-3.043026,0.003536,0.051038,0.015927,0.998563
399,1785980836207110820,2,605,242,0.400000,0.854167,85,78.424604,9.352090,0,0,0,0,0,0,0.000000,87.776694,101.399511,1,-2.420346,0.164625,-3.084626,-0.000259,0.054736,0.012815,0.998419
400,1785980836297111278,2,604,233,0.385762,0.833333,83,78.640941,9.368715,0,0,0,0,0,0,0.000000,88.009656,101.863100,1,-2.414468,0.190263,-3.111566,0.004883,0.054008,0.014406,0.998425
401,1785980836387110237,2,604,226,0.374172,0.854167,81,80.129879,8.724164,0,0,0,0,0,0,0.000000,88.854043,102.350399,1,-2.409603,0.191199,-3.140514,0.007771,0.053450,0.017710,0.998383
402,1785980836477111404,2,605,246,0.406612,0.875000,72,80.017460,9.431966,0,0,0,0,0,0,0.000000,89.449426,102.786031,1,-2.388133,0.196967,-3.178822,0.013426,0.050502,0.024238,0.998340
403,1785980836567110987,2,604,215,0.355960,0.791667,68,81.196560,8.535287,0,0,0,0,0,0,0.000000,89.731847,102.086062,1,-2.388412,0.224296,-3.200510,0.016203,0.050261,0.022708,0.998346
404,1785980836657111612,2,605,211,0.348760,0.875000,60,81.351186,8.286034,0,0,0,0,0,0,0.000000,89.637220,101.963267,1,-2.371379,0.237071,-3.241651,0.020725,0.047352,0.026010,0.998324
405,1785980836747112570,2,603,218,0.361526,0.854167,54,81.011514,8.502786,0,0,0,0,0,0,0.000000,89.514300,101.164631,1,-2.351010,0.241439,-3.276412,0.024847,0.044647,0.030797,0.998219
406,1785980836837111737,2,605,199,0.328926,0.875000,56,81.312935,8.044363,0,0,0,0,0,0,0.000000,89.357298,101.319591,1,-2.336895,0.259580,-3.297419,0.027515,0.043734,0.031627,0.998163
407,1785980836927116154,2,606,225,0.371287,0.854167,54,79.858873,8.728873,0,0,0,0,0,0,0.000000,88.587746,100.704166,1,-2.333536,0.269943,-3.325402,0.027991,0.043134,0.030120,0.998223
408,1785980837017112695,2,603,229,0.379768,0.812500,59,80.665801,8.585746,0,0,0,0,0,0,0.000000,89.251547,101.604886,1,-2.322751,0.287527,-3.354975,0.028357,0.041668,0.027815,0.998342
409,1785980837107112279,2,608,230,0.378289,0.812500,54,80.157294,8.905167,0,0,0,0,0,0,0.000000,89.062461,101.050046,1,-2.307221,0.308776,-3.393233,0.033729,0.038580,0.030778,0.998212
410,1785980837197113654,2,604,222,0.367550,0.812500,49,81.719981,8.458577,0,0,0,0,0,0,0.000000,90.178558,101.552801,1,-2.295478,0.321746,-3.422732,0.038339,0.037013,0.033872,0.998004
411,1785980837287112279,2,606,207,0.341584,0.854167,46,79.688535,8.255866,0,0,0,0,0,0,0.000000,87.944401,98.838887,1,-2.281384,0.361042,-3.448802,0.046529,0.035405,0.037508,0.997584
412,1785980837377114571,2,607,211,0.347611,0.791667,45,82.467324,8.314575,0,0,0,0,0,0,0.000000,90.781899,101.679052,1,-2.292719,0.389650,-3.464298,0.046362,0.036709,0.032234,0.997729
413,1785980837467111487,2,606,210,0.346535,0.895833,136,79.510449,8.132531,0,0,0,0,0,0,0.000000,87.642980,99.515230,1,-2.280398,0.427190,-3.517381,0.050554,0.034626,0.031801,0.997614
414,1785980837557114321,2,606,208,0.343234,0.854167,103,79.994122,7.578314,0,0,0,0,0,0,0.000000,87.572436,103.155490,1,-2.251606,0.401075,-3.562337,0.051981,0.030520,0.040462,0.997361
415,1785980837647118654,2,608,197,0.324013,0.770833,80,79.784244,7.473022,0,0,0,0,0,0,0.000000,87.257266,101.600008,1,-2.251343,0.430965,-3.585791,0.060174,0.030441,0.046456,0.996641
416,1785980837737116237,2,609,208,0.341544,0.812500,88,83.767549,8.273908,0,0,0,0,0,0,0.000000,92.041457,105.933318,1,-2.244503,0.451410,-3.571726,0.059915,0.032510,0.043621,0.996720
417,1785980837827118654,2,606,207,0.341584,0.833333,78,82.891161,8.064446,0,0,0,0,0,0,0.000000,90.955607,103.982123,1,-2.214145,0.434943,-3.609227,0.056617,0.028399,0.043456,0.997045
418,1785980837917115529,2,606,211,0.348185,0.833333,76,82.686783,8.280991,0,0,0,0,0,0,0.000000,90.967774,103.888956,1,-2.249009,0.382653,-3.605896,0.052639,0.034102,0.048914,0.996832
419,1785980838007116113,2,606,215,0.354785,0.854167,70,78.492892,8.385659,0,0,0,0,0,0,0.000000,86.878551,99.439726,1,-2.220264,0.315847,-3.648025,0.044646,0.030833,0.052762,0.997132
420,1785980838097118113,2,603,208,0.344942,0.833333,66,77.828757,8.098613,0,0,0,0,0,0,0.000000,85.927370,98.631965,1,-2.222694,0.229170,-3.666745,0.036121,0.032236,0.059979,0.997025
421,1785980838187113404,2,606,233,0.384488,0.833333,67,78.201345,9.038876,0,0,0,0,0,0,0.000000,87.240221,99.904481,1,-2.248918,0.219462,-3.673103,0.033401,0.036389,0.057032,0.997150
422,1785980838277116446,2,606,227,0.374587,0.812500,65,81.295304,8.586370,0,0,0,0,0,0,0.000000,89.881674,101.880342,1,-2.253932,0.188090,-3.693801,0.029583,0.037587,0.059049,0.997109
423,1785980838367117488,2,604,212,0.350993,0.875000,65,79.837201,8.228573,0,0,0,0,0,0,0.000000,88.065774,99.807772,1,-2.267733,0.139825,-3.701792,0.022549,0.040517,0.057506,0.997268
424,1785980838457117988,2,606,227,0.374587,0.854167,68,80.744171,8.879583,0,0,0,0,0,0,0.000000,89.623754,102.194014,1,-2.280712,0.137725,-3.716457,0.019426,0.042387,0.052498,0.997532
425,1785980838547117613,2,604,231,0.382450,0.875000,60,80.027495,8.763039,0,0,0,0,0,0,0.000000,88.790534,101.577921,1,-2.302253,0.179325,-3.729229,0.022452,0.044952,0.048017,0.997582
426,1785980838637118196,2,606,217,0.358086,0.833333,53,80.395209,8.374451,0,0,0,0,0,0,0.000000,88.769660,100.374362,1,-2.306980,0.201404,-3.740925,0.023323,0.046316,0.044641,0.997656
427,1785980838727118863,2,604,212,0.350993,0.833333,57,81.910685,8.440327,0,0,0,0,0,0,0.000000,90.351012,102.038675,1,-2.325638,0.235100,-3.750192,0.025180,0.048678,0.039879,0.997700
428,1785980838817117363,2,603,228,0.378109,0.854167,59,78.753100,8.757830,0,0,0,0,0,0,0.000000,87.510930,99.829520,1,-2.351945,0.211862,-3.759727,0.019114,0.052411,0.034153,0.997858
429,1785980838907118905,2,607,224,0.369028,0.895833,56,80.131453,8.544327,0,0,0,0,0,0,0.000000,88.675780,100.530696,1,-2.343411,0.207527,-3.778621,0.016117,0.052039,0.031302,0.998024
430,1785980838997119446,2,605,229,0.378512,0.812500,53,81.585807,8.544077,0,0,0,0,0,0,0.000000,90.129884,101.721046,1,-2.351891,0.223713,-3.801657,0.015751,0.052954,0.026839,0.998112
431,1785980839087118946,2,604,226,0.374172,0.895833,53,80.393457,8.815040,0,0,0,0,0,0,0.000000,89.208497,100.799200,1,-2.353482,0.235570,-3.820088,0.016321,0.053667,0.025807,0.998092
432,1785980839177119530,2,605,247,0.408264,0.854167,149,80.683917,9.116586,0,0,0,0,0,0,0.000000,89.800503,102.653598,1,-2.355046,0.231516,-3.835223,0.015175,0.054065,0.024597,0.998119
433,1785980839267120988,2,605,225,0.371901,0.833333,112,76.331148,8.381908,0,0,0,0,0,0,0.000000,84.713056,102.744683,1,-2.344384,0.248757,-3.862798,0.016022,0.052858,0.022513,0.998220
434,1785980839357119988,2,605,239,0.395041,0.854167,101,78.414260,8.614996,0,0,0,0,0,0,0.000000,87.029256,103.495401,1,-2.357329,0.270130,-3.874913,0.016778,0.054741,0.019215,0.998175
435,1785980839447121488,2,603,227,0.376451,0.854167,89,78.914392,8.701997,0,0,0,0,0,0,0.000000,87.616389,101.014242,1,-2.344652,0.251189,-3.929304,0.013655,0.053397,0.019236,0.998295
436,1785980839537123197,2,607,242,0.398682,0.895833,89,81.569554,9.114086,0,0,0,0,0,0,0.000000,90.683640,104.899838,1,-2.327624,0.171984,-3.958979,0.006710,0.051683,0.025585,0.998313
437,1785980839627122197,2,605,241,0.398347,0.895833,88,81.449761,9.104835,0,0,0,0,0,0,0.000000,90.554596,105.355803,1,-2.338352,0.126409,-3.971145,0.002884,0.053599,0.029701,0.998117
438,1785980839717121072,2,603,231,0.383085,0.854167,87,80.682707,8.842540,0,0,0,0,0,0,0.000000,89.525247,102.994143,1,-2.338490,0.093893,-3.989350,0.000200,0.054286,0.032749,0.997988
439,1785980839807119155,2,606,245,0.404290,0.791667,77,79.384022,9.232754,0,0,0,0,0,0,0.000000,88.616776,102.526552,1,-2.349071,0.058053,-4.002832,-0.004688,0.055975,0.032338,0.997897
440,1785980839897125238,2,604,234,0.387417,0.791667,78,79.355772,8.843081,0,0,0,0,0,0,0.000000,88.198853,102.207256,1,-2.366051,0.118396,-4.012674,0.000069,0.058032,0.028251,0.997915
441,1785980839987120947,2,606,211,0.348185,0.791667,68,80.101116,8.172655,0,0,0,0,0,0,0.000000,88.273771,100.980740,1,-2.368385,0.130103,-4.048183,-0.000195,0.058485,0.023859,0.998003
442,1785980840077121989,2,604,231,0.382450,0.833333,75,80.124741,8.807081,0,0,0,0,0,0,0.000000,88.931822,102.384968,1,-2.357301,0.118452,-4.070637,-0.002548,0.057463,0.022828,0.998083
443,1785980840167122822,2,606,234,0.386139,0.854167,76,81.681385,8.863331,0,0,0,0,0,0,0.000000,90.544716,104.232699,1,-2.367822,0.125343,-4.088913,-0.002201,0.058965,0.021999,0.998015
444,1785980840257122739,2,606,215,0.354785,0.791667,62,80.062196,8.121613,0,0,0,0,0,0,0.000000,88.183809,100.707317,1,-2.352586,0.158305,-4.117597,0.001034,0.057212,0.021157,0.998137
445,1785980840347123655,2,603,229,0.379768,0.812500,66,80.824499,8.825331,0,0,0,0,0,0,0.000000,89.649830,102.190004,1,-2.365096,0.184122,-4.131245,0.002464,0.059093,0.017519,0.998096
446,1785980840437122655,2,605,238,0.393388,0.895833,57,82.728733,9.107669,0,0,0,0,0,0,0.000000,91.836402,104.106947,1,-2.345103,0.255363,-4.163457,0.011311,0.056440,0.018016,0.998179
447,1785980840527124947,2,605,229,0.378512,0.812500,61,82.578607,8.571244,0,0,0,0,0,0,0.000000,91.149851,103.126350,1,-2.343073,0.269169,-4.188334,0.012538,0.056360,0.017464,0.998179
448,1785980840617123364,2,606,214,0.353135,0.791667,60,81.546800,8.393909,0,0,0,0,0,0,0.000000,89.940709,101.887000,1,-2.343068,0.313296,-4.212293,0.016482,0.056672,0.014758,0.998148
449,1785980840707124531,2,606,226,0.372937,0.812500,60,82.808024,8.479576,0,0,0,0,0,0,0.000000,91.287600,103.429644,1,-2.352473,0.331862,-4.224271,0.018032,0.057696,0.013562,0.998079
450,1785980840797127947,2,606,222,0.366337,0.812500,142,81.947346,8.449283,0,0,0,0,0,0,0.000000,90.396629,103.478936,1,-2.332062,0.351380,-4.260688,0.019765,0.055511,0.012096,0.998189
451,1785980840887123072,2,608,241,0.396382,0.854167,109,79.488520,8.462743,0,0,0,0,0,0,0.000000,87.951263,104.879706,1,-2.343884,0.434749,-4.273031,0.027828,0.057159,0.008421,0.997942
452,1785980840977125114,2,608,208,0.342105,0.854167,93,85.835150,7.824776,0,0,0,0,0,0,0.000000,93.659926,107.772579,1,-2.354915,0.557748,-4.290927,0.040389,0.058244,0.004003,0.997477
453,1785980841067125364,2,608,190,0.312500,0.833333,93,85.559896,7.602189,0,0,0,0,0,0,0.000000,93.162085,106.920234,1,-2.360203,0.578198,-4.309555,0.042043,0.059165,0.003242,0.997357
454,1785980841157125864,2,608,202,0.332237,0.875000,76,86.055651,7.896484,0,0,0,0,0,0,0.000000,93.952135,106.892649,1,-2.367540,0.613604,-4.324013,0.044726,0.060383,0.000482,0.997173
455,1785980841247125489,2,608,201,0.330592,0.791667,78,84.564339,7.913568,0,0,0,0,0,0,0.000000,92.477907,105.614422,1,-2.377465,0.649350,-4.336346,0.045779,0.061888,-0.005175,0.997019
456,1785980841337127448,2,608,198,0.325658,0.833333,83,84.266710,7.842317,0,0,0,0,0,0,0.000000,92.109027,105.225166,1,-2.346107,0.643781,-4.378207,0.046392,0.058264,-0.002167,0.997220
457,1785980841427127198,2,608,221,0.363487,0.875000,82,85.781939,8.798705,0,0,0,0,0,0,0.000000,94.580644,108.556754,1,-2.337954,0.655730,-4.403795,0.044567,0.057640,-0.007765,0.997312
458,1785980841517125614,2,605,196,0.323967,0.833333,80,84.003414,7.608230,0,0,0,0,0,0,0.000000,91.611644,105.056914,1,-2.312656,0.625059,-4.443086,0.041838,0.054548,-0.006172,0.997615
459,1785980841607127406,2,607,225,0.370675,0.875000,71,83.108735,8.765496,0,0,0,0,0,0,0.000000,91.874231,104.729160,1,-2.244652,0.604288,-4.499301,0.038743,0.046513,-0.007081,0.998141
460,1785980841697127573,2,606,196,0.323432,0.812500,79,82.473682,7.866192,0,0,0,0,0,0,0.000000,90.339874,103.415098,1,-2.242305,0.613631,-4.508574,0.039583,0.046353,-0.006702,0.998118
461,1785980841787129114,2,606,213,0.351485,0.791667,74,83.218651,8.189197,0,0,0,0,0,0,0.000000,91.407848,104.867451,1,-2.290303,0.600423,-4.483672,0.037792,0.051798,-0.007486,0.997914
462,1785980841877127114,2,607,192,0.316310,0.812500,67,82.932314,7.641106,0,0,0,0,0,0,0.000000,90.573420,103.649018,1,-2.371202,0.589599,-4.439898,0.038876,0.061284,-0.003172,0.997358
463,1785980841967130364,2,608,203,0.333882,0.833333,70,85.179678,7.980569,0,0,0,0,0,0,0.000000,93.160247,105.960675,1,-2.412336,0.581597,-4.414080,0.038489,0.066371,-0.002281,0.997050
464,1785980842057130490,2,604,220,0.364238,0.833333,81,84.014913,8.683828,0,0,0,0,0,0,0.000000,92.698741,105.985008,1,-2.486656,0.579411,-4.367195,0.038886,0.075484,-0.001142,0.996388
465,1785980842147128240,2,606,195,0.321782,0.729167,75,85.934606,7.756065,0,0,0,0,0,0,0.000000,93.690671,107.617488,1,-2.587720,0.576704,-4.302001,0.039822,0.087973,0.000554,0.995326
466,1785980842237130656,2,603,205,0.339967,0.833333,64,84.266956,7.653647,0,0,0,0,0,0,0.000000,91.920603,104.744322,1,-2.658196,0.571335,-4.253559,0.039972,0.096822,0.001824,0.994497
467,1785980842327131448,2,605,208,0.343802,0.750000,63,85.201968,8.079154,0,0,0,0,0,0,0.000000,93.281122,105.933422,1,-2.705156,0.573376,-4.217319,0.040287,0.102879,0.001664,0.993876
468,1785980842417131865,2,605,209,0.345455,0.895833,70,85.458722,8.012111,0,0,0,0,0,0,0.000000,93.470833,105.928171,1,-2.779531,0.570194,-4.166406,0.039954,0.112300,0.001283,0.992870
469,1785980842507133823,2,605,218,0.360331,0.833333,66,86.348234,8.367074,0,0,0,0,0,0,0.000000,94.715308,107.069896,1,-2.870069,0.576465,-4.093315,0.040344,0.124374,0.000311,0.991415
470,1785980842597130156,2,603,186,0.308458,0.812500,64,88.265219,7.203225,0,0,0,0,0,0,0.000000,95.468444,107.562111,1,-2.980273,0.582964,-4.006532,0.041228,0.139024,-0.000306,0.989430
471,1785980842687127240,2,601,214,0.356073,0.916667,58,87.409331,8.202780,0,0,0,0,0,0,0.000000,95.612111,107.470565,1,-3.076161,0.580066,-3.925757,0.041726,0.152038,0.000400,0.987493
472,1785980842777130073,2,602,174,0.289037,0.895833,64,86.027228,6.872761,0,0,0,0,0,0,0.000000,92.899989,104.991864,1,-3.166974,0.591459,-3.843038,0.043121,0.164879,0.000184,0.985371
473,1785980842867131990,2,603,240,0.398010,0.875000,60,86.508652,9.192377,0,0,0,0,0,0,0.000000,95.701029,107.854279,1,-3.278508,0.604728,-3.732789,0.044618,0.180951,-0.000656,0.982479
474,1785980842957131532,2,604,225,0.372517,0.937500,134,88.729099,8.701411,0,0,0,0,0,0,0.000000,97.430510,109.029546,1,-3.402896,0.615129,-3.606800,0.045841,0.199607,-0.002104,0.978801
475,1785980843047132032,2,605,220,0.363636,0.812500,93,87.000284,8.474492,0,0,0,0,0,0,0.000000,95.474776,109.445885,1,-3.524550,0.627835,-3.491549,0.048183,0.218004,-0.001020,0.974757
476,1785980843137131490,2,604,206,0.341060,0.916667,88,89.227605,8.006277,0,0,0,0,0,0,0.000000,97.233882,110.852487,1,-3.627841,0.637028,-3.368124,0.050243,0.234426,-0.000914,0.970834
477,1785980843227131907,2,604,226,0.374172,0.875000,72,89.522607,8.694412,0,0,0,0,0,0,0.000000,98.217019,110.767859,1,-3.720700,0.639230,-3.250667,0.052959,0.249535,0.001532,0.966915
478,1785980843317133198,2,604,210,0.347682,0.833333,75,88.764098,8.302323,0,0,0,0,0,0,0.000000,97.066421,109.859305,1,-3.766404,0.630455,-3.191390,0.053544,0.257199,0.003214,0.964869
479,1785980843407130115,2,605,218,0.360331,0.916667,68,88.308841,8.521868,0,0,0,0,0,0,0.000000,96.830709,108.821541,1,-3.818792,0.637222,-3.121395,0.054470,0.265884,0.002874,0.962461
480,1785980843497133115,2,605,204,0.337190,0.875000,60,90.046032,8.150904,0,0,0,0,0,0,0.000000,98.196936,109.335547,1,-3.889775,0.634643,-3.011695,0.055002,0.278881,0.003514,0.958743
481,1785980843587131990,2,605,216,0.357025,0.854167,65,88.530261,8.450241,0,0,0,0,0,0,0.000000,96.980502,108.514453,1,-3.993739,0.626510,-2.855655,0.056214,0.297874,0.004679,0.952937
482,1785980843677133574,2,605,201,0.332231,0.854167,50,94.351630,8.104486,0,0,0,0,0,0,0.000000,102.456116,113.327141,1,-4.075546,0.612091,-2.720075,0.056380,0.314102,0.006137,0.947694
483,1785980843767133449,2,605,219,0.361983,0.812500,117,90.099823,8.484534,0,0,0,0,0,0,0.000000,98.584357,109.241127,1,-4.140057,0.608939,-2.609662,0.053990,0.327954,0.003197,0.943144
484,1785980843857133699,2,605,212,0.350413,0.875000,87,92.571981,8.350407,0,0,0,0,0,0,0.000000,100.922388,113.376809,1,-4.193935,0.569668,-2.510153,0.053198,0.340698,0.007998,0.938632
485,1785980843947133240,2,605,233,0.385124,0.854167,82,89.900069,8.776704,0,0,0,0,0,0,0.000000,98.676773,111.536033,1,-4.234283,0.573556,-2.445818,0.053921,0.350015,0.008031,0.935157
486,1785980844037135657,2,605,202,0.333884,0.895833,68,87.948084,7.959526,0,0,0,0,0,0,0.000000,95.907610,107.784815,1,-4.234714,0.543126,-2.467879,0.053141,0.350221,0.012172,0.935079
487,1785980844127138740,2,605,215,0.355372,0.833333,77,90.263033,8.216279,0,0,0,0,0,0,0.000000,98.479312,109.083583,1,-4.223183,0.517001,-2.513883,0.048433,0.348199,0.011317,0.936100
488,1785980844217138782,2,604,223,0.369205,0.916667,73,90.047737,8.597743,0,0,0,0,0,0,0.000000,98.645480,110.539892,1,-4.220193,0.535321,-2.539252,0.047238,0.347864,0.007664,0.936323
489,1785980844307134699,2,606,226,0.372937,0.937500,68,90.012902,8.783079,0,0,0,0,0,0,0.000000,98.795981,110.308806,1,-4.197517,0.491180,-2.602611,0.040748,0.343568,0.007706,0.938212
490,1785980844397138574,2,605,205,0.338843,0.916667,64,88.626883,8.101486,0,0,0,0,0,0,0.000000,96.728369,107.693396,1,-4.189196,0.492571,-2.643140,0.039227,0.341957,0.006028,0.938877
491,1785980844487134616,2,605,223,0.368595,0.854167,67,89.051598,8.687494,0,0,0,0,0,0,0.000000,97.739092,108.339363,1,-4.152894,0.463034,-2.724101,0.038142,0.335791,0.010138,0.941109
492,1785980844577137866,2,605,218,0.360331,0.854167,71,88.815219,8.472699,0,0,0,0,0,0,0.000000,97.287918,109.200833,1,-4.121711,0.418714,-2.806107,0.034648,0.329417,0.013268,0.943455
493,1785980844667139949,2,604,225,0.372517,0.895833,71,90.234487,8.791288,0,0,0,0,0,0,0.000000,99.025775,111.213024,1,-4.103275,0.377482,-2.863143,0.029786,0.326137,0.014421,0.944743
494,1785980844757140866,2,605,218,0.360331,0.916667,47,90.468323,8.591035,0,0,0,0,0,0,0.000000,99.059358,109.711379,1,-4.105593,0.365132,-2.886300,0.024614,0.326656,0.009524,0.944775
495,1785980844847137949,2,604,242,0.400662,0.916667,59,92.738271,9.222626,0,0,0,0,0,0,0.000000,101.960897,113.052716,1,-4.078275,0.368698,-2.939651,0.024179,0.322681,0.009053,0.946156
496,1785980844937139324,2,604,201,0.332781,0.875000,49,91.900926,8.028068,0,0,0,0,0,0,0.000000,99.928994,110.454806,1,-4.051713,0.345550,-3.013627,0.023245,0.317130,0.012239,0.948018
497,1785980845027139658,2,605,210,0.347107,0.875000,54,90.182403,8.021651,0,0,0,0,0,0,0.000000,98.204054,109.102745,1,-4.045037,0.281679,-3.042351,0.019132,0.316757,0.017032,0.948161
498,1785980845117140158,2,604,205,0.339404,0.791667,50,88.564672,7.759107,0,0,0,0,0,0,0.000000,96.323779,107.274845,1,-4.045306,0.294331,-3.042846,0.022305,0.317312,0.019986,0.947848
499,1785980845207139658,2,605,216,0.357025,0.875000,49,89.880480,8.367906,0,0,0,0,0,0,0.000000,98.248386,108.843072,1,-4.033070,0.280238,-3.085714,0.021014,0.315675,0.021068,0.948401
500,1785980845297142033,2,605,208,0.343802,0.916667,45,90.858743,8.035110,0,0,0,0,0,0,0.000000,98.893853,109.091742,1,-4.024262,0.257809,-3.128550,0.024249,0.313874,0.028858,0.948716
501,1785980845387142074,2,605,219,0.361983,0.916667,40,90.937411,8.202196,0,0,0,0,0,0,0.000000,99.139607,108.690654,1,-4.029083,0.225948,-3.135010,0.022147,0.313954,0.031627,0.948653
502,1785980845477142283,2,604,228,0.377483,0.937500,126,91.201832,8.602201,0,0,0,0,0,0,0.000000,99.804033,110.471595,1,-4.013609,0.245395,-3.172703,0.025586,0.312745,0.033759,0.948892
503,1785980845567140991,2,605,208,0.343802,0.895833,95,94.410333,8.020276,0,0,0,0,0,0,0.000000,102.430609,117.534400,1,-3.996938,0.262082,-3.220276,0.026915,0.310686,0.033312,0.949547
504,1785980845657142783,2,604,210,0.347682,0.875000,84,90.221733,7.996693,0,0,0,0,0,0,0.000000,98.218426,111.115644,1,-3.982545,0.260655,-3.261696,0.026646,0.308509,0.033715,0.950250
505,1785980845747142325,2,605,216,0.357025,0.916667,71,90.569154,8.325822,0,0,0,0,0,0,0.000000,98.894976,111.288187,1,-3.984267,0.273614,-3.281488,0.027868,0.308813,0.033457,0.950125
506,1785980845837141700,2,604,212,0.350993,0.937500,70,91.742087,8.203362,0,0,0,0,0,0,0.000000,99.945449,111.702235,1,-3.968377,0.290849,-3.322166,0.030457,0.306603,0.034855,0.950711
507,1785980845927141741,2,606,198,0.326733,0.854167,63,90.125940,7.689355,0,0,0,0,0,0,0.000000,97.815295,108.863612,1,-3.966956,0.318955,-3.348489,0.033646,0.306403,0.034895,0.950667
508,1785980846017144366,2,604,209,0.346026,0.854167,53,89.808019,8.022359,0,0,0,0,0,0,0.000000,97.830378,109.099741,1,-3.950744,0.343769,-3.391256,0.038548,0.303779,0.037727,0.951215
509,1785980846107140200,2,604,211,0.349338,0.833333,48,90.860825,8.111278,0,0,0,0,0,0,0.000000,98.972103,109.382745,1,-3.944260,0.381798,-3.416217,0.044704,0.303249,0.040631,0.950994
510,1785980846197142491,2,604,200,0.331126,0.958333,130,93.146771,7.772606,0,0,0,0,0,0,0.000000,100.919377,111.778150,1,-3.940259,0.411495,-3.445017,0.047880,0.302367,0.040461,0.951128
511,1785980846287140867,2,604,219,0.362583,0.916667,93,90.433775,8.358072,0,0,0,0,0,0,0.000000,98.791847,113.216836,1,-3.947524,0.391246,-3.455760,0.045132,0.303899,0.040459,0.950774
512,1785980846377144783,2,604,194,0.321192,0.833333,78,91.356330,7.612937,0,0,0,0,0,0,0.000000,98.969267,111.347435,1,-3.949359,0.447071,-3.471413,0.051652,0.304248,0.040637,0.950323
513,1785980846467144325,2,605,192,0.317355,0.895833,76,90.621195,7.394434,0,0,0,0,0,0,0.000000,98.015629,110.683052,1,-3.923844,0.438314,-3.525801,0.052094,0.300606,0.043738,0.951320
514,1785980846557145533,2,605,213,0.352066,0.875000,78,90.899781,8.149361,0,0,0,0,0,0,0.000000,99.049142,111.548689,1,-3.925122,0.405071,-3.541621,0.050618,0.301373,0.047848,0.950959
515,1785980846647144908,2,605,199,0.328926,0.833333,64,90.736821,7.839857,0,0,0,0,0,0,0.000000,98.576678,110.324671,1,-3.916838,0.377226,-3.574500,0.049328,0.300330,0.051326,0.951175
516,1785980846737146408,2,606,204,0.336634,0.916667,65,90.343981,7.643938,0,0,0,0,0,0,0.000000,97.987919,109.367156,1,-3.906234,0.338362,-3.608815,0.047561,0.299126,0.056057,0.951378
517,1785980846827147408,2,605,216,0.357025,0.854167,63,91.159033,8.171778,0,0,0,0,0,0,0.000000,99.330811,111.231640,1,-3.916372,0.347121,-3.613573,0.048730,0.300936,0.056923,0.950696
518,1785980846917147533,2,604,208,0.344371,0.833333,50,90.380897,7.883065,0,0,0,0,0,0,0.000000,98.263962,109.151195,1,-3.924248,0.385537,-3.629580,0.051191,0.301769,0.053327,0.950511
519,1785980847007146117,2,605,194,0.320661,0.875000,48,90.768445,7.587354,0,0,0,0,0,0,0.000000,98.355799,109.170362,1,-3.920472,0.449741,-3.654000,0.057468,0.301184,0.052783,0.950368
520,1785980847097143659,2,604,209,0.346026,0.895833,141,90.466357,7.770273,0,0,0,0,0,0,0.000000,98.236630,110.183709,1,-3.907457,0.456440,-3.682802,0.055815,0.300139,0.049520,0.950973
521,1785980847187145742,2,605,205,0.338843,0.895833,103,87.422105,7.976192,0,0,0,0,0,0,0.000000,95.398297,110.916383,1,-3.918931,0.446457,-3.690493,0.053433,0.302063,0.047213,0.950618
522,1785980847277146784,2,604,213,0.352649,0.895833,86,90.274561,8.191195,0,0,0,0,0,0,0.000000,98.465756,111.715852,1,-3.906635,0.423382,-3.726661,0.050248,0.300716,0.046596,0.951248
523,1785980847367146492,2,604,197,0.326159,0.854167,71,89.105670,7.577020,0,0,0,0,0,0,0.000000,96.682690,106.953038,1,-3.904537,0.407547,-3.750843,0.047054,0.300803,0.044642,0.951478
524,1785980847457148325,2,605,192,0.317355,0.770833,71,90.126184,7.277973,0,0,0,0,0,0,0.000000,97.404157,109.469197,1,-3.898540,0.398047,-3.777725,0.045565,0.300293,0.044323,0.951727
525,1785980847547146534,2,605,205,0.338843,0.854167,67,90.165268,7.800397,0,0,0,0,0,0,0.000000,97.965665,110.483169,1,-3.890380,0.412867,-3.807021,0.048256,0.299253,0.046811,0.951802
526,1785980847637147784,2,605,208,0.343802,0.833333,59,90.583398,8.050734,0,0,0,0,0,0,0.000000,98.634132,110.385292,1,-3.887606,0.406135,-3.836385,0.049941,0.299078,0.050801,0.951566
527,1785980847727149201,2,605,205,0.338843,0.895833,59,90.525021,7.697438,0,0,0,0,0,0,0.000000,98.222459,110.220330,1,-3.886688,0.419611,-3.857441,0.050494,0.298869,0.049942,0.951648
528,1785980847817149034,2,605,197,0.325620,0.895833,57,90.492937,7.644562,0,0,0,0,0,0,0.000000,98.137499,109.137274,1,-3.876113,0.439103,-3.887897,0.051344,0.297771,0.048753,0.952008
529,1785980847907149992,2,605,213,0.352066,0.854167,50,89.831762,8.190361,0,0,0,0,0,0,0.000000,98.022123,109.073897,1,-3.839737,0.417420,-3.950122,0.050194,0.293643,0.051399,0.953212
530,1785980847997148742,2,605,197,0.325620,0.916667,53,90.929235,7.558894,0,0,0,0,0,0,0.000000,98.488129,109.228483,1,-3.804678,0.379864,-4.011065,0.048872,0.289612,0.056755,0.954209
531,1785980848087146367,2,605,213,0.352066,0.833333,51,90.827900,8.030400,0,0,0,0,0,0,0.000000,98.858300,110.398957,1,-3.790514,0.352618,-4.043822,0.043899,0.288550,0.053076,0.954984
532,1785980848177154451,2,605,218,0.360331,0.854167,46,90.675896,8.260862,0,0,0,0,0,0,0.000000,98.936758,109.527943,1,-3.799502,0.360026,-4.061151,0.043102,0.288971,0.050624,0.955026
533,1785980848267147492,2,605,209,0.345455,0.875000,43,89.464880,8.117527,0,0,0,0,0,0,0.000000,97.582407,107.835420,1,-3.810726,0.337692,-4.068924,0.041596,0.291114,0.052471,0.954342
534,1785980848357150743,2,604,227,0.375828,0.812500,42,90.448142,8.761577,0,0,0,0,0,0,0.000000,99.209719,109.217689,1,-3.793664,0.323399,-4.102427,0.041174,0.289111,0.055487,0.954799
535,1785980848447148576,2,604,223,0.369205,0.895833,125,92.552880,8.506907,0,0,0,0,0,0,0.000000,101.059787,112.773112,1,-3.795184,0.261883,-4.125686,0.034954,0.289981,0.055935,0.954757
536,1785980848537153159,2,605,216,0.357025,0.875000,96,90.446810,8.241654,0,0,0,0,0,0,0.000000,98.688464,113.173868,1,-3.821086,0.276989,-4.117995,0.036368,0.293595,0.056075,0.953591
537,1785980848627152034,2,605,214,0.353719,0.854167,79,94.274110,8.204111,0,0,0,0,0,0,0.000000,102.478221,115.706025,1,-3.824721,0.294166,-4.135562,0.036259,0.294221,0.052999,0.953578
538,1785980848717153159,2,605,228,0.376860,0.875000,68,90.148595,8.821619,0,0,0,0,0,0,0.000000,98.970214,111.603885,1,-3.843035,0.289829,-4.139076,0.034890,0.296945,0.051162,0.952884
539,1785980848807153784,2,605,245,0.404959,0.854167,65,90.324389,9.137457,0,0,0,0,0,0,0.000000,99.461846,110.847125,1,-3.843886,0.288903,-4.157549,0.034643,0.297362,0.051300,0.952756
540,1785980848897151451,2,605,248,0.409917,0.875000,59,90.583726,9.100040,0,0,0,0,0,0,0.000000,99.683766,111.367757,1,-3.851039,0.309181,-4.172986,0.036936,0.298455,0.051935,0.952294
541,1785980848987154493,2,605,254,0.419835,0.916667,132,88.882495,9.388918,0,0,0,0,0,0,0.000000,98.271413,109.201102,1,-3.879423,0.247610,-4.166668,0.030731,0.302503,0.051679,0.951250
542,1785980849077152285,2,605,231,0.381818,0.875000,110,89.245874,8.774452,0,0,0,0,0,0,0.000000,98.020326,112.814610,1,-3.864009,0.201785,-4.198949,0.024998,0.301235,0.050491,0.951884
543,1785980849167152660,2,605,231,0.381818,0.916667,105,87.908271,8.806536,0,0,0,0,0,0,0.000000,96.714807,111.919096,1,-3.874145,0.159087,-4.206357,0.020000,0.303113,0.049047,0.951481
544,1785980849257151535,2,605,229,0.378512,0.916667,98,89.437917,8.887870,0,0,0,0,0,0,0.000000,98.325787,113.177779,1,-3.910069,0.197106,-4.192491,0.021700,0.307505,0.045055,0.950232
545,1785980849347155868,2,605,252,0.416529,0.854167,83,88.784575,9.409252,0,0,0,0,0,0,0.000000,98.193827,111.780469,1,-3.911515,0.202681,-4.213055,0.019429,0.308013,0.039273,0.950373
546,1785980849437152285,2,605,237,0.391736,0.875000,81,87.829895,9.069372,0,0,0,0,0,0,0.000000,96.899267,110.576369,1,-3.924190,0.199864,-4.218416,0.016312,0.309862,0.033388,0.950055
547,1785980849527157243,2,605,239,0.395041,0.958333,77,88.772908,9.029331,0,0,0,0,0,0,0.000000,97.802239,111.319129,1,-3.918883,0.182847,-4.243750,0.013990,0.309749,0.032761,0.950151
548,1785980849617156326,2,605,262,0.433058,0.937500,70,91.340068,9.617047,0,0,0,0,0,0,0.000000,100.957115,112.732315,1,-3.951537,0.209411,-4.230254,0.015064,0.313852,0.029455,0.948895
549,1785980849707156826,2,604,254,0.420530,0.916667,66,88.116605,9.319084,0,0,0,0,0,0,0.000000,97.435689,108.904678,1,-3.942969,0.223226,-4.260341,0.015703,0.313101,0.027896,0.949180
550,1785980849797157577,2,605,248,0.409917,0.937500,65,89.671001,9.382210,0,0,0,0,0,0,0.000000,99.053211,108.666216,1,-3.934320,0.267841,-4.287930,0.018265,0.312008,0.025096,0.949572
551,1785980849887156577,2,604,261,0.432119,0.937500,135,89.434623,9.688964,0,0,0,0,0,0,0.000000,99.123587,109.914982,1,-3.942569,0.212260,-4.304629,0.013275,0.313064,0.025912,0.949286
552,1785980849977156243,2,605,244,0.403306,0.979167,110,87.548973,9.245583,0,0,0,0,0,0,0.000000,96.794556,112.540643,1,-3.907764,0.168381,-4.356568,0.010603,0.309560,0.029170,0.950373
553,1785980850067157243,2,605,271,0.447934,0.979167,96,87.711475,9.790549,0,0,0,0,0,0,0.000000,97.502024,111.675007,1,-3.883723,0.150981,-4.391399,0.010253,0.307124,0.032231,0.951068
554,1785980850157158035,2,605,243,0.401653,0.916667,100,89.354413,8.947954,0,0,0,0,0,0,0.000000,98.302367,112.658935,1,-3.880598,0.154252,-4.399528,0.010529,0.306758,0.032187,0.951185
555,1785980850247157118,2,605,258,0.426446,0.937500,103,87.581596,9.605212,0,0,0,0,0,0,0.000000,97.186808,111.222623,1,-3.925888,0.141628,-4.353617,0.009682,0.311989,0.032477,0.949481
556,1785980850337156035,2,605,250,0.413223,0.937500,99,89.322412,9.078122,0,0,0,0,0,0,0.000000,98.400534,112.729685,1,-3.995865,0.132169,-4.279320,0.009595,0.320439,0.033681,0.946621
557,1785980850427156619,2,605,251,0.414876,0.916667,98,87.287967,9.228958,0,0,0,0,0,0,0.000000,96.516925,111.330041,1,-4.065963,0.128028,-4.208025,0.010106,0.328814,0.034763,0.943701
558,1785980850517158660,2,605,232,0.383471,0.916667,96,87.378177,8.699659,0,0,0,0,0,0,0.000000,96.077836,110.471988,1,-4.145918,0.131359,-4.118812,0.011566,0.338873,0.036032,0.940071
559,1785980850607161285,2,605,228,0.376860,0.937500,79,88.482066,8.554115,0,0,0,0,0,0,0.000000,97.036181,111.260498,1,-4.241814,0.130661,-4.010486,0.012481,0.350998,0.036669,0.935575
560,1785980850697158994,2,605,244,0.403306,0.895833,73,87.702430,9.057871,0,0,0,0,0,0,0.000000,96.760301,109.325595,1,-4.344060,0.141220,-3.883459,0.014363,0.364369,0.037320,0.930396
561,1785980850787156660,2,605,239,0.395041,0.937500,72,89.518871,8.874994,0,0,0,0,0,0,0.000000,98.393865,110.173232,1,-4.441342,0.132803,-3.758633,0.015249,0.377525,0.039244,0.925042
562,1785980850877158744,2,605,237,0.391736,0.895833,67,88.492565,8.932496,0,0,0,0,0,0,0.000000,97.425061,109.445597,1,-4.540719,0.131850,-3.619620,0.015113,0.391468,0.038078,0.919279
563,1785980850967159077,2,605,242,0.400000,0.937500,63,90.530259,8.862703,0,0,0,0,0,0,0.000000,99.392962,111.803004,1,-4.654533,0.133462,-3.452693,0.016039,0.407942,0.037842,0.912082
564,1785980851057161160,2,605,252,0.416529,0.875000,66,88.938071,9.201666,0,0,0,0,0,0,0.000000,98.139737,110.529070,1,-4.742181,0.129207,-3.315836,0.016794,0.421361,0.038322,0.905927
565,1785980851147160077,2,605,244,0.403306,0.895833,58,88.845610,9.021330,0,0,0,0,0,0,0.000000,97.866940,110.287982,1,-4.816358,0.139665,-3.184013,0.018099,0.433080,0.038093,0.900368
566,1785980851237162994,2,605,236,0.390083,0.937500,140,89.786997,8.736117,0,0,0,0,0,0,0.000000,98.523114,111.775084,1,-4.899477,0.138795,-3.039972,0.018992,0.446490,0.037694,0.893793
567,1785980851327162077,2,605,212,0.350413,0.937500,92,88.013557,7.956857,0,0,0,0,0,0,0.000000,95.970414,110.407400,1,-4.972085,0.141079,-2.892693,0.020465,0.459436,0.038584,0.887137
568,1785980851417164244,2,605,236,0.390083,0.833333,85,89.715663,8.811827,0,0,0,0,0,0,0.000000,98.527490,112.444176,1,-5.034674,0.138220,-2.765073,0.020888,0.470499,0.038797,0.881300
569,1785980851507163577,2,605,253,0.418182,0.875000,70,90.580425,9.210623,0,0,0,0,0,0,0.000000,99.791048,112.171298,1,-5.091715,0.136077,-2.637197,0.020511,0.481427,0.037482,0.875444
570,1785980851597164411,2,605,257,0.424793,0.875000,68,89.919624,9.474752,0,0,0,0,0,0,0.000000,99.394376,111.680625,1,-5.162646,0.129978,-2.466784,0.019323,0.495637,0.035850,0.867575
571,1785980851687162786,2,605,261,0.431405,0.833333,140,88.404143,9.561753,0,0,0,0,0,0,0.000000,97.965896,110.515148,1,-5.246073,0.126634,-2.243938,0.018997,0.513718,0.034437,0.857057
572,1785980851777163744,2,605,228,0.376860,0.958333,81,88.050722,8.758701,0,0,0,0,0,0,0.000000,96.809423,110.760152,1,-5.325922,0.129444,-1.989931,0.021882,0.533624,0.036291,0.844659
573,1785980851867165369,2,605,231,0.381818,0.895833,65,89.848704,8.583615,0,0,0,0,0,0,0.000000,98.432319,108.803875,1,-5.383823,0.130380,-1.784176,0.024219,0.549611,0.037402,0.834231
574,1785980851957167703,2,605,220,0.363636,0.875000,77,89.849579,8.340820,0,0,0,0,0,0,0.000000,98.190399,109.131755,1,-5.402665,0.118794,-1.699004,0.023809,0.556050,0.038012,0.829938
575,1785980852047167786,2,605,246,0.406612,0.937500,75,90.825926,9.066205,0,0,0,0,0,0,0.000000,99.892131,111.886041,1,-5.420811,0.123772,-1.622386,0.024790,0.561829,0.038157,0.826001
576,1785980852137164828,2,605,241,0.398347,0.958333,74,91.220098,8.909828,0,0,0,0,0,0,0.000000,100.129926,112.417047,1,-5.451703,0.109681,-1.480618,0.024260,0.572711,0.038165,0.818509
577,1785980852227168119,2,605,262,0.433058,0.854167,68,91.327222,9.559545,0,0,0,0,0,0,0.000000,100.886767,112.496422,1,-5.483786,0.094212,-1.299805,0.024557,0.585971,0.039490,0.808996
578,1785980852317162244,2,605,237,0.391736,0.833333,50,89.915037,8.892744,0,0,0,0,0,0,0.000000,98.807781,109.593759,1,-5.509349,0.094545,-1.129636,0.025838,0.598287,0.039896,0.799871
579,1785980852407164786,2,605,247,0.408264,0.895833,55,90.043664,9.146706,0,0,0,0,0,0,0.000000,99.190370,108.107989,1,-5.524318,0.091795,-1.004779,0.025762,0.607266,0.039434,0.793101
580,1785980852497164494,2,605,239,0.395041,0.958333,125,91.672019,8.899161,0,0,0,0,0,0,0.000000,100.571180,109.670635,1,-5.536545,0.105790,-0.892921,0.026112,0.615090,0.037394,0.787137
581,1785980852587166953,2,605,248,0.409917,0.875000,90,89.926662,9.151706,0,0,0,0,0,0,0.000000,99.078368,111.372074,1,-5.547416,0.103942,-0.742996,0.026746,0.625591,0.037648,0.778783
582,1785980852677166078,2,605,260,0.429752,0.916667,79,91.605599,9.589670,0,0,0,0,0,0,0.000000,101.195269,111.233404,1,-5.555530,0.089090,-0.568030,0.026652,0.637732,0.038314,0.768843
583,1785980852767165161,2,605,258,0.426446,0.979167,69,91.054550,9.651379,0,0,0,0,0,0,0.000000,100.705929,110.155764,1,-5.557378,0.070868,-0.385906,0.027111,0.650082,0.040034,0.758324
584,1785980852857166828,2,605,249,0.411570,0.875000,65,90.342374,9.310249,0,0,0,0,0,0,0.000000,99.652623,108.245696,1,-5.554255,0.047047,-0.193025,0.027916,0.663057,0.042518,0.746839
585,1785980852947167536,2,605,256,0.423140,0.916667,61,92.176315,9.481210,0,0,0,0,0,0,0.000000,101.657525,110.419434,1,-5.544585,0.028115,-0.019534,0.027918,0.674638,0.043659,0.736328
586,1785980853037167578,2,605,233,0.385124,0.895833,52,92.705114,9.085163,0,0,0,0,0,0,0.000000,101.790277,109.868802,1,-5.528967,0.008791,0.144049,0.028026,0.685507,0.044861,0.726142
587,1785980853127167078,2,605,234,0.386777,0.875000,52,92.973826,8.749825,0,0,0,0,0,0,0.000000,101.723651,110.179097,1,-5.511050,-0.011055,0.317619,0.027999,0.696785,0.046177,0.715244
588,1785980853217167703,2,605,232,0.383471,0.916667,42,92.030811,8.587823,0,0,0,0,0,0,0.000000,100.618634,108.919495,1,-5.487203,-0.029781,0.470496,0.027275,0.706460,0.046955,0.705667
589,1785980853307169037,2,605,273,0.451240,0.895833,125,93.440206,9.919299,0,0,0,0,0,0,0.000000,103.359505,111.374986,1,-5.469033,-0.041408,0.603899,0.026689,0.714443,0.047480,0.697571
590,1785980853397168995,2,605,263,0.434711,0.875000,93,93.361329,9.730630,0,0,0,0,0,0,0.000000,103.091959,114.362734,1,-5.441979,-0.058747,0.745165,0.025211,0.723828,0.046929,0.687921
591,1785980853487170537,2,605,222,0.366942,0.854167,71,99.053447,8.518531,0,0,0,0,0,0,0.000000,107.571978,117.016187,1,-5.405619,-0.081214,0.903847,0.024476,0.733774,0.048108,0.677246
592,1785980853577169828,2,605,245,0.404959,0.937500,70,92.319773,9.103663,0,0,0,0,0,0,0.000000,101.423436,110.023301,1,-5.366151,-0.109632,1.055211,0.022865,0.743188,0.049274,0.666875
593,1785980853667169245,2,605,240,0.396694,0.875000,50,93.941668,9.192539,0,0,0,0,0,0,0.000000,103.134207,111.063105,1,-5.313393,-0.143596,1.230888,0.021662,0.754158,0.051323,0.654325
594,1785980853757171037,2,605,243,0.401653,0.854167,53,94.803846,8.895160,0,0,0,0,0,0,0.000000,103.699006,111.808156,1,-5.238566,-0.201725,1.433271,0.017452,0.767104,0.053773,0.639027
595,1785980853847171953,2,605,257,0.424793,0.875000,38,94.948223,9.278498,0,0,0,0,0,0,0.000000,104.226721,111.482527,1,-5.173199,-0.237859,1.585111,0.019410,0.777267,0.058350,0.626158
596,1785980853937172745,2,605,232,0.383471,0.916667,42,95.578606,8.615698,0,0,0,0,0,0,0.000000,104.194304,111.426860,1,-5.127688,-0.262156,1.669235,0.021844,0.783568,0.062091,0.617810
597,1785980854027173079,2,605,253,0.418182,0.875000,109,95.877778,9.262665,0,0,0,0,0,0,0.000000,105.140443,112.730085,1,-5.078168,-0.316500,1.751604,0.017783,0.789755,0.065111,0.609699
598,1785980854117173704,2,605,247,0.408264,0.916667,66,96.837457,9.274207,0,0,0,0,0,0,0.000000,106.111664,115.649665,1,-5.011966,-0.305711,1.872768,0.016817,0.798279,0.062924,0.598755
599,1785980854207171329,2,605,229,0.378512,0.770833,60,95.965985,8.579489,0,0,0,0,0,0,0.000000,104.545474,112.184950,1,-4.955206,-0.340230,1.955719,0.015138,0.804744,0.065142,0.589843
600,1785980854297174412,2,605,231,0.381818,0.875000,59,95.321060,8.566572,0,0,0,0,0,0,0.000000,103.887632,112.533539,1,-4.920802,-0.327863,2.003875,0.016017,0.808806,0.064036,0.584360
601,1785980854387171954,2,605,229,0.378512,0.916667,51,94.379547,8.718991,0,0,0,0,0,0,0.000000,103.098538,111.225355,1,-4.906837,-0.297507,2.015598,0.016827,0.810743,0.061370,0.581933
602,1785980854477176454,2,605,235,0.388430,0.916667,124,94.683301,8.879327,0,0,0,0,0,0,0.000000,103.562628,111.693194,1,-4.912982,-0.224839,1.991007,0.016761,0.810448,0.053813,0.583092
603,1785980854567172745,2,605,220,0.363636,0.875000,100,93.789581,8.412862,0,0,0,0,0,0,0.000000,102.202443,113.403425,1,-4.933063,-0.179215,1.932827,0.018034,0.808167,0.050139,0.586538
604,1785980854657177704,2,605,258,0.426446,0.916667,95,93.575202,9.403750,0,0,0,0,0,0,0.000000,102.978952,115.117113,1,-4.925005,-0.149786,1.929062,0.018442,0.809210,0.047353,0.585317
605,1785980854747174871,2,605,251,0.414876,0.937500,77,93.815288,9.293124,0,0,0,0,0,0,0.000000,103.108412,113.157836,1,-4.909456,-0.156434,1.933046,0.020683,0.810923,0.049397,0.582697
606,1785980854837173287,2,605,244,0.403306,0.895833,76,94.388545,9.043870,0,0,0,0,0,0,0.000000,103.432415,112.484369,1,-4.896947,-0.070233,1.945418,0.020242,0.813006,0.039797,0.580541
607,1785980854927175621,2,605,262,0.433058,0.875000,70,94.544464,9.934757,0,0,0,0,0,0,0.000000,104.479221,113.714635,1,-4.921932,-0.019861,1.868271,0.020275,0.809699,0.034791,0.585462
608,1785980855017177037,2,605,254,0.419835,0.875000,69,93.815454,9.578669,0,0,0,0,0,0,0.000000,103.394123,112.342742,1,-4.918855,-0.016827,1.848603,0.017526,0.809765,0.033151,0.585555
609,1785980855107175787,2,605,261,0.431405,0.875000,68,92.828191,9.880298,0,0,0,0,0,0,0.000000,102.708489,111.496690,1,-4.922576,-0.039366,1.810644,0.014280,0.808939,0.033793,0.586747
610,1785980855197176246,2,605,248,0.409917,0.854167,63,94.234416,9.343291,0,0,0,0,0,0,0.000000,103.577707,112.452866,1,-4.925626,-0.075094,1.771414,0.014438,0.807932,0.037958,0.587875
611,1785980855287175287,2,605,250,0.413223,0.916667,139,96.926952,9.459667,0,0,0,0,0,0,0.000000,106.386619,115.334780,1,-4.922578,-0.161594,1.728138,0.012991,0.807077,0.046233,0.588490
612,1785980855377175621,2,605,260,0.429752,0.916667,141,93.415447,9.645669,0,0,0,0,0,0,0.000000,103.061116,118.973661,1,-4.928941,-0.160941,1.675819,0.013198,0.805640,0.046216,0.590453
613,1785980855467176038,2,605,272,0.449587,0.875000,117,94.122165,10.170301,0,0,0,0,0,0,0.000000,104.292466,117.192929,1,-4.934450,-0.181245,1.631742,0.013515,0.804381,0.048686,0.591962
614,1785980855557180871,2,605,247,0.408264,0.895833,118,95.238597,9.305665,0,0,0,0,0,0,0.000000,104.544262,117.150637,1,-4.924714,-0.191813,1.625197,0.015157,0.805346,0.050773,0.590432
615,1785980855647176163,2,605,256,0.423140,0.916667,112,96.208359,9.515709,0,0,0,0,0,0,0.000000,105.724068,119.073495,1,-4.926130,-0.207511,1.595746,0.018695,0.804826,0.054975,0.590664
616,1785980855737177746,2,605,253,0.418182,0.958333,181,96.915533,9.281831,0,0,0,0,0,0,0.000000,106.197364,119.743711,1,-4.920304,-0.247796,1.570045,0.020606,0.804627,0.060987,0.590281
617,1785980855827180079,2,605,253,0.418182,0.895833,151,98.155050,9.433667,0,0,0,0,0,0,0.000000,107.588717,122.225868,1,-4.916924,-0.283523,1.532593,0.020792,0.803852,0.065505,0.590845
618,1785980855917177496,2,605,252,0.416529,0.833333,133,97.300246,9.103079,0,0,0,0,0,0,0.000000,106.403325,119.092785,1,-4.915360,-0.304070,1.502493,0.023559,0.803395,0.070095,0.590837
619,1785980856007176038,2,605,245,0.404959,0.895833,126,95.606474,8.959160,0,0,0,0,0,0,0.000000,104.565634,118.443360,1,-4.903092,-0.316418,1.503789,0.019226,0.804863,0.068646,0.589163
620,1785980856097177663,2,605,267,0.441322,0.916667,112,97.863587,9.745004,0,0,0,0,0,0,0.000000,107.608591,118.339817,1,-4.902120,-0.343625,1.465898,0.026007,0.803969,0.076788,0.589119
621,1785980856187179788,2,605,249,0.411570,0.854167,107,97.671875,9.218164,0,0,0,0,0,0,0.000000,106.890039,119.152201,1,-4.896764,-0.335449,1.454394,0.032542,0.804494,0.080651,0.587559
622,1785980856277181288,2,605,249,0.411570,0.812500,104,98.076588,9.435749,0,0,0,0,0,0,0.000000,107.512337,120.243756,1,-4.890098,-0.295740,1.457431,0.035608,0.805911,0.078076,0.585785
623,1785980856367181413,2,605,244,0.403306,0.812500,161,98.337842,9.198122,0,0,0,0,0,0,0.000000,107.535964,119.190034,1,-4.893894,-0.286393,1.420180,0.039611,0.804968,0.080108,0.586549
624,1785980856457183621,2,605,254,0.419835,0.916667,143,94.603959,9.264664,0,0,0,0,0,0,0.000000,103.868623,118.739611,1,-4.875590,-0.253655,1.446348,0.041762,0.808079,0.077345,0.582479
625,1785980856547182330,2,605,239,0.395041,0.875000,131,99.034518,8.933327,0,0,0,0,0,0,0.000000,107.967845,122.364076,1,-4.882173,-0.247538,1.398728,0.044886,0.806564,0.079250,0.584088
626,1785980856637181996,2,605,255,0.421488,0.895833,117,100.659164,9.276123,0,0,0,0,0,0,0.000000,109.935287,124.397936,1,-4.873557,-0.248185,1.393149,0.044650,0.807604,0.079149,0.582681
627,1785980856727183580,2,605,235,0.388430,0.833333,110,102.836649,8.758865,0,0,0,0,0,0,0.000000,111.595514,124.056846,1,-4.863345,-0.244675,1.396308,0.044654,0.809006,0.078722,0.580792
628,1785980856817184997,2,605,220,0.363636,0.895833,99,101.834885,8.299067,0,0,0,0,0,0,0.000000,110.133952,121.905859,1,-4.854165,-0.228197,1.399700,0.043508,0.810510,0.075814,0.579166
629,1785980856907185122,2,605,218,0.360331,0.895833,155,101.117377,8.299526,0,0,0,0,0,0,0.000000,109.416903,121.531854,1,-4.851158,-0.198474,1.381286,0.046970,0.810758,0.074924,0.578664
630,1785980856997182997,2,605,242,0.400000,0.895833,135,96.130643,9.060328,0,0,0,0,0,0,0.000000,105.190971,119.172114,1,-4.841705,-0.150216,1.390698,0.045932,0.812734,0.068195,0.576805
631,1785980857087183080,2,605,229,0.378512,0.916667,126,101.515756,8.649448,0,0,0,0,0,0,0.000000,110.165204,124.114638,1,-4.841365,-0.104285,1.377715,0.050001,0.812934,0.065816,0.576460
632,1785980857177182205,2,605,242,0.400000,0.895833,104,102.591979,9.016202,0,0,0,0,0,0,0.000000,111.608181,124.233681,1,-4.836063,-0.048993,1.374049,0.052289,0.813960,0.060887,0.575350
633,1785980857267184788,2,605,243,0.401653,0.895833,104,101.748799,8.873951,0,0,0,0,0,0,0.000000,110.622750,121.950066,1,-4.834144,-0.002942,1.359676,0.055209,0.814295,0.057446,0.574957
634,1785980857357188122,2,605,255,0.421488,0.854167,184,103.043941,9.364582,0,0,0,0,0,0,0.000000,112.408523,124.612600,1,-4.834939,0.032155,1.335001,0.057730,0.814023,0.055172,0.575317
635,1785980857447183455,2,605,247,0.408264,0.854167,166,103.275902,9.166621,0,0,0,0,0,0,0.000000,112.442523,127.545139,1,-4.833860,0.052349,1.316412,0.057678,0.814169,0.052988,0.575321
636,1785980857537183664,2,605,241,0.398347,0.812500,140,102.097262,8.938035,0,0,0,0,0,0,0.000000,111.035297,126.783671,1,-4.831440,0.067828,1.298165,0.056686,0.814421,0.050627,0.575275
637,1785980857627186747,2,605,230,0.380165,0.875000,123,102.270347,8.668365,0,0,0,0,0,0,0.000000,110.938712,125.242650,1,-4.821975,0.096427,1.304600,0.058200,0.815916,0.048428,0.573192
638,1785980857717187664,2,605,246,0.406612,0.895833,192,101.316583,9.228580,0,0,0,0,0,0,0.000000,110.545163,124.918143,1,-4.822109,0.118567,1.277531,0.062126,0.815441,0.048932,0.573413
639,1785980857807186497,2,605,251,0.414876,0.895833,153,96.048431,9.262289,0,0,0,0,0,0,0.000000,105.310720,123.094828,1,-4.816483,0.113494,1.263477,0.058689,0.816217,0.046969,0.572834
640,1785980857897188247,2,605,211,0.348760,0.875000,139,102.742893,8.144691,0,0,0,0,0,0,0.000000,110.887584,126.520790,1,-4.807953,0.111851,1.257894,0.055071,0.817429,0.044313,0.571676
641,1785980857987185497,2,605,249,0.411570,0.937500,127,105.306011,9.294747,0,0,0,0,0,0,0.000000,114.600758,128.671568,1,-4.803749,0.105064,1.240079,0.050969,0.817922,0.042042,0.571522
642,1785980858077187580,2,605,237,0.391736,0.937500,117,102.999439,8.773240,0,0,0,0,0,0,0.000000,111.772679,124.566597,1,-4.800528,0.092534,1.216363,0.047493,0.817945,0.040926,0.571869
643,1785980858167190872,2,605,234,0.386777,0.979167,117,102.682392,8.788658,0,0,0,0,0,0,0.000000,111.471050,125.384567,1,-4.796938,0.105777,1.207723,0.053299,0.818355,0.044009,0.570542
644,1785980858257188164,2,605,250,0.413223,0.937500,186,103.480693,9.336789,0,0,0,0,0,0,0.000000,112.817482,126.087323,1,-4.789899,0.107215,1.195406,0.056404,0.819007,0.046112,0.569139
645,1785980858347188206,2,605,247,0.408264,1.000000,151,98.471419,8.891991,0,0,0,0,0,0,0.000000,107.363410,124.300425,1,-4.793317,0.090675,1.155408,0.058385,0.817863,0.050194,0.570238
646,1785980858437197622,2,605,244,0.403306,0.895833,148,103.932949,9.155495,0,0,0,0,0,0,0.000000,113.088444,129.028653,1,-4.795660,0.080490,1.123403,0.058557,0.817229,0.052063,0.570962
647,1785980858527187956,2,605,251,0.414876,0.854167,143,104.529498,9.186787,0,0,0,0,0,0,0.000000,113.716285,129.184072,1,-4.796245,0.118335,1.095790,0.060595,0.816745,0.049294,0.571687
648,1785980858617187914,2,605,264,0.436364,0.916667,138,103.904031,9.777920,0,0,0,0,0,0,0.000000,113.681951,127.838471,1,-4.800083,0.107107,1.054482,0.060794,0.815780,0.051140,0.572881
649,1785980858707189997,2,605,251,0.414876,0.854167,195,103.432066,9.173787,0,0,0,0,0,0,0.000000,112.605853,128.198224,1,-4.796988,0.141818,1.041304,0.062461,0.816153,0.048284,0.572417
650,1785980858797189081,2,605,245,0.404959,0.916667,154,103.528316,8.554529,0,0,0,0,0,0,0.000000,112.082845,129.521240,1,-4.799930,0.153171,1.005475,0.063919,0.815234,0.048384,0.573556
651,1785980858887190206,2,605,263,0.434711,0.937500,148,104.365535,9.722253,0,0,0,0,0,0,0.000000,114.087788,130.266792,1,-4.803185,0.171781,0.965976,0.064939,0.814056,0.047322,0.575202
652,1785980858977191456,2,605,255,0.421488,0.916667,148,104.352119,9.292247,0,0,0,0,0,0,0.000000,113.644366,129.666450,1,-4.803525,0.197282,0.938613,0.065647,0.813755,0.044803,0.575748
653,1785980859067191331,2,605,245,0.404959,0.916667,202,103.830195,9.050868,0,0,0,0,0,0,0.000000,112.881063,127.995262,1,-4.800766,0.227856,0.920265,0.068156,0.813747,0.043403,0.575574
654,1785980859157191539,2,605,242,0.400000,0.937500,160,100.791614,8.899950,0,0,0,0,0,0,0.000000,109.691564,129.270737,1,-4.803049,0.225448,0.880098,0.063833,0.813096,0.040325,0.577212
655,1785980859247191789,2,605,235,0.388430,0.854167,141,104.195323,8.910908,0,0,0,0,0,0,0.000000,113.106231,129.694073,1,-4.801109,0.198683,0.859446,0.061125,0.813338,0.041665,0.577069
656,1785980859337190831,2,605,255,0.421488,0.916667,127,102.888639,9.510999,0,0,0,0,0,0,0.000000,112.399638,127.997676,1,-4.809701,0.146795,0.782418,0.054370,0.810600,0.043321,0.581460
657,1785980859427190373,2,605,237,0.391736,0.895833,186,103.761650,8.948950,0,0,0,0,0,0,0.000000,112.710600,126.437322,1,-4.797208,0.121549,0.799205,0.048908,0.813506,0.041319,0.578022
658,1785980859517192123,2,605,239,0.395041,0.937500,166,99.537762,8.351776,0,0,0,0,0,0,0.000000,107.889538,125.171847,1,-4.803948,0.110930,0.731642,0.048804,0.810788,0.043106,0.581707
659,1785980859607191331,2,605,248,0.409917,0.916667,153,104.638621,9.241079,0,0,0,0,0,0,0.000000,113.879700,131.548723,1,-4.800384,0.097133,0.718184,0.049781,0.811341,0.045958,0.580634
660,1785980859697190373,2,605,255,0.421488,0.916667,125,103.554981,9.258037,0,0,0,0,0,0,0.000000,112.813018,129.170107,1,-4.806572,0.086567,0.655229,0.046030,0.809159,0.044266,0.584109
661,1785980859787193123,2,605,244,0.403306,0.875000,120,104.880371,9.184412,0,0,0,0,0,0,0.000000,114.064783,128.455180,1,-4.805592,0.088821,0.635624,0.046063,0.809181,0.044281,0.584075
662,1785980859877194123,2,605,228,0.376860,0.854167,115,105.167042,8.642446,0,0,0,0,0,0,0.000000,113.809488,127.962382,1,-4.803266,0.100811,0.626326,0.047124,0.809845,0.043870,0.583101
663,1785980859967194748,2,605,241,0.398347,0.916667,115,103.846983,8.921408,0,0,0,0,0,0,0.000000,112.768391,125.496890,1,-4.801433,0.132153,0.601615,0.048627,0.809643,0.041316,0.583444
664,1785980860057194081,2,605,245,0.404959,0.895833,184,105.159875,9.203704,0,0,0,0,0,0,0.000000,114.363579,128.150592,1,-4.805287,0.185328,0.569075,0.051196,0.808598,0.036705,0.584979
665,1785980860147192540,2,605,222,0.366942,0.895833,147,98.111533,7.937020,0,0,0,0,0,0,0.000000,106.048553,123.868120,1,-4.803854,0.277123,0.550324,0.057163,0.808441,0.029788,0.585037
666,1785980860237194165,2,605,238,0.393388,0.916667,140,102.293294,8.786406,0,0,0,0,0,0,0.000000,111.079700,125.286052,1,-4.812212,0.236238,0.472923,0.057014,0.805293,0.035983,0.589031
667,1785980860327193082,2,605,233,0.385124,0.958333,130,105.364376,8.683864,0,0,0,0,0,0,0.000000,114.048240,129.977030,1,-4.811176,0.238358,0.435922,0.059304,0.804308,0.038290,0.590005
668,1785980860417194707,2,605,219,0.361983,0.937500,113,105.971467,8.258941,0,0,0,0,0,0,0.000000,114.230408,127.348537,1,-4.807510,0.212413,0.425995,0.065596,0.804692,0.048517,0.588059
669,1785980860507192665,2,605,223,0.368595,0.916667,104,104.496614,8.603988,0,0,0,0,0,0,0.000000,113.100602,125.083966,1,-4.813667,0.203853,0.334802,0.064751,0.800717,0.050141,0.593419
670,1785980860597193457,2,605,227,0.375207,0.958333,164,105.633837,8.608654,0,0,0,0,0,0,0.000000,114.242491,127.134493,1,-4.811134,0.095124,0.311658,0.057312,0.800990,0.058847,0.593015
671,1785980860687193748,2,605,204,0.337190,0.895833,136,99.264379,7.469014,0,0,0,0,0,0,0.000000,106.733393,124.832337,1,-4.809802,0.050302,0.274923,0.051227,0.800576,0.059417,0.594074
672,1785980860777196207,2,605,216,0.357025,0.916667,118,102.930133,8.381193,0,0,0,0,0,0,0.000000,111.311326,126.045268,1,-4.809295,0.030731,0.229662,0.048934,0.799265,0.060723,0.595897
673,1785980860867196040,2,605,212,0.350413,0.916667,105,105.610502,7.872311,0,0,0,0,0,0,0.000000,113.482813,127.568371,1,-4.805867,0.000786,0.195365,0.045103,0.798606,0.061728,0.596979
674,1785980860957196415,2,605,215,0.355372,0.895833,107,105.700794,8.236733,0,0,0,0,0,0,0.000000,113.937527,126.793445,1,-4.806369,-0.014606,0.165935,0.044005,0.797391,0.063481,0.598499
675,1785980861047198332,2,605,216,0.357025,0.916667,112,105.594085,8.225149,0,0,0,0,0,0,0.000000,113.819234,127.163574,1,-4.807552,0.006793,0.182504,0.045764,0.797862,0.061811,0.597914
676,1785980861137196540,2,605,197,0.325620,0.895833,106,103.801520,7.431389,0,0,0,0,0,0,0.000000,111.232909,124.129910,1,-4.806842,0.016922,0.199875,0.045592,0.798674,0.059801,0.597048
677,1785980861227198874,2,605,219,0.361983,0.875000,103,104.948449,8.212899,0,0,0,0,0,0,0.000000,113.161348,126.437688,1,-4.806054,0.002985,0.196343,0.044626,0.798617,0.060817,0.597093
678,1785980861317199332,2,605,190,0.314050,0.854167,100,105.075909,7.456180,0,0,0,0,0,0,0.000000,112.532089,126.067099,1,-4.806958,0.007327,0.181922,0.044554,0.798136,0.060413,0.597783
679,1785980861407199915,2,605,207,0.342149,0.916667,92,105.986504,8.115564,0,0,0,0,0,0,0.000000,114.102068,126.285602,1,-4.806056,-0.007621,0.151527,0.040497,0.797436,0.058726,0.599172
680,1785980861497198790,2,605,224,0.370248,0.937500,94,105.176119,8.444943,0,0,0,0,0,0,0.000000,113.621062,125.881555,1,-4.799562,-0.065073,0.118694,0.032623,0.797175,0.059139,0.599958
681,1785980861587199374,2,605,206,0.340496,0.916667,166,105.445955,7.958479,0,0,0,0,0,0,0.000000,113.404434,126.260769,1,-4.795184,-0.141976,0.045402,0.025783,0.794895,0.064321,0.602776
682,1785980861677199416,2,605,228,0.376860,0.854167,100,99.157540,7.973187,0,0,0,0,0,0,0.000000,107.130727,119.875144,1,-4.783344,-0.182172,0.034154,0.011177,0.796482,0.053759,0.602164
683,1785980861767198166,2,605,237,0.391736,0.875000,104,103.236217,8.802697,0,0,0,0,0,0,0.000000,112.038914,125.036999,1,-4.777881,-0.185225,0.045854,0.006538,0.799243,0.048835,0.598985
684,1785980861857200624,2,605,236,0.390083,0.916667,107,104.248854,8.763031,0,0,0,0,0,0,0.000000,113.011885,126.488019,1,-4.777889,-0.077427,0.081080,0.012874,0.803522,0.038646,0.593879
685,1785980861947206957,2,605,247,0.408264,0.937500,94,102.822586,9.043200,0,0,0,0,0,0,0.000000,111.865786,124.333615,1,-4.777383,0.007005,0.090387,0.018323,0.806100,0.031277,0.590668
686,1785980862037199666,2,605,265,0.438017,0.916667,92,103.777140,9.586958,0,0,0,0,0,0,0.000000,113.364098,125.792842,1,-4.776340,0.014882,0.037494,0.018777,0.804753,0.030668,0.592520
687,1785980862127202541,2,605,246,0.406612,0.979167,163,102.650292,8.976866,0,0,0,0,0,0,0.000000,111.627158,123.324103,1,-4.772500,0.009374,0.013418,0.022951,0.805329,0.036768,0.591241
688,1785980862217201332,2,605,242,0.400000,0.916667,135,99.221246,8.332650,0,0,0,0,0,0,0.000000,107.553896,124.978455,1,-4.767977,0.006457,-0.006585,0.025411,0.806245,0.040385,0.589655
689,1785980862307202791,2,605,218,0.360331,0.937500,109,105.841914,8.202315,0,0,0,0,0,0,0.000000,114.044229,128.380082,1,-4.767238,0.050130,-0.027807,0.031867,0.806797,0.041326,0.588519
690,1785980862397202958,2,605,226,0.373554,0.895833,110,104.723567,8.458443,0,0,0,0,0,0,0.000000,113.182010,125.860383,1,-4.766966,0.178541,-0.029685,0.041730,0.808245,0.032551,0.586463
691,1785980862487202041,2,605,234,0.386777,0.937500,87,104.798901,8.611278,0,0,0,0,0,0,0.000000,113.410179,125.821215,1,-4.765984,0.220417,-0.079006,0.047464,0.807019,0.033182,0.587679
692,1785980862577203458,2,605,235,0.388430,0.895833,151,104.750776,8.669487,0,0,0,0,0,0,0.000000,113.420263,124.962622,1,-4.761506,0.228272,-0.107047,0.052004,0.807158,0.038105,0.586805
693,1785980862667201541,2,605,228,0.376860,0.979167,119,104.406396,7.778893,0,0,0,0,0,0,0.000000,112.185289,127.661197,1,-4.757718,0.226526,-0.137798,0.056031,0.807012,0.044548,0.586180
694,1785980862757203833,2,605,228,0.376860,0.937500,110,102.340367,8.403900,0,0,0,0,0,0,0.000000,110.744267,124.257693,1,-4.755157,0.243296,-0.173936,0.054598,0.807355,0.039873,0.586181
695,1785980862847201874,2,605,223,0.368595,0.937500,105,105.079653,8.356150,0,0,0,0,0,0,0.000000,113.435803,127.577694,1,-4.752578,0.237606,-0.213695,0.053355,0.807062,0.039932,0.586693
696,1785980862937203499,2,605,225,0.371901,0.895833,92,103.651676,8.571402,0,0,0,0,0,0,0.000000,112.223078,124.635948,1,-4.749297,0.226064,-0.264738,0.051833,0.806044,0.040589,0.588183
697,1785980863027205125,2,605,230,0.380165,0.937500,84,104.861483,8.626278,0,0,0,0,0,0,0.000000,113.487761,125.528167,1,-4.747688,0.202547,-0.299009,0.049839,0.806110,0.042766,0.588110
698,1785980863117207250,2,605,233,0.385124,0.958333,165,104.304810,8.429776,0,0,0,0,0,0,0.000000,112.734586,125.221372,1,-4.742136,0.213277,-0.360239,0.046912,0.804582,0.037372,0.590805
699,1785980863207205166,2,605,237,0.391736,0.937500,116,98.312189,8.373108,0,0,0,0,0,0,0.000000,106.685297,121.463489,1,-4.740331,0.224468,-0.399987,0.044071,0.804308,0.031783,0.591724
700,1785980863297205750,2,605,239,0.395041,0.916667,103,101.995111,8.924740,0,0,0,0,0,0,0.000000,110.919851,123.570515,1,-4.738248,0.243385,-0.454602,0.042210,0.803154,0.026163,0.593698
701,1785980863387204958,2,605,255,0.421488,0.937500,98,103.322962,9.236786,0,0,0,0,0,0,0.000000,112.559748,126.223591,1,-4.736685,0.201674,-0.498682,0.035080,0.802688,0.023898,0.594887
702,1785980863477207708,2,605,245,0.404959,0.937500,85,102.971415,8.960991,0,0,0,0,0,0,0.000000,111.932406,124.305483,1,-4.731666,0.243270,-0.532855,0.037305,0.802520,0.019437,0.595140
703,1785980863567206875,2,605,234,0.386777,0.895833,165,103.898177,8.629528,0,0,0,0,0,0,0.000000,112.527705,125.581415,1,-4.730647,0.266991,-0.583706,0.037867,0.801563,0.016643,0.596477
704,1785980863657205666,2,605,231,0.381818,0.916667,123,104.035720,8.047062,0,0,0,0,0,0,0.000000,112.082782,128.078156,1,-4.727113,0.257452,-0.630336,0.038249,0.800770,0.019318,0.597437
705,1785980863747207375,2,605,244,0.403306,0.979167,108,97.331590,8.861281,0,0,0,0,0,0,0.000000,106.192871,120.880686,1,-4.721944,0.243967,-0.674087,0.041857,0.799916,0.027959,0.597997
706,1785980863837206458,2,605,248,0.409917,0.937500,172,103.962509,9.144326,0,0,0,0,0,0,0.000000,113.106835,126.361007,1,-4.719617,0.256657,-0.700773,0.044969,0.800317,0.031184,0.597075
707,1785980863927209125,2,605,229,0.378512,0.916667,144,98.538481,8.006853,0,0,0,0,0,0,0.000000,106.545334,125.398244,1,-4.718265,0.259675,-0.732859,0.042568,0.800522,0.027386,0.597163
708,1785980864017208417,2,605,253,0.418182,1.000000,119,98.702608,9.261328,0,0,0,0,0,0,0.000000,107.963936,124.000560,1,-4.713395,0.254447,-0.780883,0.040773,0.799435,0.026330,0.598789
709,1785980864107210292,2,605,251,0.414876,0.958333,113,103.377584,9.244161,0,0,0,0,0,0,0.000000,112.621745,126.968015,1,-4.706950,0.154125,-0.834127,0.029008,0.798630,0.027866,0.600476
710,1785980864197209250,2,605,240,0.396694,0.895833,93,103.886592,8.909824,0,0,0,0,0,0,0.000000,112.796416,125.739164,1,-4.704433,0.145887,-0.854568,0.029347,0.799508,0.030349,0.599169
711,1785980864287210417,2,605,237,0.391736,0.937500,169,104.105384,8.771030,0,0,0,0,0,0,0.000000,112.876414,125.969083,1,-4.702992,0.220984,-0.883042,0.042751,0.799455,0.037899,0.598003
712,1785980864377210875,2,605,226,0.373554,0.958333,122,105.912866,7.999270,0,0,0,0,0,0,0.000000,113.912136,130.115344,1,-4.705012,0.279411,-0.888779,0.049917,0.800943,0.038266,0.595428
713,1785980864467209875,2,605,239,0.395041,0.916667,110,98.966318,8.794447,0,0,0,0,0,0,0.000000,107.760765,122.305411,1,-4.700252,0.268558,-0.934450,0.049037,0.800266,0.039184,0.596351
714,1785980864557210459,2,605,236,0.390083,0.958333,100,103.442500,8.753446,0,0,0,0,0,0,0.000000,112.195946,125.408283,1,-4.698714,0.299535,-0.947925,0.055901,0.800931,0.045489,0.594404
715,1785980864647210167,2,605,225,0.371901,0.937500,88,105.028479,8.363525,0,0,0,0,0,0,0.000000,113.392004,126.085209,1,-4.697975,0.355897,-0.957575,0.061907,0.801944,0.045136,0.592466
716,1785980864737212792,2,605,225,0.371901,0.916667,164,103.376831,8.257106,0,0,0,0,0,0,0.000000,111.633937,124.857483,1,-4.695760,0.351658,-0.992200,0.060115,0.802089,0.043106,0.592605
717,1785980864827211084,2,605,222,0.366942,0.937500,113,97.223710,7.800976,0,0,0,0,0,0,0.000000,105.024686,121.254811,1,-4.695997,0.411099,-1.004925,0.064916,0.802965,0.039796,0.591143
718,1785980864917213709,2,605,219,0.361983,1.000000,99,104.312676,8.132855,0,0,0,0,0,0,0.000000,112.445531,125.624034,1,-4.687750,0.455017,-1.071260,0.062982,0.801295,0.026633,0.594349
719,1785980865007213750,2,605,227,0.375207,0.958333,92,103.527624,8.395066,0,0,0,0,0,0,0.000000,111.922690,125.216362,1,-4.681855,0.446285,-1.132301,0.058942,0.799861,0.021558,0.596894
720,1785980865097213292,2,605,278,0.459504,0.979167,94,105.465982,10.033463,0,0,0,0,0,0,0.000000,115.499445,127.610601,1,-4.681044,0.432339,-1.168353,0.053557,0.800088,0.014755,0.597305
721,1785980865187215251,2,605,259,0.428099,0.958333,95,103.539792,9.354746,0,0,0,0,0,0,0.000000,112.894538,126.109332,1,-4.673452,0.375706,-1.231391,0.047605,0.798425,0.016994,0.599968
722,1785980865277214084,2,605,263,0.434711,0.979167,173,102.060186,9.469163,0,0,0,0,0,0,0.000000,111.529349,125.098650,1,-4.657756,0.304632,-1.316147,0.041486,0.795643,0.021099,0.603975
723,1785980865367213584,2,605,242,0.400000,0.875000,119,96.854162,8.196064,0,0,0,0,0,0,0.000000,105.050226,120.120710,1,-4.664282,0.293928,-1.315522,0.043055,0.797917,0.026740,0.600633
724,1785980865457214417,2,605,241,0.398347,0.895833,111,96.981914,8.332690,0,0,0,0,0,0,0.000000,105.314604,122.048027,1,-4.663302,0.392779,-1.333251,0.054348,0.798387,0.026953,0.599082
725,1785980865547219334,2,605,228,0.376860,0.979167,90,104.107713,8.575652,0,0,0,0,0,0,0.000000,112.683365,126.168788,1,-4.655556,0.407746,-1.388027,0.060450,0.796653,0.037662,0.600227
726,1785980865637217709,2,605,208,0.343802,0.895833,161,104.128963,7.936477,0,0,0,0,0,0,0.000000,112.065440,124.924689,1,-4.647710,0.402399,-1.434059,0.061893,0.795782,0.043244,0.600857
727,1785980865727215584,2,605,211,0.348760,0.895833,118,98.892770,7.670473,0,0,0,0,0,0,0.000000,106.563243,123.323667,1,-4.650305,0.456985,-1.442408,0.067032,0.796998,0.041261,0.598831
728,1785980865817215668,2,605,230,0.380165,0.937500,173,103.607205,8.710111,0,0,0,0,0,0,0.000000,112.317316,126.827086,1,-4.644998,0.441666,-1.494852,0.066671,0.795848,0.045301,0.600107
729,1785980865907214209,2,605,198,0.327273,0.854167,125,98.692392,7.344052,0,0,0,0,0,0,0.000000,106.036444,121.857564,1,-4.639212,0.415487,-1.543200,0.063430,0.795264,0.045657,0.601205
730,1785980865997215501,2,605,215,0.355372,0.958333,116,104.321839,8.225272,0,0,0,0,0,0,0.000000,112.547111,127.408801,1,-4.634572,0.398401,-1.587668,0.060593,0.794885,0.043487,0.602159
731,1785980866087217168,2,605,220,0.363636,0.895833,100,104.024043,8.323649,0,0,0,0,0,0,0.000000,112.347692,126.239078,1,-4.624238,0.394409,-1.648489,0.057040,0.793367,0.036713,0.604953
732,1785980866177217959,2,605,229,0.378512,0.916667,161,103.882000,8.666111,0,0,0,0,0,0,0.000000,112.548111,126.372247,1,-4.616654,0.357080,-1.701885,0.052722,0.792444,0.036931,0.606538
733,1785980866267218959,2,605,247,0.408264,0.958333,121,103.349033,8.428649,0,0,0,0,0,0,0.000000,111.777682,128.096391,1,-4.603593,0.307693,-1.770570,0.046088,0.790683,0.034279,0.609525
734,1785980866357217793,2,605,247,0.408264,0.958333,103,103.734079,9.360995,0,0,0,0,0,0,0.000000,113.095074,127.525050,1,-4.597644,0.303067,-1.811159,0.045521,0.790390,0.033915,0.609968
735,1785980866447216834,2,605,231,0.381818,0.916667,92,102.097224,8.644194,0,0,0,0,0,0,0.000000,110.741418,124.441970,1,-4.594436,0.311860,-1.849055,0.044977,0.790220,0.030015,0.610433
736,1785980866537218793,2,605,255,0.421488,0.937500,167,101.987849,9.479496,0,0,0,0,0,0,0.000000,111.467345,124.438511,1,-4.589177,0.314119,-1.893917,0.043589,0.789552,0.025921,0.611585
737,1785980866627220376,2,605,251,0.414876,0.937500,123,96.316651,8.721070,0,0,0,0,0,0,0.000000,105.037721,121.150969,1,-4.579140,0.293401,-1.950380,0.041151,0.788040,0.026446,0.613678
738,1785980866717221876,2,605,238,0.393388,0.958333,117,103.296698,8.999074,0,0,0,0,0,0,0.000000,112.295772,127.833053,1,-4.566432,0.307500,-2.002877,0.042443,0.786055,0.027486,0.616084
739,1785980866807223960,2,605,240,0.396694,1.000000,105,102.590520,8.881780,0,0,0,0,0,0,0.000000,111.472300,125.151768,1,-4.591515,0.301902,-1.930500,0.042177,0.790832,0.027549,0.609956
740,1785980866897219876,2,605,251,0.414876,0.958333,105,103.257321,9.315785,0,0,0,0,0,0,0.000000,112.573106,126.747330,1,-4.597452,0.315921,-1.909472,0.042617,0.791620,0.023921,0.609056
741,1785980866987221585,2,605,255,0.421488,1.000000,96,102.920608,9.316203,0,0,0,0,0,0,0.000000,112.236811,125.818360,1,-4.631892,0.294764,-1.804387,0.041281,0.798386,0.025097,0.600205
742,1785980867077222335,2,605,254,0.419835,0.979167,95,102.988442,9.620206,0,0,0,0,0,0,0.000000,112.608648,126.669495,1,-4.649391,0.284447,-1.744658,0.040696,0.802310,0.026138,0.594944
743,1785980867167222376,2,605,242,0.400000,0.937500,84,101.595883,9.089783,0,0,0,0,0,0,0.000000,110.685666,124.082421,1,-4.677575,0.277551,-1.645938,0.040452,0.808576,0.025966,0.586425
744,1785980867257229335,2,605,229,0.378512,0.916667,87,101.465296,8.664777,0,0,0,0,0,0,0.000000,110.130073,123.033780,1,-4.710314,0.263404,-1.511178,0.040125,0.816803,0.027967,0.574839
745,1785980867347224168,2,605,244,0.403306,0.937500,87,101.584173,9.064740,0,0,0,0,0,0,0.000000,110.648913,123.725955,1,-4.746396,0.258849,-1.355039,0.041311,0.826169,0.029943,0.561108
746,1785980867437223668,2,605,235,0.388430,1.000000,85,102.592810,8.787113,0,0,0,0,0,0,0.000000,111.379923,124.104460,1,-4.769184,0.240870,-1.228431,0.041138,0.833504,0.032729,0.550006
747,1785980867527225002,2,605,250,0.413223,0.916667,165,102.746187,9.182034,0,0,0,0,0,0,0.000000,111.928221,125.427061,1,-4.794510,0.229026,-1.078986,0.041740,0.841897,0.035293,0.536862
748,1785980867617224752,2,605,240,0.396694,0.937500,128,99.418978,8.300939,0,0,0,0,0,0,0.000000,107.719917,125.667147,1,-4.815545,0.213772,-0.911147,0.042492,0.851056,0.038451,0.521939
749,1785980867707226168,2,605,238,0.393388,0.958333,113,102.296348,8.933363,0,0,0,0,0,0,0.000000,111.229711,126.305488,1,-4.829541,0.195799,-0.763547,0.042673,0.858888,0.041534,0.508690
750,1785980867797227002,2,605,228,0.376860,0.937500,105,103.168316,8.432066,0,0,0,0,0,0,0.000000,111.600382,125.237472,1,-4.837092,0.174672,-0.638137,0.041784,0.865429,0.042853,0.497444
751,1785980867887226293,2,604,222,0.367550,0.937500,102,102.909813,8.295230,0,0,0,0,0,0,0.000000,111.205043,125.205347,1,-4.842446,0.167818,-0.526890,0.042102,0.871084,0.043684,0.487373
752,1785980867977227544,2,605,240,0.396694,0.958333,83,103.078606,8.972573,0,0,0,0,0,0,0.000000,112.051179,125.205180,1,-4.844258,0.158384,-0.399318,0.042231,0.877358,0.044390,0.475909
753,1785980868067228835,2,605,251,0.414876,0.958333,165,102.973064,9.238743,0,0,0,0,0,0,0.000000,112.211807,125.474142,1,-4.842254,0.127901,-0.247031,0.041308,0.884565,0.047739,0.462126
754,1785980868157227835,2,605,245,0.404959,0.958333,128,96.907235,8.471775,0,0,0,0,0,0,0.000000,105.379010,123.052361,1,-4.835922,0.103880,-0.110190,0.040162,0.891041,0.048890,0.449491
755,1785980868247227169,2,605,233,0.385124,0.958333,106,102.791184,8.861155,0,0,0,0,0,0,0.000000,111.652339,126.471069,1,-4.825591,0.084279,0.025165,0.039222,0.897259,0.049498,0.436964
756,1785980868337228127,2,605,236,0.390083,0.937500,105,102.771933,8.839446,0,0,0,0,0,0,0.000000,111.611379,125.289512,1,-4.811742,0.070381,0.172242,0.039023,0.903799,0.050147,0.423213
757,1785980868427227252,2,605,257,0.424793,0.937500,95,101.344623,9.562039,0,0,0,0,0,0,0.000000,110.906662,124.107039,1,-4.792336,0.063393,0.314237,0.039773,0.909851,0.051085,0.409853
758,1785980868517226002,2,605,232,0.383471,0.958333,83,100.572905,8.764194,0,0,0,0,0,0,0.000000,109.337099,121.689091,1,-4.768536,0.050267,0.461814,0.040097,0.916025,0.052164,0.395689
759,1785980868607228461,2,605,240,0.396694,0.937500,79,102.133884,8.732528,0,0,0,0,0,0,0.000000,110.866412,123.783993,1,-4.738994,0.036245,0.607951,0.040675,0.921892,0.053943,0.381512
760,1785980868697226627,2,604,231,0.382450,0.916667,78,101.233706,8.560608,0,0,0,0,0,0,0.000000,109.794314,122.284515,1,-4.705788,0.024257,0.754312,0.041351,0.927581,0.055421,0.367168
761,1785980868787227669,2,605,250,0.413223,0.937500,147,102.418760,9.314285,0,0,0,0,0,0,0.000000,111.733045,124.476249,1,-4.670027,0.007627,0.886327,0.040896,0.932668,0.055943,0.354018
762,1785980868877230127,2,605,245,0.404959,0.854167,99,96.003970,8.433857,0,0,0,0,0,0,0.000000,104.437827,119.813732,1,-4.633487,-0.007734,1.015122,0.040290,0.937470,0.056187,0.341129
763,1785980868967229877,2,605,238,0.393388,0.895833,92,98.385959,8.884822,0,0,0,0,0,0,0.000000,107.270781,120.298946,1,-4.585664,-0.037606,1.160073,0.038571,0.942755,0.057242,0.326266
764,1785980869057229377,2,605,266,0.439669,0.916667,94,101.639459,9.570038,0,0,0,0,0,0,0.000000,111.209497,125.185467,1,-4.540153,-0.060830,1.283499,0.037514,0.947038,0.058325,0.313543
765,1785980869147225461,2,604,237,0.392384,0.875000,88,101.471332,8.720027,0,0,0,0,0,0,0.000000,110.191359,123.844491,1,-4.495402,-0.072005,1.399914,0.037703,0.950947,0.059016,0.301324
766,1785980869237229919,2,605,226,0.373554,0.916667,82,99.684890,8.500274,0,0,0,0,0,0,0.000000,108.185164,121.304540,1,-4.440402,-0.086622,1.528744,0.037962,0.955173,0.060341,0.287337
767,1785980869327232044,2,607,230,0.378913,0.895833,65,100.472734,8.649735,0,0,0,0,0,0,0.000000,109.122469,120.862909,1,-4.375861,-0.089942,1.676634,0.039052,0.959752,0.060012,0.271568
768,1785980869417232336,2,605,236,0.390083,0.895833,68,99.564348,8.715236,0,0,0,0,0,0,0.000000,108.279584,119.596351,1,-4.308057,-0.122237,1.811291,0.037630,0.963828,0.062029,0.256459
769,1785980869507228836,2,605,219,0.361983,0.875000,60,99.293886,8.240146,0,0,0,0,0,0,0.000000,107.534032,118.610464,1,-4.247731,-0.140429,1.923282,0.036859,0.967236,0.062075,0.243397
770,1785980869597230378,2,605,234,0.386777,0.916667,65,99.305094,8.844904,0,0,0,0,0,0,0.000000,108.149998,119.075679,1,-4.176086,-0.163762,2.047137,0.035387,0.970668,0.062809,0.229359
771,1785980869687227169,2,605,236,0.390083,0.916667,138,97.964577,8.818695,0,0,0,0,0,0,0.000000,106.783272,118.843425,1,-4.121008,-0.171612,2.139159,0.034779,0.973130,0.062544,0.218854
772,1785980869777234211,2,605,227,0.375207,0.854167,111,93.597561,8.599984,0,0,0,0,0,0,0.000000,102.197545,117.588949,1,-4.058484,-0.175942,2.239920,0.034684,0.975816,0.061775,0.206797
773,1785980869867233294,2,607,242,0.398682,0.916667,102,103.655939,8.941864,0,0,0,0,0,0,0.000000,112.597803,127.666201,1,-3.975522,-0.175029,2.366429,0.035430,0.978910,0.061012,0.191724
774,1785980869957228211,2,605,246,0.406612,0.937500,91,97.158107,9.186408,0,0,0,0,0,0,0.000000,106.344515,119.401555,1,-3.870664,-0.175536,2.512527,0.036528,0.982286,0.060401,0.173584
775,1785980870047229461,2,605,219,0.361983,0.895833,90,96.636141,8.293105,0,0,0,0,0,0,0.000000,104.929246,117.906578,1,-3.781000,-0.188381,2.629558,0.036744,0.984774,0.060940,0.158608
776,1785980870137231336,2,605,220,0.363636,0.958333,87,95.437126,8.573608,0,0,0,0,0,0,0.000000,104.010734,116.675479,1,-3.719381,-0.189700,2.705753,0.037175,0.986331,0.060575,0.148659
777,1785980870227233170,2,605,232,0.383471,0.979167,78,94.831784,8.775986,0,0,0,0,0,0,0.000000,103.607770,115.748340,1,-3.646888,-0.199607,2.791876,0.036175,0.988005,0.060261,0.137498
778,1785980870317233170,2,604,250,0.413907,0.895833,157,93.704353,9.276451,0,0,0,0,0,0,0.000000,102.980804,116.442973,1,-3.557006,-0.203762,2.893438,0.035968,0.989907,0.059241,0.123613
779,1785980870407233003,2,607,271,0.446458,0.916667,134,88.736956,10.032044,0,0,0,0,0,0,0.000000,98.769000,115.823674,1,-3.454867,-0.210101,3.000403,0.035983,0.991657,0.058995,0.108813
780,1785980870497232503,2,606,245,0.404290,0.895833,120,91.277155,9.195283,0,0,0,0,0,0,0.000000,100.472438,115.501254,1,-3.345401,-0.212226,3.110451,0.036680,0.993267,0.058527,0.093004
781,1785980870587237836,2,604,228,0.377483,0.854167,89,92.801341,8.706568,0,0,0,0,0,0,0.000000,101.507909,114.737493,1,-3.230843,-0.218507,3.217491,0.037584,0.994595,0.058797,0.076890
782,1785980870677235795,2,606,232,0.382838,0.916667,153,94.733866,8.915946,0,0,0,0,0,0,0.000000,103.649812,116.881895,1,-3.113175,-0.231385,3.319884,0.037828,0.995681,0.059159,0.060731
783,1785980870767235628,2,604,228,0.377483,0.895833,112,87.433896,8.692860,0,0,0,0,0,0,0.000000,96.126756,110.481479,1,-3.015648,-0.250071,3.398545,0.037379,0.996352,0.060075,0.047722
784,1785980870857236295,2,605,233,0.385124,0.895833,102,88.488577,8.766736,0,0,0,0,0,0,0.000000,97.255313,111.026486,1,-2.901093,-0.276499,3.484153,0.037179,0.996826,0.062241,0.032893
785,1785980870947238420,2,606,239,0.394389,0.895833,99,88.570036,8.971197,0,0,0,0,0,0,0.000000,97.541233,110.897026,1,-2.783422,-0.304310,3.566782,0.036515,0.997108,0.064205,0.017887
786,1785980871037237378,2,605,248,0.409917,0.937500,158,88.488493,9.241533,0,0,0,0,0,0,0.000000,97.730026,111.688203,1,-2.677058,-0.309040,3.640049,0.037053,0.997249,0.064034,0.004543
787,1785980871127237337,2,604,259,0.428808,0.916667,119,84.331649,9.724540,0,0,0,0,0,0,0.000000,94.056189,109.403258,1,-2.552134,-0.307615,3.722343,0.037934,0.997224,0.063148,-0.010880
788,1785980871217236337,2,604,257,0.425497,0.895833,101,86.112171,9.507412,0,0,0,0,0,0,0.000000,95.619583,109.100544,1,-2.437129,-0.306698,3.792309,0.037427,0.997099,0.061584,-0.024487
789,1785980871307237337,2,603,217,0.359867,0.875000,83,86.220921,8.332688,0,0,0,0,0,0,0.000000,94.553609,107.094518,1,-2.308990,-0.309214,3.867103,0.037368,0.996667,0.060756,-0.039598
790,1785980871397239462,2,608,226,0.371711,0.750000,155,85.060073,8.688527,0,0,0,0,0,0,0.000000,93.748600,106.204631,1,-2.190609,-0.312241,3.930930,0.036497,0.996130,0.059662,-0.053236
791,1785980871487240795,2,603,203,0.336650,0.916667,108,83.731640,7.934975,0,0,0,0,0,0,0.000000,91.666615,106.194715,1,-2.098005,-0.316036,3.976560,0.035487,0.995605,0.058679,-0.063789
792,1785980871577239129,2,603,228,0.378109,0.895833,90,87.325476,8.811736,0,0,0,0,0,0,0.000000,96.137212,109.260545,1,-1.967863,-0.325927,4.036520,0.034710,0.994593,0.058456,-0.078508
793,1785980871667238587,2,605,215,0.355372,0.833333,80,86.871471,8.252771,0,0,0,0,0,0,0.000000,95.124242,106.057005,1,-1.813076,-0.351121,4.101152,0.033053,0.993085,0.059562,-0.095610
794,1785980871757240129,2,604,234,0.387417,0.833333,156,88.101568,8.732651,0,0,0,0,0,0,0.000000,96.834219,109.104582,1,-1.680419,-0.348396,4.150597,0.032766,0.991684,0.057842,-0.110201
795,1785980871847239420,2,606,250,0.412541,0.937500,106,85.779331,9.309533,0,0,0,0,0,0,0.000000,95.088864,108.539659,1,-1.501907,-0.351416,4.206500,0.032765,0.989411,0.057054,-0.129370
796,1785980871937240337,2,607,208,0.342669,0.854167,82,84.982404,7.883058,0,0,0,0,0,0,0.000000,92.865462,105.547954,1,-1.288119,-0.363155,4.256659,0.031277,0.986278,0.056598,-0.151901
797,1785980872027242545,2,603,202,0.334992,0.875000,70,89.442585,7.934558,0,0,0,0,0,0,0.000000,97.377143,108.177696,1,-1.090514,-0.400650,4.281652,0.030919,0.982646,0.060216,-0.172700
798,1785980872117243004,2,605,237,0.391736,0.895833,140,88.105485,8.912820,0,0,0,0,0,0,0.000000,97.018305,107.766775,1,-0.915420,-0.333512,4.293112,0.033444,0.979723,0.052582,-0.190417
799,1785980872207241671,2,604,224,0.370861,0.958333,92,84.204019,8.431565,0,0,0,0,0,0,0.000000,92.635584,103.681389,1,-0.802788,-0.328780,4.280066,0.034375,0.977418,0.052112,-0.201882
800,1785980872297244796,2,605,227,0.375207,0.958333,82,87.177346,8.673859,0,0,0,0,0,0,0.000000,95.851205,106.286962,1,-0.761242,-0.291967,4.258491,0.031234,0.977053,0.046638,-0.205467
801,1785980872387241754,2,604,208,0.344371,0.916667,70,85.995706,8.137686,0,0,0,0,0,0,0.000000,94.133392,105.128322,1,-0.753634,-0.234180,4.230871,0.033075,0.977185,0.040676,-0.205819
802,1785980872477242087,2,604,241,0.399007,0.916667,151,87.162180,9.008530,0,0,0,0,0,0,0.000000,96.170710,106.850093,1,-0.807210,-0.162694,4.193492,0.036197,0.978616,0.033891,-0.199630
803,1785980872567240837,2,603,230,0.381426,0.875000,106,81.960865,8.421439,0,0,0,0,0,0,0.000000,90.382304,104.262853,1,-0.856859,-0.124289,4.155745,0.037452,0.979831,0.030353,-0.193926
804,1785980872657243921,2,601,250,0.415973,0.937500,104,82.870833,9.315992,0,0,0,0,0,0,0.000000,92.186825,106.157502,1,-0.899422,-0.140477,4.113209,0.040131,0.980449,0.034094,-0.189594
805,1785980872747245712,2,602,235,0.390365,0.916667,88,84.395602,8.897820,0,0,0,0,0,0,0.000000,93.293422,105.407490,1,-0.924290,-0.172945,4.069612,0.040432,0.980786,0.038930,-0.186839
806,1785980872837243754,2,603,207,0.343284,0.854167,74,84.759189,8.169227,0,0,0,0,0,0,0.000000,92.928416,104.350560,1,-0.978432,-0.227540,4.015331,0.037984,0.981773,0.045309,-0.180625
807,1785980872927243004,2,603,220,0.364842,0.895833,158,85.855453,8.444148,0,0,0,0,0,0,0.000000,94.299601,106.711131,1,-1.019926,-0.306526,3.958957,0.033924,0.982360,0.053870,-0.175827
808,1785980873017243254,2,605,217,0.358678,0.895833,104,93.795761,8.597566,0,0,0,0,0,0,0.000000,102.393327,115.796996,1,-1.113186,-0.325884,3.893228,0.029747,0.984391,0.055667,-0.164287
809,1785980873107242088,2,604,208,0.344371,0.854167,85,85.438198,8.302063,0,0,0,0,0,0,0.000000,93.740261,104.525979,1,-1.108340,-0.306828,3.862822,0.020321,0.985084,0.049396,-0.163573
810,1785980873197243504,2,603,228,0.378109,0.875000,176,85.903204,8.672442,0,0,0,0,0,0,0.000000,94.575646,107.507433,1,-1.088492,-0.277647,3.838498,0.012443,0.985356,0.042451,-0.164674
811,1785980873287243796,2,604,229,0.379139,0.875000,116,80.741887,8.357271,0,0,0,0,0,0,0.000000,89.099158,105.392863,1,-1.085839,-0.275228,3.805660,0.007295,0.985592,0.040243,-0.164119
812,1785980873377242921,2,602,234,0.388704,0.895833,175,83.596882,8.966404,0,0,0,0,0,0,0.000000,92.563286,106.254707,1,-1.065130,-0.281731,3.776509,0.010800,0.985015,0.042958,-0.166683
813,1785980873467245171,2,603,213,0.353234,0.854167,125,80.006212,7.832390,0,0,0,0,0,0,0.000000,87.838602,104.309142,1,-1.028667,-0.256904,3.751641,0.017064,0.984138,0.042663,-0.171350
814,1785980873557246005,2,601,230,0.382695,0.916667,191,84.761855,8.726068,0,0,0,0,0,0,0.000000,93.487923,108.907616,1,-1.003542,-0.261336,3.724393,0.024666,0.983199,0.046751,-0.174713
815,1785980873647243463,2,602,216,0.358804,0.875000,127,79.270619,8.192269,0,0,0,0,0,0,0.000000,87.462888,102.907623,1,-0.987751,-0.269617,3.691753,0.032436,0.982311,0.051538,-0.177076
816,1785980873737247546,2,602,210,0.348837,0.854167,171,84.653978,8.173477,0,0,0,0,0,0,0.000000,92.827455,107.638307,1,-0.947362,-0.281845,3.660277,0.040226,0.980777,0.056260,-0.182467
817,1785980873827248255,2,603,199,0.330017,0.854167,119,80.959513,7.495719,0,0,0,0,0,0,0.000000,88.455232,103.729673,1,-0.931253,-0.242354,3.635244,0.047469,0.980184,0.054328,-0.184483
818,1785980873917251171,2,602,217,0.360465,0.895833,98,82.606118,8.355688,0,0,0,0,0,0,0.000000,90.961806,103.293543,1,-0.904731,-0.175488,3.615728,0.049751,0.979993,0.046129,-0.187113
819,1785980874007248421,2,602,214,0.355482,0.895833,177,84.997980,8.171894,0,0,0,0,0,0,0.000000,93.169874,105.793450,1,-0.915738,-0.113427,3.588534,0.047743,0.980900,0.037261,-0.184844
820,1785980874097246963,2,602,199,0.330565,0.812500,138,80.965805,7.497303,0,0,0,0,0,0,0.000000,88.463108,106.568334,1,-0.898290,-0.092067,3.563901,0.043776,0.980977,0.032850,-0.186247
821,1785980874187246755,2,602,228,0.378738,0.916667,189,84.125803,8.497523,0,0,0,0,0,0,0.000000,92.623326,106.562418,1,-0.873635,-0.084418,3.534160,0.044963,0.980378,0.032674,-0.189128
822,1785980874277249380,2,608,216,0.355263,0.875000,128,82.238403,7.847307,0,0,0,0,0,0,0.000000,90.085710,106.764210,1,-0.877103,-0.038891,3.503351,0.044239,0.980843,0.026539,-0.187843
823,1785980874367250005,2,605,216,0.357025,0.895833,115,82.543365,8.123852,0,0,0,0,0,0,0.000000,90.667217,104.904978,1,-0.879861,0.042724,3.473634,0.047754,0.981065,0.016944,-0.186931
824,1785980874457252172,2,606,219,0.361386,0.937500,181,81.168806,8.575649,0,0,0,0,0,0,0.000000,89.744455,103.182956,1,-0.897625,0.068176,3.436435,0.045723,0.981759,0.012631,-0.184118
825,1785980874547250255,2,604,240,0.397351,0.875000,132,80.690717,8.530024,0,0,0,0,0,0,0.000000,89.220741,105.867698,1,-0.922885,0.072357,3.394594,0.041375,0.982711,0.010421,-0.180161
826,1785980874637250463,2,603,217,0.359867,0.916667,129,78.549231,8.365813,0,0,0,0,0,0,0.000000,86.915044,101.843106,1,-0.920048,0.072943,3.358852,0.042731,0.982631,0.011195,-0.180236
827,1785980874727250922,2,606,225,0.371287,0.895833,119,81.605353,8.747776,0,0,0,0,0,0,0.000000,90.353129,104.538223,1,-0.924372,0.075627,3.326789,0.049460,0.982328,0.014517,-0.179932
828,1785980874817253130,2,605,221,0.365289,0.875000,100,79.542617,8.562482,0,0,0,0,0,0,0.000000,88.105099,101.084970,1,-0.942945,0.092505,3.286550,0.054325,0.982536,0.014428,-0.177379
829,1785980874907251172,2,604,227,0.375828,0.833333,175,81.074929,8.512939,0,0,0,0,0,0,0.000000,89.587868,101.394932,1,-0.971914,-0.032887,3.230559,0.042665,0.983545,0.028035,-0.173300
830,1785980874997252339,2,604,200,0.331126,0.812500,119,80.244877,7.380883,0,0,0,0,0,0,0.000000,87.625760,102.991994,1,-0.960285,-0.165092,3.183792,0.035725,0.982927,0.045394,-0.174694
831,1785980875087251089,2,603,192,0.318408,0.750000,90,80.144917,7.431509,0,0,0,0,0,0,0.000000,87.576426,99.863829,1,-0.999503,-0.161898,3.131094,0.031932,0.984266,0.043880,-0.168154
832,1785980875177253672,2,605,221,0.365289,0.791667,90,83.147621,8.281645,0,0,0,0,0,0,0.000000,91.429266,103.238871,1,-0.983153,-0.161148,3.103456,0.024768,0.984373,0.040652,-0.169542
833,1785980875267254172,2,605,225,0.371901,0.833333,163,80.947468,8.688650,0,0,0,0,0,0,0.000000,89.636118,102.313651,1,-0.960509,-0.157160,3.076413,0.021705,0.984111,0.038839,-0.171892
834,1785980875357252547,2,605,222,0.366942,0.895833,109,78.992443,7.826848,0,0,0,0,0,0,0.000000,86.819291,101.073093,1,-0.937282,-0.208034,3.042149,0.020487,0.983204,0.047208,-0.175107
835,1785980875447253589,2,605,181,0.299174,0.854167,87,81.665101,7.233632,0,0,0,0,0,0,0.000000,88.898733,100.706463,1,-0.909957,-0.192299,3.013080,0.022913,0.982480,0.046566,-0.178996
836,1785980875537254297,2,605,185,0.305785,0.875000,75,81.924438,7.327591,0,0,0,0,0,0,0.000000,89.252029,99.950704,1,-0.894593,-0.191949,2.981504,0.026698,0.981890,0.048922,-0.181068
837,1785980875627252631,2,605,204,0.337190,0.833333,77,83.101952,7.790722,0,0,0,0,0,0,0.000000,90.892674,101.644184,1,-0.873731,-0.141203,2.956991,0.030893,0.981496,0.042704,-0.184088
838,1785980875717255756,2,604,214,0.354305,0.854167,153,80.159332,8.301603,0,0,0,0,0,0,0.000000,88.460935,99.816202,1,-0.858136,-0.062916,2.932112,0.042857,0.980843,0.036090,-0.186567
839,1785980875807256006,2,603,222,0.368159,0.916667,101,75.798568,7.831764,0,0,0,0,0,0,0.000000,83.630332,97.656299,1,-0.851285,-0.002368,2.907846,0.057260,0.979931,0.033510,-0.187974
840,1785980875897254839,2,604,222,0.367550,0.895833,184,79.541823,8.813860,0,0,0,0,0,0,0.000000,88.355683,101.382553,1,-0.889439,-0.016115,2.862269,0.050470,0.981562,0.032734,-0.181431
841,1785980875987254381,2,605,223,0.368595,0.875000,126,78.513935,8.119476,0,0,0,0,0,0,0.000000,86.633411,102.783154,1,-0.913051,-0.012590,2.818714,0.043054,0.982893,0.028795,-0.176742
842,1785980876077255422,2,604,218,0.360927,0.812500,105,76.695162,8.349978,0,0,0,0,0,0,0.000000,85.045140,98.111304,1,-0.940878,-0.016266,2.775449,0.037571,0.984064,0.027439,-0.171620
843,1785980876167254339,2,604,228,0.377483,0.895833,170,79.814160,8.792234,0,0,0,0,0,0,0.000000,88.606394,101.729057,1,-0.956589,-0.065184,2.730166,0.028741,0.984800,0.031965,-0.168290
844,1785980876257256547,2,608,223,0.366776,0.854167,122,77.601257,7.952557,0,0,0,0,0,0,0.000000,85.553814,100.768169,1,-0.977290,-0.067545,2.685462,0.026927,0.985555,0.031567,-0.164197
845,1785980876347255381,2,605,196,0.323967,0.875000,106,75.588939,8.033725,0,0,0,0,0,0,0.000000,83.622664,97.753631,1,-0.975166,-0.104468,2.647944,0.022660,0.985526,0.036915,-0.163899
846,1785980876437260256,2,606,251,0.414191,0.833333,96,77.843217,9.369825,0,0,0,0,0,0,0.000000,87.213042,98.692893,1,-0.985470,-0.040179,2.617564,0.028700,0.985996,0.029109,-0.161683
847,1785980876527257048,2,603,223,0.369818,0.833333,91,78.992773,8.702608,0,0,0,0,0,0,0.000000,87.695381,99.540612,1,-0.967730,-0.066093,2.589711,0.020440,0.985854,0.029607,-0.163699
848,1785980876617255798,2,605,231,0.381818,0.854167,86,79.884159,8.630649,0,0,0,0,0,0,0.000000,88.514808,101.001296,1,-0.956368,-0.072027,2.556860,0.019914,0.985602,0.030885,-0.165037
849,1785980876707256214,2,605,245,0.404959,0.854167,90,79.379111,9.342658,0,0,0,0,0,0,0.000000,88.721769,101.330883,1,-0.946308,-0.053318,2.528378,0.019980,0.985542,0.027600,-0.165969
850,1785980876797261548,2,605,235,0.388430,0.854167,87,79.252858,8.856860,0,0,0,0,0,0,0.000000,88.109718,100.630123,1,-0.931891,-0.055132,2.496567,0.019358,0.985243,0.028474,-0.167665
851,1785980876887259923,2,605,241,0.398347,0.875000,167,79.323692,9.024279,0,0,0,0,0,0,0.000000,88.347971,100.937543,1,-0.920232,-0.080681,2.458567,0.013760,0.985075,0.030101,-0.168913
852,1785980876977260589,2,604,229,0.379139,0.895833,107,75.457644,8.025642,0,0,0,0,0,0,0.000000,83.483286,97.216039,1,-0.903508,-0.056813,2.430755,0.013615,0.984834,0.025671,-0.171047
853,1785980877067261631,2,606,251,0.414191,0.895833,181,74.873678,9.479117,0,0,0,0,0,0,0.000000,84.352795,98.027966,1,-0.887666,-0.017517,2.397770,0.018059,0.984533,0.020666,-0.173034
854,1785980877157263923,2,606,248,0.409241,0.916667,124,74.238421,8.773233,0,0,0,0,0,0,0.000000,83.011654,100.107741,1,-0.873826,0.044913,2.374869,0.025913,0.984092,0.012866,-0.175286
855,1785980877247260923,2,604,237,0.392384,0.812500,119,73.173574,8.689442,0,0,0,0,0,0,0.000000,81.863016,96.358195,1,-0.880366,0.073612,2.342177,0.023979,0.984585,0.006622,-0.173128
856,1785980877337261173,2,606,235,0.387789,0.916667,163,76.474947,8.884402,0,0,0,0,0,0,0.000000,85.359349,98.737639,1,-0.849715,0.091843,2.320691,0.028665,0.983511,0.005705,-0.178469
857,1785980877427261881,2,607,229,0.377265,0.895833,141,71.857598,8.128476,0,0,0,0,0,0,0.000000,79.986074,97.438165,1,-0.827283,0.093279,2.301416,0.031940,0.982594,0.007459,-0.182845
858,1785980877517261381,2,605,231,0.381818,0.916667,123,71.682804,8.699316,0,0,0,0,0,0,0.000000,80.382120,95.551850,1,-0.828843,0.093773,2.285048,0.031621,0.982824,0.007796,-0.181649
859,1785980877607261798,2,603,243,0.402985,0.875000,114,75.581769,9.543951,0,0,0,0,0,0,0.000000,85.125720,99.588775,1,-0.820085,0.095521,2.280624,0.032216,0.982481,0.007550,-0.183403
860,1785980877697262632,2,604,235,0.389073,0.916667,128,74.501965,8.976611,0,0,0,0,0,0,0.000000,83.478576,98.847265,1,-0.845091,0.103939,2.271237,0.034315,0.983286,0.007262,-0.178659
861,1785980877787261923,2,606,212,0.349835,0.875000,110,73.676329,8.303103,0,0,0,0,0,0,0.000000,81.979432,95.955271,1,-0.879417,0.101983,2.257635,0.034816,0.984398,0.008165,-0.172283
862,1785980877877261298,2,605,220,0.363636,0.875000,107,76.863408,8.328395,0,0,0,0,0,0,0.000000,85.191803,99.134351,1,-0.956497,0.103991,2.229779,0.035860,0.986786,0.009156,-0.157746
863,1785980877967262632,2,607,218,0.359143,0.833333,100,75.930856,8.112309,0,0,0,0,0,0,0.000000,84.043165,97.200326,1,-1.054032,0.106532,2.189681,0.037590,0.989491,0.010487,-0.139232
864,1785980878057263840,2,603,231,0.383085,0.833333,103,76.973743,8.753983,0,0,0,0,0,0,0.000000,85.727726,99.410271,1,-1.119340,0.112028,2.159635,0.039302,0.991090,0.010568,-0.126824
865,1785980878147262173,2,602,232,0.385382,0.875000,100,76.753407,8.479397,0,0,0,0,0,0,0.000000,85.232804,98.581886,1,-1.182858,0.114650,2.130761,0.040458,0.992593,0.011917,-0.113928
866,1785980878237264090,2,607,243,0.400330,0.854167,160,74.058958,8.937694,0,0,0,0,0,0,0.000000,82.996652,96.580652,1,-1.217955,0.118434,2.113354,0.040882,0.993315,0.011489,-0.107336
867,1785980878327262923,2,605,233,0.385124,0.854167,136,72.731981,8.287144,0,0,0,0,0,0,0.000000,81.019125,97.304909,1,-1.202171,0.117264,2.121071,0.040742,0.992986,0.011428,-0.110401
868,1785980878417263090,2,603,228,0.378109,0.833333,126,77.047493,8.014015,0,0,0,0,0,0,0.000000,85.061508,101.041206,1,-1.168687,0.112547,2.135360,0.039096,0.992306,0.011232,-0.116941
869,1785980878507261840,2,602,237,0.393688,0.833333,113,79.737067,8.825276,0,0,0,0,0,0,0.000000,88.562343,103.244942,1,-1.142524,0.111420,2.151243,0.038539,0.991687,0.011117,-0.122262
870,1785980878597264424,2,603,228,0.378109,0.812500,116,76.236358,8.568439,0,0,0,0,0,0,0.000000,84.804797,99.496937,1,-1.102340,0.108359,2.168276,0.037650,0.990735,0.010790,-0.130041
871,1785980878687266715,2,604,230,0.380795,0.875000,124,80.238824,8.656774,0,0,0,0,0,0,0.000000,88.895598,102.784686,1,-1.057732,0.104946,2.187485,0.035877,0.989625,0.009891,-0.138774
872,1785980878777266757,2,606,222,0.366337,0.875000,121,76.899032,8.164101,0,0,0,0,0,0,0.000000,85.063133,99.370518,1,-0.988347,0.101349,2.217292,0.033885,0.987773,0.008915,-0.151914
873,1785980878867263340,2,609,239,0.392447,0.895833,113,77.585498,9.111612,0,0,0,0,0,0,0.000000,86.697110,101.411625,1,-0.926262,0.099944,2.239990,0.032560,0.985949,0.007814,-0.163659
874,1785980878957264382,2,604,231,0.382450,0.895833,130,75.184968,8.821900,0,0,0,0,0,0,0.000000,84.006868,99.017929,1,-0.857204,0.101775,2.264227,0.032125,0.983746,0.006663,-0.176542
875,1785980879047266465,2,605,218,0.360331,0.875000,115,78.055879,8.333977,0,0,0,0,0,0,0.000000,86.389856,100.718034,1,-0.769848,0.104069,2.293053,0.031749,0.980790,0.005509,-0.192385
876,1785980879137266549,2,606,221,0.364686,0.833333,172,77.038783,8.562564,0,0,0,0,0,0,0.000000,85.601347,99.462017,1,-0.693186,0.104113,2.314641,0.031259,0.977953,0.004518,-0.206421
877,1785980879227266841,2,603,217,0.359867,0.854167,108,73.360029,7.812347,0,0,0,0,0,0,0.000000,81.172376,95.740680,1,-0.618650,0.098675,2.333923,0.029536,0.975085,0.004338,-0.219813
878,1785980879317267632,2,604,243,0.402318,0.895833,112,77.113616,9.036111,0,0,0,0,0,0,0.000000,86.149727,99.984397,1,-0.533804,0.091700,2.353733,0.027507,0.971602,0.004182,-0.234981
879,1785980879407267091,2,605,225,0.371901,0.854167,111,77.849333,8.420187,0,0,0,0,0,0,0.000000,86.269520,100.316110,1,-0.445699,0.087651,2.369815,0.026479,0.967744,0.003919,-0.250511
880,1785980879497266299,2,606,197,0.325083,0.895833,88,78.177295,8.018599,0,0,0,0,0,0,0.000000,86.195894,98.733590,1,-0.358295,0.085626,2.384470,0.024783,0.963710,0.003283,-0.265780
881,1785980879587269007,2,602,224,0.372093,0.854167,154,75.720724,8.245935,0,0,0,0,0,0,0.000000,83.966659,96.238310,1,-0.275772,0.088037,2.395448,0.023765,0.959660,0.001995,-0.280151
882,1785980879677267257,2,607,237,0.390445,0.916667,106,77.789707,8.292103,0,0,0,0,0,0,0.000000,86.081810,100.314693,1,-0.187458,0.088717,2.404169,0.022852,0.955156,0.000931,-0.295217
883,1785980879767269257,2,606,208,0.343234,0.895833,88,73.408987,8.686232,0,0,0,0,0,0,0.000000,82.095219,94.012865,1,-0.106791,0.087470,2.411341,0.020958,0.950820,0.000064,-0.309035
884,1785980879857267549,2,606,228,0.376238,0.833333,90,76.703817,8.558647,0,0,0,0,0,0,0.000000,85.262464,97.547865,1,-0.026819,0.091509,2.414625,0.019855,0.946362,-0.001482,-0.322495
885,1785980879947269091,2,606,248,0.409241,0.895833,74,75.062631,9.112862,0,0,0,0,0,0,0.000000,84.175493,95.876303,1,0.108900,0.104705,2.408665,0.017586,0.938506,-0.005162,-0.344775
886,1785980880037268716,2,602,249,0.413621,0.958333,75,79.306224,9.190779,0,0,0,0,0,0,0.000000,88.497003,100.007854,1,0.214771,0.114203,2.389158,0.020687,0.931726,-0.005792,-0.362527
887,1785980880127272966,2,605,251,0.414876,0.854167,154,78.022792,9.318698,0,0,0,0,0,0,0.000000,87.341490,98.996008,1,0.303215,0.100133,2.356054,0.022752,0.925790,-0.002423,-0.377346
888,1785980880217272799,2,604,228,0.377483,0.854167,96,77.798289,8.259518,0,0,0,0,0,0,0.000000,86.057807,100.402734,1,0.367204,0.096548,2.317096,0.022761,0.921520,-0.001317,-0.387660
889,1785980880307270591,2,605,219,0.361983,0.875000,78,73.205607,7.828763,0,0,0,0,0,0,0.000000,81.034370,91.810210,1,0.391689,0.037944,2.277624,0.012040,0.920290,0.007466,-0.390980
890,1785980880397272549,2,605,256,0.423140,0.937500,75,80.922201,9.262780,0,0,0,0,0,0,0.000000,90.184981,101.413994,1,0.417549,0.009540,2.236981,0.007558,0.918550,0.012922,-0.395022
891,1785980880487269716,2,602,242,0.401993,0.895833,71,80.384028,8.987360,0,0,0,0,0,0,0.000000,89.371388,100.618860,1,0.427391,-0.027065,2.199273,0.002777,0.918143,0.020034,-0.395734
892,1785980880577273800,2,608,231,0.379934,0.875000,68,80.758324,8.487730,0,0,0,0,0,0,0.000000,89.246054,100.401023,1,0.449022,-0.030013,2.161020,0.003101,0.916395,0.021572,-0.399682
893,1785980880667275258,2,604,219,0.362583,0.895833,66,80.323610,8.435437,0,0,0,0,0,0,0.000000,88.759047,99.251301,1,0.461373,-0.052199,2.121277,0.000682,0.915598,0.026133,-0.401243
894,1785980880757275175,2,604,227,0.375828,0.895833,60,82.359135,8.589397,0,0,0,0,0,0,0.000000,90.948532,101.194242,1,0.452250,-0.084150,2.084553,-0.005393,0.916701,0.031679,-0.398279
895,1785980880847272883,2,604,233,0.385762,0.937500,146,81.086702,8.777607,0,0,0,0,0,0,0.000000,89.864309,100.993821,1,0.475056,-0.109331,2.039952,-0.012187,0.915449,0.035762,-0.400656
896,1785980880937277258,2,602,194,0.322259,0.916667,91,79.936396,7.401007,0,0,0,0,0,0,0.000000,87.337403,100.392896,1,0.486264,-0.166952,1.992933,-0.016941,0.914243,0.048061,-0.401949
897,1785980881027278883,2,604,186,0.307947,0.916667,65,83.061392,7.233505,0,0,0,0,0,0,0.000000,90.294897,100.349688,1,0.500089,-0.175397,1.942968,-0.017705,0.913057,0.050999,-0.404243
898,1785980881117276841,2,606,201,0.331683,0.895833,141,80.920116,7.672469,0,0,0,0,0,0,0.000000,88.592585,99.424468,1,0.511943,-0.151338,1.909905,-0.020108,0.912758,0.046010,-0.405403
899,1785980881207274133,2,607,192,0.316310,0.812500,98,75.176130,7.679011,0,0,0,0,0,0,0.000000,82.855141,96.398222,1,0.511465,-0.119973,1.880248,-0.012207,0.913012,0.041793,-0.405603
900,1785980881297273258,2,606,197,0.325083,0.895833,87,80.368775,8.063932,0,0,0,0,0,0,0.000000,88.432707,101.069737,1,0.519883,-0.091408,1.847571,-0.004079,0.912357,0.037501,-0.407655
901,1785980881387274633,2,603,201,0.333333,0.895833,73,79.545473,8.143141,0,0,0,0,0,0,0.000000,87.688614,99.124837,1,0.521628,-0.053533,1.818966,0.007371,0.912304,0.031518,-0.408233
902,1785980881477276383,2,604,206,0.341060,0.916667,64,80.296148,8.167141,0,0,0,0,0,0,0.000000,88.463289,99.309799,1,0.510192,-0.025685,1.795474,0.016287,0.913407,0.027197,-0.405812
903,1785980881567276175,2,606,184,0.303630,0.854167,63,80.209523,7.391382,0,0,0,0,0,0,0.000000,87.600905,97.936323,1,0.508533,-0.026079,1.763840,0.015334,0.913826,0.027118,-0.404910
904,1785980881657274675,2,605,213,0.352066,0.875000,144,79.544140,8.181808,0,0,0,0,0,0,0.000000,87.725948,98.931001,1,0.512226,0.000788,1.728552,0.013491,0.914211,0.020539,-0.404494
905,1785980881747275300,2,605,236,0.390083,0.916667,114,74.893916,8.173434,0,0,0,0,0,0,0.000000,83.067350,98.799375,1,0.508228,0.036204,1.702102,0.011938,0.915428,0.011772,-0.402132
906,1785980881837279717,2,605,218,0.360331,0.895833,104,78.159371,8.189225,0,0,0,0,0,0,0.000000,86.348596,99.551091,1,0.504483,0.046967,1.670629,0.007531,0.916346,0.009912,-0.400194
907,1785980881927279550,2,604,229,0.379139,0.916667,93,77.128150,8.710482,0,0,0,0,0,0,0.000000,85.838632,98.775914,1,0.510875,0.059428,1.634700,-0.000998,0.916592,0.005282,-0.399788
908,1785980882017274717,2,604,208,0.344371,0.895833,87,78.949173,7.917639,0,0,0,0,0,0,0.000000,86.866812,99.565091,1,0.521535,0.061076,1.598390,0.003085,0.915614,0.005888,-0.402004
909,1785980882107275509,2,604,228,0.377483,0.895833,160,74.974541,8.605231,0,0,0,0,0,0,0.000000,83.579772,96.497971,1,0.516431,0.051029,1.564912,0.007445,0.915853,0.009448,-0.401335
910,1785980882197280759,2,602,211,0.350498,0.937500,124,74.882373,7.421215,0,0,0,0,0,0,0.000000,82.303588,98.200033,1,0.524648,0.040443,1.527971,0.009585,0.915069,0.013421,-0.402959
911,1785980882287280967,2,603,197,0.326700,0.916667,118,76.536351,7.950430,0,0,0,0,0,0,0.000000,84.486781,98.726080,1,0.529454,0.027996,1.487667,0.010733,0.914859,0.017830,-0.403238
912,1785980882377277884,2,604,215,0.355960,0.875000,182,76.602350,8.217350,0,0,0,0,0,0,0.000000,84.819700,99.288586,1,0.533463,0.037243,1.454825,0.012168,0.914727,0.016647,-0.403547
913,1785980882467282759,2,603,232,0.384743,0.895833,203,71.783417,8.109140,0,0,0,0,0,0,0.000000,79.892557,98.032779,1,0.538538,0.039597,1.421304,0.011577,0.914517,0.017379,-0.404008
914,1785980882557280259,2,603,202,0.334992,0.937500,131,76.609017,7.585800,0,0,0,0,0,0,0.000000,84.194817,101.673240,1,0.544511,0.050215,1.387432,0.007764,0.914581,0.014591,-0.404064
915,1785980882647281676,2,606,218,0.359736,0.916667,117,76.796894,8.613147,0,0,0,0,0,0,0.000000,85.410041,100.668436,1,0.550722,0.046600,1.345682,0.000427,0.914491,0.015537,-0.404307
916,1785980882737281092,2,603,217,0.359867,0.895833,174,76.661935,8.568854,0,0,0,0,0,0,0.000000,85.230789,99.410004,1,0.565962,0.028571,1.304514,-0.001385,0.913012,0.021234,-0.407377
917,1785980882827281134,2,604,227,0.375828,0.875000,132,72.199420,8.318852,0,0,0,0,0,0,0.000000,80.518272,99.319710,1,0.573153,0.007840,1.264492,0.002296,0.912049,0.028511,-0.409082
918,1785980882917284634,2,604,224,0.370861,0.895833,110,74.925454,8.911359,0,0,0,0,0,0,0.000000,83.836813,98.778619,1,0.583417,-0.014951,1.222735,0.004821,0.910363,0.037034,-0.412122
919,1785980883007284426,2,602,216,0.358804,0.937500,108,74.743243,8.638022,0,0,0,0,0,0,0.000000,83.381265,97.590563,1,0.591087,-0.024718,1.183158,0.006303,0.909266,0.041161,-0.414127
920,1785980883097284676,2,606,217,0.358086,0.895833,178,73.068181,8.524479,0,0,0,0,0,0,0.000000,81.592660,95.907043,1,0.595810,-0.033813,1.146805,0.014700,0.907790,0.046557,-0.416573
921,1785980883187282926,2,607,236,0.388797,0.937500,205,71.363536,8.620896,0,0,0,0,0,0,0.000000,79.984432,96.294298,1,0.575034,-0.034728,1.121836,0.012107,0.911150,0.047520,-0.409146
922,1785980883277281967,2,607,233,0.383855,0.937500,206,74.484282,8.289434,0,0,0,0,0,0,0.000000,82.773716,100.987063,1,0.570396,-0.022466,1.090552,0.006151,0.912940,0.044679,-0.405594
923,1785980883367283884,2,604,225,0.372517,0.875000,140,69.898225,8.286767,0,0,0,0,0,0,0.000000,78.184992,97.052763,1,0.562371,-0.029312,1.056269,-0.004830,0.914971,0.047586,-0.400674
924,1785980883457285384,2,604,221,0.365894,0.833333,213,73.553061,8.264267,0,0,0,0,0,0,0.000000,81.817328,98.294279,1,0.551194,-0.039116,1.021639,-0.006859,0.917052,0.051617,-0.395354
925,1785980883547284593,2,600,193,0.321667,0.875000,132,75.523918,7.169629,0,0,0,0,0,0,0.000000,82.693547,101.244939,1,0.539354,-0.028442,0.994232,-0.008863,0.919453,0.049030,-0.390029
926,1785980883637284634,2,603,193,0.320066,0.854167,124,75.083955,7.393673,0,0,0,0,0,0,0.000000,82.477628,98.872202,1,0.539667,-0.019420,0.964886,0.000711,0.918924,0.047733,-0.391536
927,1785980883727287509,2,606,222,0.366337,0.916667,181,76.278636,8.639147,0,0,0,0,0,0,0.000000,84.917783,99.653795,1,0.523442,0.002635,0.945901,0.010148,0.921854,0.040638,-0.385266
928,1785980883817287259,2,607,212,0.349259,0.895833,191,74.811366,7.636009,0,0,0,0,0,0,0.000000,82.447375,98.771949,1,0.514664,0.011681,0.914869,0.000333,0.924338,0.037628,-0.379715
929,1785980883907283718,2,604,194,0.321192,0.875000,123,72.169209,7.207712,0,0,0,0,0,0,0.000000,79.376921,97.016803,1,0.510948,0.024932,0.885773,-0.015479,0.926612,0.032542,-0.374288
930,1785980883997286051,2,603,186,0.308458,0.812500,184,70.992820,7.488007,0,0,0,0,0,0,0.000000,78.480827,93.333425,1,0.515567,0.042914,0.854983,-0.015176,0.926820,0.026007,-0.374296
931,1785980884087285510,2,605,200,0.330579,0.833333,120,74.078816,7.587300,0,0,0,0,0,0,0.000000,81.666116,98.522905,1,0.523872,0.072630,0.824818,-0.009376,0.926089,0.014356,-0.376915
932,1785980884177287843,2,605,234,0.386777,0.875000,212,70.217852,9.041776,0,0,0,0,0,0,0.000000,79.259628,96.319252,1,0.538823,0.106268,0.793815,-0.006572,0.924524,0.001122,-0.381065
933,1785980884267286343,2,605,228,0.376860,0.875000,211,67.116065,8.336602,0,0,0,0,0,0,0.000000,75.452667,93.619678,1,0.555590,0.111670,0.756695,-0.006073,0.922347,0.000201,-0.386316
934,1785980884357286260,2,602,263,0.436877,0.895833,232,70.507396,9.322821,0,0,0,0,0,0,0.000000,79.830217,101.684357,1,0.568262,0.122314,0.719580,-0.003956,0.920581,-0.003259,-0.390519
935,1785980884447285635,2,606,243,0.400990,0.875000,241,70.251435,8.624730,0,0,0,0,0,0,0.000000,78.876165,102.229489,1,0.581712,0.119424,0.678984,-0.006565,0.919078,-0.001011,-0.394020
936,1785980884537288926,2,606,234,0.386139,0.875000,175,67.687862,8.310059,0,0,0,0,0,0,0.000000,75.997921,99.721876,1,0.597785,0.107681,0.634509,-0.006769,0.916695,0.005078,-0.399499
937,1785980884627288301,2,607,236,0.388797,0.916667,250,67.747613,8.522229,0,0,0,0,0,0,0.000000,76.269842,95.042944,1,0.611415,0.096177,0.590529,-0.007300,0.914575,0.010762,-0.404208
938,1785980884717289010,2,604,207,0.342715,0.833333,175,70.904277,7.602676,0,0,0,0,0,0,0.000000,78.506953,102.286906,1,0.619236,0.072195,0.547892,-0.007145,0.913090,0.022924,-0.407051
939,1785980884807290843,2,607,219,0.360791,0.833333,209,66.283803,8.028723,0,0,0,0,0,0,0.000000,74.312526,94.447477,1,0.626835,0.061500,0.506695,-0.011298,0.911600,0.031876,-0.409685
940,1785980884897289927,2,605,229,0.378512,0.812500,223,71.793619,8.155473,0,0,0,0,0,0,0.000000,79.949092,99.986419,1,0.629969,0.064972,0.472929,-0.010237,0.911533,0.032370,-0.409823
941,1785980884987289635,2,603,225,0.373134,0.833333,223,67.944864,7.994263,0,0,0,0,0,0,0.000000,75.939127,98.481150,1,0.638017,0.065796,0.432898,-0.012887,0.910120,0.034896,-0.412671
942,1785980885077288593,2,602,201,0.333887,0.791667,146,68.473829,7.384256,0,0,0,0,0,0,0.000000,75.858085,96.232123,1,0.642243,0.058599,0.396220,-0.015011,0.909527,0.042321,-0.413211
943,1785980885167287677,2,604,182,0.301325,0.833333,115,73.444889,6.896000,0,0,0,0,0,0,0.000000,80.340889,97.641390,1,0.647808,0.053947,0.356955,-0.020050,0.909109,0.048465,-0.413244
944,1785980885257292427,2,605,207,0.342149,0.791667,180,73.472889,7.651259,0,0,0,0,0,0,0.000000,81.124148,97.339220,1,0.652795,0.061633,0.322205,-0.024269,0.909119,0.047753,-0.413079
945,1785980885347291135,2,602,198,0.328904,0.812500,119,72.415042,7.364339,0,0,0,0,0,0,0.000000,79.779381,97.128423,1,0.654184,0.067808,0.290069,-0.023216,0.909702,0.045613,-0.412095
946,1785980885437293260,2,602,208,0.345515,0.770833,183,72.298248,7.610009,0,0,0,0,0,0,0.000000,79.908257,96.200412,1,0.655279,0.068288,0.260853,-0.020423,0.910001,0.045659,-0.411579
947,1785980885527293219,2,602,219,0.363787,0.791667,201,72.383666,8.296434,0,0,0,0,0,0,0.000000,80.680100,100.242128,1,0.659735,0.080276,0.227219,-0.026664,0.911406,0.040091,-0.408682
948,1785980885617291885,2,601,230,0.382695,0.812500,211,72.797046,8.362601,0,0,0,0,0,0,0.000000,81.159647,101.067012,1,0.660499,0.090680,0.196896,-0.021208,0.912741,0.030892,-0.406816
949,1785980885707290135,2,606,243,0.400990,0.833333,251,70.923274,8.552520,0,0,0,0,0,0,0.000000,79.475794,100.799051,1,0.662838,0.092136,0.164568,-0.019191,0.912321,0.030476,-0.407890
950,1785980885797290344,2,604,223,0.369205,0.750000,151,70.250932,8.251266,0,0,0,0,0,0,0.000000,78.502198,96.011451,1,0.678869,0.098355,0.129894,-0.022421,0.905063,0.027917,-0.423766
951,1785980885887291719,2,603,232,0.384743,0.812500,154,70.307557,8.528437,0,0,0,0,0,0,0.000000,78.835994,99.779995,1,0.677996,0.095543,0.134909,-0.017598,0.905955,0.026833,-0.422156
952,1785980885977291260,2,604,238,0.394040,0.791667,170,69.017416,8.488186,0,0,0,0,0,0,0.000000,77.505602,98.686649,1,0.676151,0.094930,0.137271,-0.017367,0.906670,0.026563,-0.420645
953,1785980886067292135,2,603,219,0.363184,0.791667,163,71.563196,8.484186,0,0,0,0,0,0,0.000000,80.047382,101.060927,1,0.678309,0.096196,0.137213,-0.017934,0.906014,0.026849,-0.422014
954,1785980886157294219,2,603,238,0.394693,0.791667,173,71.916910,9.086652,0,0,0,0,0,0,0.000000,81.003562,104.181216,1,0.677864,0.095762,0.137122,-0.017644,0.906017,0.026763,-0.422025
955,1785980886247294427,2,602,238,0.395349,0.791667,237,72.062287,9.052943,0,0,0,0,0,0,0.000000,81.115230,103.617667,1,0.678157,0.096236,0.137566,-0.017852,0.906062,0.026448,-0.421940
956,1785980886337293927,2,604,228,0.377483,0.812500,220,70.504850,8.129556,0,0,0,0,0,0,0.000000,78.634406,104.814971,1,0.677920,0.096017,0.137097,-0.017889,0.906070,0.026619,-0.421910
957,1785980886427294636,2,604,228,0.377483,0.791667,214,71.734156,8.210932,0,0,0,0,0,0,0.000000,79.945088,106.892579,1,0.678021,0.096148,0.137078,-0.017926,0.906058,0.026829,-0.421922
958,1785980886517294011,2,601,232,0.386023,0.833333,206,70.553558,8.141057,0,0,0,0,0,0,0.000000,78.694615,103.185368,1,0.677861,0.095906,0.137048,-0.017777,0.906079,0.026875,-0.421881
959,1785980886607292844,2,604,227,0.375828,0.812500,207,73.331967,8.911733,0,0,0,0,0,0,0.000000,82.243700,106.005277,1,0.678012,0.095112,0.136948,-0.017363,0.906048,0.026883,-0.421963
960,1785980886697294427,2,602,229,0.380399,0.812500,204,72.547124,8.819815,0,0,0,0,0,0,0.000000,81.366939,106.185446,1,0.677959,0.095078,0.136776,-0.017301,0.905966,0.026827,-0.422145
961,1785980886787295219,2,604,232,0.384106,0.833333,203,70.145637,9.042317,0,0,0,0,0,0,0.000000,79.187954,104.744011,1,0.678001,0.095303,0.136971,-0.017413,0.905969,0.026821,-0.422135
962,1785980886877295261,2,602,225,0.373754,0.812500,201,72.319161,8.700188,0,0,0,0,0,0,0.000000,81.019349,105.968608,1,0.677861,0.094813,0.136386,-0.017263,0.905914,0.026936,-0.422252
963,1785980886967295303,2,601,234,0.389351,0.791667,205,73.079338,9.118443,0,0,0,0,0,0,0.000000,82.197781,103.738414,1,0.677879,0.094722,0.136543,-0.017103,0.905953,0.026840,-0.422181
964,1785980887057297719,2,602,230,0.382060,0.791667,200,72.636832,9.131152,0,0,0,0,0,0,0.000000,81.767984,106.029317,1,0.677741,0.094610,0.136782,-0.016874,0.905900,0.026973,-0.422296
965,1785980887147298969,2,602,229,0.380399,0.729167,197,73.018878,9.202028,0,0,0,0,0,0,0.000000,82.220906,105.865107,1,0.677792,0.094766,0.136799,-0.017051,0.905960,0.027076,-0.422152
966,1785980887237297844,2,604,234,0.387417,0.812500,202,72.806959,8.969358,0,0,0,0,0,0,0.000000,81.776317,107.125705,1,0.677763,0.094597,0.136602,-0.016936,0.905913,0.026907,-0.422269
967,1785980887327299261,2,602,218,0.362126,0.812500,198,72.942085,8.545686,0,0,0,0,0,0,0.000000,81.487771,106.212692,1,0.677878,0.094984,0.136916,-0.017130,0.905949,0.026794,-0.422190
968,1785980887417297886,2,604,228,0.377483,0.791667,196,72.380911,8.757731,0,0,0,0,0,0,0.000000,81.138642,105.798646,1,0.677810,0.095044,0.136978,-0.017001,0.905883,0.026574,-0.422352
969,1785980887507297303,2,603,238,0.394693,0.791667,194,72.523371,9.255444,0,0,0,0,0,0,0.000000,81.778815,105.352266,1,0.677941,0.094676,0.137074,-0.016930,0.906003,0.026669,-0.422091
970,1785980887597299095,2,602,223,0.370432,0.791667,188,72.213159,8.605478,0,0,0,0,0,0,0.000000,80.818637,104.234835,1,0.677912,0.095117,0.136893,-0.017200,0.905937,0.026730,-0.422217
971,1785980887687299136,2,605,238,0.393388,0.791667,191,72.573913,9.058817,0,0,0,0,0,0,0.000000,81.632730,105.971815,1,0.678130,0.095318,0.137247,-0.017308,0.905969,0.026558,-0.422156
972,1785980887777301386,2,605,228,0.376860,0.812500,191,72.735707,8.650854,0,0,0,0,0,0,0.000000,81.386561,104.787925,1,0.678257,0.095233,0.137493,-0.017140,0.906032,0.026525,-0.422030
973,1785980887867301136,2,604,216,0.357616,0.770833,201,73.218128,8.545394,0,0,0,0,0,0,0.000000,81.763522,105.976396,1,0.677914,0.095090,0.136997,-0.017161,0.905930,0.026776,-0.422231
974,1785980887957300720,2,604,223,0.369205,0.791667,195,72.160032,8.609978,0,0,0,0,0,0,0.000000,80.770010,104.834549,1,0.678051,0.094921,0.137147,-0.017101,0.906026,0.026706,-0.422032
975,1785980888047299886,2,606,239,0.394389,0.791667,188,72.829957,9.249653,0,0,0,0,0,0,0.000000,82.079610,105.306887,1,0.677805,0.094438,0.136893,-0.016791,0.906021,0.027099,-0.422031
976,1785980888137301678,2,604,241,0.399007,0.833333,188,73.453214,9.154027,0,0,0,0,0,0,0.000000,82.607241,105.672225,1,0.677842,0.094679,0.137061,-0.016946,0.905982,0.026695,-0.422133
977,1785980888227303262,2,604,244,0.403974,0.833333,191,73.413213,9.260153,0,0,0,0,0,0,0.000000,82.673366,106.262107,1,0.678008,0.094713,0.137101,-0.016935,0.906028,0.026712,-0.422034
978,1785980888317301470,2,604,234,0.387417,0.833333,193,72.755747,8.951274,0,0,0,0,0,0,0.000000,81.707021,103.382863,1,0.677776,0.094829,0.137106,-0.016935,0.905964,0.026886,-0.422160
979,1785980888407301220,2,604,244,0.403974,0.833333,194,71.199102,9.318778,0,0,0,0,0,0,0.000000,80.517880,103.497614,1,0.677836,0.094781,0.136949,-0.016932,0.905930,0.026793,-0.422239
980,1785980888497301428,2,604,240,0.397351,0.854167,197,73.244252,9.104734,0,0,0,0,0,0,0.000000,82.348986,105.316636,1,0.677846,0.094954,0.136514,-0.017124,0.905893,0.026867,-0.422307
981,1785980888587302387,2,604,241,0.399007,0.833333,186,72.474367,9.140776,0,0,0,0,0,0,0.000000,81.615143,104.131622,1,0.677821,0.095030,0.136719,-0.017185,0.905910,0.026922,-0.422265
982,1785980888677302512,2,604,236,0.390728,0.833333,188,73.032458,8.869357,0,0,0,0,0,0,0.000000,81.901815,104.581835,1,0.678067,0.095116,0.137317,-0.017139,0.906034,0.026815,-0.422007
983,1785980888767303762,2,604,242,0.400662,0.833333,187,73.549255,9.154735,0,0,0,0,0,0,0.000000,82.703990,105.953102,1,0.677937,0.095013,0.136985,-0.017173,0.906007,0.026827,-0.422062
984,1785980888857303220,2,604,226,0.374172,0.833333,191,73.424753,8.521186,0,0,0,0,0,0,0.000000,81.945939,105.330176,1,0.677699,0.094393,0.136656,-0.016813,0.905925,0.026811,-0.422254
985,1785980888947302762,2,604,228,0.377483,0.833333,186,73.541712,8.665562,0,0,0,0,0,0,0.000000,82.207274,105.769556,1,0.678010,0.095191,0.137096,-0.017319,0.906041,0.027011,-0.421972
986,1785980889037303512,2,606,231,0.381188,0.833333,192,73.374377,8.715688,0,0,0,0,0,0,0.000000,82.090065,105.733056,1,0.677985,0.094983,0.136930,-0.017123,0.906020,0.027051,-0.422023
987,1785980889127304179,2,606,227,0.374587,0.812500,184,73.286292,8.690062,0,0,0,0,0,0,0.000000,81.976354,105.431927,1,0.677884,0.094481,0.136852,-0.016885,0.906017,0.026559,-0.422069
988,1785980889217304137,2,604,220,0.364238,0.812500,184,73.485587,8.314850,0,0,0,0,0,0,0.000000,81.800437,104.117787,1,0.678018,0.094937,0.137193,-0.017063,0.906069,0.026738,-0.421939
989,1785980889307305762,2,604,222,0.367550,0.833333,188,72.536241,8.509059,0,0,0,0,0,0,0.000000,81.045300,104.314746,1,0.677800,0.094621,0.136626,-0.017052,0.906006,0.026875,-0.422066
990,1785980889397304220,2,604,209,0.346026,0.812500,185,72.286279,8.129681,0,0,0,0,0,0,0.000000,80.415960,102.978979,1,0.677817,0.094320,0.136837,-0.016761,0.906037,0.026698,-0.422022
991,1785980889487305429,2,602,229,0.380399,0.791667,186,72.416823,8.749604,0,0,0,0,0,0,0.000000,81.166427,104.884418,1,0.677996,0.095270,0.136791,-0.017360,0.906018,0.026978,-0.422021
992,1785980889577308221,2,604,232,0.384106,0.812500,188,73.195915,8.771980,0,0,0,0,0,0,0.000000,81.967895,105.854389,1,0.677947,0.094802,0.136811,-0.017084,0.906009,0.026790,-0.422064
993,1785980889667308137,2,602,242,0.401993,0.833333,189,72.657159,9.318111,0,0,0,0,0,0,0.000000,81.975270,105.492009,1,0.678097,0.095321,0.136796,-0.017529,0.906074,0.026868,-0.421901
