frame_id,stamp_ns,tracking_state,keypoints,valid_depths,valid_depth_ratio,depth_grid_coverage,tracked_inliers,feature_extract_ms,stereo_match_ms,hybrid_candidates,hybrid_fine_matches,hybrid_accepted,hybrid_added,hybrid_replaced,hybrid_rejected,hybrid_ms,frontend_ms,track_total_ms,pose_valid,tcw_tx,tcw_ty,tcw_tz,tcw_qx,tcw_qy,tcw_qz,tcw_qw
0,1785980894347323723,2,604,253,0.418874,0.8125,253,79.229382,66.287500,360,341,27,27,0,295,57.297522,145.516882,149.720119,1,0.000000,0.000000,0.000000,0.000000,0.000000,0.000000,1.000000
1,1785980894437323598,2,604,249,0.412252,0.812500,205,78.216624,62.412806,336,323,20,20,0,281,53.515745,140.629430,165.993689,1,-0.000011,0.000031,-0.000197,0.000133,-0.000039,0.000009,1.000000
2,1785980894527324181,2,604,260,0.430464,0.833333,202,73.160797,62.557474,343,331,22,22,0,282,53.471286,135.718271,164.217676,1,-0.000137,0.000169,-0.000144,0.000203,0.000067,-0.000092,1.000000
3,1785980894617324556,2,604,249,0.412252,0.833333,194,73.137297,62.012345,345,334,18,18,0,288,53.199743,135.149642,161.843994,1,-0.000070,0.000171,-0.000174,0.000170,-0.000062,-0.000202,1.000000
4,1785980894707325806,2,604,239,0.395695,0.791667,197,74.001094,61.576884,340,331,22,22,0,284,53.133909,135.577978,161.494324,1,-0.000119,0.000091,-0.000187,0.000139,0.000018,-0.000166,1.000000
5,1785980894797325806,2,606,260,0.429043,0.812500,197,73.393216,61.985428,339,327,27,26,1,277,53.119158,135.378644,161.714118,1,-0.000098,0.000251,-0.000137,0.000212,0.000011,-0.000125,1.000000
6,1785980894887325265,2,605,249,0.411570,0.812500,184,73.113671,61.792801,347,331,20,20,0,286,52.972074,134.906472,162.078702,1,0.000074,-0.000149,-0.000217,-0.000029,-0.000177,-0.000029,1.000000
7,1785980894977325890,2,606,251,0.414191,0.791667,198,71.668995,62.333181,357,342,22,22,0,294,53.400452,134.002176,154.019230,1,0.000014,0.000116,-0.000058,0.000112,-0.000070,0.000027,1.000000
8,1785980895067325640,2,605,234,0.386777,0.791667,190,73.608591,61.714634,355,344,20,20,0,298,53.336160,135.323225,153.712727,1,0.000287,0.000028,-0.000202,0.000161,-0.000190,0.000208,1.000000
9,1785980895157325723,2,606,236,0.389439,0.770833,186,73.114171,61.466799,347,334,19,19,0,290,53.146033,134.580970,154.163939,1,0.000085,-0.000123,-0.000170,0.000021,-0.000085,0.000086,1.000000
10,1785980895247327057,2,606,247,0.407591,0.833333,184,73.367089,61.303882,342,332,32,32,0,275,53.200659,134.670971,152.365176,1,0.000213,0.000053,0.000010,0.000149,-0.000072,0.000202,1.000000
11,1785980895337329348,2,605,244,0.403306,0.770833,181,73.249714,61.459841,325,310,21,21,0,260,52.999240,134.709555,152.629804,1,0.000155,0.000019,0.000113,0.000014,-0.000062,0.000134,1.000000
12,1785980895427329098,2,603,224,0.371476,0.770833,185,72.901294,61.119255,338,330,22,22,0,281,53.282284,134.020549,153.514641,1,0.000171,0.000033,0.000090,0.000001,-0.000070,0.000030,1.000000
13,1785980895517330473,2,604,247,0.408940,0.770833,183,73.119671,61.481715,332,323,25,25,0,274,53.085866,134.601386,153.008555,1,0.000091,-0.000072,-0.000127,0.000022,-0.000103,-0.000007,1.000000
14,1785980895607328765,2,603,239,0.396352,0.812500,184,73.861342,61.360256,339,328,25,24,1,279,53.133075,135.221598,152.961721,1,0.000116,-0.000069,-0.000065,-0.000038,-0.000109,0.000063,1.000000
15,1785980895697328848,2,604,245,0.405629,0.812500,181,73.301506,61.602591,340,326,27,27,0,276,53.161033,134.904097,152.618844,1,0.000088,-0.000100,-0.000019,-0.000069,-0.000094,-0.000002,1.000000
16,1785980895787328932,2,603,235,0.389718,0.791667,176,73.197047,61.169130,331,314,24,23,1,266,52.927449,134.366177,152.879471,1,0.000226,-0.000068,0.000042,-0.000048,-0.000058,0.000139,1.000000
17,1785980895877328515,2,602,251,0.416944,0.812500,177,73.420006,62.263721,350,340,29,27,2,293,53.499077,135.683727,153.212056,1,0.000133,-0.000007,-0.000091,0.000072,-0.000092,0.000117,1.000000
18,1785980895967329724,2,602,239,0.397010,0.812500,175,72.864335,61.707592,344,329,27,27,0,272,53.539494,134.571927,152.609967,1,0.000078,0.000002,0.000065,-0.000021,-0.000045,0.000113,1.000000
19,1785980896057330307,2,602,238,0.395349,0.833333,170,71.388325,61.235338,354,338,31,31,0,287,53.270700,132.623663,148.728608,1,0.000011,-0.000195,0.000022,-0.000176,-0.000080,-0.000068,1.000000
20,1785980896147330515,2,602,244,0.405316,0.812500,174,73.503506,61.433715,342,334,31,31,0,283,53.186908,134.937221,152.529508,1,0.000090,-0.000101,-0.000094,-0.000072,-0.000107,-0.000085,1.000000
21,1785980896237331682,2,603,246,0.407960,0.833333,177,72.993627,62.039719,344,337,27,27,0,285,53.693036,135.033346,152.380966,1,0.000378,-0.000231,0.000022,-0.000180,-0.000188,0.000147,1.000000
22,1785980896327330265,2,602,244,0.405316,0.791667,180,72.836293,61.348256,334,320,24,24,0,273,53.023115,134.184549,150.062158,1,0.000281,-0.000037,-0.000129,0.000025,-0.000100,0.000204,1.000000
23,1785980896417333265,2,602,233,0.387043,0.812500,172,72.653041,61.137712,331,320,21,21,0,274,52.976031,133.790753,150.946454,1,0.000390,-0.000228,-0.000181,-0.000008,-0.000231,0.000195,1.000000
24,1785980896507332849,2,601,244,0.405990,0.812500,177,72.625875,61.552965,329,316,24,24,0,267,53.131657,134.178840,150.163616,1,0.000315,-0.000151,0.000130,-0.000183,-0.000276,-0.000009,1.000000
25,1785980896597332974,2,602,256,0.425249,0.833333,165,72.663833,61.864467,341,332,23,23,0,285,52.948822,134.528300,152.251672,1,0.000102,-0.000176,-0.000240,-0.000019,-0.000233,-0.000138,1.000000
26,1785980896687330849,2,602,239,0.397010,0.833333,169,72.567416,61.654757,332,324,22,22,0,275,53.095115,134.222173,151.011580,1,-0.000060,0.000055,0.000016,0.000013,-0.000085,-0.000120,1.000000
27,1785980896777333766,2,602,249,0.413621,0.812500,163,70.447943,62.072844,335,319,22,22,0,268,53.273033,132.520787,148.987774,1,0.000033,-0.000177,0.000140,-0.000254,-0.000107,-0.000060,1.000000
28,1785980896867334057,2,602,256,0.425249,0.812500,166,72.829543,61.697716,328,313,21,21,0,269,52.692362,134.527259,151.321666,1,0.000095,-0.000498,0.000088,-0.000437,-0.000154,-0.000073,1.000000
29,1785980896957332349,2,603,249,0.412935,0.854167,167,69.604353,61.233379,329,314,23,23,0,273,52.625236,130.837732,146.585840,1,0.000339,-0.000040,-0.000069,0.000049,-0.000252,0.000122,1.000000
30,1785980897047335766,2,602,240,0.398671,0.791667,172,72.251038,61.517340,336,321,15,15,0,284,52.790071,133.768378,150.742827,1,0.000134,-0.000104,0.000074,-0.000094,-0.000150,-0.000078,1.000000
31,1785980897137333641,2,603,262,0.434494,0.770833,172,70.791403,62.089801,342,323,30,30,0,269,53.192990,132.881204,150.973870,1,-0.000044,-0.000021,0.000086,-0.000099,-0.000030,-0.000127,1.000000
32,1785980897227335766,2,602,224,0.372093,0.812500,167,72.737499,61.110878,337,326,25,24,1,277,53.299491,133.848377,150.165156,1,-0.000121,-0.000163,0.000031,-0.000144,-0.000026,-0.000025,1.000000
33,1785980897317334766,2,604,248,0.410596,0.833333,175,72.970084,61.895925,344,331,20,20,0,283,53.373908,134.866009,151.412831,1,0.000163,0.000127,-0.000029,0.000169,-0.000093,0.000160,1.000000
34,1785980897407336266,2,603,255,0.422886,0.833333,176,72.985668,62.007592,333,319,24,24,0,269,53.269574,134.993260,154.333600,1,-0.000051,0.000096,-0.000056,0.000111,-0.000060,-0.000116,1.000000
35,1785980897497332849,2,602,248,0.411960,0.812500,171,72.910834,61.715215,344,334,21,21,0,288,53.227866,134.626049,152.929633,1,-0.000113,-0.000040,-0.000022,0.000064,0.000078,-0.000071,1.000000
36,1785980897587335183,2,601,242,0.402662,0.812500,173,71.212030,61.700131,335,321,20,20,0,278,53.114073,132.912161,150.162071,1,-0.000207,-0.000038,-0.000027,-0.000035,-0.000012,-0.000128,1.000000
37,1785980897677334974,2,601,243,0.404326,0.812500,175,70.715610,61.397755,330,316,20,20,0,274,52.818988,132.113365,150.250656,1,0.000165,-0.000097,-0.000023,-0.000066,-0.000105,0.000058,1.000000
38,1785980897767337224,2,603,230,0.381426,0.791667,169,73.036126,61.141294,330,321,22,22,0,271,53.015822,134.177420,148.935772,1,-0.000106,-0.000385,-0.000126,-0.000186,-0.000051,-0.000136,1.000000
39,1785980897857338558,2,602,239,0.397010,0.812500,166,72.627623,61.692632,346,333,24,24,0,285,53.286657,134.320255,151.304496,1,0.000294,-0.000198,0.000007,-0.000113,-0.000208,0.000105,1.000000
40,1785980897947337641,2,602,234,0.388704,0.791667,173,72.726165,61.476337,350,341,23,23,0,292,53.263032,134.202502,149.503483,1,0.000066,-0.000176,0.000081,-0.000131,-0.000126,0.000099,1.000000
41,1785980898037338558,2,604,238,0.394040,0.791667,162,72.924374,61.519671,352,346,22,22,0,298,53.262907,134.444045,150.167238,1,-0.000085,-0.000530,0.000122,-0.000406,-0.000087,-0.000225,1.000000
42,1785980898127339183,2,602,242,0.401993,0.812500,163,70.997820,61.452504,337,327,25,25,0,277,53.033155,132.450324,148.544934,1,0.000055,-0.000242,0.000016,-0.000156,-0.000151,0.000019,1.000000
43,1785980898217337975,2,603,251,0.416252,0.812500,166,72.366912,61.938716,337,327,24,24,0,272,53.161656,134.305628,149.308315,1,0.000435,-0.000069,0.000071,-0.000092,-0.000330,0.000260,1.000000
44,1785980898307337558,2,604,240,0.397351,0.770833,160,72.917958,62.037216,342,334,29,29,0,276,53.566450,134.955174,151.819123,1,0.000253,-0.000057,0.000106,-0.000071,-0.000211,0.000128,1.000000
45,1785980898397337766,2,603,236,0.391376,0.812500,158,73.398711,61.400003,337,328,21,21,0,281,52.971405,134.798714,151.053784,1,0.000180,-0.000240,-0.000016,-0.000137,-0.000226,0.000102,1.000000
46,1785980898487336975,2,604,241,0.399007,0.791667,162,73.394002,61.501337,340,328,19,19,0,282,53.163031,134.895339,151.250910,1,0.000012,-0.000202,0.000247,-0.000282,-0.000068,-0.000054,1.000000
47,1785980898577337350,2,603,249,0.412935,0.770833,218,71.663116,61.956008,332,320,21,21,0,271,53.105238,133.619124,148.139472,1,-0.002546,-0.000193,-0.000372,0.000088,-0.004923,0.000114,0.999988
48,1785980898667337600,2,602,237,0.393688,0.750000,172,71.269196,62.109009,338,319,15,15,0,276,53.256364,133.378205,151.739289,1,-0.003837,0.000119,0.000125,0.000777,-0.007248,0.000188,0.999973
49,1785980898757339183,2,603,233,0.386401,0.750000,166,71.081570,61.379170,325,311,17,17,0,267,52.959987,132.460740,149.367730,1,-0.005723,0.000009,0.000821,0.000782,-0.010989,0.000070,0.999939
50,1785980898847340267,2,607,247,0.406919,0.854167,218,71.041903,62.601012,361,346,20,20,0,297,53.419282,133.642915,149.630816,1,-0.010067,0.000300,-0.001926,0.000822,-0.017454,-0.001196,0.999847
51,1785980898937343767,2,605,251,0.414876,0.812500,162,71.715615,62.589511,350,334,14,14,0,291,53.221989,134.305126,151.763829,1,-0.010705,0.000286,-0.004875,0.001254,-0.019819,-0.001631,0.999801
52,1785980899027341267,2,603,262,0.434494,0.875000,150,71.654448,62.909846,357,344,17,16,1,299,53.397824,134.564294,150.699489,1,-0.010831,-0.000153,-0.006310,0.001782,-0.020207,-0.001104,0.999794
53,1785980899117338392,2,603,263,0.436153,0.812500,156,71.217278,62.304634,337,325,15,15,0,285,52.913279,133.521912,149.296813,1,-0.011073,0.000075,-0.005156,0.001129,-0.019572,-0.001141,0.999807
54,1785980899207337017,2,603,261,0.432836,0.854167,213,73.033332,62.643386,356,341,17,17,0,292,53.407698,135.676718,151.223284,1,-0.011001,0.000180,-0.005618,0.001172,-0.019896,-0.001266,0.999801
55,1785980899297341683,2,604,254,0.420530,0.854167,180,73.715379,62.148634,350,332,19,19,0,287,53.186822,135.864013,154.265221,1,-0.011251,0.000153,-0.005558,0.001159,-0.019849,-0.001493,0.999801
56,1785980899387342559,2,604,258,0.427152,0.875000,176,73.832546,62.043299,341,333,21,20,1,285,53.148529,135.875845,154.860724,1,-0.011157,0.000126,-0.005477,0.001136,-0.019850,-0.001400,0.999801
57,1785980899477344809,2,603,256,0.424544,0.895833,145,71.381862,62.447302,356,345,26,25,1,294,53.359906,133.829164,149.962691,1,-0.013936,0.000623,-0.006493,0.000570,-0.023428,-0.002470,0.999722
58,1785980899567344642,2,602,256,0.425249,0.875000,204,72.811414,62.346300,350,340,27,27,0,290,53.265031,135.157714,150.513236,1,-0.019037,0.000853,-0.008763,0.001406,-0.030904,-0.003397,0.999516
59,1785980899657345309,2,602,244,0.405316,0.854167,147,69.812684,62.044882,350,343,16,16,0,301,53.037737,131.857566,147.984052,1,-0.025031,0.000582,-0.011959,0.001037,-0.039172,-0.003697,0.999225
60,1785980899747345642,2,602,267,0.443522,0.854167,221,72.047867,62.467344,341,331,23,23,0,287,53.074362,134.515211,150.347360,1,-0.028925,0.001000,-0.015489,0.000807,-0.044184,-0.005183,0.999010
61,1785980899837343684,2,604,254,0.420530,0.854167,161,68.410925,61.757046,329,317,24,23,1,272,52.731068,130.167971,146.777836,1,-0.031492,0.001054,-0.018997,0.000882,-0.048152,-0.005846,0.998823
62,1785980899927346309,2,605,231,0.381818,0.833333,149,71.559613,61.557753,353,341,19,19,0,302,52.924485,133.117366,149.048225,1,-0.034014,0.001957,-0.022501,0.000450,-0.050393,-0.007514,0.998701
63,1785980900017345725,2,606,244,0.402640,0.895833,139,71.218986,61.963631,349,336,20,19,1,298,53.076653,133.182617,148.590805,1,-0.036580,0.002740,-0.026141,0.000996,-0.054587,-0.008495,0.998472
64,1785980900107345517,2,606,241,0.397690,0.875000,191,73.061998,61.357669,329,321,24,24,0,275,52.814569,134.419667,148.581180,1,-0.042033,0.002776,-0.029293,0.000883,-0.062614,-0.009398,0.997993
65,1785980900197344976,2,604,235,0.389073,0.875000,132,72.349493,61.906672,354,342,20,20,0,300,53.346280,134.256165,148.554055,1,-0.049639,0.002845,-0.033928,0.001772,-0.073694,-0.010116,0.997228
66,1785980900287345309,2,601,250,0.415973,0.916667,194,74.314590,62.108257,337,325,19,19,0,286,52.960444,136.422847,149.801980,1,-0.057365,0.002508,-0.038580,0.002403,-0.085517,-0.010121,0.996282
67,1785980900377345351,2,602,236,0.392027,0.895833,132,72.580703,61.638336,349,337,23,23,0,290,53.156488,134.219039,147.359087,1,-0.064138,0.002611,-0.042419,0.002391,-0.096714,-0.009769,0.995261
68,1785980900467344059,2,603,245,0.406302,0.875000,197,72.306034,62.389216,358,346,19,19,0,302,53.224196,134.695250,149.238142,1,-0.069146,0.003220,-0.047046,0.002706,-0.104607,-0.010115,0.994458
69,1785980900557345767,2,604,242,0.400662,0.875000,161,72.717037,61.930130,362,354,18,17,1,311,53.731741,134.647167,150.598360,1,-0.074248,0.003132,-0.051344,0.002899,-0.112921,-0.010360,0.993546
70,1785980900647348226,2,602,249,0.413621,0.854167,148,70.476147,62.316049,357,350,14,14,0,310,53.224237,132.792196,147.550755,1,-0.080079,0.003740,-0.055677,0.003194,-0.121145,-0.011272,0.992566
71,1785980900737348351,2,602,239,0.397010,0.854167,125,75.567015,62.135881,349,336,10,10,0,306,53.022486,137.702896,151.307323,1,-0.084713,0.003963,-0.060145,0.003799,-0.128951,-0.011118,0.991581
72,1785980900827348143,2,603,259,0.429519,0.812500,214,75.608598,63.053305,347,337,18,18,0,295,53.385322,138.661903,153.749297,1,-0.088387,0.002605,-0.066228,0.004852,-0.135449,-0.011056,0.990711
73,1785980900917350184,2,603,234,0.388060,0.833333,154,73.603792,61.987838,344,339,12,11,1,300,53.446947,135.591630,151.265362,1,-0.093293,0.002767,-0.070189,0.004860,-0.143102,-0.011894,0.989625
74,1785980901007348851,2,604,254,0.420530,0.895833,203,79.311956,62.069839,346,335,17,17,0,301,52.743484,141.381795,156.666733,1,-0.099600,0.003472,-0.073795,0.005337,-0.153602,-0.012932,0.988034
75,1785980901097350101,2,606,246,0.405941,0.895833,161,75.247886,61.877462,370,362,16,16,0,327,53.521281,137.125348,154.392092,1,-0.106632,0.003584,-0.077461,0.005391,-0.165291,-0.013789,0.986134
76,1785980901187349601,2,605,239,0.395041,0.812500,133,78.348199,61.539752,345,338,17,17,0,301,52.757401,139.887951,154.949221,1,-0.112925,0.003613,-0.081864,0.005107,-0.176250,-0.015173,0.984215
77,1785980901277350768,2,603,250,0.414594,0.895833,130,75.625389,62.016964,352,339,14,14,0,302,52.978069,137.642353,150.726942,1,-0.120173,0.005149,-0.084769,0.004737,-0.187625,-0.015670,0.982104
78,1785980901367350226,2,605,247,0.408264,0.937500,193,79.332539,62.356799,372,360,17,17,0,320,53.488155,141.689338,155.272306,1,-0.128535,0.007030,-0.089076,0.003648,-0.201626,-0.015492,0.979333
79,1785980901457349851,2,604,234,0.387417,0.833333,139,76.707896,61.171416,344,330,12,12,0,294,53.176612,137.879312,155.344931,1,-0.136337,0.007107,-0.093401,0.002660,-0.212732,-0.015283,0.976987
80,1785980901547349935,2,603,239,0.396352,0.875000,123,76.886272,62.135172,365,355,17,17,0,313,53.484488,139.021444,153.753170,1,-0.140719,0.008058,-0.097689,0.002448,-0.223428,-0.015627,0.974592
81,1785980901637351268,2,605,231,0.381818,0.895833,119,79.574249,61.380417,347,340,13,13,0,304,52.847026,140.954666,154.365965,1,-0.147504,0.008479,-0.102699,0.001811,-0.234564,-0.015457,0.971976
82,1785980901727350893,2,605,257,0.424793,0.916667,199,80.480755,62.158172,361,352,20,20,0,315,53.265154,142.638927,156.204269,1,-0.155193,0.010635,-0.106809,0.001476,-0.248894,-0.014088,0.968427
83,1785980901817352643,2,607,217,0.357496,0.895833,133,75.512805,60.940205,369,359,14,14,0,324,53.572322,136.453010,151.258277,1,-0.165184,0.009702,-0.115591,0.002273,-0.266324,-0.014362,0.963774
84,1785980901907351101,2,604,247,0.408940,0.833333,129,81.267427,62.133922,368,358,16,16,0,324,53.188570,143.401349,158.163032,1,-0.174127,0.010406,-0.121866,0.002615,-0.281616,-0.015275,0.959402
85,1785980901997354518,2,606,233,0.384488,0.833333,101,79.605457,61.443709,362,356,16,16,0,318,53.249570,141.049166,153.857044,1,-0.183225,0.009500,-0.130722,0.003570,-0.298135,-0.016273,0.954378
86,1785980902087354851,2,606,249,0.410891,0.875000,173,77.280691,61.886753,360,351,17,17,0,316,53.205944,139.167444,151.241526,1,-0.191652,0.010472,-0.138660,0.005229,-0.313920,-0.017868,0.949267
87,1785980902177354602,2,603,238,0.394693,0.875000,125,83.184398,61.767295,362,350,10,10,0,315,53.543530,144.951693,160.351505,1,-0.197619,0.010239,-0.145038,0.005777,-0.324521,-0.018827,0.945673
88,1785980902267358393,2,605,206,0.340496,0.791667,107,81.107175,60.881914,375,364,9,9,0,340,53.295403,141.989089,154.358589,1,-0.203762,0.010004,-0.151347,0.006825,-0.336464,-0.019139,0.941477
89,1785980902357352935,2,605,220,0.363636,0.854167,101,82.069348,60.796370,358,351,11,11,0,327,52.722149,142.865718,155.205637,1,-0.211798,0.009719,-0.161434,0.009022,-0.352081,-0.020186,0.935708
90,1785980902447353310,2,604,238,0.394040,0.875000,159,79.922084,61.897836,356,345,6,6,0,312,53.061318,141.819920,153.538791,1,-0.219790,0.009616,-0.171063,0.010858,-0.367659,-0.021592,0.929647
91,1785980902537354643,2,603,244,0.404643,0.895833,185,83.127605,61.682335,370,361,12,12,0,330,53.475279,144.809940,159.856625,1,-0.225260,0.010022,-0.179287,0.012004,-0.382131,-0.021849,0.923772
92,1785980902627353518,2,600,233,0.388333,0.895833,130,79.146953,61.685085,368,356,5,5,0,331,53.391070,140.832038,155.465345,1,-0.231501,0.010899,-0.186942,0.012357,-0.395023,-0.022776,0.918306
93,1785980902717354810,2,603,205,0.339967,0.833333,118,81.437344,60.889122,379,366,6,6,0,343,53.365945,142.326466,155.330136,1,-0.237145,0.011448,-0.194333,0.011430,-0.407944,-0.023295,0.912638
94,1785980902807356102,2,604,220,0.364238,0.875000,161,84.613490,61.267415,384,370,13,13,0,342,53.211319,145.880905,158.478908,1,-0.243421,0.012294,-0.202272,0.010402,-0.422152,-0.024172,0.906143
95,1785980902897356644,2,606,241,0.397690,0.875000,109,84.245612,61.709751,378,367,17,17,0,326,53.502571,145.955363,159.975292,1,-0.250500,0.012458,-0.211980,0.009792,-0.436398,-0.026495,0.899310
96,1785980902987356435,2,604,248,0.410596,0.895833,107,85.995416,62.314380,361,350,13,13,0,310,53.302986,148.309796,161.382843,1,-0.256328,0.013763,-0.222147,0.011535,-0.449128,-0.029137,0.892918
97,1785980903077358310,2,602,237,0.393688,0.916667,93,85.035576,62.056628,384,377,16,15,1,340,53.608155,147.092204,158.376531,1,-0.261175,0.015326,-0.230739,0.012534,-0.460352,-0.030471,0.887125
98,1785980903167356060,2,605,253,0.418182,0.916667,156,85.034284,62.040211,362,348,15,14,1,316,52.969567,147.074495,159.537830,1,-0.264614,0.014009,-0.240184,0.012208,-0.474039,-0.030491,0.879891
99,1785980903257359935,2,605,245,0.404959,0.958333,121,82.870853,61.496500,373,358,14,14,0,326,53.259568,144.367353,158.542323,1,-0.271522,0.015200,-0.251763,0.013307,-0.489137,-0.032525,0.871499
100,1785980903347356269,2,606,255,0.420792,0.937500,127,81.795304,62.532799,384,372,16,16,0,333,53.560404,144.328103,156.982813,1,-0.275831,0.014732,-0.262703,0.014111,-0.503388,-0.032936,0.863317
101,1785980903437357769,2,606,261,0.430693,0.916667,106,91.220867,63.021759,384,376,13,13,0,338,53.550779,154.242626,167.339298,1,-0.278856,0.013802,-0.273466,0.015924,-0.515220,-0.033829,0.856242
102,1785980903527356644,2,606,268,0.442244,0.916667,100,89.197603,63.246178,384,379,17,17,0,338,53.762072,152.443781,165.864164,1,-0.282429,0.015398,-0.282076,0.018021,-0.524794,-0.036244,0.850267
103,1785980903617357019,2,605,232,0.383471,0.916667,90,94.487473,61.686709,375,370,15,15,0,336,53.245444,156.174182,167.961719,1,-0.284428,0.015287,-0.288793,0.018979,-0.533075,-0.036038,0.845087
104,1785980903707356519,2,605,269,0.444628,0.937500,144,96.219234,62.815758,378,366,22,22,0,322,53.466695,159.034992,170.956698,1,-0.286231,0.015740,-0.297473,0.019370,-0.544982,-0.035958,0.837452
105,1785980903797357269,2,605,228,0.376860,0.958333,112,87.162548,61.667792,380,366,25,24,1,322,54.125825,148.830340,162.889518,1,-0.290401,0.015838,-0.310815,0.020862,-0.559699,-0.036453,0.827631
106,1785980903887358144,2,605,238,0.393388,0.916667,101,94.380430,61.820459,381,369,13,13,0,334,53.271276,156.200889,168.849808,1,-0.294218,0.017710,-0.326380,0.024830,-0.575576,-0.041175,0.816334
107,1785980903977360019,2,605,242,0.400000,0.916667,90,95.075768,61.752000,377,369,20,20,0,333,53.251943,156.827768,167.445381,1,-0.295019,0.018159,-0.335206,0.025700,-0.587036,-0.042281,0.808047
108,1785980904067359394,2,605,235,0.388430,0.958333,66,98.550999,62.080378,370,365,16,16,0,320,53.594528,160.631377,170.933238,1,-0.297139,0.018051,-0.346970,0.026541,-0.596979,-0.044334,0.800591
109,1785980904157360269,2,605,242,0.400000,1.000000,81,96.882863,62.505672,384,376,15,14,1,342,53.562612,159.388535,169.478853,1,-0.300888,0.020326,-0.356518,0.026874,-0.607236,-0.047882,0.792622
110,1785980904247360561,2,605,242,0.400000,0.937500,134,95.766813,62.428130,384,379,16,15,1,343,53.743654,158.194943,168.258053,1,-0.302032,0.021048,-0.365676,0.027672,-0.616333,-0.050026,0.785408
111,1785980904337360561,2,605,256,0.423140,0.895833,97,91.326867,62.158337,384,375,13,13,0,339,53.650529,153.485204,165.111657,1,-0.302786,0.022382,-0.376374,0.029141,-0.626531,-0.051804,0.777127
112,1785980904427362561,2,605,257,0.424793,0.937500,76,97.642492,62.884507,377,369,12,12,0,330,53.646487,160.526999,170.753527,1,-0.303011,0.023819,-0.391607,0.033096,-0.639448,-0.054749,0.766168
113,1785980904517363978,2,605,256,0.423140,0.958333,81,97.359324,62.471838,384,375,20,19,1,338,53.508694,159.831162,170.589234,1,-0.303267,0.025173,-0.402746,0.034975,-0.649783,-0.057614,0.757125
114,1785980904607365853,2,605,245,0.404959,0.937500,142,99.628130,62.040794,384,373,15,15,0,338,53.344693,161.668924,173.369294,1,-0.302827,0.026386,-0.410206,0.034758,-0.659465,-0.057065,0.748760
115,1785980904697362936,2,605,254,0.419835,0.958333,114,94.941933,62.096794,383,378,19,19,0,335,53.915114,157.038727,172.049535,1,-0.301339,0.026905,-0.421432,0.034097,-0.671847,-0.056800,0.737721
116,1785980904787363769,2,605,255,0.421488,1.000000,97,97.337823,62.349754,384,371,14,14,0,335,53.403277,159.687577,172.339538,1,-0.301473,0.029282,-0.427211,0.031923,-0.679796,-0.056457,0.730528
117,1785980904877362519,2,605,234,0.386777,0.916667,94,100.208218,62.091918,384,379,13,13,0,342,53.605362,162.300136,174.122341,1,-0.300739,0.029706,-0.432963,0.029952,-0.685050,-0.056602,0.725676
118,1785980904967362770,2,605,263,0.434711,0.916667,160,97.594907,62.572713,384,376,18,18,0,335,53.569861,160.167620,171.938159,1,-0.297929,0.029070,-0.437334,0.028574,-0.690006,-0.055617,0.721098
119,1785980905057368186,2,605,256,0.423140,0.979167,111,94.271052,62.347045,384,379,18,18,0,339,53.764279,156.618097,170.242022,1,-0.298054,0.030257,-0.442770,0.025499,-0.697781,-0.054500,0.713780
120,1785980905147364853,2,605,262,0.433058,0.937500,90,97.688992,62.701797,377,371,14,14,0,334,53.221151,160.390789,171.987701,1,-0.295779,0.030953,-0.451800,0.022384,-0.709085,-0.052177,0.702833
121,1785980905237361770,2,605,247,0.408264,0.937500,81,104.279536,62.160960,384,374,14,14,0,339,53.409443,166.440496,177.594530,1,-0.295915,0.032209,-0.461428,0.019314,-0.721137,-0.051673,0.690593
122,1785980905327365686,2,605,230,0.380165,0.958333,142,99.486962,61.685040,381,373,15,14,1,336,53.445027,161.172002,171.814366,1,-0.294144,0.031754,-0.470761,0.016336,-0.731965,-0.049962,0.679312
123,1785980905417366561,2,605,257,0.424793,1.000000,96,94.324426,62.223627,384,379,18,18,0,342,53.272484,156.548053,168.431884,1,-0.290926,0.033347,-0.481600,0.015136,-0.744906,-0.049849,0.665133
124,1785980905507365895,2,605,252,0.416529,0.979167,87,105.760045,62.527296,384,369,18,18,0,325,53.566402,168.287341,179.031955,1,-0.288126,0.033078,-0.491569,0.013741,-0.754292,-0.049901,0.654496
125,1785980905597365061,2,605,266,0.439669,0.937500,89,101.367557,62.597213,384,370,20,20,0,325,53.350276,163.964770,174.682843,1,-0.286358,0.034217,-0.499142,0.013311,-0.761361,-0.050406,0.646229
126,1785980905687368187,2,605,263,0.434711,0.916667,78,100.882137,62.400670,384,375,12,12,0,353,53.006315,163.282807,173.057290,1,-0.283131,0.035967,-0.510427,0.014101,-0.772488,-0.051521,0.632779
127,1785980905777366437,2,605,248,0.409917,0.958333,136,103.603780,62.461462,384,376,15,15,0,343,53.475151,166.065242,176.552314,1,-0.277202,0.034580,-0.521629,0.014434,-0.782500,-0.050800,0.620407
128,1785980905867365562,2,605,249,0.411570,0.937500,89,100.339467,61.930249,384,380,24,24,0,336,53.435276,162.269716,173.824544,1,-0.274935,0.038073,-0.529681,0.013624,-0.791037,-0.052343,0.609373
129,1785980905957366728,2,605,250,0.413223,0.937500,89,101.778268,62.387086,384,376,13,12,1,337,53.562069,164.165354,174.570840,1,-0.271345,0.037966,-0.540611,0.012635,-0.800088,-0.052376,0.597458
130,1785980906047366437,2,605,251,0.414876,0.958333,82,100.424300,62.548629,378,369,14,13,1,335,53.437817,162.972929,173.979045,1,-0.266928,0.039422,-0.546726,0.011335,-0.807827,-0.052382,0.586978
131,1785980906137367228,2,605,240,0.396694,0.937500,137,101.998894,61.745957,381,375,15,15,0,347,53.131441,163.744851,173.627042,1,-0.262865,0.037727,-0.554922,0.010077,-0.815116,-0.051282,0.576936
132,1785980906227369145,2,605,258,0.426446,0.958333,109,94.917013,62.498461,384,373,16,16,0,340,53.263608,157.415474,170.556188,1,-0.258686,0.038598,-0.561781,0.008692,-0.822410,-0.051188,0.566521
133,1785980906317367478,2,605,255,0.421488,0.937500,92,99.316834,62.709255,384,375,14,14,0,338,53.531109,162.026089,173.516583,1,-0.254224,0.038452,-0.569761,0.007092,-0.829396,-0.050126,0.556363
134,1785980906407368187,2,605,265,0.438017,0.895833,74,99.361250,62.435252,384,371,16,16,0,340,53.193982,161.796502,172.005697,1,-0.245316,0.038928,-0.584002,0.006246,-0.839307,-0.048669,0.541439
135,1785980906497367937,2,605,241,0.398347,0.937500,132,98.865622,61.850332,384,374,17,17,0,335,53.268607,160.715954,169.665306,1,-0.234342,0.038006,-0.606423,0.003478,-0.853542,-0.045835,0.518992
136,1785980906587367562,2,605,269,0.444628,0.937500,94,95.125472,63.189716,384,379,20,20,0,332,53.835445,158.315188,168.920467,1,-0.223535,0.043423,-0.639774,0.004874,-0.863324,-0.048665,0.502274
137,1785980906677367645,2,605,277,0.457851,0.958333,76,97.666364,63.066340,384,379,17,17,0,338,53.521276,160.732704,170.174643,1,-0.214646,0.046596,-0.677055,-0.005094,0.869941,0.050558,-0.490531
138,1785980906767367770,2,605,281,0.464463,0.979167,55,98.078283,63.492509,384,377,23,23,0,320,53.856278,161.570792,170.180934,1,-0.211643,0.051832,-0.712904,-0.005657,0.871090,0.054677,-0.488037
139,1785980906857372229,2,605,272,0.449587,0.854167,55,99.678919,62.839004,384,382,22,22,0,336,53.615484,162.517923,171.128107,1,-0.212853,0.048604,-0.740198,-0.003531,0.869321,0.054499,-0.491222
140,1785980906947371479,2,605,255,0.421488,0.937500,54,97.113652,62.434461,384,379,18,18,0,345,53.439567,159.548113,168.028543,1,-0.204456,0.049689,-0.773026,-0.008256,0.868498,0.051604,-0.492931
141,1785980907037372270,2,605,262,0.433058,0.979167,130,98.305785,62.723295,384,379,21,21,0,342,53.489150,161.029080,169.819972,1,-0.192421,0.036717,-0.804446,-0.020168,0.869317,0.041120,-0.492129
142,1785980907127369937,2,605,271,0.447934,0.958333,95,93.663628,63.081799,384,375,14,14,0,337,53.629610,156.745427,168.297212,1,-0.184925,0.045496,-0.848907,-0.029075,0.870098,0.046131,-0.489853
143,1785980907217371062,2,605,260,0.429752,0.895833,84,100.619633,62.714296,384,375,12,11,1,345,53.097814,163.333929,173.573914,1,-0.174230,0.039094,-0.884876,-0.032536,0.872395,0.039932,-0.486081
144,1785980907307372562,2,605,247,0.408264,0.979167,76,99.391708,62.479086,384,378,19,19,0,333,53.916570,161.870794,172.072321,1,-0.168734,0.043163,-0.915596,-0.038994,0.872186,0.038932,-0.486061
145,1785980907397370187,2,605,236,0.390083,0.916667,66,99.354333,62.147749,384,376,15,15,0,330,53.630984,161.502082,171.374148,1,-0.167467,0.057106,-0.954756,-0.041783,0.870582,0.047705,-0.487919
146,1785980907487373146,2,604,247,0.408940,0.895833,64,97.186234,62.351418,383,375,24,23,1,324,53.758777,159.537652,168.311128,1,-0.167834,0.061525,-0.997257,-0.041618,0.868902,0.051530,-0.490533
147,1785980907577374646,2,605,267,0.441322,0.937500,134,97.352527,62.651336,381,369,19,19,0,329,53.409233,160.003863,169.609970,1,-0.160217,0.074410,-1.029985,-0.044170,0.869006,0.058156,-0.489383
148,1785980907667372771,2,604,276,0.456954,0.958333,101,97.084150,62.870462,384,379,28,28,0,326,53.753694,159.954612,171.567441,1,-0.162987,0.092391,-1.063257,-0.046412,0.867151,0.067010,-0.491329
149,1785980907757374188,2,605,294,0.485950,0.958333,98,98.758870,63.870095,384,375,10,10,0,333,53.449608,162.628965,174.095208,1,-0.162232,0.094891,-1.091729,-0.045980,0.866517,0.064876,-0.492773
150,1785980907847372896,2,605,263,0.434711,0.937500,88,98.939038,62.541794,384,374,30,30,0,324,53.748485,161.480832,173.745997,1,-0.167848,0.100224,-1.127311,-0.040109,0.864658,0.070336,-0.495794
151,1785980907937374563,2,605,246,0.406612,0.937500,76,105.046411,61.900248,373,361,18,17,1,326,53.147856,166.946659,177.588813,1,-0.173310,0.125915,-1.162177,-0.038006,0.862401,0.082893,-0.497945
152,1785980908027375354,2,604,262,0.433775,0.895833,148,99.042204,62.180916,360,353,15,15,0,321,52.759353,161.223120,171.470314,1,-0.177445,0.130958,-1.201863,0.039004,-0.860937,-0.085238,0.500000
153,1785980908117377688,2,605,262,0.433058,0.875000,105,94.253672,62.492543,384,373,25,25,0,324,53.537941,156.746215,169.603718,1,-0.172755,0.140356,-1.236462,0.042832,-0.860281,-0.087891,0.500356
154,1785980908207375229,2,605,252,0.416529,0.937500,93,98.023822,61.921372,379,375,19,19,0,338,53.170981,159.945194,171.953317,1,-0.163506,0.138391,-1.273384,-0.047760,0.860609,0.085005,-0.499846
155,1785980908297376438,2,605,253,0.418182,0.854167,162,99.728208,61.567537,367,359,19,19,0,327,52.789979,161.295745,173.181325,1,-0.168203,0.132469,-1.302977,0.044962,-0.858644,-0.081224,0.504095
156,1785980908387374688,2,605,269,0.444628,0.937500,120,93.877128,62.046540,380,372,24,24,0,327,53.115605,155.923668,169.424341,1,-0.163629,0.116247,-1.330658,0.045603,-0.858916,-0.071529,0.505041
157,1785980908477376605,2,605,257,0.424793,0.937500,104,99.489957,61.966122,370,358,17,17,0,322,53.013104,161.456079,173.424909,1,-0.164250,0.131763,-1.367402,0.044989,-0.857885,-0.078778,0.505771
158,1785980908567378021,2,605,263,0.434711,0.958333,96,101.898098,62.600543,378,366,25,24,1,323,53.245731,164.498641,176.013676,1,-0.179335,0.142278,-1.400333,0.040444,-0.854011,-0.083718,0.511879
159,1785980908657375938,2,605,282,0.466116,0.979167,88,97.940612,62.702544,373,362,18,17,1,320,53.074355,160.643156,172.930364,1,-0.177233,0.156328,-1.433117,0.038769,-0.853684,-0.089246,0.511620
160,1785980908747377355,2,605,258,0.426446,0.979167,151,100.386795,62.034873,355,345,17,17,0,305,53.072355,162.421668,174.584084,1,-0.179533,0.147370,-1.467137,0.034005,-0.853116,-0.086461,0.513382
161,1785980908837378063,2,605,283,0.467769,0.937500,103,97.117691,62.076581,367,352,18,18,0,316,53.027188,159.194272,171.389687,1,-0.179799,0.140507,-1.499605,0.032167,-0.852101,-0.083319,0.515700
162,1785980908927379730,2,605,265,0.438017,0.916667,95,99.615915,62.387750,362,345,19,19,0,303,53.162272,162.003665,174.450540,1,-0.178149,0.146425,-1.531712,0.031140,-0.851521,-0.084795,0.516480
163,1785980909017375688,2,605,264,0.436364,0.895833,80,98.209822,62.062790,349,340,13,12,1,300,52.844144,160.272612,171.576937,1,-0.178742,0.148579,-1.566226,0.027898,-0.850981,-0.085716,0.517403
164,1785980909107376480,2,605,272,0.449587,0.958333,155,99.374246,62.699376,363,349,24,23,1,300,53.437024,162.073622,173.436616,1,-0.184732,0.161409,-1.604500,0.028508,-0.849531,-0.090684,0.518904
165,1785980909197378063,2,605,254,0.419835,0.916667,115,97.369400,61.527827,381,373,27,27,0,327,53.433065,158.897227,172.767111,1,-0.188923,0.173184,-1.638516,0.024407,-0.848465,-0.095465,0.519999
166,1785980909287379438,2,605,264,0.436364,0.916667,104,99.874042,61.995789,364,352,29,28,1,307,53.097812,161.869831,174.884459,1,-0.173136,0.177061,-1.670842,0.026491,-0.850902,-0.094617,0.516054
167,1785980909377377647,2,605,244,0.403306,0.916667,88,102.412684,61.837037,373,368,20,20,0,325,53.322231,164.249721,174.734082,1,-0.171118,0.132808,-1.700430,0.022726,-0.851466,-0.078982,0.517930
168,1785980909467378730,2,605,273,0.451240,0.937500,81,105.590829,62.340666,369,358,24,24,0,309,53.269688,167.931495,177.959353,1,-0.173542,0.146324,-1.737407,0.021032,-0.850559,-0.082756,0.518902
169,1785980909557381605,2,604,270,0.447020,0.916667,150,101.354801,62.099581,358,341,19,19,0,302,52.742935,163.454382,174.648456,1,-0.180403,0.135047,-1.776224,0.017831,-0.849650,-0.082163,0.520602
170,1785980909647380688,2,605,271,0.447934,0.958333,114,96.544560,62.340707,375,366,24,24,0,318,53.609899,158.885267,171.653145,1,-0.186645,0.151560,-1.810851,0.015731,-0.848043,-0.087813,0.522365
171,1785980909737381063,2,605,245,0.404959,0.916667,105,104.819157,61.545911,364,353,16,16,0,319,52.914519,166.365068,178.717233,1,-0.185255,0.158347,-1.846282,0.017200,-0.847594,-0.088913,0.522861
172,1785980909827380938,2,605,270,0.446281,0.895833,89,106.096623,62.360457,363,351,24,24,0,312,53.230480,168.457080,180.419911,1,-0.194820,0.152945,-1.877372,0.015316,-0.845635,-0.087290,0.526353
173,1785980909917379064,2,605,274,0.452893,0.979167,171,103.073312,62.336040,374,359,16,15,1,321,52.919769,165.409352,177.771017,1,-0.193906,0.184605,-1.911493,0.016375,-0.844881,-0.096673,0.525892
174,1785980910007380772,2,605,267,0.441322,0.958333,106,98.357072,62.345166,367,355,14,14,0,313,53.469023,160.702238,172.647775,1,-0.195760,0.164832,-1.946778,0.010407,-0.844868,-0.091358,0.527014
175,1785980910097381939,2,605,265,0.438017,0.916667,102,102.609517,61.959370,363,351,22,22,0,315,52.912519,164.568887,177.422973,1,-0.182246,0.134435,-1.975713,-0.002633,-0.848167,-0.086897,0.522547
176,1785980910187382230,2,605,274,0.452893,0.979167,84,98.663032,62.383124,372,367,23,23,0,327,53.037561,161.046156,172.772483,1,-0.167461,0.105275,-2.007822,-0.014147,-0.851304,-0.081490,0.518113
177,1785980910277384314,2,605,275,0.454545,0.979167,157,97.818401,62.360165,369,358,19,18,1,322,53.021979,160.178566,171.561559,1,-0.157825,0.060701,-2.040790,-0.026199,-0.853828,-0.074019,0.514600
178,1785980910367381689,2,605,270,0.446281,0.916667,111,97.501858,62.857585,381,373,17,17,0,331,53.805316,160.359443,173.982658,1,-0.131496,0.052194,-2.073613,-0.024785,-0.857438,-0.070526,0.509128
179,1785980910457385480,2,605,268,0.442975,0.937500,103,98.024444,62.356498,377,369,20,20,0,329,53.322188,160.380942,172.883524,1,-0.104592,0.042534,-2.112228,-0.022961,-0.860983,-0.067703,0.503585
180,1785980910547383772,2,605,263,0.434711,0.916667,85,98.107861,62.586208,376,366,18,18,0,322,53.516564,160.694069,171.425099,1,-0.078685,0.076379,-2.151421,-0.005229,-0.862637,-0.069605,0.500984
181,1785980910637385314,2,605,277,0.457851,0.937500,93,99.217743,62.555625,384,374,27,27,0,326,53.290063,161.773368,173.579321,1,-0.052998,0.086354,-2.194065,0.000353,0.865443,0.070850,-0.495972
182,1785980910727384147,2,605,261,0.431405,0.958333,78,105.180949,61.988870,368,360,26,26,0,316,53.230979,167.169819,178.941648,1,-0.028788,0.104970,-2.227636,-0.014545,0.867055,0.068527,-0.493263
183,1785980910817382064,2,605,251,0.414876,0.916667,76,99.684871,61.876911,379,370,22,22,0,322,53.393438,161.561782,172.341938,1,0.013697,0.122900,-2.265051,-0.040381,0.869640,0.060431,-0.488307
184,1785980910907386064,2,605,272,0.449587,0.895833,153,98.710323,62.920585,367,359,17,16,1,313,53.507022,161.630908,172.726856,1,0.030723,0.138619,-2.298055,-0.055211,0.869877,0.056615,-0.486888
185,1785980910997386689,2,605,254,0.419835,0.979167,103,98.241570,61.808911,374,367,23,23,0,323,53.693523,160.050481,171.836100,1,0.034849,0.107418,-2.327466,-0.061608,0.869102,0.042927,-0.488901
186,1785980911087387022,2,605,249,0.411570,0.958333,106,99.181742,61.983203,370,358,17,17,0,315,53.302187,161.164945,174.576118,1,-0.002910,0.089771,-2.353580,-0.061262,0.864071,0.037791,-0.498197
187,1785980911177387231,2,605,278,0.459504,0.916667,90,97.964067,62.873501,384,377,22,22,0,333,53.389105,160.837568,172.076810,1,0.007191,0.009454,-2.378965,-0.057204,0.864460,0.017786,-0.499120
188,1785980911267386481,2,605,266,0.439669,0.916667,77,100.676960,62.957960,384,378,18,18,0,332,53.720732,163.634920,175.087830,1,-0.016482,0.019965,-2.412032,0.058182,-0.860795,-0.019516,0.505238
189,1785980911357389189,2,605,273,0.451240,0.937500,139,100.530584,62.804042,375,372,22,22,0,322,53.672106,163.334626,173.827238,1,-0.050521,-0.018631,-2.442961,0.046904,-0.857480,-0.015962,0.512126
190,1785980911447388398,2,605,304,0.502479,0.979167,116,100.864586,63.575463,384,376,27,27,0,325,54.095692,164.440049,179.098814,1,-0.084315,-0.030968,-2.481094,0.037040,-0.854239,-0.018742,0.518221
191,1785980911537387898,2,605,274,0.452893,0.937500,98,100.274665,62.830791,365,360,21,21,0,316,53.408812,163.105456,175.397039,1,-0.119418,-0.036133,-2.510088,0.026537,-0.850687,-0.022829,0.524507
192,1785980911627390398,2,605,272,0.449587,0.958333,84,100.513333,62.460872,378,373,28,28,0,326,53.400146,162.974205,174.736160,1,-0.143730,-0.053703,-2.540331,0.020981,-0.847917,-0.021997,0.529256
193,1785980911717389273,2,605,276,0.456198,0.958333,72,100.355166,63.008835,376,368,19,19,0,320,53.343479,163.364001,174.711492,1,-0.161790,-0.047633,-2.572062,0.017533,-0.845817,-0.026366,0.532532
194,1785980911807391023,2,605,248,0.409917,0.937500,70,101.805550,62.536582,384,377,13,13,0,340,53.439104,164.342132,174.520241,1,-0.191934,-0.034470,-2.609973,0.012004,-0.842818,-0.032663,0.537072
195,1785980911897390356,2,605,289,0.477686,0.937500,161,99.824828,63.106710,375,368,18,18,0,335,53.057810,162.931538,174.635658,1,-0.187343,0.028031,-2.642910,0.015563,-0.843110,-0.044557,0.535666
196,1785980911987390190,2,605,246,0.406612,0.979167,130,95.045672,61.980369,375,366,17,17,0,321,53.800149,157.026041,172.404309,1,-0.176414,0.071974,-2.686118,0.016686,-0.843588,-0.053575,0.534051
197,1785980912077389065,2,605,266,0.439669,0.916667,110,98.282776,62.450914,364,357,14,14,0,320,53.014476,160.733690,175.056618,1,-0.157094,0.120192,-2.723072,0.021181,-0.844905,-0.061565,0.530940
198,1785980912167391565,2,605,255,0.421488,0.937500,87,99.041781,62.345204,373,366,20,20,0,324,53.512021,161.386985,173.683901,1,-0.160790,0.170036,-2.759494,0.028328,-0.843445,-0.067888,0.532155
199,1785980912257391315,2,605,282,0.466116,0.937500,89,101.411214,63.114210,379,371,13,13,0,344,53.206436,164.525424,176.649546,1,-0.161295,0.211949,-2.794212,0.031297,-0.842573,-0.075170,0.532391
200,1785980912347390065,2,605,251,0.414876,0.895833,153,97.551980,62.160204,381,372,16,16,0,335,53.309103,159.712184,171.477678,1,-0.139139,0.217204,-2.829895,0.036503,-0.844176,-0.072661,0.529862
201,1785980912437395648,2,605,256,0.423140,0.875000,115,93.441827,61.891160,377,368,14,13,1,336,53.371144,155.332987,170.976257,1,-0.146978,0.226996,-2.864731,0.040930,-0.841930,-0.071638,0.533241
202,1785980912527393023,2,605,244,0.403306,0.916667,108,101.012419,61.775492,377,372,21,21,0,334,53.204560,162.787911,176.611919,1,-0.160290,0.223993,-2.901023,0.038519,-0.840467,-0.071869,0.535693
203,1785980912617395648,2,605,259,0.428099,0.937500,165,100.262497,61.879410,374,362,20,20,0,327,52.870600,162.141907,175.715829,1,-0.159769,0.237508,-2.932761,0.039464,-0.840190,-0.073942,0.535777
204,1785980912707392357,2,605,253,0.418182,0.833333,120,92.077235,61.548699,373,367,21,21,0,330,53.303644,153.625934,169.721666,1,-0.173298,0.263021,-2.969018,0.036817,-0.838281,-0.080152,0.538056
205,1785980912797395315,2,605,274,0.452893,0.979167,96,102.453470,62.757165,377,374,19,19,0,336,53.191060,165.210635,178.831642,1,-0.178689,0.233785,-3.001420,0.032601,-0.838026,-0.075580,0.539386
206,1785980912887394648,2,605,297,0.490909,0.895833,175,96.778432,63.439711,374,367,17,17,0,332,53.133310,160.218143,174.360528,1,-0.202435,0.249026,-3.033452,0.029916,-0.835492,-0.079331,0.542922
207,1785980912977395232,2,605,284,0.469421,1.000000,142,92.778363,62.701873,384,379,22,22,0,340,53.722814,155.480236,171.644926,1,-0.218953,0.235382,-3.066390,0.023246,-0.833858,-0.079816,0.545684
208,1785980913067396065,2,605,252,0.416529,0.895833,119,99.085030,61.823409,373,364,20,20,0,330,53.039892,160.908439,175.144533,1,-0.228433,0.275363,-3.104623,0.021694,-0.832401,-0.088650,0.546608
209,1785980913157396815,2,605,289,0.477686,0.937500,179,95.383256,63.320085,383,377,16,16,0,341,53.312478,158.703341,174.152151,1,-0.225874,0.291634,-3.141404,0.022434,-0.831991,-0.091368,0.546754
210,1785980913247397565,2,605,259,0.428099,0.958333,121,93.476993,62.038160,381,372,11,11,0,345,53.338144,155.515153,172.987102,1,-0.227099,0.352958,-3.171971,0.023821,-0.830654,-0.102088,0.546831
211,1785980913337398565,2,605,283,0.467769,0.937500,121,99.629450,62.811624,384,378,32,32,0,332,53.367103,162.441074,177.093921,1,-0.220969,0.368286,-3.203899,0.025847,-0.830810,-0.103139,0.546305
212,1785980913427397357,2,605,257,0.424793,0.958333,166,96.574471,62.082577,361,350,9,9,0,321,52.858515,158.657048,172.852724,1,-0.215314,0.382621,-3.237117,0.026629,-0.830963,-0.104843,0.545709
213,1785980913517398274,2,605,279,0.461157,0.916667,129,91.823940,62.518705,363,353,16,16,0,317,53.219352,154.342645,170.795128,1,-0.205414,0.390908,-3.271167,0.026101,-0.831550,-0.105865,0.544643
214,1785980913607399857,2,605,260,0.429752,0.895833,103,100.879124,62.307286,376,366,17,17,0,334,53.015850,163.186410,176.563541,1,-0.196209,0.390027,-3.315153,0.023001,-0.832197,-0.107212,0.543530
215,1785980913697400399,2,605,276,0.456198,0.895833,88,93.707410,62.965374,384,372,18,17,1,338,53.348977,156.672784,168.769656,1,-0.181116,0.342725,-3.353200,0.017178,-0.834369,-0.101112,0.541581
216,1785980913787398649,2,605,266,0.439669,0.937500,172,100.240079,62.490163,376,368,21,21,0,331,53.286602,162.730242,176.064996,1,-0.156396,0.320948,-3.389000,0.016645,-0.836612,-0.097339,0.538822
217,1785980913877397440,2,605,294,0.485950,0.875000,152,95.520256,62.935915,384,376,15,15,0,345,53.517478,158.456171,177.163920,1,-0.141651,0.313040,-3.422404,0.017723,-0.837720,-0.094692,0.537535
218,1785980913967397607,2,605,298,0.492562,0.958333,118,91.948606,63.386043,384,378,18,18,0,348,53.176226,155.334649,171.043878,1,-0.129940,0.300220,-3.450410,0.021968,-0.838736,-0.089714,0.536649
219,1785980914057399066,2,605,272,0.449587,0.895833,104,97.315684,62.252827,348,337,11,11,0,309,52.680181,159.568511,173.155767,1,-0.070107,0.273438,-3.489959,0.031604,-0.843444,-0.079445,0.530369
220,1785980914147399191,2,605,281,0.464463,0.958333,93,99.806783,62.815373,366,358,17,17,0,316,53.250101,162.622156,175.301406,1,-0.054899,0.256861,-3.522621,0.026957,-0.844785,-0.078602,0.528615
221,1785980914237399149,2,605,266,0.439669,0.958333,93,99.912992,62.888165,383,374,20,20,0,328,53.759646,162.801157,175.275448,1,-0.082099,0.261394,-3.553089,0.022340,-0.842631,-0.081457,0.531826
222,1785980914327398857,2,605,262,0.433058,0.937500,155,96.535178,62.570537,355,346,14,14,0,309,53.108933,159.105715,171.978801,1,-0.061478,0.237455,-3.590579,0.012041,-0.844727,-0.083104,0.528568
223,1785980914417399357,2,605,263,0.434711,0.958333,107,97.124265,62.136451,373,359,15,15,0,327,53.357727,159.260716,174.044563,1,-0.035945,0.291045,-3.624345,0.019264,-0.845926,-0.087400,0.525738
224,1785980914507400816,2,605,277,0.457851,0.937500,114,98.165813,63.092207,370,357,16,16,0,320,53.337851,161.258020,175.916826,1,-0.012806,0.281360,-3.659404,0.017597,-0.847679,-0.085709,0.523244
225,1785980914597402191,2,605,263,0.434711,0.937500,88,100.957249,62.764122,370,360,11,10,1,331,53.097183,163.721371,177.042250,1,0.024939,0.242179,-3.693286,0.017720,-0.850815,-0.078776,0.519225
226,1785980914687403024,2,605,300,0.495868,0.979167,162,101.977089,63.530377,359,350,15,15,0,315,53.030099,165.507466,177.940089,1,0.066878,0.203349,-3.725284,0.016263,-0.854237,-0.072581,0.514536
227,1785980914777404524,2,605,279,0.461157,1.000000,129,93.549283,62.482995,368,362,18,18,0,322,53.500810,156.032278,172.531262,1,0.096664,0.225621,-3.757985,0.024141,-0.855896,-0.071134,0.511663
228,1785980914867401566,2,605,276,0.456198,0.937500,106,93.473157,63.087249,366,355,16,15,1,319,53.375018,156.560406,170.853125,1,0.145320,0.243639,-3.794650,0.032013,-0.858668,-0.068998,0.506856
229,1785980914957406691,2,605,267,0.441322,0.958333,86,99.713115,62.589037,356,349,21,21,0,302,53.378393,162.302152,175.823115,1,0.177507,0.260935,-3.829016,0.038992,-0.860480,-0.067596,0.503473
230,1785980915047402108,2,605,252,0.416529,0.875000,155,97.140139,61.876824,370,363,20,20,0,324,53.174850,159.016963,171.680505,1,0.208238,0.283607,-3.863049,0.047964,-0.861745,-0.065391,0.500818
231,1785980915137400524,2,605,268,0.442975,0.916667,182,95.589921,61.718448,372,365,22,22,0,329,53.197392,157.308369,173.840060,1,0.234605,0.304056,-3.896082,-0.058749,0.862693,0.061742,-0.498496
232,1785980915227401483,2,605,236,0.390083,0.895833,106,91.621728,61.370570,384,378,17,17,0,348,53.433060,152.992298,168.539317,1,0.233956,0.263819,-3.933281,-0.055765,0.862573,0.057152,-0.499591
233,1785980915317404191,2,605,244,0.403306,0.916667,104,93.566574,61.804073,379,368,26,26,0,321,53.438601,155.370647,169.839117,1,0.216349,0.206031,-3.970318,0.058478,-0.860947,-0.046221,0.503204
234,1785980915407403858,2,605,260,0.429752,0.895833,164,102.246881,62.494285,364,354,18,18,0,313,53.245891,164.741166,177.016331,1,0.129745,0.275553,-4.004764,0.063895,-0.854120,-0.053970,0.513307
235,1785980915497406566,2,605,266,0.439669,0.937500,192,91.590727,61.861115,358,352,13,13,0,322,53.152308,153.451842,170.465078,1,0.102474,0.382422,-4.036318,0.070617,-0.851044,-0.065917,0.516132
236,1785980915587407400,2,605,281,0.464463,0.979167,120,94.497455,61.933907,356,347,16,16,0,315,52.857055,156.431362,172.316882,1,0.029921,0.404386,-4.071177,0.069963,-0.845767,-0.069134,0.524409
237,1785980915677402441,2,605,273,0.451240,0.979167,163,91.427017,62.167284,361,349,14,14,0,320,52.641512,153.594301,169.404946,1,-0.015127,0.416124,-4.104569,0.067692,-0.842289,-0.071951,0.529896
238,1785980915767401483,2,605,281,0.464463,0.958333,122,91.388017,62.264035,352,342,16,15,1,302,53.167891,153.652052,171.372752,1,-0.055063,0.448265,-4.136334,0.064425,-0.839193,-0.078206,0.534312
239,1785980915857407066,2,605,267,0.441322,0.895833,101,92.899694,61.956241,350,341,21,21,0,307,52.717138,154.855935,168.436148,1,-0.066559,0.472169,-4.168673,0.065557,-0.837862,-0.080889,0.535861
240,1785980915947405650,2,605,272,0.449587,0.937500,172,95.907005,62.244033,345,337,15,15,0,309,52.658304,158.151038,170.012408,1,-0.069387,0.628473,-4.193141,0.072779,-0.835762,-0.099520,0.535071
241,1785980916037406275,2,605,245,0.404959,0.895833,180,92.727733,61.472737,362,354,9,9,0,328,53.241350,154.200470,169.640864,1,-0.110653,0.688131,-4.222146,0.078545,-0.831979,-0.103984,0.539285
242,1785980916127403816,2,605,248,0.409917,0.916667,116,92.525024,61.233402,360,351,14,14,0,329,52.993640,153.758426,168.960151,1,-0.105796,0.628733,-4.264839,0.068155,-0.833098,-0.101092,0.539520
243,1785980916217405192,2,604,241,0.399007,0.916667,102,96.352341,61.305361,349,339,15,14,1,310,52.876681,157.657702,171.417375,1,-0.050211,0.547925,-4.304897,0.062984,-0.837584,-0.091889,0.534830
244,1785980916307405525,2,605,257,0.424793,0.916667,159,102.047587,61.851531,365,357,20,20,0,322,53.060682,163.899118,177.698875,1,-0.021603,0.479178,-4.341290,0.062392,-0.840031,-0.082007,0.532662
245,1785980916397406692,2,605,253,0.418182,0.895833,109,92.349689,61.283277,376,373,14,14,0,351,53.015014,153.632966,169.896865,1,-0.004586,0.421981,-4.377724,0.062922,-0.841301,-0.073179,0.531882
246,1785980916487407983,2,605,259,0.428099,0.979167,165,93.580405,60.972733,359,346,15,15,0,320,52.635512,154.553138,169.779697,1,-0.021964,0.428129,-4.410525,0.059025,-0.840148,-0.076149,0.533731
247,1785980916577407775,2,605,257,0.424793,0.916667,112,97.064886,61.473945,353,347,18,17,1,314,53.045015,158.538831,174.416019,1,0.045099,0.403510,-4.447348,0.058854,-0.844413,-0.072475,0.527494
248,1785980916667407400,2,605,252,0.416529,0.854167,100,91.047597,61.119359,366,351,9,9,0,325,52.826596,152.166956,166.932803,1,0.123589,0.351462,-4.486522,0.060452,-0.849165,-0.063934,0.520747
249,1785980916757411692,2,605,251,0.414876,0.937500,160,96.149547,61.793030,348,338,11,11,0,313,52.759263,157.942577,171.468625,1,0.098485,0.266836,-4.525721,0.063996,-0.847367,-0.049899,0.524770
250,1785980916847408859,2,605,253,0.418182,0.875000,117,96.800718,61.379569,361,351,9,9,0,330,52.940222,158.180287,174.687604,1,0.133136,0.262531,-4.554245,0.068115,-0.848941,-0.046220,0.522038
251,1785980916937411900,2,605,248,0.409917,0.937500,102,93.779406,61.243693,353,345,12,12,0,323,52.453969,155.023099,170.012155,1,0.092794,0.260010,-4.586815,0.068578,-0.846127,-0.045714,0.526571
252,1785980917027409359,2,605,229,0.378512,0.937500,80,97.591847,61.061900,344,334,8,8,0,312,52.576636,158.653747,172.101544,1,0.060085,0.309464,-4.616943,0.073562,-0.843436,-0.048904,0.529918
253,1785980917117409317,2,605,251,0.414876,0.916667,152,101.139871,61.319652,337,334,9,9,0,312,52.372052,162.459523,176.382697,1,0.046552,0.316300,-4.654798,0.073124,-0.842253,-0.049763,0.531776
254,1785980917207409150,2,605,236,0.390083,0.916667,110,97.085261,60.799732,352,346,13,13,0,319,52.916180,157.884993,172.671881,1,0.001481,0.343605,-4.687887,0.073008,-0.839196,-0.053350,0.536259
255,1785980917297412067,2,605,269,0.444628,0.916667,157,96.647966,61.974031,357,348,15,15,0,326,52.624261,158.621997,172.295170,1,-0.045069,0.364582,-4.726301,0.069160,-0.836131,-0.058784,0.540969
256,1785980917387411775,2,605,241,0.398347,0.854167,107,93.567779,60.357978,339,328,18,18,0,302,52.567260,153.925757,169.248108,1,-0.088173,0.315816,-4.761353,0.066487,-0.833508,-0.054000,0.545827
257,1785980917477413775,2,605,239,0.395041,0.916667,99,94.357701,61.112734,352,339,9,9,0,314,52.512635,155.470435,171.165994,1,-0.094317,0.341103,-4.791172,0.068297,-0.832695,-0.055660,0.546677
258,1785980917567414026,2,605,245,0.404959,0.854167,156,100.765909,61.493777,363,353,13,13,0,330,52.732803,162.259686,176.872365,1,-0.157321,0.243053,-4.821953,0.063565,-0.828974,-0.045556,0.553793
259,1785980917657414692,2,605,267,0.441322,0.916667,113,95.438041,61.773612,365,350,22,21,1,317,53.144431,157.211653,173.713928,1,-0.217492,0.141751,-4.848679,0.059063,-0.825364,-0.035405,0.560386
260,1785980917747413817,2,605,272,0.449587,0.958333,155,93.358111,62.666160,372,360,17,16,1,326,53.153014,156.024271,170.740658,1,-0.279373,0.091596,-4.871321,0.053957,-0.821597,-0.031874,0.566613
261,1785980917837412651,2,605,271,0.447934,0.937500,96,94.291783,62.104697,363,353,12,12,0,323,53.242807,156.396480,171.755624,1,-0.362021,0.109601,-4.894988,0.050121,-0.816517,-0.036273,0.573997
262,1785980917927416567,2,605,273,0.451240,0.895833,81,90.887635,62.191448,346,338,15,15,0,308,52.730678,153.079083,165.939792,1,-0.431995,0.065442,-4.919050,0.044612,-0.812189,-0.034034,0.580690
263,1785980918017414609,2,605,263,0.434711,0.895833,76,97.663888,61.979363,350,342,14,14,0,314,52.766678,159.643251,171.449912,1,-0.509201,-0.015632,-4.941794,0.034092,-0.807721,-0.030220,0.587803
264,1785980918107415567,2,605,256,0.423140,0.937500,142,97.408387,61.418109,334,325,12,12,0,301,52.480093,158.826496,170.962034,1,-0.579454,-0.042804,-4.961141,0.028853,-0.803353,-0.029603,0.594067
265,1785980918197414317,2,605,245,0.404959,0.958333,108,94.618452,61.165733,332,329,9,9,0,308,52.711136,155.784185,172.563420,1,-0.655313,-0.042074,-4.983154,0.024316,-0.798579,-0.032354,0.600527
266,1785980918287415276,2,605,269,0.444628,0.958333,89,86.988068,61.950822,360,352,18,18,0,329,53.023846,148.938890,163.463693,1,-0.707368,-0.061319,-5.006240,0.018119,-0.795413,-0.033220,0.604886
267,1785980918377417776,2,605,281,0.464463,0.937500,78,92.774690,62.833327,367,360,17,17,0,338,52.973554,155.608017,169.888693,1,-0.727487,-0.069309,-5.033439,0.010029,-0.794485,-0.036585,0.606098
268,1785980918467415109,2,605,270,0.446281,0.916667,70,94.000697,62.633201,356,343,9,9,0,315,52.952846,156.633898,169.711941,1,-0.737632,-0.065502,-5.066537,0.005144,-0.793969,-0.039702,0.606639
269,1785980918557416484,2,605,279,0.461157,0.958333,149,90.375840,63.077912,369,362,11,11,0,338,53.241473,153.453752,166.366669,1,-0.760761,-0.084902,-5.100181,-0.001875,-0.792589,-0.041378,0.608348
270,1785980918647414901,2,605,272,0.449587,0.937500,93,92.579187,61.697527,333,325,15,15,0,298,52.758636,154.276714,169.090145,1,-0.727890,-0.124266,-5.133538,-0.010172,-0.794977,-0.041353,0.605143
271,1785980918737414359,2,605,264,0.436364,0.958333,77,90.591258,62.183781,356,348,14,14,0,327,52.908762,152.775039,165.050618,1,-0.707330,-0.098531,-5.165654,-0.009567,-0.796019,-0.043517,0.603630
272,1785980918827416776,2,605,241,0.398347,0.937500,66,93.967738,61.603486,348,340,8,8,0,323,52.845679,155.571224,166.892131,1,-0.713608,-0.082989,-5.200182,-0.009297,-0.795471,-0.045101,0.604239
273,1785980918917415359,2,605,258,0.426446,0.916667,141,94.476908,62.091613,348,338,8,8,0,322,52.687510,156.568521,169.111228,1,-0.679493,-0.014789,-5.244394,-0.004033,-0.796977,-0.049887,0.601933
274,1785980919007415818,2,605,233,0.385124,0.833333,102,88.621328,61.176232,355,339,9,9,0,319,53.003220,149.797560,164.993034,1,-0.636837,0.129475,-5.289696,0.010560,-0.798341,-0.057967,0.599317
275,1785980919097415901,2,605,237,0.391736,0.916667,80,94.645826,60.929022,327,318,9,9,0,302,52.211674,155.574848,168.108263,1,-0.636737,0.303564,-5.327638,0.027740,-0.796863,-0.067794,0.599703
276,1785980919187419401,2,605,244,0.403306,0.895833,71,94.257365,61.765486,362,351,11,11,0,329,52.847261,156.022851,167.696927,1,-0.609721,0.364245,-5.367182,0.032933,-0.797688,-0.071511,0.597910
277,1785980919277420485,2,605,241,0.398347,0.937500,156,92.897772,60.451269,344,337,13,13,0,316,52.046339,153.349041,165.722206,1,-0.620602,0.424733,-5.393810,0.036864,-0.796478,-0.075175,0.598843
278,1785980919367435735,2,605,271,0.447934,0.895833,177,95.101120,61.939362,349,341,10,10,0,324,52.808678,157.040482,174.064218,1,-0.613415,0.435809,-5.427255,0.040385,-0.796519,-0.074193,0.598684
279,1785980919457419526,2,605,241,0.398347,0.895833,105,95.391913,60.514644,340,332,18,18,0,303,52.606343,155.906557,170.326109,1,-0.611796,0.405387,-5.463740,0.043603,-0.796484,-0.068557,0.599176
280,1785980919547418526,2,605,248,0.409917,0.875000,162,95.964583,61.716777,358,346,11,10,1,326,52.722260,157.681360,171.429867,1,-0.608135,0.403316,-5.497157,0.045760,-0.796464,-0.066667,0.599255
281,1785980919637420110,2,605,217,0.358678,0.916667,112,91.076843,60.452602,337,327,11,11,0,302,53.021220,151.529445,168.870141,1,-0.628471,0.408451,-5.529177,0.048108,-0.794979,-0.065846,0.601131
282,1785980919727418735,2,605,247,0.408264,0.916667,173,94.797243,61.526193,352,342,22,22,0,308,52.977636,156.323436,170.849862,1,-0.645891,0.425324,-5.563107,0.049832,-0.793608,-0.066611,0.602716
283,1785980919817416568,2,605,237,0.391736,0.937500,115,90.092337,61.266358,361,357,14,14,0,329,53.278430,151.358695,166.364333,1,-0.676307,0.382646,-5.596016,0.043269,-0.792034,-0.065757,0.605381
284,1785980919907421735,2,605,232,0.383471,0.937500,169,100.076984,61.218898,345,339,8,8,0,317,52.818094,161.295882,175.784060,1,-0.616168,0.328165,-5.633317,0.037362,-0.795626,-0.063211,0.601321
285,1785980919997422943,2,605,244,0.403306,0.937500,118,94.576157,61.295982,358,352,14,14,0,321,53.276847,155.872139,171.648117,1,-0.643445,0.353680,-5.649307,0.037791,-0.793930,-0.065605,0.603277
286,1785980920087418235,2,605,228,0.376860,0.895833,108,92.398726,60.957188,360,351,21,21,0,319,52.903260,153.355914,169.523227,1,-0.642491,0.361731,-5.660931,0.037770,-0.793916,-0.066399,0.603209
287,1785980920177420735,2,605,252,0.416529,0.958333,100,99.734107,61.591025,353,346,11,11,0,319,52.695842,161.325132,176.385897,1,-0.628655,0.362343,-5.664000,0.037246,-0.794695,-0.066788,0.602173
288,1785980920267422068,2,605,242,0.400000,0.937500,114,93.185189,61.211857,341,336,13,13,0,311,52.555967,154.397046,168.907974,1,-0.621004,0.345667,-5.663073,0.037238,-0.795206,-0.065102,0.601683
289,1785980920357427235,2,605,231,0.381818,0.979167,108,99.751441,60.970522,350,342,14,14,0,314,52.646634,160.721963,172.755706,1,-0.500629,0.341334,-5.676318,0.036263,-0.802037,-0.065202,0.592597
290,1785980920447425860,2,605,233,0.385124,0.937500,95,92.853854,61.179605,345,336,12,12,0,312,52.781677,154.033459,168.368928,1,-0.386644,0.348306,-5.688491,0.036705,-0.808323,-0.065622,0.583918
291,1785980920537426027,2,605,222,0.366942,0.895833,153,91.434386,60.795145,350,341,10,10,0,319,52.744926,152.229531,166.906792,1,-0.283010,0.355109,-5.697480,0.037862,-0.813868,-0.065679,0.576083
292,1785980920627425069,2,604,251,0.415563,0.895833,117,94.708782,61.303148,352,348,12,11,1,327,52.908510,156.011930,172.955457,1,-0.198016,0.362975,-5.704178,0.038975,-0.818317,-0.065826,0.569653
293,1785980920717425110,2,604,249,0.412252,0.937500,116,94.581822,61.529566,352,347,11,10,1,324,52.524175,156.111388,171.478531,1,-0.126161,0.362088,-5.709512,0.039277,-0.822086,-0.065613,0.564205
294,1785980920807426277,2,604,226,0.374172,0.916667,104,90.726964,60.866812,359,352,17,17,0,327,52.704592,151.593776,167.102961,1,-0.039121,0.358833,-5.714749,0.039848,-0.826673,-0.065026,0.557490
295,1785980920897427277,2,604,237,0.392384,0.937500,105,94.385238,61.557733,372,363,14,12,2,336,52.892301,155.942971,169.864103,1,0.058986,0.365793,-5.716673,0.040409,-0.831716,-0.065405,0.549853
296,1785980920987426402,2,604,216,0.357616,0.916667,101,92.026472,60.365434,350,342,7,6,1,327,52.378715,152.391906,167.280960,1,0.200046,0.371069,-5.714740,0.041334,-0.838840,-0.065314,0.538863
297,1785980921077426694,2,604,231,0.382450,0.895833,97,92.303849,61.449316,338,334,7,7,0,309,53.026802,153.753165,167.877590,1,0.336929,0.375473,-5.709882,0.041316,-0.845723,-0.065837,0.527932
298,1785980921167427069,2,605,231,0.381818,0.937500,172,91.647220,60.815644,353,346,13,13,0,325,52.587050,152.462864,167.826547,1,0.448999,0.377174,-5.704019,0.041392,-0.851183,-0.065924,0.519065
299,1785980921257429861,2,605,227,0.375207,0.916667,127,92.755561,60.760520,365,354,11,11,0,333,52.939552,153.516081,170.683774,1,0.545178,0.376623,-5.699256,0.041525,-0.855833,-0.065917,0.511352
300,1785980921347429861,2,605,216,0.357025,0.916667,107,92.033930,61.047771,376,366,9,9,0,344,53.151886,153.081701,168.445968,1,0.665664,0.387909,-5.688856,0.043222,-0.861447,-0.065979,0.501684
301,1785980921437428402,2,605,221,0.365289,0.958333,110,93.004811,60.905186,366,357,21,21,0,326,53.105094,153.909997,168.067798,1,0.774962,0.386583,-5.676888,-0.043625,0.866540,0.065636,-0.492846
302,1785980921527427652,2,605,239,0.395041,0.958333,97,94.340653,61.566233,371,363,18,18,0,339,53.016386,155.906886,170.762524,1,0.861819,0.375504,-5.667513,-0.044119,0.870611,0.064183,-0.485767
303,1785980921617428194,2,605,229,0.378512,0.916667,94,95.279118,61.038146,343,334,11,11,0,316,52.559174,156.317264,170.392980,1,0.964541,0.373228,-5.651789,-0.044431,0.875304,0.063595,-0.477310
304,1785980921707426944,2,605,228,0.376860,0.916667,85,99.592021,60.867102,357,343,18,18,0,318,52.701508,160.459123,174.407797,1,1.088907,0.374951,-5.628386,-0.044329,0.880899,0.063857,-0.466877
305,1785980921797429028,2,605,222,0.366942,0.958333,82,95.021574,60.837561,353,343,17,17,0,313,52.815759,155.859135,169.870809,1,1.211697,0.367635,-5.604574,-0.044049,0.886377,0.063381,-0.456484
306,1785980921887428194,2,605,244,0.403306,0.937500,159,91.759636,61.738275,354,343,18,18,0,309,52.972885,153.497911,167.167125,1,1.341378,0.359912,-5.575786,-0.044218,0.892035,0.062533,-0.445431
307,1785980921977427819,2,605,243,0.401653,0.979167,117,92.427807,61.390022,352,346,17,15,2,320,53.148135,153.817829,171.597694,1,1.496739,0.355942,-5.535684,-0.045197,0.898573,0.061426,-0.432146
308,1785980922067432028,2,605,215,0.355372,0.979167,91,95.825829,60.731268,364,358,21,21,0,328,53.020093,156.557097,170.597146,1,1.649866,0.346003,-5.490896,-0.045299,0.904985,0.060383,-0.418693
309,1785980922157431153,2,605,214,0.353719,0.916667,83,97.070212,60.193765,341,330,18,18,0,303,52.687716,157.263977,170.365477,1,1.781876,0.344497,-5.448052,-0.046145,0.910307,0.059364,-0.407048
310,1785980922247431569,2,605,228,0.376860,0.937500,157,100.015189,61.376898,367,354,16,16,0,329,53.174386,161.392087,175.860014,1,1.884717,0.341320,-5.413414,-0.046270,0.914387,0.058904,-0.397852
311,1785980922337432986,2,605,217,0.358678,0.916667,103,92.588683,60.325516,346,338,18,18,0,305,53.076969,152.914199,168.647259,1,1.999982,0.348509,-5.368424,-0.047289,0.918901,0.058722,-0.387217
312,1785980922427433820,2,605,215,0.355372,0.916667,91,97.498089,60.363432,347,340,19,19,0,312,52.859842,157.861521,171.443526,1,2.142915,0.353678,-5.310105,-0.048244,0.924374,0.058563,-0.373867
313,1785980922517429153,2,605,225,0.371901,0.895833,81,100.885361,60.737476,350,340,18,17,1,313,52.838300,161.622837,174.444169,1,2.286271,0.358201,-5.247654,-0.050266,0.929663,0.057297,-0.360440
314,1785980922607435361,2,605,224,0.370248,0.895833,72,98.584388,60.533891,350,342,20,20,0,310,52.867217,159.118279,171.979737,1,2.407392,0.368805,-5.190631,-0.050838,0.934061,0.058148,-0.348661
315,1785980922697429111,2,605,228,0.376860,0.937500,75,99.976355,61.164687,356,351,8,8,0,331,53.001676,161.141042,173.249246,1,2.527816,0.376241,-5.130046,-0.051730,0.938333,0.058316,-0.336829
316,1785980922787431445,2,605,227,0.375207,0.875000,128,96.851585,60.595142,349,341,16,16,0,314,52.603799,157.446727,169.962015,1,2.654661,0.377224,-5.063766,-0.052878,0.942654,0.057287,-0.324538
317,1785980922877435653,2,605,227,0.375207,0.916667,92,95.515826,60.764975,364,351,15,15,0,325,53.144677,156.280801,171.428316,1,2.758734,0.370348,-5.005906,-0.052666,0.946228,0.056723,-0.314105
318,1785980922967436236,2,605,224,0.370248,0.979167,85,95.739577,60.774893,356,347,23,23,0,312,53.088884,156.514470,170.669728,1,2.884451,0.381285,-4.928774,-0.053599,0.950421,0.057033,-0.300956
319,1785980923057435445,2,605,236,0.390083,0.937500,68,99.031806,61.380271,342,334,18,17,1,306,52.941383,160.412077,172.714907,1,3.024859,0.371995,-4.840498,-0.053989,0.955024,0.055774,-0.286188
320,1785980923147438570,2,605,203,0.335537,0.958333,62,95.500117,60.614183,363,354,15,15,0,324,53.177052,156.114300,167.756917,1,3.141698,0.368297,-4.761271,-0.054026,0.958738,0.055378,-0.273562
321,1785980923237435820,2,605,201,0.332231,0.916667,125,101.664198,60.267056,357,347,17,17,0,321,52.943217,161.931254,172.693366,1,3.255623,0.373918,-4.679834,-0.055123,0.962184,0.054921,-0.261049
322,1785980923327437362,2,605,200,0.330579,0.937500,77,95.692743,60.006179,343,329,15,15,0,305,52.638382,155.698922,168.516880,1,3.369526,0.374979,-4.593009,-0.054982,0.965587,0.055289,-0.248116
323,1785980923417436612,2,605,220,0.363636,0.937500,77,95.319741,60.956227,347,335,8,8,0,306,52.930674,156.275968,167.852125,1,3.489920,0.367426,-4.496135,-0.055051,0.969110,0.054459,-0.234158
324,1785980923507437028,2,605,212,0.350413,0.958333,60,102.346494,61.033518,368,353,15,14,1,325,53.363803,163.380012,174.394333,1,3.595951,0.374664,-4.403701,-0.055387,0.972069,0.055183,-0.221287
325,1785980923597439362,2,605,217,0.358678,0.875000,58,97.383628,60.935351,349,334,17,17,0,304,52.833383,158.318979,168.894214,1,3.707445,0.384747,-4.303967,-0.055940,0.974983,0.056218,-0.207648
326,1785980923687438445,2,605,233,0.385124,0.937500,54,97.000959,61.586481,365,353,18,18,0,315,53.413011,158.587440,169.499302,1,3.804828,0.381999,-4.212533,-0.055804,0.977489,0.056106,-0.195583
327,1785980923777437737,2,605,233,0.385124,0.833333,41,98.689636,61.019768,353,339,11,11,0,318,52.644006,159.709404,170.355349,1,3.902239,0.371467,-4.115010,-0.055849,0.979985,0.054901,-0.183020
328,1785980923867442029,2,606,238,0.392739,0.958333,40,99.677435,61.954441,371,356,22,22,0,312,53.533845,161.631876,172.368403,1,4.015032,0.363155,-3.996413,-0.055173,0.982716,0.055164,-0.167874
329,1785980923957438279,2,604,235,0.389073,0.916667,43,97.847672,61.756106,367,355,16,16,0,318,53.327260,159.603778,170.001429,1,4.119169,0.371928,-3.881839,-0.056360,0.984962,0.055273,-0.153681
330,1785980924047439487,2,605,263,0.434711,0.895833,42,100.663024,62.450695,364,353,22,21,1,310,53.355177,163.113719,173.521826,1,4.197059,0.366300,-3.788719,-0.056303,0.986689,0.054998,-0.142302
331,1785980924137440320,2,605,265,0.438017,0.875000,119,97.976215,62.397818,373,365,19,19,0,331,53.285802,160.374033,170.989644,1,4.281053,0.357678,-3.684030,-0.056575,0.988474,0.053986,-0.129630
332,1785980924227440737,2,605,235,0.388430,0.895833,68,98.568927,61.759565,367,361,23,23,0,316,53.552428,160.328492,172.665905,1,4.371624,0.365150,-3.564633,-0.056298,0.990107,0.055754,-0.115799
333,1785980924317440029,2,605,238,0.393388,0.958333,59,98.282591,61.281854,336,327,14,14,0,301,52.500922,159.564445,171.086936,1,4.393336,0.351476,-3.533664,-0.055647,0.990618,0.054575,-0.112256
334,1785980924407439195,2,605,239,0.395041,0.916667,56,100.627022,61.359853,334,326,13,13,0,295,52.656630,161.986875,173.262699,1,4.377341,0.360238,-3.554851,-0.055959,0.990275,0.055338,-0.114725
335,1785980924497438404,2,605,256,0.423140,0.979167,58,98.210382,62.006857,333,330,18,18,0,294,52.879382,160.217239,171.221393,1,4.381733,0.363745,-3.550067,-0.056684,0.990317,0.054893,-0.114221
336,1785980924587440779,2,605,257,0.424793,1.000000,60,98.148299,61.990441,343,338,17,17,0,298,52.934007,160.138740,171.073268,1,4.379693,0.358339,-3.551843,-0.055972,0.990324,0.055108,-0.114406
337,1785980924677444946,2,605,253,0.418182,0.937500,58,98.375133,62.288859,349,344,17,17,0,307,53.177633,160.663992,171.793523,1,4.383208,0.361191,-3.548252,-0.056476,0.990354,0.054768,-0.114057
338,1785980924767440946,2,605,245,0.404959,0.895833,56,98.403842,61.731647,359,352,20,20,0,321,52.946049,160.135489,171.881940,1,4.399473,0.364344,-3.525916,-0.055910,0.990608,0.056266,-0.111374
339,1785980924857440571,2,605,254,0.419835,0.958333,49,98.326008,62.449152,374,364,13,13,0,335,53.135259,160.775160,171.092476,1,4.470520,0.351351,-3.425429,-0.055153,0.991907,0.055523,-0.099976
340,1785980924947441362,2,605,260,0.429752,0.937500,47,96.512828,62.398776,371,363,26,26,0,319,53.487136,158.911604,168.104081,1,4.562600,0.335116,-3.288239,-0.054600,0.993432,0.054302,-0.084630
341,1785980925037442821,2,605,243,0.401653,0.895833,45,102.674619,61.527062,356,343,22,22,0,304,53.067091,164.201681,174.515788,1,4.638691,0.314251,-3.164777,-0.053407,0.994614,0.053423,-0.070965
342,1785980925127441612,2,605,245,0.404959,0.875000,34,95.848325,61.729397,346,335,16,16,0,306,52.815589,157.577722,165.997526,1,4.717758,0.318536,-3.031076,-0.052416,0.995453,0.056024,-0.056450
343,1785980925217442779,2,605,268,0.442975,0.916667,44,98.621009,62.592736,364,354,13,13,0,321,52.900965,161.213745,170.983599,1,4.784973,0.288873,-2.910282,-0.050526,0.996265,0.054996,-0.043354
344,1785980925307442196,2,605,258,0.426446,0.854167,39,94.710692,62.592444,362,357,16,16,0,321,53.300051,157.303136,166.063818,1,4.851113,0.287267,-2.784220,-0.050867,0.996749,0.054792,-0.030016
345,1785980925397441488,2,605,239,0.395041,0.958333,37,92.689971,62.051940,356,348,15,15,0,311,53.268508,154.741911,164.572474,1,4.912560,0.279000,-2.656728,-0.050547,0.997110,0.054105,-0.017003
346,1785980925487443154,3,605,264,0.436364,0.937500,27,92.874347,63.175406,372,365,18,18,0,326,53.687386,156.049753,165.029726,0,4.976110,0.285677,-2.523919,-0.052665,0.997246,0.052111,-0.003379
347,1785980925577442738,3,605,258,0.426446,0.916667,0,92.736637,62.195941,357,349,14,14,0,319,52.860464,154.932578,167.482284,0,0.000000,0.000000,0.000000,0.000000,0.000000,0.000000,1.000000
348,1785980925667443488,3,605,245,0.404959,0.979167,0,94.411606,62.611527,384,379,21,21,0,335,53.784012,157.023133,169.163961,0,0.000000,0.000000,0.000000,0.000000,0.000000,0.000000,1.000000
349,1785980925757447696,3,605,247,0.408264,0.937500,0,99.042678,62.470693,384,374,20,20,0,336,53.483802,161.513371,174.059076,0,0.000000,0.000000,0.000000,0.000000,0.000000,0.000000,1.000000
350,1785980925847445738,3,605,258,0.426446,0.875000,0,91.489962,62.425276,384,372,17,17,0,341,53.135799,153.915238,166.477611,0,0.000000,0.000000,0.000000,0.000000,0.000000,0.000000,1.000000
351,1785980925937448321,3,605,257,0.424793,0.895833,0,90.792749,62.538193,376,371,22,22,0,331,53.485384,153.330942,166.511193,0,0.000000,0.000000,0.000000,0.000000,0.000000,0.000000,1.000000
352,1785980926027448488,3,605,246,0.406612,0.937500,0,92.222841,61.947231,356,349,15,15,0,313,53.194008,154.170072,168.025578,0,0.000000,0.000000,0.000000,0.000000,0.000000,0.000000,1.000000
353,1785980926117449405,3,605,275,0.454545,0.958333,0,95.531029,63.032154,378,367,18,18,0,331,53.420301,158.563183,171.043764,0,0.000000,0.000000,0.000000,0.000000,0.000000,0.000000,1.000000
354,1785980926207448821,3,605,242,0.400000,0.937500,0,94.550107,61.904939,363,356,19,19,0,314,53.364259,156.455046,168.950251,0,0.000000,0.000000,0.000000,0.000000,0.000000,0.000000,1.000000
355,1785980926297450738,3,605,233,0.385124,0.895833,0,92.791845,61.733563,384,367,20,19,1,331,53.462634,154.525408,166.983154,0,0.000000,0.000000,0.000000,0.000000,0.000000,0.000000,1.000000
356,1785980926387447821,3,605,261,0.431405,0.958333,0,98.694466,62.498358,371,365,16,16,0,330,53.349633,161.192824,173.868907,0,0.000000,0.000000,0.000000,0.000000,0.000000,0.000000,1.000000
357,1785980926477451030,3,605,266,0.439669,0.937500,0,93.559974,62.943362,384,376,17,17,0,339,53.557218,156.503336,168.955207,0,0.000000,0.000000,0.000000,0.000000,0.000000,0.000000,1.000000
358,1785980926567449405,3,605,239,0.395041,1.000000,0,92.391883,62.182690,380,371,16,16,0,336,53.308508,154.574573,166.612234,0,0.000000,0.000000,0.000000,0.000000,0.000000,0.000000,1.000000
359,1785980926657451530,3,605,272,0.449587,0.937500,0,93.331973,63.435448,384,369,14,14,0,331,53.596593,156.767421,169.233501,0,0.000000,0.000000,0.000000,0.000000,0.000000,0.000000,1.000000
360,1785980926747451072,3,605,228,0.376860,0.895833,0,93.547225,61.657937,381,376,10,10,0,349,53.107715,155.205162,167.965201,0,0.000000,0.000000,0.000000,0.000000,0.000000,0.000000,1.000000
361,1785980926837450238,3,605,258,0.426446,0.958333,0,96.052240,62.692569,383,374,16,16,0,336,53.479384,158.744809,171.324597,0,0.000000,0.000000,0.000000,0.000000,0.000000,0.000000,1.000000
362,1785980926927452780,3,605,251,0.414876,0.937500,0,92.907428,61.838854,384,375,22,22,0,337,53.147591,154.746282,168.031575,0,0.000000,0.000000,0.000000,0.000000,0.000000,0.000000,1.000000
363,1785980927017453530,3,605,239,0.395041,0.916667,0,92.687760,62.035897,384,378,17,17,0,343,53.289591,154.723657,167.697448,0,0.000000,0.000000,0.000000,0.000000,0.000000,0.000000,1.000000
364,1785980927107452488,3,605,250,0.413223,0.979167,0,92.671343,62.330441,376,368,15,15,0,333,53.341300,155.001784,167.677364,0,0.000000,0.000000,0.000000,0.000000,0.000000,0.000000,1.000000
365,1785980927197454447,3,605,247,0.408264,0.958333,0,92.811094,62.745026,382,375,12,12,0,338,53.611968,155.556120,168.563995,0,0.000000,0.000000,0.000000,0.000000,0.000000,0.000000,1.000000
366,1785980927287452447,3,605,251,0.414876,0.937500,0,94.390396,62.516983,384,374,17,17,0,339,53.423508,156.907379,169.389126,0,0.000000,0.000000,0.000000,0.000000,0.000000,0.000000,1.000000
367,1785980927377454197,3,605,263,0.434711,0.937500,0,100.356850,62.836902,384,380,19,19,0,342,53.505842,163.193752,176.542796,0,0.000000,0.000000,0.000000,0.000000,0.000000,0.000000,1.000000
368,1785980927467454864,3,605,254,0.419835,0.937500,0,96.611618,62.809902,384,373,18,18,0,333,53.579093,159.421520,172.894771,0,0.000000,0.000000,0.000000,0.000000,0.000000,0.000000,1.000000
369,1785980927557453489,3,605,265,0.438017,0.958333,0,94.024018,63.046487,381,372,16,16,0,333,53.509675,157.070505,169.534500,0,0.000000,0.000000,0.000000,0.000000,0.000000,0.000000,1.000000
370,1785980927647452739,3,605,270,0.446281,0.958333,0,95.297484,63.092403,382,371,16,16,0,329,53.545592,158.389887,170.813508,0,0.000000,0.000000,0.000000,0.000000,0.000000,0.000000,1.000000
371,1785980927737453239,3,605,279,0.461157,0.979167,0,94.178019,63.374364,384,369,14,14,0,332,53.407799,157.552383,170.977342,0,0.000000,0.000000,0.000000,0.000000,0.000000,0.000000,1.000000
372,1785980927827453989,3,605,261,0.431405,0.895833,0,96.765952,62.892611,384,376,15,15,0,337,53.631093,159.658563,172.886021,0,0.000000,0.000000,0.000000,0.000000,0.000000,0.000000,1.000000
373,1785980927917453780,3,605,256,0.423140,0.937500,0,93.029802,62.646733,377,368,11,11,0,329,53.356632,155.676535,169.343164,0,0.000000,0.000000,0.000000,0.000000,0.000000,0.000000,1.000000
374,1785980928007455155,3,605,262,0.433058,0.937500,0,93.065552,62.852693,375,366,12,12,0,330,53.539592,155.918245,168.643785,0,0.000000,0.000000,0.000000,0.000000,0.000000,0.000000,1.000000
375,1785980928097454239,3,605,255,0.421488,0.958333,0,96.853369,62.736568,384,375,24,24,0,328,53.742801,159.589937,172.857396,0,0.000000,0.000000,0.000000,0.000000,0.000000,0.000000,1.000000
376,1785980928187455072,3,605,261,0.431405,0.937500,0,94.538979,62.889360,384,375,20,20,0,335,53.719052,157.428339,170.557130,0,0.000000,0.000000,0.000000,0.000000,0.000000,0.000000,1.000000
377,1785980928277458072,3,605,250,0.413223,0.937500,0,94.115310,62.590816,384,377,13,13,0,339,53.545050,156.706126,169.604000,0,0.000000,0.000000,0.000000,0.000000,0.000000,0.000000,1.000000
378,1785980928367457406,3,605,270,0.446281,0.916667,0,94.263352,62.976735,383,375,16,16,0,341,53.354257,157.240087,170.930174,0,0.000000,0.000000,0.000000,0.000000,0.000000,0.000000,1.000000
379,1785980928457456489,3,605,253,0.418182,0.937500,0,93.990808,62.505857,384,374,13,13,0,339,53.453299,156.496665,169.217704,0,0.000000,0.000000,0.000000,0.000000,0.000000,0.000000,1.000000
381,1785980928637457947,2,605,252,0.416529,0.958333,252,94.712979,62.473523,384,376,21,21,0,339,53.532467,157.186502,160.900901,1,0.000000,0.000000,0.000000,0.000000,0.000000,0.000000,1.000000
382,1785980928727459489,2,605,262,0.433058,0.979167,194,92.902301,62.761484,384,376,17,17,0,341,53.569675,155.663785,183.311336,1,-0.000084,0.000147,0.000206,0.000053,0.000201,0.000028,1.000000
383,1785980928817460073,2,605,256,0.423140,0.937500,188,95.552609,62.559524,384,368,14,14,0,332,53.493300,158.112133,178.170012,1,-0.000265,-0.000189,0.000180,-0.000126,0.000184,-0.000217,1.000000
384,1785980928907461239,2,605,248,0.409917,0.958333,187,100.563891,61.675934,378,361,15,15,0,328,53.028588,162.239825,181.176654,1,-0.000162,0.000102,0.000178,0.000029,0.000209,-0.000066,1.000000
385,1785980928997458739,2,605,247,0.408264,0.958333,182,93.871390,62.220729,374,361,15,15,0,330,53.234006,156.092119,175.988538,1,-0.000124,-0.000000,-0.000219,0.000145,0.000020,-0.000180,1.000000
386,1785980929087457989,2,605,262,0.433058,0.937500,139,92.509339,62.620316,381,373,15,15,0,341,53.222589,155.129655,170.717879,1,-0.002453,-0.000683,0.000085,0.000531,-0.002621,-0.000751,0.999996
387,1785980929177459031,2,605,256,0.423140,0.958333,129,95.758277,62.659274,384,377,20,20,0,337,53.559716,158.417551,172.006387,1,-0.003222,-0.000511,-0.000105,0.000963,-0.004277,-0.000426,0.999990
388,1785980929267459739,2,605,257,0.424793,0.937500,139,92.789716,62.266521,383,372,14,14,0,341,53.045712,155.056237,170.349627,1,-0.003233,-0.001047,0.000123,0.000397,-0.004030,-0.000673,0.999992
389,1785980929357461989,2,605,256,0.423140,0.979167,132,94.101683,62.482523,384,374,18,18,0,336,53.423132,156.584206,171.127923,1,-0.003306,-0.000973,0.000035,0.000629,-0.004024,-0.000580,0.999992
390,1785980929447467281,2,605,254,0.419835,0.979167,134,96.483072,62.407397,379,368,18,17,1,333,53.370131,158.890469,174.149191,1,-0.002999,-0.000763,-0.000021,0.000724,-0.004403,-0.000509,0.999990
391,1785980929537461448,2,605,258,0.426446,1.000000,134,94.659811,62.500981,384,380,17,16,1,348,53.371673,157.160792,171.956177,1,-0.003188,-0.000825,0.000266,0.000500,-0.004296,-0.000527,0.999991
392,1785980929627461448,2,605,246,0.406612,0.979167,118,95.665859,62.439272,384,367,14,13,1,332,53.391464,158.105131,171.230715,1,-0.002590,-0.000650,0.000121,0.000701,-0.004467,-0.000389,0.999990
393,1785980929717461365,2,605,261,0.431405,1.000000,117,95.279023,62.648856,375,365,16,16,0,325,53.325672,157.927879,170.920129,1,-0.003015,-0.000982,-0.000389,0.000555,-0.004487,-0.000207,0.999990
394,1785980929807461198,2,605,263,0.434711,1.000000,119,94.575810,63.092735,383,377,14,14,0,337,53.597591,157.668545,172.112345,1,-0.003012,-0.000939,-0.000446,0.000672,-0.004591,-0.000206,0.999989
395,1785980929897462906,2,605,252,0.416529,0.937500,124,95.649400,62.536564,370,361,17,16,1,319,53.510090,158.185964,172.899183,1,-0.002705,-0.001256,0.000051,0.000278,-0.004651,-0.000348,0.999989
396,1785980929987462990,2,605,245,0.404959,0.958333,136,96.631406,62.218229,380,370,18,17,1,336,53.315922,158.849635,173.422977,1,-0.003174,-0.001157,-0.000558,0.000510,-0.004651,-0.000578,0.999989
397,1785980930077463990,2,605,258,0.426446,0.979167,130,94.712769,62.624023,373,361,18,17,1,322,53.433382,157.336792,171.869634,1,-0.002787,-0.001425,-0.000730,0.000430,-0.004631,-0.000336,0.999989
398,1785980930167463948,2,605,252,0.416529,0.979167,122,94.513434,62.439355,379,368,15,14,1,329,53.262505,156.952789,170.103122,1,-0.003172,-0.001149,-0.000569,0.000542,-0.004580,-0.000290,0.999989
399,1785980930257463407,2,605,253,0.418182,0.979167,127,96.864908,62.553939,384,376,13,12,1,341,53.522965,159.418847,173.146434,1,-0.003654,-0.001098,-0.000171,0.000446,-0.004407,-0.000812,0.999990
400,1785980930347465115,2,605,258,0.426446,0.958333,128,96.889449,62.485231,384,375,19,18,1,335,53.403590,159.374680,173.411102,1,-0.003447,-0.001660,-0.001018,0.000400,-0.004370,-0.000770,0.999990
401,1785980930437466948,2,605,250,0.413223,0.979167,132,99.044463,62.183978,380,367,17,16,1,332,53.285630,161.228441,175.084987,1,-0.003278,-0.001414,-0.000722,0.000407,-0.004554,-0.000740,0.999989
402,1785980930527466365,2,605,265,0.438017,0.958333,125,94.428308,63.057150,384,375,14,13,1,339,53.382297,157.485458,171.887091,1,-0.002884,-0.001450,-0.001269,0.000628,-0.004683,-0.000350,0.999989
403,1785980930617468448,2,605,254,0.419835,1.000000,131,94.622976,62.804482,380,373,20,18,2,331,53.590799,157.427458,171.464089,1,-0.002974,-0.001343,-0.001010,0.000688,-0.004657,-0.000204,0.999989
404,1785980930707468157,2,605,248,0.409917,0.958333,128,94.622434,62.257187,384,375,16,15,1,336,53.483423,156.879621,170.965169,1,-0.003738,-0.001370,-0.001018,0.000582,-0.004316,-0.000826,0.999990
405,1785980930797468615,2,605,255,0.421488,0.979167,129,94.640559,62.840608,382,375,16,15,1,335,53.554631,157.481167,171.620798,1,-0.003321,-0.001189,-0.000751,0.000632,-0.004486,-0.000616,0.999990
406,1785980930887465782,2,605,261,0.431405,0.979167,119,95.754858,62.855398,384,376,14,14,0,336,53.516506,158.610256,172.237384,1,-0.003312,-0.001358,-0.000932,0.000639,-0.004511,-0.000578,0.999989
407,1785980930977466407,2,605,254,0.419835,0.958333,119,97.009865,62.575813,383,376,16,16,0,333,53.602464,159.585678,171.994799,1,-0.003453,-0.000771,-0.000339,0.000816,-0.004483,-0.000538,0.999989
408,1785980931067466449,2,605,263,0.434711,0.979167,119,96.928573,63.084900,384,375,22,22,0,323,53.909758,160.013473,172.558011,1,-0.002896,-0.000884,-0.000405,0.000789,-0.004895,-0.000288,0.999988
409,1785980931157468990,2,605,246,0.406612,0.958333,130,100.801056,62.295854,384,374,15,15,0,336,53.494839,163.096910,176.203576,1,-0.003149,-0.001102,-0.000764,0.000771,-0.004777,-0.000589,0.999988
410,1785980931247467990,2,605,243,0.401653,0.958333,124,96.312402,62.271770,382,371,14,14,0,334,53.551340,158.584172,172.122883,1,-0.003298,-0.001220,-0.000518,0.000580,-0.004700,-0.000609,0.999989
411,1785980931337466949,2,605,259,0.428099,0.916667,118,92.965131,62.782189,383,375,12,12,0,342,53.380672,155.747320,169.638826,1,-0.002859,-0.001089,-0.000303,0.000498,-0.004813,0.000004,0.999988
412,1785980931427468740,2,605,270,0.446281,0.958333,119,94.454431,63.454027,384,378,11,11,0,341,53.764132,157.908458,171.295335,1,-0.003205,-0.001237,0.000047,0.000341,-0.004748,-0.000525,0.999989
413,1785980931517469282,2,605,256,0.423140,0.958333,111,93.024423,62.589188,376,372,20,20,0,331,53.609090,155.613611,169.900118,1,-0.003104,-0.001226,-0.000278,0.000414,-0.004899,-0.000452,0.999988
414,1785980931607466741,2,605,255,0.421488,0.979167,124,94.689850,62.330061,373,366,15,15,0,329,53.205546,157.019911,169.460865,1,-0.003077,-0.001029,-0.000307,0.000647,-0.004780,-0.000251,0.999988
415,1785980931697471907,2,605,253,0.418182,0.958333,126,94.306097,62.400020,375,371,22,22,0,327,53.595131,156.706117,171.021874,1,-0.002788,-0.001008,-0.000209,0.000578,-0.004940,0.000006,0.999988
416,1785980931787469699,2,605,272,0.449587,0.958333,126,93.097506,63.346359,377,368,20,20,0,321,53.708340,156.443865,167.853438,1,-0.002919,-0.001120,-0.000575,0.000673,-0.004834,-0.000038,0.999988
417,1785980931877469449,2,605,272,0.449587,0.979167,130,92.640670,62.927482,384,378,20,20,0,339,53.397588,155.568152,169.023987,1,-0.001633,-0.000581,-0.002739,-0.000724,-0.003294,0.000580,0.999994
418,1785980931967469824,2,605,255,0.421488,0.916667,123,93.836719,63.165358,383,371,8,8,0,338,53.662423,157.002077,171.408584,1,-0.000427,-0.000798,-0.016830,0.002075,-0.002048,-0.000554,0.999996
419,1785980932057471074,2,605,287,0.474380,0.916667,107,92.838337,63.626028,376,363,22,22,0,314,53.488714,156.464365,168.363106,1,-0.001031,-0.001891,-0.041408,0.006946,-0.007417,0.002811,0.999944
420,1785980932147470741,2,605,241,0.398347,0.875000,169,93.425008,61.630473,375,366,16,16,0,334,53.097794,155.055481,166.276511,1,-0.001664,-0.005696,-0.077526,0.019130,-0.008887,-0.000781,0.999777
421,1785980932237471616,2,605,221,0.365289,0.854167,161,93.343840,60.949469,362,352,18,16,2,317,53.022836,154.293309,166.862514,1,-0.001289,-0.006507,-0.119693,0.032952,-0.011657,-0.003328,0.999383
422,1785980932327476824,2,605,228,0.376860,0.854167,106,93.016630,61.138429,355,346,26,24,2,300,53.108628,154.155059,167.089182,1,-0.003331,-0.007559,-0.161733,0.049961,-0.019262,-0.009298,0.998522
423,1785980932417472158,2,605,236,0.390083,0.916667,150,95.293103,61.328012,358,347,21,21,0,303,53.212086,156.621115,166.622636,1,-0.011249,-0.006165,-0.178876,0.056994,-0.041241,-0.016267,0.997390
424,1785980932507473949,2,605,228,0.376860,0.895833,110,92.133207,61.099720,361,354,28,28,0,307,53.388337,153.232927,164.573456,1,-0.008050,-0.007493,-0.171105,0.048144,-0.037367,-0.009997,0.998091
425,1785980932597474783,2,605,238,0.393388,0.895833,126,93.357298,61.524514,368,359,20,20,0,320,53.276462,154.881812,167.472225,1,-0.004934,-0.007110,-0.164715,0.046452,-0.030005,-0.007855,0.998439
426,1785980932687474241,2,605,228,0.376860,0.895833,121,93.814135,61.054469,358,345,20,20,0,308,53.209336,154.868604,166.985514,1,-0.005625,-0.007566,-0.165788,0.047006,-0.032246,-0.008555,0.998337
427,1785980932777474449,2,605,227,0.375207,0.916667,124,94.085719,60.926093,357,340,20,20,0,296,52.970501,155.011812,168.478814,1,-0.006788,-0.007788,-0.169488,0.047658,-0.033282,-0.009018,0.998268
428,1785980932867477824,2,605,244,0.403306,0.916667,114,92.456000,61.625014,354,342,21,21,0,301,53.200128,154.081014,166.947805,1,-0.006643,-0.006289,-0.178588,0.047514,-0.032930,-0.008169,0.998294
429,1785980932957475991,2,605,232,0.383471,0.895833,99,99.104418,61.510138,358,352,18,18,0,313,53.290878,160.614556,171.591792,1,-0.005573,-0.003531,-0.200530,0.051210,-0.029918,-0.012360,0.998163
430,1785980933047475825,2,605,222,0.366942,0.916667,85,103.187027,61.095719,376,368,25,25,0,326,53.440629,164.282746,174.845687,1,-0.005719,-0.000428,-0.232961,0.058423,-0.029982,-0.016383,0.997707
431,1785980933137477116,2,604,213,0.352649,0.958333,70,94.706390,61.113844,358,347,22,22,0,299,53.372004,155.820234,164.844666,1,-0.010020,0.001675,-0.270426,0.056672,-0.027272,-0.026101,0.997679
432,1785980933227478991,2,606,214,0.353135,0.875000,142,94.413804,61.263345,347,330,18,18,0,284,53.227795,155.677149,166.174299,1,-0.012783,0.007973,-0.298836,0.049203,-0.023590,-0.036874,0.997829
433,1785980933317478533,2,604,230,0.380795,0.937500,100,91.249201,61.368221,358,346,21,20,1,307,53.204419,152.617422,164.074994,1,-0.013306,0.011876,-0.324068,0.038906,-0.022513,-0.042039,0.998104
434,1785980933407481241,2,604,227,0.375828,0.854167,88,96.503817,61.466763,384,372,25,24,1,330,53.431462,157.970580,168.397854,1,-0.009935,0.012201,-0.349769,0.027820,-0.024849,-0.042502,0.998400
435,1785980933497477950,2,604,257,0.425497,0.937500,99,91.826454,62.354351,366,358,24,24,0,308,53.448296,154.180805,165.132291,1,-0.007532,0.013648,-0.381129,0.023122,-0.022635,-0.041464,0.998616
436,1785980933587476950,2,605,239,0.395041,0.854167,86,94.437845,61.796348,377,366,16,16,0,328,53.253919,156.234193,166.818718,1,-0.005322,0.013105,-0.411241,0.014702,-0.024143,-0.040384,0.998784
437,1785980933677481367,2,605,259,0.428099,0.916667,86,91.113074,62.249809,362,356,12,12,0,323,52.954875,153.362883,163.396780,1,-0.001253,0.011050,-0.440423,0.007665,-0.026069,-0.038095,0.998905
438,1785980933767479325,2,605,272,0.449587,0.916667,157,93.061045,62.368226,358,351,21,21,0,309,53.227003,155.429271,165.922130,1,-0.001671,0.009475,-0.472574,-0.001809,-0.027695,-0.039641,0.998828
439,1785980933857480033,2,605,265,0.438017,0.916667,108,89.625399,62.998689,374,367,26,26,0,313,53.871840,152.624088,165.430709,1,0.001250,0.010405,-0.499002,-0.010273,-0.030009,-0.044851,0.998490
440,1785980933947476658,2,605,271,0.447934,0.916667,93,90.777363,62.980229,384,371,19,19,0,327,53.623629,153.757592,165.179332,1,0.004453,0.006923,-0.530112,-0.018399,-0.031709,-0.042320,0.998431
441,1785980934037479783,2,605,265,0.438017,0.937500,85,93.304921,62.523519,377,368,27,27,0,324,53.474795,155.828440,166.714758,1,0.004522,0.004309,-0.562277,-0.022917,-0.034186,-0.045845,0.998100
442,1785980934127481742,2,605,265,0.438017,0.895833,166,93.243046,62.382643,369,353,17,16,1,320,53.203877,155.625689,166.307005,1,0.012208,0.006998,-0.598947,-0.018221,-0.037165,-0.043146,0.998211
443,1785980934217481158,2,605,259,0.428099,0.937500,115,91.731536,62.500227,370,361,17,17,0,325,53.275252,154.231763,167.373554,1,0.018744,0.003500,-0.635168,-0.019053,-0.041513,-0.038652,0.998208
444,1785980934307483075,2,605,255,0.421488,0.916667,101,91.269491,62.250642,381,373,17,17,0,339,53.343169,153.520133,164.683579,1,0.029213,0.007451,-0.667810,-0.017364,-0.046068,-0.031330,0.998296
445,1785980934397481950,2,605,251,0.414876,0.875000,101,91.450784,62.100016,371,362,21,20,1,317,53.382628,153.550800,165.557417,1,0.034569,0.009327,-0.700013,-0.015687,-0.048107,-0.028310,0.998318
446,1785980934487481825,2,605,264,0.436364,0.916667,92,90.104900,62.607185,384,368,23,23,0,324,53.452253,152.712085,163.617112,1,0.037339,0.015320,-0.737507,-0.011688,-0.048224,-0.027302,0.998395
447,1785980934577480950,2,605,279,0.461157,0.916667,82,90.231818,63.241731,384,377,20,19,1,337,53.520087,153.473549,162.892899,1,0.038416,0.017947,-0.769531,-0.010827,-0.049222,-0.030254,0.998271
448,1785980934667484909,2,605,266,0.439669,0.895833,81,97.009152,62.678811,382,369,17,16,1,333,53.348044,159.687963,169.626276,1,0.046249,0.027107,-0.801953,-0.005382,-0.051464,-0.027437,0.998283
449,1785980934757484950,2,605,248,0.409917,0.854167,152,92.469582,61.920223,357,348,13,13,0,316,52.872916,154.389805,164.793620,1,0.047002,0.034846,-0.838905,-0.001373,-0.049801,-0.029587,0.998320
450,1785980934847485242,2,604,265,0.438742,0.916667,126,86.093625,62.263141,373,362,17,17,0,330,52.800207,148.356766,162.321313,1,0.046887,0.037310,-0.872473,-0.001434,-0.049584,-0.033282,0.998214
451,1785980934937484325,2,605,256,0.423140,0.875000,107,98.028449,61.923597,372,364,13,12,1,341,52.621414,159.952046,172.559001,1,0.051656,0.046147,-0.909951,0.004427,-0.051449,-0.034268,0.998078
452,1785980935027488284,2,605,234,0.386777,0.875000,86,91.982411,61.506428,378,367,12,12,0,339,52.807416,153.488839,164.312782,1,0.060667,0.057202,-0.948442,0.010645,-0.054079,-0.028847,0.998063
453,1785980935117484867,2,605,239,0.395041,0.916667,79,91.972203,61.897431,377,368,14,14,0,336,53.258085,153.869634,164.077281,1,0.062714,0.070528,-0.981090,0.017544,-0.053191,-0.030445,0.997966
454,1785980935207486034,2,605,239,0.395041,0.895833,68,92.750666,61.900598,372,364,17,17,0,329,53.224293,154.651264,164.285448,1,0.064645,0.073630,-1.020930,0.019282,-0.053052,-0.031909,0.997896
455,1785980935297486742,2,604,228,0.377483,0.895833,68,97.795739,61.435428,379,368,20,20,0,331,53.203584,159.231167,168.732060,1,0.061028,0.087981,-1.055407,0.027052,-0.052055,-0.035872,0.997633
456,1785980935387486534,2,604,232,0.384106,0.937500,148,91.764327,61.293760,363,353,21,21,0,314,53.173417,153.058087,163.036691,1,0.067310,0.100777,-1.087918,0.032001,-0.053087,-0.033144,0.997527
457,1785980935477487742,2,605,239,0.395041,0.937500,118,88.643807,61.499553,356,345,17,17,0,309,53.046333,150.143360,164.116822,1,0.066217,0.099127,-1.130187,0.030754,-0.051344,-0.035095,0.997590
458,1785980935567486576,2,605,257,0.424793,0.895833,88,93.261127,62.482226,384,376,28,28,0,328,53.650920,155.743353,167.976054,1,0.064523,0.104256,-1.165543,0.032160,-0.050926,-0.042484,0.997280
459,1785980935657485034,2,604,237,0.392384,0.937500,69,93.213794,61.508677,357,348,18,18,0,310,53.067708,154.722471,164.401240,1,0.065131,0.115909,-1.203840,0.039113,-0.051804,-0.047917,0.996740
460,1785980935747487493,2,605,237,0.391736,0.875000,74,91.734117,61.259260,368,362,27,27,0,321,53.124958,152.993377,163.341233,1,0.075030,0.117539,-1.247808,0.041001,-0.056230,-0.048435,0.996399
461,1785980935837489659,2,604,224,0.370861,0.916667,59,93.937215,61.357843,370,359,14,14,0,320,53.214709,155.295058,164.558866,1,0.073655,0.137497,-1.279036,0.048044,-0.053675,-0.057012,0.995771
462,1785980935927490743,2,605,239,0.395041,0.916667,59,100.284046,61.683929,377,365,20,20,0,321,53.463710,161.967975,170.620611,1,0.080206,0.146080,-1.314866,0.051845,-0.056898,-0.059528,0.995254
463,1785980936017490284,2,605,231,0.381818,0.895833,141,100.610589,61.822513,384,375,19,19,0,333,53.651962,162.433102,171.537783,1,0.080424,0.157306,-1.347384,0.055753,-0.056452,-0.062294,0.994899
464,1785980936107491951,2,605,195,0.322314,0.916667,100,89.829896,60.188919,384,370,20,20,0,333,53.465419,150.018815,161.599972,1,0.087457,0.152830,-1.380621,0.053326,-0.059692,-0.062590,0.994824
465,1785980936197491826,2,604,218,0.360927,0.937500,85,94.262091,61.109467,381,364,14,14,0,331,53.371960,155.371558,166.283876,1,0.090979,0.158827,-1.410929,0.053723,-0.059225,-0.057165,0.995158
466,1785980936287493951,2,604,238,0.394040,0.937500,69,92.338829,62.024930,362,359,20,20,0,307,53.702545,154.363759,163.625443,1,0.098829,0.153639,-1.442216,0.049180,-0.061577,-0.054484,0.995400
467,1785980936377493951,2,605,256,0.423140,0.937500,145,95.138971,62.183390,374,368,24,24,0,319,53.619711,157.322361,166.858171,1,0.106650,0.149651,-1.473042,0.046470,-0.063340,-0.053256,0.995486
468,1785980936467491576,2,605,258,0.426446,0.958333,98,94.020547,62.068597,381,369,21,21,0,324,53.809254,156.089144,168.684639,1,0.117787,0.136714,-1.505448,0.040159,-0.066154,-0.050007,0.995746
469,1785980936557493451,2,605,233,0.385124,0.979167,70,92.908415,61.419677,373,365,27,27,0,322,53.346000,154.328092,163.599816,1,0.129777,0.123349,-1.540476,0.034768,-0.069857,-0.046623,0.995860
470,1785980936647493243,2,605,241,0.398347,0.916667,60,91.872867,61.869013,373,363,18,18,0,323,53.392376,153.741880,163.124355,1,0.148596,0.114383,-1.573278,0.030559,-0.075514,-0.040917,0.995836
471,1785980936737494368,2,605,248,0.409917,0.937500,142,90.892861,62.112680,375,368,16,16,0,330,53.256042,153.005541,161.886639,1,0.159566,0.086645,-1.605358,0.020335,-0.079103,-0.034877,0.996049
472,1785980936827493201,2,605,249,0.411570,0.916667,101,87.046670,61.814970,378,368,14,14,0,331,53.529169,148.861640,160.225670,1,0.156395,0.082550,-1.633367,0.017766,-0.077101,-0.033491,0.996302
473,1785980936917495535,2,605,252,0.416529,0.958333,83,92.103202,62.017888,365,351,16,16,0,313,53.082707,154.121090,165.573786,1,0.154359,0.061296,-1.662937,0.009321,-0.076753,-0.039118,0.996239
474,1785980937007494451,2,605,245,0.404959,0.979167,81,94.144130,61.978679,368,358,18,18,0,317,53.260250,156.122809,166.554042,1,0.166414,0.053162,-1.695414,0.006310,-0.080872,-0.041397,0.995844
475,1785980937097494826,2,605,248,0.409917,0.958333,67,91.485406,62.324599,377,369,13,13,0,336,53.377459,153.810005,163.113687,1,0.180054,0.070693,-1.728018,0.012554,-0.083825,-0.038418,0.995660
476,1785980937187493327,2,605,232,0.383471,0.958333,139,93.949421,61.729761,366,356,11,11,0,323,53.343834,155.679182,165.549785,1,0.186372,0.116452,-1.767541,0.026877,-0.084196,-0.038107,0.995357
477,1785980937277496410,2,605,226,0.373554,0.937500,102,89.642269,61.296258,369,357,20,20,0,315,53.689919,150.938527,163.100895,1,0.194025,0.145501,-1.809466,0.035874,-0.085430,-0.038784,0.994942
478,1785980937367494118,2,604,226,0.374172,0.916667,84,95.145595,61.327800,372,362,23,23,0,321,53.307875,156.473395,167.182753,1,0.204800,0.153145,-1.843811,0.037198,-0.087646,-0.036251,0.994797
479,1785980937457494243,2,604,241,0.399007,0.937500,69,93.153998,61.979429,384,377,23,23,0,331,53.547793,155.133427,165.007573,1,0.200341,0.173119,-1.876479,0.041724,-0.085215,-0.033303,0.994931
480,1785980937547496743,2,605,243,0.401653,0.958333,143,90.847901,62.282972,375,363,17,17,0,318,53.599960,153.130873,163.381771,1,0.212235,0.154257,-1.908817,0.035004,-0.087324,-0.028462,0.995158
481,1785980937637495702,2,604,243,0.402318,0.895833,118,89.303725,61.341050,374,363,19,19,0,323,53.479584,150.644775,163.520022,1,0.208277,0.160854,-1.938550,0.035558,-0.085570,-0.030587,0.995227
482,1785980937727495577,2,605,238,0.393388,0.875000,91,90.558732,61.907096,367,358,10,10,0,324,53.244041,152.465828,164.332985,1,0.224612,0.154512,-1.963041,0.032836,-0.089785,-0.029643,0.994978
483,1785980937817495785,2,605,243,0.401653,0.958333,163,91.606531,61.823803,368,353,9,9,0,320,53.090623,153.430334,165.762118,1,0.230702,0.147366,-1.980572,0.029752,-0.091143,-0.027331,0.995018
484,1785980937907495619,2,605,243,0.401653,0.958333,138,86.444124,61.641302,379,365,14,14,0,325,53.497834,148.085426,164.799112,1,0.230390,0.132966,-1.987009,0.026223,-0.091176,-0.026020,0.995149
485,1785980937997496244,2,604,246,0.407285,0.875000,127,91.293737,61.944469,378,365,17,17,0,324,53.333625,153.238206,168.195258,1,0.230093,0.138209,-1.983775,0.027506,-0.091434,-0.026538,0.995077
486,1785980938087497744,2,606,262,0.432343,0.895833,117,93.622876,62.021345,360,351,25,25,0,306,53.252582,155.644221,169.116222,1,0.252549,0.138757,-1.981376,0.027805,-0.098057,-0.028063,0.994396
487,1785980938177499660,2,605,240,0.396694,0.958333,122,96.846396,61.781010,369,360,17,17,0,322,53.307000,158.627406,172.199657,1,0.269667,0.136295,-1.981448,0.027534,-0.103598,-0.028297,0.993835
488,1785980938267501827,2,605,249,0.411570,0.895833,121,90.952734,61.903970,329,323,16,16,0,284,52.768288,152.856704,167.080543,1,0.304186,0.135726,-1.976573,0.027569,-0.113993,-0.028673,0.992685
489,1785980938357498952,2,606,264,0.435644,0.958333,108,90.352522,62.117512,358,343,20,20,0,308,52.950581,152.470034,165.535658,1,0.331061,0.133090,-1.972870,0.027063,-0.122290,-0.030044,0.991670
490,1785980938447500369,2,605,258,0.426446,0.937500,106,90.645149,62.312097,355,344,11,11,0,315,52.862579,152.957246,164.222565,1,0.355657,0.132040,-1.969998,0.026776,-0.129875,-0.031019,0.990683
491,1785980938537503327,2,605,245,0.404959,0.916667,111,96.402476,61.909261,364,359,16,16,0,319,53.284665,158.311737,171.237025,1,0.386011,0.129791,-1.965380,0.026417,-0.139043,-0.029996,0.989479
492,1785980938627499494,2,604,262,0.433775,0.854167,109,95.544554,62.884433,366,352,12,12,0,315,53.262749,158.428987,171.409944,1,0.423105,0.129764,-1.958013,0.026458,-0.150128,-0.030572,0.987840
493,1785980938717499244,2,605,255,0.421488,0.875000,94,96.979438,62.682266,373,362,14,14,0,321,53.682876,159.661704,172.286490,1,0.456378,0.129581,-1.950994,0.026523,-0.160733,-0.030912,0.986157
494,1785980938807502577,2,605,263,0.434711,0.937500,154,90.670065,62.932059,382,367,14,14,0,328,53.625709,153.602124,165.369447,1,0.487680,0.127526,-1.943485,0.026387,-0.170860,-0.031521,0.984437
495,1785980938897502577,2,604,247,0.408940,0.937500,115,91.119067,61.691175,376,368,24,24,0,320,53.685001,152.810242,166.216243,1,0.531395,0.124192,-1.935863,0.026305,-0.184596,-0.031504,0.981957
496,1785980938987503161,2,605,256,0.423140,0.937500,108,90.512564,62.158345,366,359,17,17,0,319,53.185706,152.670909,166.203160,1,0.582224,0.120305,-1.919370,0.026155,-0.200722,-0.033055,0.978741
497,1785980939077501661,2,605,238,0.393388,0.937500,99,92.128157,61.458633,361,353,19,19,0,310,53.310832,153.586790,165.885866,1,0.629496,0.115729,-1.901865,0.025395,-0.215823,-0.032981,0.975545
498,1785980939167504202,2,605,259,0.428099,0.916667,86,91.760530,62.373263,373,365,17,17,0,329,53.305832,154.133793,165.169821,1,0.677967,0.113696,-1.882067,0.025579,-0.231638,-0.033553,0.971887
499,1785980939257505953,2,606,257,0.424092,0.854167,154,93.085663,61.917344,369,361,17,17,0,331,52.772453,155.003007,167.144707,1,0.716868,0.114829,-1.865006,0.026457,-0.244712,-0.034502,0.968620
500,1785980939347505828,2,606,264,0.435644,0.937500,123,87.081667,61.835718,367,359,19,19,0,324,53.255581,148.917385,162.154718,1,0.749905,0.118378,-1.850989,0.027861,-0.255538,-0.034164,0.965793
501,1785980939437507369,2,604,248,0.410596,0.916667,109,94.636380,62.436555,363,356,11,11,0,322,53.431957,157.072935,170.246600,1,0.792565,0.120730,-1.830264,0.029132,-0.269365,-0.033620,0.962010
502,1785980939527503744,2,605,233,0.385124,0.895833,96,93.255705,61.246505,377,359,24,24,0,316,53.283956,154.502210,167.159123,1,0.838328,0.123214,-1.806969,0.030567,-0.284633,-0.033488,0.957564
503,1785980939617503328,2,605,256,0.423140,0.937500,95,93.125704,61.949511,364,350,24,24,0,304,53.218331,155.075215,165.814573,1,0.885812,0.124407,-1.779231,0.031682,-0.300873,-0.034010,0.952531
504,1785980939707503411,2,605,227,0.375207,0.916667,86,92.314032,61.733051,363,344,17,17,0,303,53.268081,154.047083,165.199694,1,0.927854,0.123504,-1.751327,0.032368,-0.315967,-0.036035,0.947533
505,1785980939797505828,2,605,225,0.371901,0.916667,80,89.018511,60.977587,364,350,24,24,0,311,53.001122,149.996098,160.064037,1,0.966178,0.119701,-1.726061,0.032497,-0.329366,-0.038313,0.942865
506,1785980939887506453,2,604,223,0.369205,0.895833,150,90.732231,61.345631,364,350,15,15,0,317,53.024246,152.077862,162.644219,1,1.003794,0.113147,-1.698105,0.031559,-0.342856,-0.039400,0.938030
507,1785980939977511245,2,607,220,0.362438,0.854167,99,85.115362,60.504584,364,354,13,13,0,328,52.844037,145.619946,157.995773,1,1.037915,0.105773,-1.673494,0.030627,-0.355183,-0.040687,0.933409
508,1785980940067508495,2,604,216,0.357616,0.916667,93,88.806385,61.298548,368,360,12,12,0,330,53.310789,150.104933,162.098966,1,1.066025,0.100400,-1.651737,0.029607,-0.365106,-0.040949,0.929594
509,1785980940157510786,2,604,231,0.382450,0.895833,171,94.383337,61.681466,363,356,18,18,0,318,53.302665,156.064803,168.202044,1,1.092850,0.088993,-1.626577,0.026821,-0.375836,-0.041153,0.925383
510,1785980940247511078,2,604,231,0.382450,0.854167,115,89.850850,61.028046,357,350,17,17,0,321,53.168872,150.878896,164.328770,1,1.121521,0.082560,-1.599235,0.024939,-0.386494,-0.041095,0.921038
511,1785980940337510245,2,604,216,0.357616,0.854167,110,85.932534,61.145504,382,374,20,20,0,337,53.262039,147.078038,160.507705,1,1.139971,0.076542,-1.581270,0.023380,-0.393351,-0.040960,0.918178
512,1785980940427510578,2,607,238,0.392092,0.895833,102,88.570716,61.752925,371,357,16,16,0,325,53.025162,150.323641,162.751677,1,1.172465,0.062582,-1.547415,0.019216,-0.406470,-0.039770,0.912596
513,1785980940517510536,2,601,238,0.396007,0.854167,170,86.936581,61.625507,370,360,20,20,0,325,53.046454,148.562088,161.258542,1,1.217014,0.048028,-1.500525,0.015486,-0.424645,-0.038684,0.904401
514,1785980940607510370,2,608,230,0.378289,0.833333,118,87.642377,61.565965,374,362,21,21,0,317,53.798959,149.208342,163.344388,1,1.255137,0.057296,-1.459779,0.019382,-0.440157,-0.038630,0.896880
515,1785980940697510620,2,607,222,0.365733,0.875000,185,84.544150,61.482007,368,354,17,17,0,322,53.247747,146.026157,160.596746,1,1.287374,0.051789,-1.421268,0.019099,-0.454356,-0.041492,0.889648
516,1785980940787509662,2,607,259,0.426689,0.937500,203,84.310940,62.199886,360,347,25,25,0,301,53.910835,146.510826,163.156888,1,1.315560,0.048681,-1.387261,0.019050,-0.466873,-0.041550,0.883142
517,1785980940877511328,2,604,236,0.390728,0.854167,151,83.841186,61.925509,382,372,21,21,0,331,53.939418,145.766695,161.973629,1,1.346281,0.045529,-1.344942,0.018686,-0.481001,-0.041621,0.875532
518,1785980940967508662,2,603,219,0.363184,0.854167,128,82.821847,61.409255,384,374,17,17,0,337,53.416457,144.231102,158.783776,1,1.377750,0.041516,-1.300413,0.018635,-0.495902,-0.042548,0.867135
519,1785980941057515078,2,605,229,0.378512,0.875000,172,87.905587,62.034509,384,376,13,13,0,344,53.577832,149.940096,162.691967,1,1.407345,0.036321,-1.255582,0.018103,-0.510408,-0.042800,0.858676
520,1785980941147513287,2,605,232,0.383471,0.854167,131,78.132651,60.967086,370,356,18,18,0,323,53.366914,139.099737,155.242712,1,1.433300,0.032473,-1.214254,0.018453,-0.523538,-0.044431,0.850643
521,1785980941237512662,2,607,228,0.375618,0.833333,112,82.705054,61.087046,368,359,25,25,0,317,53.208913,143.792100,157.613227,1,1.454784,0.029829,-1.178059,0.018860,-0.534838,-0.045142,0.843537
522,1785980941327512954,2,608,250,0.411184,0.875000,191,81.716048,62.072718,370,363,20,20,0,321,53.373705,143.788766,157.365975,1,1.477257,0.029780,-1.136050,0.019898,-0.547419,-0.046173,0.835347
523,1785980941417512120,2,609,245,0.402299,0.916667,140,85.604030,61.449839,359,347,10,10,0,321,53.100745,147.053869,163.497346,1,1.507597,0.031333,-1.077662,0.021422,-0.564647,-0.044991,0.823827
524,1785980941507512912,2,602,230,0.382060,0.895833,110,83.418100,61.860758,383,371,19,19,0,330,53.480165,145.278858,158.574356,1,1.541683,0.037349,-1.003730,0.024408,-0.585901,-0.043605,0.808841
525,1785980941597515037,2,605,230,0.380165,0.854167,96,90.188684,61.638256,373,360,17,17,0,323,53.346997,151.826940,164.305018,1,1.568133,0.037121,-0.936622,0.025050,-0.603995,-0.042129,0.795479
526,1785980941687514287,2,607,229,0.377265,0.854167,156,82.109966,61.591423,380,365,14,14,0,329,53.312122,143.701389,156.883304,1,1.576500,0.037270,-0.914300,0.025201,-0.609889,-0.041456,0.791001
527,1785980941777515287,2,604,222,0.367550,0.854167,118,80.788125,60.704292,364,360,14,14,0,324,53.294455,141.492417,156.507719,1,1.583910,0.037434,-0.896100,0.025087,-0.614252,-0.040881,0.787651
528,1785980941867515954,2,607,227,0.373970,0.854167,129,81.357711,61.429005,360,349,19,19,0,305,53.059870,142.786716,157.289807,1,1.591689,0.038791,-0.874950,0.025602,-0.619750,-0.039869,0.783368
529,1785980941957515745,2,607,232,0.382208,0.895833,113,84.652940,61.499505,359,351,16,16,0,305,53.212121,146.152445,160.203491,1,1.601161,0.038923,-0.842403,0.025435,-0.627675,-0.039051,0.777079
530,1785980942047516371,2,608,227,0.373355,0.875000,96,84.499606,61.270879,363,351,19,18,1,305,53.336205,145.770485,157.865560,1,1.614020,0.039193,-0.794868,0.025268,-0.639289,-0.037094,0.767655
531,1785980942137516287,2,607,230,0.378913,0.791667,86,81.946215,61.683340,380,366,18,18,0,319,53.655624,143.629555,155.380961,1,1.627828,0.037601,-0.733630,0.025673,-0.654170,-0.036946,0.755008
532,1785980942227516579,2,608,242,0.398026,0.791667,134,81.013376,62.040342,381,373,19,19,0,326,53.680998,143.053718,153.712909,1,1.641024,0.037603,-0.671912,0.025962,-0.668515,-0.035547,0.742395
533,1785980942317519246,2,608,247,0.406250,0.854167,106,76.512723,62.053258,384,377,18,18,0,330,53.824707,138.565981,150.985350,1,1.647294,0.034297,-0.633418,0.025530,-0.677551,-0.035716,0.734165
534,1785980942407513287,2,604,240,0.397351,0.875000,93,80.115578,62.278593,384,369,17,17,0,320,53.819499,142.394171,155.219667,1,1.651130,0.030059,-0.596794,0.025211,-0.686105,-0.036211,0.726163
535,1785980942497516621,2,606,238,0.392739,0.812500,96,80.725373,61.778340,370,365,21,21,0,318,53.444830,142.503713,153.756242,1,1.656430,0.028131,-0.549552,0.026030,-0.696689,-0.037203,0.715934
536,1785980942587517371,2,607,241,0.397035,0.833333,165,79.420199,61.988716,367,355,23,23,0,308,53.550998,141.408915,153.488281,1,1.659374,0.026221,-0.507551,0.026525,-0.706167,-0.037441,0.706557
537,1785980942677520246,2,608,226,0.371711,0.812500,120,77.399728,60.839459,361,355,18,18,0,312,53.311538,138.239187,153.123571,1,1.661824,0.025059,-0.474206,0.026679,-0.713287,-0.038366,0.699313
538,1785980942767518454,2,606,213,0.351485,0.812500,107,78.812695,61.120086,373,368,19,19,0,325,53.449121,139.932781,152.714777,1,1.663875,0.022598,-0.426630,0.026208,-0.723461,-0.037798,0.688831
539,1785980942857517163,2,604,244,0.403974,0.812500,98,78.771737,61.867465,356,349,23,23,0,304,53.389287,140.639202,153.227280,1,1.664190,0.022123,-0.373992,0.026146,-0.734937,-0.036515,0.676646
540,1785980942947518454,2,606,212,0.349835,0.791667,77,77.453437,61.017085,372,367,22,22,0,325,53.479205,138.470522,148.349166,1,1.662928,0.023371,-0.325590,0.026615,-0.745931,-0.035403,0.664549
541,1785980943037518746,2,603,218,0.361526,0.750000,75,76.748098,61.176419,353,341,11,11,0,309,53.071786,137.924517,148.108080,1,1.661720,0.031023,-0.288855,0.025902,-0.756200,-0.030461,0.653118
542,1785980943127520163,2,604,238,0.394040,0.791667,128,76.402096,61.839840,363,352,16,16,0,314,53.306620,138.241936,148.030413,1,1.660509,0.025543,-0.276802,0.027773,-0.764588,-0.033529,0.643048
543,1785980943217517913,2,603,243,0.402985,0.770833,108,78.249483,61.820882,365,354,20,20,0,311,53.419913,140.070365,152.707442,1,1.658324,0.025460,-0.260640,0.029630,-0.774649,-0.034578,0.630751
544,1785980943307518454,2,609,217,0.356322,0.812500,82,78.477693,61.785590,375,364,9,9,0,320,53.683164,140.263283,151.383351,1,1.653624,0.006849,-0.255065,0.030276,-0.783487,-0.043447,0.619148
545,1785980943397520163,2,604,227,0.375828,0.833333,138,80.617788,61.765297,383,374,14,14,0,339,53.561038,142.383085,152.261480,1,1.653658,0.005553,-0.283702,0.034807,-0.784938,-0.051442,0.616453
546,1785980943487523913,2,603,229,0.379768,0.833333,93,79.993118,61.823506,376,368,24,24,0,319,53.748498,141.816624,153.187736,1,1.652449,-0.010966,-0.342616,0.036353,-0.781157,-0.064707,0.619907
547,1785980943577522080,2,604,211,0.349338,0.854167,76,83.929892,61.350295,365,359,13,13,0,315,53.450830,145.280187,155.513042,1,1.655239,-0.009939,-0.382956,0.039779,-0.780538,-0.070754,0.619816
548,1785980943667522330,2,604,216,0.357616,0.854167,76,84.159686,61.040877,364,352,17,17,0,316,53.201702,145.200563,154.970539,1,1.662160,0.010619,-0.409705,0.043455,-0.781253,-0.068469,0.618924
549,1785980943757525121,2,605,194,0.320661,0.791667,72,82.507967,60.780458,384,377,17,17,0,339,53.477746,143.288425,153.383154,1,1.666676,0.035865,-0.454476,0.049790,-0.778476,-0.067518,0.622043
550,1785980943847524580,2,608,204,0.335526,0.833333,144,82.592634,60.799416,367,361,20,20,0,316,53.358245,143.392050,153.432028,1,1.668282,0.030645,-0.493075,0.044551,-0.777729,-0.063672,0.623778
551,1785980943937523955,2,606,215,0.354785,0.833333,95,78.879861,60.932541,373,362,25,25,0,318,53.469371,139.812402,151.999477,1,1.670741,0.023672,-0.534300,0.038265,-0.776340,-0.059065,0.626374
552,1785980944027525913,2,605,223,0.368595,0.854167,163,81.288084,61.166002,363,359,23,23,0,314,53.423788,142.454086,154.225616,1,1.672335,0.024073,-0.570202,0.034644,-0.775732,-0.054112,0.627783
553,1785980944117526663,2,606,227,0.374587,0.854167,99,78.992195,61.504462,368,361,14,14,0,322,53.494746,140.496657,153.328235,1,1.670796,0.011758,-0.618010,0.025047,-0.772468,-0.044901,0.632968
554,1785980944207526788,2,609,217,0.356322,0.812500,162,81.767546,60.859458,348,341,21,21,0,300,52.994910,142.627004,154.731453,1,1.672917,-0.012933,-0.642227,0.012915,-0.773735,-0.037866,0.632245
555,1785980944297527288,2,606,228,0.376238,0.812500,109,74.138790,61.336170,373,368,21,21,0,319,53.851665,135.474960,149.187585,1,1.670040,-0.045997,-0.664250,-0.001522,-0.774313,-0.032144,0.631984
556,1785980944387528288,2,604,229,0.379139,0.770833,91,75.347338,61.790922,362,352,16,15,1,311,53.579246,137.138260,149.133667,1,1.674600,-0.056209,-0.676029,-0.008804,-0.777075,-0.025127,0.628844
557,1785980944477528872,2,606,226,0.372937,0.770833,82,72.434070,62.220216,384,377,17,17,0,335,53.999540,134.654286,145.527437,1,1.672947,-0.089475,-0.697038,-0.021811,-0.778008,-0.020152,0.627552
558,1785980944567528205,2,604,258,0.427152,0.770833,171,73.224700,63.058096,370,362,17,17,0,313,53.975999,136.282796,147.583325,1,1.681888,-0.073589,-0.717077,-0.019162,-0.780166,-0.015296,0.625091
559,1785980944657529997,2,605,211,0.348760,0.791667,117,72.719239,61.063584,360,355,24,24,0,301,53.829956,133.782823,148.531372,1,1.687254,-0.064623,-0.746051,-0.015991,-0.781496,-0.016480,0.623488
560,1785980944747528830,2,604,247,0.408940,0.791667,119,75.480840,62.394633,382,368,24,24,0,313,53.975499,137.875473,150.191257,1,1.691933,-0.059192,-0.778841,-0.014010,-0.782291,-0.018276,0.622488
561,1785980944837529205,2,603,215,0.356551,0.750000,102,74.983169,61.905463,364,354,12,11,1,312,53.742413,136.888632,149.476377,1,1.695534,-0.046472,-0.816527,-0.009527,-0.782073,-0.021709,0.622735
562,1785980944927531497,2,605,244,0.403306,0.791667,87,73.075532,62.663593,371,363,17,17,0,319,53.882872,135.739125,147.160863,1,1.702567,-0.033955,-0.847198,-0.005854,-0.783053,-0.022330,0.621526
563,1785980945017532122,2,604,214,0.354305,0.791667,157,74.282289,61.483711,368,359,16,16,0,323,53.404912,135.766000,147.362488,1,1.703140,-0.032205,-0.881433,-0.004722,-0.783194,-0.026532,0.621194
564,1785980945107532372,2,605,229,0.378512,0.812500,111,71.960817,61.779546,380,364,23,23,0,312,54.141374,133.740363,146.715526,1,1.707383,-0.010196,-0.917574,0.004006,-0.783259,-0.035481,0.620669
565,1785980945197531872,2,606,223,0.367987,0.812500,103,75.038545,61.649170,365,355,13,13,0,313,53.620996,136.687715,149.133374,1,1.708340,-0.009841,-0.953231,0.004159,-0.783440,-0.039075,0.620223
566,1785980945287531247,2,608,232,0.381579,0.770833,85,74.733000,61.726546,360,358,18,18,0,312,53.532662,136.459546,147.989326,1,1.711565,-0.006864,-0.987976,0.003700,-0.783110,-0.039923,0.620589
567,1785980945377531164,2,608,222,0.365132,0.833333,161,74.789417,62.073215,376,373,13,13,0,333,53.790872,136.862632,148.268701,1,1.709735,-0.011557,-1.025154,0.002173,-0.782281,-0.041645,0.621529
568,1785980945467533872,2,605,264,0.436364,0.812500,185,71.357105,62.653301,381,374,17,17,0,330,53.902289,134.010406,148.177867,1,1.720275,-0.006343,-1.044488,0.000757,-0.784852,-0.035311,0.618676
569,1785980945557531831,2,608,247,0.406250,0.812500,140,71.004019,62.021005,365,359,14,13,1,316,53.755038,133.025024,150.630299,1,1.722624,-0.006974,-1.076363,0.000022,-0.785059,-0.035034,0.618429
570,1785980945647531081,2,606,252,0.415842,0.812500,130,73.878495,62.898302,384,373,15,15,0,326,53.815997,136.776797,150.940801,1,1.729912,-0.004628,-1.107801,0.000794,-0.786117,-0.036541,0.616996
571,1785980945737534872,2,607,232,0.382208,0.791667,124,75.673923,62.015380,362,354,11,11,0,313,53.590371,137.689303,152.475603,1,1.728102,-0.021391,-1.144037,-0.003730,-0.785555,-0.038258,0.617597
572,1785980945827531456,2,608,239,0.393092,0.833333,115,73.498701,62.609300,384,373,15,15,0,328,53.978956,136.108001,149.669251,1,1.731353,-0.018665,-1.176789,-0.004041,-0.785657,-0.036174,0.617590
573,1785980945917534831,2,608,230,0.378289,0.833333,109,74.570124,62.219923,383,375,21,21,0,328,53.949080,136.790047,150.380213,1,1.732315,-0.017450,-1.210113,-0.004517,-0.785086,-0.037718,0.618220
574,1785980946007532622,2,603,236,0.391376,0.875000,179,73.819452,62.822593,384,378,19,19,0,331,54.079915,136.642045,150.353922,1,1.739920,-0.000263,-1.242761,0.000576,-0.786378,-0.041316,0.616362
575,1785980946097537122,2,607,237,0.390445,0.875000,133,72.429444,61.891879,381,377,20,20,0,328,53.975747,134.321323,151.832097,1,1.743730,0.012854,-1.281685,0.004148,-0.785967,-0.045958,0.616544
576,1785980946187534956,2,604,233,0.385762,0.854167,120,74.124621,62.033172,375,365,16,16,0,324,53.621037,136.157793,150.291422,1,1.748314,0.043636,-1.314607,0.011330,-0.786448,-0.046345,0.615811
577,1785980946277535206,2,607,209,0.344316,0.833333,170,79.583446,61.172542,380,369,22,22,0,322,53.601037,140.755988,153.508941,1,1.750232,0.078873,-1.355433,0.020293,-0.785250,-0.056408,0.616270
578,1785980946367534539,2,606,201,0.331683,0.812500,114,79.315652,59.947784,349,340,15,15,0,309,52.924366,139.263436,153.242855,1,1.751665,0.078335,-1.393914,0.020204,-0.785107,-0.064230,0.615689
579,1785980946457536331,2,607,215,0.354201,0.812500,102,75.207169,61.299209,359,350,20,20,0,304,53.527744,136.506378,150.172878,1,1.749192,0.068922,-1.434741,0.017619,-0.784182,-0.070148,0.616301
580,1785980946547541081,2,605,205,0.338843,0.833333,95,78.083978,60.553538,369,357,22,22,0,315,53.327243,138.637516,150.593672,1,1.753198,0.068116,-1.465066,0.017228,-0.784803,-0.073806,0.615093
581,1785980946637535748,2,606,207,0.341584,0.791667,170,76.886971,61.077374,369,355,17,17,0,314,53.376327,137.964345,150.589172,1,1.760139,0.080782,-1.494211,0.019607,-0.785948,-0.077541,0.613098
582,1785980946727537414,2,605,210,0.347107,0.812500,121,76.868471,60.296077,359,351,22,22,0,311,53.303952,137.164548,152.263682,1,1.769955,0.079147,-1.518327,0.018370,-0.787704,-0.075169,0.611175
583,1785980946817540039,2,606,225,0.371287,0.791667,183,80.521951,61.781378,382,373,19,19,0,323,53.816829,142.303329,156.879835,1,1.768928,0.073088,-1.553104,0.015941,-0.787335,-0.070442,0.612281
584,1785980946907538123,2,607,202,0.332784,0.770833,131,72.477860,60.171535,369,358,17,16,1,322,53.256659,132.649395,148.277532,1,1.774279,0.077811,-1.584338,0.016459,-0.787617,-0.064648,0.612543
585,1785980946997537706,2,605,218,0.360331,0.854167,100,75.489587,61.025123,365,350,13,13,0,320,52.935991,136.514710,150.126543,1,1.770465,0.075711,-1.622610,0.015026,-0.786168,-0.064267,0.614479
586,1785980947087538165,2,604,234,0.387417,0.854167,184,78.012935,61.972921,370,364,19,17,2,320,53.715162,139.985856,153.154853,1,1.780084,0.059845,-1.648207,0.011023,-0.788060,-0.060531,0.612516
587,1785980947177537373,2,605,212,0.350413,0.791667,127,72.363901,60.841122,372,362,21,21,0,310,53.839579,133.205023,149.317955,1,1.782344,0.025507,-1.676228,0.002984,-0.789083,-0.058557,0.611482
588,1785980947267539581,2,604,216,0.357616,0.812500,108,72.383442,61.666418,379,371,18,18,0,328,53.756745,134.049860,148.227073,1,1.792987,0.014402,-1.693592,0.000248,-0.791208,-0.053471,0.609205
589,1785980947357540373,2,604,242,0.400662,0.770833,184,73.796492,62.138755,360,352,13,13,0,310,53.306284,135.935247,150.586628,1,1.801228,0.027929,-1.721665,0.003005,-0.791713,-0.049081,0.608912
590,1785980947447542290,2,603,237,0.393035,0.791667,141,70.952225,61.297249,361,351,23,23,0,303,53.480618,132.249474,149.819999,1,1.805559,0.028357,-1.753304,0.002835,-0.792272,-0.048857,0.608202
591,1785980947537542040,2,602,225,0.373754,0.770833,125,70.891058,61.092623,365,359,17,17,0,318,53.544910,131.983681,147.253441,1,1.813487,0.041661,-1.784041,0.005388,-0.792933,-0.047909,0.607398
592,1785980947627541332,2,604,197,0.326159,0.791667,109,74.375412,60.799580,373,360,17,17,0,315,53.507910,135.174992,149.413163,1,1.825552,0.043759,-1.808190,0.005835,-0.794602,-0.044658,0.605457
593,1785980947717540332,2,605,244,0.403306,0.833333,189,74.832623,62.128254,384,364,21,21,0,318,53.536827,136.960877,151.459967,1,1.836468,0.051913,-1.832532,0.007140,-0.796086,-0.042028,0.603680
594,1785980947807541623,2,604,229,0.379139,0.791667,129,72.258983,61.462667,367,357,21,21,0,309,53.572160,133.721650,151.133798,1,1.850376,0.061429,-1.852773,0.009202,-0.797906,-0.034979,0.601696
595,1785980947897543082,2,607,259,0.426689,0.812500,122,69.590925,62.073754,381,370,21,21,0,328,53.703619,131.664679,146.663520,1,1.854521,0.063019,-1.882973,0.008998,-0.798302,-0.030049,0.601440
596,1785980947987547373,2,604,223,0.369205,0.770833,105,71.119893,61.951712,382,372,19,19,0,331,53.686702,133.071605,146.818313,1,1.864680,0.064874,-1.910630,0.009094,-0.799463,-0.028797,0.599956
597,1785980948077541373,2,606,232,0.382838,0.791667,107,72.540359,62.318005,377,366,16,16,0,325,53.684327,134.858364,148.597657,1,1.871590,0.016316,-1.933992,-0.000469,-0.801072,-0.025343,0.598032
598,1785980948167540665,2,607,234,0.385502,0.812500,157,76.728343,62.103879,384,368,18,18,0,327,53.586494,138.832222,149.208202,1,1.885160,0.065526,-1.963970,0.009691,-0.800683,-0.030120,0.598252
599,1785980948257544915,2,607,231,0.380560,0.812500,117,73.336780,61.504291,369,353,16,16,0,315,53.377993,134.841071,149.783289,1,1.903131,0.124071,-1.990286,0.020619,-0.802467,-0.037982,0.595129
600,1785980948347545249,2,604,226,0.374172,0.770833,94,72.758777,61.015955,355,342,19,19,0,305,53.046865,133.774732,145.766264,1,1.917675,0.153420,-2.016001,0.026858,-0.804010,-0.036488,0.592887
601,1785980948437543040,2,602,233,0.387043,0.833333,182,71.927730,61.431042,356,346,17,16,1,314,53.047073,133.358772,146.738728,1,1.917398,0.167702,-2.051924,0.029177,-0.803251,-0.032904,0.594015
602,1785980948527545165,2,605,233,0.385124,0.770833,209,74.891498,61.626625,366,351,17,17,0,309,53.565535,136.518123,155.509406,1,1.936189,0.183674,-2.068953,0.032878,-0.805646,-0.025860,0.590919
603,1785980948617544790,2,608,223,0.366776,0.770833,135,71.678437,61.064830,374,359,14,14,0,328,53.437784,132.743267,150.446333,1,1.952488,0.183110,-2.088544,0.032383,-0.807821,-0.022365,0.588112
604,1785980948707545957,2,605,232,0.383471,0.791667,122,68.542293,60.821038,349,333,13,13,0,301,52.936656,129.363331,143.912169,1,1.950835,0.186356,-2.132293,0.033042,-0.807260,-0.016631,0.589036
605,1785980948797544999,2,602,244,0.405316,0.791667,191,69.896884,61.936711,355,340,15,15,0,302,53.117490,131.833595,145.853931,1,1.942799,0.178446,-2.175157,0.031587,-0.805649,-0.015195,0.591355
606,1785980948887544290,2,601,249,0.414309,0.833333,142,68.452459,61.953669,362,351,21,21,0,302,53.570868,130.406128,148.096860,1,1.945599,0.170512,-2.209697,0.030261,-0.805566,-0.012982,0.591590
607,1785980948977549415,2,602,231,0.383721,0.791667,137,67.728329,61.930752,384,368,9,9,0,335,53.588868,129.659081,146.263016,1,1.938627,0.155655,-2.257149,0.027317,-0.804188,-0.015425,0.593546
608,1785980949067548707,2,604,211,0.349338,0.770833,126,74.333078,60.762495,351,333,16,16,0,299,52.899364,135.095573,150.996919,1,1.944567,0.181497,-2.290865,0.030947,-0.804222,-0.019182,0.593212
609,1785980949157546749,2,604,201,0.332781,0.666667,112,79.660568,60.367534,348,335,12,12,0,308,52.644237,140.028102,154.434731,1,1.944691,0.231900,-2.329598,0.038601,-0.803475,-0.026189,0.593509
610,1785980949247548291,2,609,226,0.371100,0.729167,107,74.887747,60.911621,345,335,16,15,1,305,52.712737,135.799368,150.315415,1,1.947786,0.268453,-2.363793,0.044790,-0.803032,-0.025592,0.593699
611,1785980949337548207,2,606,237,0.391089,0.750000,185,76.606800,61.435207,349,334,24,24,0,295,53.020615,138.042007,152.674970,1,1.936039,0.283815,-2.404521,0.046102,-0.801127,-0.027808,0.596068
612,1785980949427550749,2,606,229,0.377888,0.791667,128,78.118891,61.441915,360,349,14,13,1,312,53.518742,139.560806,156.720786,1,1.933078,0.292220,-2.446152,0.045408,-0.800208,-0.034122,0.597026
613,1785980949517550916,2,607,241,0.397035,0.750000,112,74.984164,61.329623,346,337,12,12,0,309,53.095698,136.313787,151.283670,1,1.914357,0.278029,-2.496824,0.043026,-0.797506,-0.030404,0.601007
614,1785980949607548791,2,603,226,0.374793,0.770833,104,78.649020,60.869745,345,329,18,18,0,298,52.682653,139.518765,154.082687,1,1.901018,0.261760,-2.545133,0.038203,-0.795315,-0.035761,0.603934
615,1785980949697550791,2,606,230,0.379538,0.812500,163,74.738413,61.188372,350,339,16,15,1,310,52.892989,135.926785,149.319867,1,1.884951,0.202294,-2.592536,0.028153,-0.793404,-0.032232,0.607189
616,1785980949787549874,2,608,226,0.371711,0.770833,114,73.855450,60.787161,360,350,14,14,0,319,53.164657,134.642611,151.236795,1,1.876626,0.180471,-2.633641,0.022730,-0.792201,-0.037275,0.608696
617,1785980949877552124,2,607,237,0.390445,0.770833,121,71.592394,61.637583,370,355,15,15,0,319,53.445158,133.229977,147.591188,1,1.865055,0.147923,-2.685147,0.018321,-0.790201,-0.032224,0.611726
618,1785980949967552541,2,604,243,0.402318,0.812500,98,74.986289,61.666208,360,345,20,20,0,313,52.997905,136.652497,150.283371,1,1.849251,0.134855,-2.732722,0.014601,-0.788335,-0.037420,0.613933
619,1785980950057550874,2,606,249,0.410891,0.812500,103,74.461077,61.673624,338,330,21,21,0,288,52.971447,136.134701,149.540325,1,1.841761,0.118072,-2.775294,0.010585,-0.787099,-0.041517,0.615337
620,1785980950147551624,2,607,230,0.378913,0.833333,95,83.129172,61.910126,363,350,13,13,0,308,53.586409,145.039298,158.557588,1,1.844519,0.145082,-2.806117,0.012262,-0.787160,-0.052054,0.614425
621,1785980950237552083,2,603,224,0.371476,0.791667,82,80.629907,61.083204,369,356,13,13,0,324,52.985238,141.713111,154.243104,1,1.835445,0.180458,-2.854505,0.013584,-0.785136,-0.065918,0.615656
622,1785980950327553333,2,607,216,0.355848,0.833333,148,77.996099,61.797916,384,367,7,7,0,339,53.337907,139.794015,152.021673,1,1.828202,0.194808,-2.897967,0.012809,-0.784048,-0.074514,0.616078
623,1785980950417553291,2,605,236,0.390083,0.812500,103,75.035831,61.761500,372,362,14,14,0,321,53.743660,136.797331,152.786594,1,1.837621,0.206370,-2.926265,0.013768,-0.784787,-0.076084,0.614923
624,1785980950507553166,2,604,230,0.380795,0.812500,102,79.962652,61.161705,369,355,17,17,0,312,53.691367,141.124357,154.635022,1,1.863753,0.150433,-2.936476,0.005277,-0.788424,-0.073194,0.610740
625,1785980950597554250,2,604,236,0.390728,0.791667,96,82.232790,62.361836,384,372,15,14,1,334,53.710576,144.594626,157.674540,1,1.873073,0.118158,-2.961574,0.000436,-0.789843,-0.070462,0.609248
626,1785980950687553750,2,604,239,0.395695,0.791667,89,75.069705,61.735249,371,359,22,21,1,318,53.244156,136.804954,149.567283,1,1.895261,0.098291,-2.978054,-0.002208,-0.792414,-0.068032,0.606174
627,1785980950777556916,2,602,229,0.380399,0.812500,79,74.508035,61.972417,384,366,16,16,0,324,53.563492,136.480452,149.182614,1,1.940252,0.114513,-2.982492,0.000854,-0.797102,-0.065701,0.600259
628,1785980950867561291,2,603,241,0.399668,0.812500,167,80.335987,62.164627,371,360,14,14,0,323,53.372407,142.500614,156.065612,1,1.969035,0.084603,-2.996834,-0.002258,-0.800543,-0.060755,0.596183
629,1785980950957554250,2,606,229,0.377888,0.833333,111,73.044651,60.826202,360,350,19,19,0,310,53.181656,133.870853,150.417620,1,2.008672,0.099516,-3.006525,0.002729,-0.804475,-0.052876,0.591622
630,1785980951047555375,2,605,239,0.395041,0.854167,105,79.068396,61.244955,366,351,15,15,0,315,53.167655,140.313351,154.493561,1,2.051414,0.135534,-3.013619,0.010660,-0.808580,-0.046901,0.586417
631,1785980951137556917,2,603,264,0.437811,0.875000,106,73.655905,62.252794,372,354,18,18,0,320,53.082488,135.908699,149.329696,1,2.080436,0.081230,-3.027296,0.006438,-0.811857,-0.034256,0.582815
632,1785980951227556875,2,604,235,0.389073,0.770833,93,73.448320,61.906167,374,351,12,12,0,317,53.227531,135.354487,148.686943,1,2.102041,0.104078,-3.044001,0.012005,-0.813676,-0.027797,0.580530
633,1785980951317559417,2,605,237,0.391736,0.770833,82,75.863418,61.967750,368,357,16,16,0,319,53.354864,137.831168,151.089248,1,2.122649,0.156371,-3.068900,0.020997,-0.814964,-0.024309,0.578621
634,1785980951407556417,2,604,234,0.387417,0.791667,76,72.728648,62.040375,371,360,14,13,1,322,53.446365,134.769023,147.078433,1,2.125077,0.168270,-3.103927,0.023651,-0.814766,-0.021194,0.578920
635,1785980951497558708,2,605,242,0.400000,0.791667,73,79.202312,62.033417,371,354,13,13,0,321,53.184030,141.235729,152.854759,1,2.078539,0.140202,-3.169134,0.017950,-0.809914,-0.023349,0.585809
636,1785980951587556417,2,606,254,0.419142,0.812500,150,74.063199,62.683213,382,365,15,14,1,327,53.430824,136.746412,149.290821,1,2.067130,0.102751,-3.209854,0.011413,-0.808810,-0.026216,0.587374
637,1785980951677559833,2,605,243,0.401653,0.833333,111,79.405023,61.264455,367,356,26,26,0,309,53.560158,140.669478,156.360905,1,2.064646,0.135610,-3.250297,0.013418,-0.808111,-0.033316,0.587934
638,1785980951767559333,2,606,230,0.379538,0.770833,94,71.675351,61.442455,376,365,16,16,0,323,53.781242,133.117806,146.237927,1,2.078390,0.181908,-3.285750,0.018559,-0.808790,-0.037572,0.586602
639,1785980951857560459,2,607,233,0.383855,0.791667,75,78.434891,61.952708,377,362,12,12,0,325,53.428364,140.387599,152.349838,1,2.078691,0.279614,-3.322843,0.030605,-0.807810,-0.042199,0.587133
640,1785980951947559584,2,608,240,0.394737,0.812500,73,75.412289,61.616914,363,346,15,15,0,312,52.956362,137.029203,149.492487,1,2.078366,0.314184,-3.359195,0.034901,-0.807195,-0.043639,0.587634
641,1785980952037560542,2,607,245,0.403624,0.833333,160,76.854423,61.968042,369,359,19,19,0,319,53.267114,138.822465,151.407999,1,2.073502,0.333642,-3.397417,0.036695,-0.806475,-0.045440,0.588376
642,1785980952127559709,2,607,218,0.359143,0.833333,102,73.814279,60.978702,376,367,8,8,0,339,53.376947,134.792981,150.089657,1,2.092008,0.371427,-3.421017,0.043636,-0.807539,-0.039988,0.586837
643,1785980952217558792,2,603,221,0.366501,0.812500,98,72.689315,60.885577,364,355,10,10,0,325,52.791903,133.574892,146.812971,1,2.086231,0.388827,-3.461767,0.048370,-0.806748,-0.033559,0.587956
644,1785980952307560334,2,605,222,0.366942,0.770833,77,77.043507,60.802575,347,334,13,13,0,304,52.701652,137.846082,150.747537,1,2.090241,0.425838,-3.492818,0.054395,-0.806575,-0.030175,0.587850
645,1785980952397562167,2,603,228,0.378109,0.791667,73,76.651130,61.514497,376,363,13,13,0,326,53.280738,138.165627,150.455951,1,2.086142,0.422254,-3.534802,0.055338,-0.805879,-0.026864,0.588877
646,1785980952487562751,2,604,227,0.375828,0.791667,149,78.315598,61.384788,363,350,11,10,1,311,53.142237,139.700386,152.346712,1,2.057512,0.378581,-3.596627,0.049536,-0.803290,-0.025597,0.592973
647,1785980952577564167,2,606,226,0.372937,0.854167,105,75.096704,60.865076,368,357,14,14,0,321,53.191238,135.961780,151.176538,1,2.048847,0.357824,-3.639060,0.046537,-0.802261,-0.025935,0.594592
648,1785980952667563042,2,605,234,0.386777,0.833333,95,76.350878,61.838457,368,356,13,13,0,318,53.212446,138.189335,151.986293,1,2.034686,0.311843,-3.678522,0.041296,-0.800957,-0.022204,0.596883
649,1785980952757562084,2,607,210,0.345964,0.812500,103,74.670284,60.899285,363,353,16,16,0,317,53.011154,135.569569,149.779113,1,2.026990,0.275483,-3.719517,0.037714,-0.800189,-0.018889,0.598263
650,1785980952847563042,2,603,266,0.441128,0.833333,163,75.791082,62.366293,366,349,23,23,0,302,53.254322,138.157375,152.303336,1,1.997653,0.232926,-3.770411,0.028772,-0.797865,-0.025146,0.601625
651,1785980952937565792,2,603,245,0.406302,0.895833,107,77.761427,61.358662,356,341,17,17,0,302,53.128404,139.120089,156.095400,1,1.985554,0.241829,-3.813160,0.026255,-0.796601,-0.032854,0.603040
652,1785980953027564917,2,604,248,0.410596,0.854167,95,72.613939,61.668205,360,346,20,20,0,304,53.040029,134.282144,148.036519,1,1.984611,0.216598,-3.852581,0.022561,-0.796287,-0.033354,0.603578
653,1785980953117563792,2,604,232,0.384106,0.791667,88,75.550831,61.385246,357,344,15,15,0,305,52.996028,136.936077,151.293913,1,1.989928,0.238154,-3.884613,0.024898,-0.796433,-0.034090,0.603251
654,1785980953207564709,2,606,240,0.396040,0.854167,155,79.281145,61.946624,369,355,14,14,0,317,53.297821,141.227769,155.010352,1,1.968893,0.227913,-3.933853,0.023944,-0.794532,-0.033488,0.605826
655,1785980953297565459,2,604,239,0.395695,0.875000,114,74.565283,61.455121,360,345,18,18,0,306,53.423114,136.020404,151.882208,1,1.983900,0.300750,-3.959276,0.028889,-0.795202,-0.042337,0.604175
656,1785980953387567001,2,605,218,0.360331,0.812500,88,78.401640,61.046868,358,342,9,9,0,310,52.963319,139.448508,153.086172,1,1.962800,0.334895,-4.005606,0.028644,-0.793133,-0.051188,0.606218
657,1785980953477567251,2,607,241,0.397035,0.854167,169,76.451502,61.817789,354,339,14,14,0,302,52.972195,138.269291,151.723998,1,1.983609,0.329383,-4.030003,0.026476,-0.794752,-0.053329,0.604007
658,1785980953567568043,2,603,237,0.393035,0.854167,105,78.949518,61.211869,378,367,19,19,0,324,53.334155,140.161387,156.260442,1,2.015648,0.384069,-4.048317,0.031725,-0.796665,-0.056935,0.600896
659,1785980953657568168,2,607,236,0.388797,0.875000,168,75.052578,60.992659,369,349,11,11,0,313,53.030528,136.045237,150.943785,1,2.014097,0.460492,-4.084009,0.038930,-0.795805,-0.062480,0.601062
660,1785980953747566001,2,604,256,0.423841,0.833333,193,75.164453,61.901914,375,360,17,17,0,319,53.479822,137.066367,153.812135,1,2.044813,0.496607,-4.102539,0.040683,-0.797630,-0.067521,0.597973
661,1785980953837570001,2,605,245,0.404959,0.812500,126,77.007297,60.975742,354,344,17,17,0,313,52.759317,137.983039,155.717980,1,2.067700,0.499064,-4.126314,0.043085,-0.799339,-0.062375,0.596079
662,1785980953927568460,2,605,229,0.378512,0.791667,104,74.465782,60.837116,356,337,18,17,1,302,52.952944,135.302898,150.666282,1,2.096907,0.456784,-4.149842,0.041287,-0.801831,-0.053987,0.593673
663,1785980954017568126,2,607,243,0.400330,0.812500,170,77.388216,61.999207,363,344,20,20,0,303,53.364197,139.387423,153.839259,1,2.129391,0.439278,-4.169498,0.042555,-0.804222,-0.046316,0.590991
664,1785980954107568835,2,605,224,0.370248,0.812500,135,79.110226,60.573448,336,327,12,12,0,293,52.916819,139.683674,156.957570,1,2.119612,0.398226,-4.211851,0.038713,-0.803523,-0.042872,0.592464
665,1785980954197567793,2,604,251,0.415563,0.854167,120,72.762646,61.612204,360,343,21,21,0,303,53.163236,134.374850,150.841700,1,2.141636,0.392570,-4.236741,0.038655,-0.804751,-0.041200,0.590918
666,1785980954287567168,2,606,221,0.364686,0.833333,105,74.587616,61.152868,365,347,14,14,0,310,53.178153,135.740484,150.874700,1,2.156591,0.348745,-4.266508,0.035877,-0.806012,-0.035580,0.589739
667,1785980954377567960,2,606,229,0.377888,0.791667,181,75.076993,61.833955,359,345,22,22,0,303,53.434655,136.910948,151.683954,1,2.170947,0.278232,-4.296779,0.027526,-0.807160,-0.035337,0.588631
668,1785980954467571335,2,605,243,0.401653,0.833333,119,79.419686,61.818830,374,364,20,20,0,323,53.586864,141.238516,158.515204,1,2.179677,0.328494,-4.327075,0.032695,-0.807327,-0.037127,0.588027
669,1785980954557569585,2,606,224,0.369637,0.833333,108,72.941397,61.396286,358,344,11,11,0,316,52.990652,134.337683,149.308606,1,2.194726,0.362258,-4.355133,0.036021,-0.808157,-0.037876,0.586643
670,1785980954647571127,2,608,231,0.379934,0.812500,99,76.284000,61.813789,367,356,15,15,0,321,53.164778,138.097789,153.229797,1,2.201086,0.405930,-4.380233,0.040066,-0.808148,-0.039698,0.586273
671,1785980954737570877,2,606,256,0.422442,0.854167,177,77.921635,62.160415,355,345,8,8,0,315,52.868693,140.082050,155.692645,1,2.164528,0.398343,-4.415011,0.038613,-0.805636,-0.040025,0.589795
672,1785980954827570210,2,608,240,0.394737,0.812500,142,72.755396,61.888497,372,364,20,20,0,325,53.671031,134.643893,154.153260,1,2.182130,0.393606,-4.412467,0.037904,-0.806845,-0.040399,0.588160
673,1785980954917571210,2,607,246,0.405272,0.791667,145,74.765699,62.124539,363,354,14,14,0,318,53.084069,136.890238,154.851139,1,2.169174,0.393567,-4.420235,0.037988,-0.805923,-0.039961,0.589448
674,1785980955007573835,2,604,227,0.375828,0.791667,129,76.684919,61.463619,369,353,12,12,0,326,52.939985,138.148538,155.079807,1,2.103662,0.408777,-4.451389,0.039564,-0.801242,-0.039947,0.595693
675,1785980955097572168,2,603,228,0.378109,0.895833,119,82.755081,61.648621,371,354,12,12,0,324,53.071735,144.403702,160.675674,1,1.981419,0.397843,-4.509644,0.038815,-0.792424,-0.038785,0.607498
676,1785980955187573293,2,607,251,0.413509,0.854167,103,81.870033,62.502043,383,367,19,19,0,322,53.545613,144.372076,159.448583,1,1.846677,0.425769,-4.568372,0.041888,-0.782382,-0.038832,0.620174
677,1785980955277572502,2,605,250,0.413223,0.875000,94,77.543758,62.523751,366,356,16,16,0,314,53.277945,140.067509,154.895347,1,1.754876,0.447222,-4.605126,0.044239,-0.775482,-0.038977,0.628611
678,1785980955367573085,2,605,242,0.400000,0.833333,97,77.865593,61.699954,368,357,27,27,0,313,53.322153,139.565547,153.138877,1,1.648221,0.462065,-4.647405,0.045670,-0.767390,-0.039264,0.638346
679,1785980955457571752,2,606,243,0.400990,0.833333,166,80.172148,61.698287,360,352,27,27,0,308,53.292278,141.870435,156.719732,1,1.527720,0.466023,-4.690655,0.046378,-0.758404,-0.038988,0.648962
680,1785980955547572835,2,606,221,0.364686,0.854167,119,77.227630,60.933741,364,357,17,17,0,315,53.471779,138.161371,154.883346,1,1.400008,0.469659,-4.731929,0.046729,-0.748750,-0.038851,0.660061
681,1785980955637573919,2,605,245,0.404959,0.812500,96,76.565584,61.800163,382,369,19,19,0,327,53.589572,138.365747,152.035496,1,1.257179,0.472695,-4.776817,0.047160,-0.737713,-0.038841,0.672345
682,1785980955727576960,2,605,240,0.396694,0.833333,88,79.150767,61.809704,374,367,31,31,0,317,53.456612,140.960471,153.859340,1,1.104525,0.495332,-4.816495,0.049218,-0.725808,-0.039855,0.684976
683,1785980955817573002,2,605,236,0.390083,0.833333,81,79.146725,62.143706,368,360,21,21,0,317,53.389320,141.290431,154.467885,1,0.990334,0.504786,-4.840376,0.049923,-0.717011,-0.040355,0.694100
684,1785980955907577044,2,605,237,0.391736,0.791667,148,81.347321,62.185290,375,363,16,16,0,322,53.500821,143.532611,156.810399,1,0.894783,0.507507,-4.859302,0.050074,-0.709570,-0.040506,0.701685
685,1785980955997575169,2,606,239,0.394389,0.812500,100,75.345160,61.147158,352,347,15,15,0,311,53.025277,136.492318,151.848452,1,0.749913,0.519452,-4.883454,0.050335,-0.698069,-0.042210,0.713011
686,1785980956087575877,2,605,229,0.378512,0.833333,83,77.753882,61.093616,372,363,16,16,0,331,53.163485,138.847498,152.329288,1,0.578448,0.544552,-4.904963,0.051842,-0.684219,-0.044267,0.726083
687,1785980956177577002,2,607,233,0.383855,0.833333,81,79.489101,61.796579,371,364,18,18,0,327,53.369737,141.285680,153.941464,1,0.492684,0.553484,-4.915368,0.052617,-0.677213,-0.044801,0.732534
688,1785980956267578044,2,605,214,0.353719,0.729167,73,83.097665,61.346576,377,372,15,15,0,336,53.162694,144.444241,156.533105,1,0.557029,0.554961,-4.907664,0.052285,-0.682385,-0.045508,0.727699
689,1785980956357578252,2,605,227,0.375207,0.770833,85,80.852442,62.185581,375,369,14,14,0,327,53.721613,143.038023,155.637640,1,0.678803,0.525059,-4.892432,0.049746,-0.692314,-0.043992,0.718534
690,1785980956447578044,2,604,253,0.418874,0.854167,117,80.979943,62.203747,374,369,19,19,0,331,53.416861,143.183690,158.543866,1,0.776607,0.516587,-4.877512,0.049431,-0.700072,-0.042940,0.711064
691,1785980956537579377,2,602,242,0.401993,0.875000,108,79.019515,62.034580,361,354,13,13,0,319,53.142735,141.054095,156.545854,1,0.863106,0.501139,-4.863493,0.048400,-0.706903,-0.041728,0.704418
692,1785980956627579461,2,603,242,0.401327,0.812500,118,78.028926,62.098414,368,361,12,12,0,325,53.200569,140.127340,155.354305,1,0.983297,0.495805,-4.839612,0.048332,-0.716320,-0.040779,0.694900
693,1785980956717582294,2,604,233,0.385762,0.875000,123,78.264969,62.240456,377,369,17,17,0,326,53.644029,140.505425,156.924815,1,1.122622,0.484492,-4.809430,0.047602,-0.727207,-0.040111,0.683589
694,1785980956807582128,2,605,245,0.404959,0.875000,187,77.697340,62.046372,365,359,21,21,0,319,53.363444,139.743712,156.328185,1,1.240294,0.477074,-4.779451,0.046644,-0.736309,-0.040348,0.673829
695,1785980956897580294,2,609,248,0.407225,0.812500,143,80.484815,61.870453,367,359,11,11,0,316,53.383611,142.355268,161.716509,1,1.330339,0.469027,-4.754913,0.045883,-0.743182,-0.039951,0.666318
696,1785980956987580044,2,606,237,0.391089,0.854167,149,77.093586,62.214289,379,364,17,17,0,322,53.417986,139.307875,158.287530,1,1.437281,0.455545,-4.724896,0.044958,-0.751260,-0.039306,0.657299
697,1785980957077581419,2,609,232,0.380952,0.770833,147,78.756138,61.689160,353,346,16,16,0,308,53.084151,140.445298,159.145493,1,1.566371,0.443805,-4.681958,0.043696,-0.761057,-0.039209,0.646023
698,1785980957167580044,2,602,233,0.387043,0.812500,138,76.406874,61.471285,368,359,20,20,0,317,53.129110,137.878159,155.271720,1,1.676734,0.425580,-4.642278,0.041561,-0.769368,-0.039229,0.636244
699,1785980957257593169,2,603,249,0.412935,0.895833,135,77.925799,62.393540,382,372,11,11,0,337,53.246902,140.319339,158.113904,1,1.768021,0.403748,-4.607402,0.039172,-0.776220,-0.039021,0.628033
700,1785980957347584628,2,605,249,0.411570,0.854167,210,82.374284,61.945870,368,357,23,23,0,317,53.375194,144.320154,162.400512,1,1.870590,0.385676,-4.565578,0.037475,-0.783861,-0.038379,0.618615
701,1785980957437580336,2,605,250,0.413223,0.833333,163,80.400897,61.989870,369,351,11,11,0,316,53.185651,142.390767,163.093849,1,1.973568,0.366580,-4.520497,0.035696,-0.791510,-0.037780,0.608942
702,1785980957527589420,2,609,237,0.389163,0.833333,155,73.906817,61.510951,362,345,13,13,0,309,53.460070,135.417768,154.874176,1,2.069196,0.352451,-4.473628,0.034035,-0.798662,-0.037545,0.599643
703,1785980957617582253,2,609,239,0.392447,0.833333,142,78.488427,61.778078,369,359,13,13,0,323,53.237901,140.266505,158.726032,1,2.167050,0.340877,-4.425097,0.032824,-0.805813,-0.037514,0.590069
704,1785980957707585628,2,604,219,0.362583,0.833333,129,74.572071,61.015406,349,343,18,18,0,308,53.002317,135.587477,152.758621,1,2.278312,0.321932,-4.365758,0.031169,-0.813978,-0.036928,0.578882
705,1785980957797586711,2,606,252,0.415842,0.812500,128,74.361902,61.785494,348,335,11,11,0,310,52.541772,136.147396,153.150581,1,2.392403,0.308118,-4.300824,0.030050,-0.822272,-0.036680,0.567116
706,1785980957887586128,2,604,261,0.432119,0.854167,195,75.846870,62.241247,351,343,22,22,0,305,53.019858,138.088117,154.577465,1,2.504362,0.303020,-4.231107,0.029624,-0.830418,-0.037002,0.555121
707,1785980957977585628,2,604,268,0.443709,0.791667,165,73.342729,61.394033,359,350,21,21,0,317,52.890524,134.736762,155.856597,1,2.611339,0.300981,-4.161439,0.029443,-0.838094,-0.037482,0.543439
708,1785980958067584420,2,605,243,0.401653,0.895833,151,78.296051,61.275782,377,361,15,15,0,331,53.001650,139.571833,157.829567,1,2.713878,0.298509,-4.094973,0.029393,-0.845325,-0.037761,0.532105
709,1785980958157586503,2,602,231,0.383721,0.895833,128,75.213865,61.167282,360,352,13,13,0,328,52.727940,136.381147,154.187170,1,2.822020,0.297755,-4.014863,0.029383,-0.853053,-0.038408,0.519579
710,1785980958247586712,2,607,253,0.416804,0.875000,133,77.536171,62.297080,355,344,13,13,0,309,53.031441,139.833251,157.190064,1,2.922643,0.292656,-3.937227,0.029107,-0.860236,-0.038642,0.507595
711,1785980958337588337,2,607,263,0.433278,0.875000,200,79.591725,62.434955,367,356,17,17,0,317,53.167858,142.026680,159.641827,1,3.032265,0.290912,-3.847789,-0.029717,0.868032,0.037841,-0.494171
712,1785980958427586920,2,604,271,0.448675,0.895833,145,75.703284,62.421789,371,364,19,18,1,332,53.395527,138.125073,157.860899,1,3.137239,0.281166,-3.754704,-0.028713,0.875531,0.038735,-0.480750
713,1785980958517587462,2,606,264,0.435644,0.875000,129,74.860154,62.347538,366,357,18,18,0,316,53.486319,137.207692,154.450630,1,3.222722,0.270597,-3.671798,-0.027903,0.881846,0.038507,-0.469134
714,1785980958607587962,2,604,257,0.425497,0.854167,125,79.263222,62.465331,384,378,19,19,0,343,53.441319,141.728553,157.892566,1,3.323612,0.259148,-3.571871,-0.026709,0.889044,0.039684,-0.455315
715,1785980958697589837,2,606,248,0.409241,0.833333,119,79.371932,61.780076,377,370,17,17,0,337,53.022566,141.152008,157.415938,1,3.418807,0.252068,-3.472450,-0.025925,0.895777,0.040898,-0.441858
716,1785980958787588170,2,604,267,0.442053,0.895833,115,78.218133,62.612915,378,371,15,15,0,334,53.172859,140.831048,157.160854,1,3.504300,0.238757,-3.377474,-0.024425,0.901945,0.042507,-0.429060
717,1785980958877586295,2,608,261,0.429276,0.854167,187,78.495926,62.416705,384,374,15,15,0,342,53.208483,140.912631,158.436902,1,3.592804,0.235148,-3.274543,-0.024507,0.908238,0.042919,-0.415526
718,1785980958967589337,2,605,254,0.419835,0.833333,153,77.994215,62.048661,379,370,16,16,0,334,53.406152,140.042876,161.589629,1,3.662938,0.223473,-3.187447,-0.023639,0.913316,0.043053,-0.404278
719,1785980959057591170,2,604,258,0.427152,0.895833,145,78.563509,61.878077,372,369,14,14,0,334,53.227775,140.441586,159.639492,1,3.735551,0.208365,-3.091631,-0.022569,0.918615,0.042614,-0.392200
720,1785980959147590837,2,605,261,0.431405,0.875000,133,81.535819,62.557956,384,374,18,18,0,335,53.399027,144.093775,163.491015,1,3.811329,0.189996,-2.984452,-0.020730,0.924184,0.043750,-0.378867
721,1785980959237592587,2,606,246,0.405941,0.854167,117,82.548742,61.987453,384,379,24,24,0,337,53.440734,144.536195,160.122662,1,3.887281,0.192512,-2.870650,-0.021291,0.929727,0.044890,-0.364882
722,1785980959327590962,2,603,258,0.427861,0.937500,112,79.080346,62.076161,359,353,19,18,1,313,53.025024,141.156507,158.154108,1,3.950147,0.170138,-2.772042,-0.019516,0.934435,0.044433,-0.352813
723,1785980959417592504,2,606,257,0.424092,0.916667,113,80.742605,62.914957,384,379,15,13,2,338,53.541611,143.657562,159.043946,1,4.010581,0.149382,-2.671314,-0.018107,0.939009,0.043322,-0.340672
724,1785980959507590921,2,608,275,0.452303,0.916667,171,87.627730,63.098542,381,371,16,16,0,334,53.446943,150.726272,166.105238,1,4.080626,0.137224,-2.543242,-0.016986,0.944269,0.043546,-0.325839
725,1785980959597593254,2,606,265,0.437294,0.958333,121,78.679051,62.019661,379,369,20,20,0,329,53.423026,140.698712,158.583151,1,4.144306,0.129495,-2.419056,-0.016893,0.949216,0.043416,-0.311156
726,1785980959687592421,2,607,276,0.454695,0.895833,115,76.760415,62.523206,375,367,24,24,0,320,53.818154,139.283621,155.190840,1,4.206008,0.122584,-2.297976,-0.016864,0.953845,0.042778,-0.296758
727,1785980959777591337,2,604,234,0.387417,0.958333,100,82.342657,61.676492,370,363,19,19,0,320,53.217817,144.019149,158.460026,1,4.257943,0.114924,-2.183506,-0.016633,0.957853,0.042145,-0.283664
728,1785980959867593254,2,604,253,0.418874,0.916667,98,79.645515,62.290370,363,359,13,13,0,319,53.433526,141.935885,156.616180,1,4.299762,0.109936,-2.083505,-0.016651,0.961193,0.041256,-0.272265
729,1785980959957595171,2,604,229,0.379139,0.937500,103,84.499669,61.486448,369,360,21,20,1,315,53.479401,145.986117,159.476531,1,4.339635,0.098278,-1.978990,-0.015976,0.964486,0.040536,-0.260515
730,1785980960047594046,2,605,240,0.396694,0.895833,154,78.887219,62.250411,380,374,19,19,0,330,53.751570,141.137630,155.030921,1,4.379781,0.088517,-1.866849,-0.015473,0.967854,0.040269,-0.247785
731,1785980960137593296,2,604,244,0.403974,0.916667,120,74.980196,61.547532,371,368,18,18,0,330,53.456984,136.527728,153.635330,1,4.417480,0.083314,-1.750497,-0.015306,0.971098,0.040735,-0.234682
732,1785980960227595421,2,606,245,0.404290,0.895833,104,79.576347,61.842951,364,355,12,12,0,320,53.037982,141.419298,157.459560,1,4.454700,0.073966,-1.629845,-0.014846,0.974275,0.040714,-0.221155
733,1785980960317595879,2,606,257,0.424092,0.875000,106,77.174833,63.249500,384,376,17,17,0,329,53.922195,140.424333,154.926295,1,4.489166,0.080557,-1.505206,-0.016099,0.977305,0.039560,-0.207486
734,1785980960407593546,2,604,225,0.372517,0.916667,87,80.377894,62.031285,384,378,17,17,0,341,53.518526,142.409179,155.782633,1,4.522959,0.083651,-1.366042,-0.017093,0.980472,0.038439,-0.192106
735,1785980960497596546,2,604,238,0.394040,0.895833,152,77.427960,61.983576,384,377,15,15,0,343,53.298191,139.411536,152.373446,1,4.552750,0.089303,-1.225555,-0.018151,0.983449,0.036773,-0.176483
736,1785980960587598171,2,604,234,0.387417,0.895833,103,72.228346,61.216031,384,371,27,26,1,321,53.591152,133.444377,149.335345,1,4.583724,0.070519,-1.051999,-0.016779,0.986942,0.033998,-0.156553
737,1785980960677594588,2,602,238,0.395349,0.916667,89,82.783533,61.874075,384,374,16,16,0,335,53.491192,144.657608,158.426648,1,4.607169,0.050935,-0.909886,-0.015375,0.989781,0.030817,-0.138376
738,1785980960767595213,2,604,245,0.405629,0.916667,159,76.564455,62.184744,377,364,17,17,0,320,53.516193,138.749199,151.610608,1,4.625570,0.025473,-0.769985,-0.012855,0.992206,0.030307,-0.120185
739,1785980960857595379,2,605,231,0.381818,0.916667,175,73.558937,61.549531,384,380,12,12,0,345,53.630943,135.108468,153.003616,1,4.640637,0.080406,-0.658743,-0.018845,0.993717,0.035164,-0.104574
740,1785980960947597046,2,603,242,0.401327,0.958333,115,78.159255,61.479864,384,372,24,24,0,325,53.751152,139.639119,157.112765,1,4.650739,0.102253,-0.574278,-0.021568,0.994942,0.035780,-0.091347
741,1785980961037600213,2,603,240,0.398010,0.875000,181,77.661502,61.556365,365,357,20,19,1,316,53.135856,139.217867,154.629876,1,4.654365,0.107977,-0.559298,-0.022516,0.995269,0.040636,-0.085332
742,1785980961127600463,2,602,219,0.363787,0.916667,178,77.918420,60.571360,360,353,14,14,0,323,53.136648,138.489780,155.685923,1,4.658335,0.100730,-0.524012,-0.021908,0.995879,0.041684,-0.077507
743,1785980961217601380,2,604,237,0.392384,0.937500,129,74.340816,61.490240,374,364,17,17,0,327,53.502901,135.831056,152.242986,1,4.658884,0.082856,-0.570982,-0.019639,0.995802,0.041717,-0.079071
744,1785980961307600713,2,604,238,0.394040,0.916667,206,80.637478,62.144285,382,373,20,18,2,329,53.618901,142.781763,159.489987,1,4.662681,0.069426,-0.599993,-0.017751,0.995773,0.043722,-0.078796
745,1785980961397601671,2,603,231,0.383085,0.916667,214,77.306500,61.460864,365,353,9,9,0,317,53.199440,138.767364,160.380909,1,4.663097,0.077398,-0.680002,-0.017991,0.995035,0.051182,-0.083439
746,1785980961487600963,2,604,246,0.407285,0.937500,227,79.364804,61.610115,360,341,7,7,0,310,53.125064,140.974919,163.159383,1,4.666971,0.101384,-0.712418,-0.019973,0.994666,0.057659,-0.083165
747,1785980961577601088,2,601,213,0.354409,0.937500,136,78.903425,60.622109,361,355,13,13,0,319,53.117314,139.525534,158.373605,1,4.671583,0.154999,-0.748313,-0.025253,0.994378,0.060276,-0.083315
748,1785980961667603005,2,602,215,0.357143,0.958333,191,74.990403,61.453447,369,364,18,18,0,324,53.370775,136.443850,154.776834,1,4.671083,0.147599,-0.823324,-0.024055,0.994163,0.058420,-0.087459
749,1785980961757604880,2,603,233,0.386401,0.937500,227,76.206909,61.463031,378,369,22,22,0,322,53.555483,137.669940,158.335354,1,4.667735,0.114217,-0.909312,-0.020253,0.994089,0.052067,-0.093086
750,1785980961847604380,2,603,233,0.386401,0.895833,234,78.581131,61.226237,353,342,15,15,0,303,53.176440,139.807368,163.216507,1,4.671203,0.136396,-0.942946,-0.022907,0.994364,0.043345,-0.094004
751,1785980961937604172,2,605,247,0.408264,0.916667,229,77.806835,61.568781,362,347,14,14,0,313,53.088022,139.375616,162.255377,1,4.672608,0.128946,-0.988141,-0.022276,0.994458,0.037909,-0.095495
752,1785980962027604755,2,605,232,0.383471,0.854167,155,75.295153,61.521614,371,360,12,12,0,318,53.579859,136.816767,160.139531,1,4.677932,0.143956,-1.012069,-0.023684,0.994544,0.036922,-0.094644
753,1785980962117601547,2,603,224,0.371476,0.875000,203,74.697858,61.083153,377,366,19,19,0,316,53.568608,135.781011,155.451586,1,4.677761,0.154165,-1.074998,-0.024323,0.994200,0.038132,-0.097579
754,1785980962207604005,2,604,230,0.380795,0.895833,152,74.564441,61.606698,384,371,15,15,0,330,53.511192,136.171139,157.822809,1,4.678674,0.129163,-1.112883,-0.021202,0.994165,0.040251,-0.097805
755,1785980962297605672,2,604,238,0.394040,0.895833,225,73.421976,61.828115,384,372,14,14,0,329,53.473899,135.250091,155.806672,1,4.681720,0.097298,-1.139610,-0.018102,0.994468,0.035651,-0.097131
756,1785980962387606505,2,605,244,0.403306,0.854167,231,74.659483,61.950032,369,361,20,19,1,315,53.463441,136.609515,158.678313,1,4.688217,0.068715,-1.149952,-0.015781,0.994932,0.030144,-0.094616
757,1785980962477608797,2,607,241,0.397035,0.875000,237,73.402392,61.680739,356,347,10,10,0,316,53.064480,135.083131,158.370561,1,4.693875,0.081817,-1.165848,-0.016932,0.995064,0.030286,-0.092970
758,1785980962567607130,2,607,246,0.405272,0.812500,247,73.853478,62.233743,378,369,18,18,0,326,53.946569,136.087221,160.465990,1,4.699318,0.097139,-1.192362,-0.018384,0.995081,0.031362,-0.092155
759,1785980962657604422,2,606,262,0.432343,0.854167,269,70.469375,62.109159,358,350,20,20,0,310,53.224648,132.578534,157.454639,1,4.709462,0.120547,-1.197068,-0.020638,0.995325,0.031544,-0.088922
760,1785980962747604464,2,605,231,0.381818,0.875000,187,68.002818,61.056944,361,354,12,12,0,317,53.246148,129.059762,155.410002,1,4.714048,0.156118,-1.233174,-0.024128,0.995212,0.031317,-0.089392
761,1785980962837606464,2,605,268,0.442975,0.854167,259,70.747835,62.120367,363,353,13,13,0,318,52.998896,132.868202,157.181470,1,4.716217,0.184943,-1.273805,-0.026533,0.995009,0.034077,-0.089953
762,1785980962927607047,2,606,275,0.453795,0.937500,269,73.831811,62.446702,382,372,18,18,0,322,53.494316,136.278513,163.088338,1,4.721629,0.229435,-1.302426,-0.030824,0.994881,0.035409,-0.089487
763,1785980963017604589,2,608,282,0.463816,0.937500,182,72.738930,63.374249,384,371,12,12,0,322,53.769609,136.113179,161.742080,1,4.711291,0.217922,-1.399967,-0.028839,0.994195,0.040134,-0.095572
764,1785980963107605589,2,606,269,0.443894,0.916667,244,75.011943,62.449369,384,378,19,19,0,334,53.682984,137.461312,159.565609,1,4.708772,0.223016,-1.461229,-0.027061,0.993365,0.054830,-0.097407
765,1785980963197606714,2,604,238,0.394040,0.895833,219,71.048003,61.292195,355,344,16,15,1,307,53.122480,132.340198,156.646175,1,4.711587,0.238458,-1.501653,-0.026061,0.992484,0.069700,-0.097152
766,1785980963287609089,2,604,248,0.410596,0.875000,225,73.140140,61.575113,358,350,26,26,0,297,53.249314,134.715253,158.180101,1,4.714552,0.305348,-1.538204,-0.031164,0.991544,0.080024,-0.097287
767,1785980963377608047,2,607,225,0.370675,0.854167,207,75.262485,60.914109,365,355,20,20,0,310,53.182022,136.176594,159.045605,1,4.709643,0.271275,-1.600593,-0.025820,0.990849,0.087368,-0.099589
768,1785980963467613131,2,606,231,0.381188,0.833333,218,73.923644,61.037610,352,346,15,15,0,310,52.869145,134.961254,158.027307,1,4.708180,0.220462,-1.646774,-0.019771,0.990822,0.088248,-0.100469
769,1785980963557608006,2,606,218,0.359736,0.812500,220,80.569100,60.191189,338,328,18,18,0,290,52.747645,140.760289,161.433702,1,4.718404,0.242098,-1.655807,-0.020092,0.990263,0.097105,-0.097709
770,1785980963647609672,2,606,229,0.377888,0.833333,225,77.217081,60.868817,345,336,12,12,0,306,52.827062,138.085898,160.733907,1,4.727715,0.252850,-1.675156,-0.020845,0.990432,0.096796,-0.096128
771,1785980963737608423,2,606,213,0.351485,0.854167,216,77.735167,60.141771,349,338,9,9,0,312,52.700519,137.876938,160.205611,1,4.725597,0.291280,-1.730502,-0.024161,0.990068,0.097209,-0.098647
772,1785980963827609173,2,606,224,0.369637,0.854167,227,74.241230,60.661774,351,344,16,16,0,302,53.062938,134.903004,159.526815,1,4.710555,0.273675,-1.820245,-0.021896,0.989732,0.095355,-0.104201
773,1785980963917614964,2,606,213,0.351485,0.854167,149,79.979430,60.209188,344,334,16,16,0,301,52.509476,140.188618,160.808281,1,4.730166,0.284886,-1.811450,-0.026038,0.991205,0.082780,-0.099912
774,1785980964007613131,2,603,227,0.376451,0.875000,197,78.721922,61.087610,351,339,19,19,0,292,53.284898,139.809532,159.789233,1,4.725776,0.255936,-1.870620,-0.023968,0.991392,0.077451,-0.102804
775,1785980964097615589,2,605,211,0.348760,0.833333,134,75.580278,59.921311,333,324,21,21,0,285,52.733560,135.501589,157.347052,1,4.709046,0.232501,-1.959796,-0.022126,0.991166,0.072572,-0.108786
776,1785980964187609756,2,609,213,0.349754,0.833333,122,78.668589,60.935776,351,343,15,15,0,305,53.350481,139.604365,159.284647,1,4.702576,0.212360,-2.015987,-0.017620,0.990481,0.079848,-0.110727
777,1785980964277611881,2,607,208,0.342669,0.750000,182,75.844905,60.555190,352,333,22,22,0,286,53.455356,136.400095,156.117003,1,4.688590,0.164330,-2.090440,-0.009912,0.989568,0.087068,-0.114355
778,1785980964367612006,2,606,207,0.341584,0.770833,125,75.889738,60.314813,365,346,18,18,0,306,52.926478,136.204551,155.689124,1,4.688560,0.141270,-2.132010,-0.007128,0.989503,0.087631,-0.114695
779,1785980964457611631,2,605,189,0.312397,0.729167,98,75.611529,59.599142,346,334,22,22,0,294,53.083312,135.210671,153.466362,1,4.679834,0.092345,-2.193174,-0.001841,0.989342,0.086711,-0.116966
780,1785980964547613923,2,603,197,0.326700,0.854167,94,74.991733,60.252563,343,331,26,26,0,281,53.343231,135.244296,151.900352,1,4.667241,0.019946,-2.255792,0.005865,0.989082,0.086196,-0.119385
781,1785980964637614965,2,605,178,0.294215,0.791667,85,75.263734,59.521183,348,333,21,20,1,296,53.039562,134.784917,151.402682,1,4.665649,-0.049570,-2.288773,0.013799,0.988909,0.088326,-0.118602
782,1785980964727614506,2,605,158,0.261157,0.708333,148,77.773458,58.932222,349,335,20,20,0,297,52.961311,136.705680,152.814650,1,4.650376,-0.124798,-2.344718,0.023806,0.987934,0.095276,-0.119760
783,1785980964817614715,2,605,145,0.239669,0.770833,91,76.843743,58.798388,342,332,13,13,0,301,53.090187,135.642131,151.808726,1,4.676508,-0.155587,-2.324359,0.023996,0.989350,0.087159,-0.114079
784,1785980964907616340,2,603,164,0.271973,0.687500,82,78.240710,58.890138,348,330,16,16,0,295,52.847894,137.130848,152.248770,1,4.694337,-0.213481,-2.291697,0.030934,0.989574,0.091031,-0.107239
785,1785980964997616131,2,604,159,0.263245,0.750000,145,79.302716,59.384932,351,340,15,14,1,311,52.817269,138.687648,153.751237,1,4.768353,-0.209199,-2.115879,0.028394,0.991611,0.090330,-0.087985
786,1785980965087617965,2,605,158,0.261157,0.708333,62,80.008596,58.719970,352,341,17,17,0,308,53.010061,138.728566,152.691106,1,4.740010,-0.218109,-2.131694,0.027960,0.991646,0.089566,-0.088513
787,1785980965177617048,2,606,166,0.273927,0.729167,87,79.118757,59.573308,347,333,12,12,0,296,53.186563,138.692065,154.491783,1,4.765341,-0.196162,-2.100736,0.028047,0.991611,0.090773,-0.087642
788,1785980965267615965,2,605,169,0.279339,0.770833,117,79.836636,59.624351,354,338,19,19,0,301,53.286022,139.460987,158.046929,1,4.769197,-0.206264,-2.112195,0.027979,0.991675,0.090072,-0.087659
789,1785980965357618298,2,605,166,0.274380,0.750000,118,80.851350,59.377432,345,329,13,13,0,292,52.975144,140.228782,159.632354,1,4.769166,-0.207039,-2.112727,0.028065,0.991666,0.090144,-0.087669
790,1785980965447622590,2,607,159,0.261944,0.708333,118,78.234043,59.154723,348,337,19,19,0,298,53.310355,137.388766,155.501246,1,4.769676,-0.207085,-2.111129,0.028059,0.991691,0.090086,-0.087444
791,1785980965537618090,2,606,149,0.245875,0.687500,119,83.553824,59.358474,349,341,12,12,0,309,52.959811,142.912298,161.251530,1,4.770010,-0.206496,-2.110616,0.027994,0.991700,0.090055,-0.087394
792,1785980965627617507,2,605,161,0.266116,0.729167,116,83.636616,59.465183,349,335,12,12,0,305,52.872310,143.101799,160.180899,1,4.770254,-0.206317,-2.109455,0.027973,0.991713,0.090003,-0.087307
793,1785980965717617423,2,605,160,0.264463,0.750000,118,83.419657,59.179723,345,325,14,14,0,296,52.583559,142.599380,161.707158,1,4.770072,-0.207320,-2.110171,0.028075,0.991704,0.090039,-0.087340
794,1785980965807619924,2,606,154,0.254125,0.687500,116,83.714534,59.270931,344,330,15,15,0,297,52.851143,142.985465,161.925492,1,4.770461,-0.208117,-2.110141,0.028090,0.991714,0.089964,-0.087296
795,1785980965897621340,2,606,158,0.260726,0.708333,113,83.449740,59.071472,341,326,18,18,0,288,52.748310,142.521212,160.590567,1,4.770344,-0.205887,-2.109567,0.027927,0.991709,0.090059,-0.087311
796,1785980965987618382,2,606,166,0.273927,0.708333,116,83.687616,59.661892,344,333,17,16,1,297,52.980061,143.349508,162.811955,1,4.770382,-0.205976,-2.110308,0.027881,0.991716,0.089957,-0.087347
797,1785980966077618590,2,605,157,0.259504,0.708333,118,83.716574,59.539391,351,343,18,17,1,311,52.994811,143.255965,161.719740,1,4.770048,-0.204686,-2.111006,0.027883,0.991686,0.090219,-0.087418
798,1785980966167621590,2,606,169,0.278878,0.750000,114,83.474865,59.520641,355,342,17,17,0,307,52.822268,142.995506,159.221476,1,4.770460,-0.202957,-2.110361,0.027675,0.991700,0.090184,-0.087363
799,1785980966257622299,2,605,156,0.257851,0.708333,115,83.598074,59.266056,333,318,11,11,0,287,52.720059,142.864130,161.430322,1,4.769869,-0.204920,-2.111243,0.027823,0.991699,0.090057,-0.087457
800,1785980966347621299,2,606,149,0.245875,0.687500,120,83.603198,59.260305,347,330,10,10,0,299,52.854059,142.863503,161.249445,1,4.770685,-0.203405,-2.109516,0.027724,0.991709,0.090109,-0.087321
801,1785980966437621549,2,606,160,0.264026,0.750000,111,83.556781,59.447640,361,341,19,19,0,302,53.002227,143.004421,161.044776,1,4.770329,-0.204786,-2.110008,0.027840,0.991705,0.090088,-0.087349
802,1785980966527622174,2,606,164,0.270627,0.687500,117,83.661282,59.664350,358,340,16,15,1,307,53.004978,143.325632,160.769109,1,4.769147,-0.204727,-2.112081,0.027924,0.991670,0.090269,-0.087540
803,1785980966617619257,2,607,164,0.270181,0.729167,112,83.860408,59.568516,355,341,14,14,0,312,52.920810,143.428924,161.660697,1,4.770139,-0.204984,-2.110284,0.027820,0.991710,0.090007,-0.087388
804,1785980966707620674,2,605,168,0.277686,0.729167,114,85.068915,59.663683,347,335,19,19,0,297,53.037144,144.732598,162.878413,1,4.769967,-0.204984,-2.110502,0.027834,0.991706,0.090015,-0.087412
805,1785980966797621174,2,605,161,0.266116,0.666667,110,84.084742,59.382430,361,342,15,15,0,310,52.966394,143.467172,161.030693,1,4.769690,-0.205645,-2.110604,0.027919,0.991700,0.090032,-0.087437
806,1785980966887619091,2,605,171,0.282645,0.729167,121,83.722407,59.813684,349,331,15,15,0,297,52.881268,143.536091,162.313491,1,4.770145,-0.205871,-2.110377,0.027886,0.991714,0.089941,-0.087389
807,1785980966977620341,2,605,156,0.257851,0.708333,113,83.475822,59.311972,347,328,15,15,0,293,52.915810,142.787794,161.124859,1,4.769372,-0.207202,-2.111285,0.028023,0.991704,0.089925,-0.087476
808,1785980967067621799,2,606,163,0.268977,0.708333,120,83.651614,59.757891,349,332,15,15,0,298,52.976644,143.409505,162.433159,1,4.769708,-0.206598,-2.110857,0.027943,0.991711,0.089910,-0.087431
809,1785980967157623882,2,605,146,0.241322,0.625000,120,83.709906,58.888511,336,319,14,14,0,284,52.778851,142.598417,160.550732,1,4.770284,-0.207544,-2.109599,0.027951,0.991738,0.089730,-0.087312
810,1785980967247621133,2,605,146,0.241322,0.645833,118,83.102903,59.091638,347,335,15,15,0,301,52.935893,142.194541,161.038359,1,4.770876,-0.206020,-2.108971,0.027817,0.991738,0.089842,-0.087232
