frame_id,stamp_ns,tracking_state,keypoints,valid_depths,valid_depth_ratio,depth_grid_coverage,tracked_inliers,feature_extract_ms,stereo_match_ms,hybrid_candidates,hybrid_fine_matches,hybrid_accepted,hybrid_added,hybrid_replaced,hybrid_rejected,hybrid_ms,frontend_ms,track_total_ms,pose_valid,tcw_tx,tcw_ty,tcw_tz,tcw_qx,tcw_qy,tcw_qz,tcw_qw
0,1785981014857825780,2,604,194,0.321192,0.770833,194,86.779843,65.059778,344,335,14,14,0,295,57.677450,151.839621,155.568181,1,0.000000,0.000000,0.000000,0.000000,0.000000,0.000000,1.000000
1,1785981014947829822,2,606,183,0.301980,0.791667,166,83.384451,61.044842,343,335,12,12,0,301,53.903306,144.429293,169.515417,1,0.000041,0.000123,0.000097,0.000058,-0.000036,0.000073,1.000000
2,1785981015037831697,2,605,197,0.325620,0.770833,157,85.643504,61.179300,359,348,17,17,0,308,53.755264,146.822804,168.114451,1,-0.000037,0.000036,0.000008,0.000071,0.000059,0.000055,1.000000
3,1785981015127832739,2,606,200,0.330033,0.770833,159,81.854569,61.211384,339,333,16,16,0,292,53.711556,143.065953,165.440687,1,-0.000043,0.000033,0.000058,0.000012,0.000033,-0.000212,1.000000
4,1785981015217828864,2,602,208,0.345515,0.812500,155,79.520432,60.852799,338,331,16,16,0,293,53.226636,140.373231,163.948680,1,-0.000049,0.000008,0.000013,-0.000031,-0.000003,-0.000154,1.000000
5,1785981015307830572,2,602,200,0.332226,0.812500,151,80.442603,60.505880,350,341,20,19,1,304,53.296220,140.948483,163.312552,1,-0.000015,0.000032,-0.000129,0.000099,-0.000043,-0.000094,1.000000
6,1785981015397832489,2,602,200,0.332226,0.812500,161,79.367473,60.657798,338,327,14,14,0,292,53.206595,140.025271,162.134254,1,-0.000014,0.000065,-0.000022,0.000126,-0.000043,-0.000071,1.000000
7,1785981015487831447,2,606,199,0.328383,0.791667,151,79.828267,60.671965,342,332,17,17,0,292,53.371637,140.500232,157.002104,1,-0.000015,0.000032,-0.000007,0.000131,0.000042,-0.000036,1.000000
8,1785981015577832281,2,604,211,0.349338,0.812500,158,79.703558,61.778345,353,345,13,13,0,304,53.827598,141.481903,157.589023,1,-0.000085,0.000042,0.000027,0.000014,0.000017,-0.000331,1.000000
9,1785981015667832281,2,602,207,0.343854,0.770833,150,79.592599,60.847173,348,337,17,17,0,299,53.273553,140.439772,153.580045,1,-0.000082,0.000044,-0.000029,0.000091,0.000106,-0.000002,1.000000
10,1785981015757832447,2,606,199,0.328383,0.812500,161,79.631308,60.565339,334,324,14,14,0,290,53.091510,140.196647,155.961265,1,-0.000078,0.000012,0.000159,-0.000090,0.000069,-0.000093,1.000000
11,1785981015847833989,2,604,202,0.334437,0.833333,158,79.578765,60.954257,356,348,15,15,0,310,53.562846,140.533022,153.959505,1,-0.000093,-0.000023,0.000172,-0.000139,0.000192,0.000128,1.000000
12,1785981015937834364,2,604,211,0.349338,0.791667,155,79.780225,61.014050,336,328,14,14,0,292,53.246095,140.794275,153.782796,1,-0.000096,0.000040,0.000096,-0.000053,0.000145,-0.000079,1.000000
13,1785981016027836406,2,604,207,0.342715,0.791667,152,79.512974,61.531551,346,337,11,11,0,301,53.608138,141.044525,154.867843,1,-0.000465,0.000334,0.000357,0.000059,0.000292,-0.000331,1.000000
14,1785981016117834823,2,604,208,0.344371,0.812500,147,81.785942,60.939923,338,329,17,17,0,287,53.367220,142.725865,156.485017,1,-0.000091,0.000038,0.000058,0.000005,0.000047,-0.000163,1.000000
15,1785981016207836114,2,602,200,0.332226,0.750000,146,79.274847,61.110674,364,353,19,19,0,310,53.637305,140.385521,153.213417,1,-0.000021,-0.000002,0.000050,-0.000027,0.000008,-0.000179,1.000000
16,1785981016297835906,2,602,210,0.348837,0.833333,149,79.512015,60.990174,350,342,20,20,0,299,53.447262,140.502189,154.120963,1,-0.000081,0.000007,0.000132,-0.000109,0.000052,-0.000123,1.000000
17,1785981016387838156,2,606,200,0.330033,0.770833,143,83.196241,60.691755,333,325,12,12,0,293,53.106010,143.887996,157.925232,1,-0.000017,0.000024,0.000020,0.000029,0.000110,0.000270,1.000000
18,1785981016477833073,2,602,204,0.338870,0.812500,146,82.968698,60.673506,340,333,12,11,1,303,52.897259,143.642204,155.586387,1,0.000006,0.000011,0.000033,0.000014,0.000065,0.000220,1.000000
19,1785981016567833864,2,602,201,0.333887,0.812500,150,80.376143,60.699964,344,337,16,16,0,299,53.293553,141.076107,154.765924,1,0.000045,-0.000002,0.000204,-0.000064,0.000099,0.000292,1.000000
20,1785981016657833948,2,604,193,0.319536,0.791667,148,80.508353,60.958382,349,340,14,14,0,302,53.557304,141.466735,156.075973,1,-0.000113,0.000038,-0.000050,-0.000004,0.000167,0.000065,1.000000
21,1785981016747835531,2,604,202,0.334437,0.791667,151,79.551640,60.755630,344,336,9,9,0,306,53.078635,140.307270,155.362886,1,-0.000101,0.000125,0.000081,0.000122,0.000227,0.000319,1.000000
22,1785981016837836073,2,604,202,0.334437,0.812500,140,79.963891,61.087091,350,343,14,13,1,306,53.479929,141.050982,155.208343,1,0.000020,-0.000044,0.000271,-0.000152,0.000156,0.000228,1.000000
23,1785981016927837781,2,602,198,0.328904,0.812500,148,81.567899,60.770547,351,344,14,14,0,309,53.372928,142.338446,157.466438,1,-0.000041,0.000002,0.000049,-0.000011,0.000113,0.000163,1.000000
24,1785981017017838698,2,604,200,0.331126,0.791667,151,79.452430,61.237716,360,350,12,12,0,317,53.514554,140.690146,156.729934,1,0.000040,-0.000018,0.000244,-0.000123,0.000092,0.000210,1.000000
25,1785981017107836531,2,604,212,0.350993,0.791667,148,81.572191,60.957923,340,329,14,14,0,290,53.078176,142.530114,157.264061,1,-0.000031,-0.000023,0.000097,-0.000070,0.000134,0.000191,1.000000
26,1785981017197836115,2,604,204,0.337748,0.812500,150,79.705557,61.058923,340,329,17,16,1,292,53.370761,140.764480,156.074721,1,-0.000054,0.000023,0.000074,-0.000022,0.000216,0.000342,1.000000
27,1785981017287838531,2,609,196,0.321839,0.812500,112,78.726176,60.935631,346,341,15,15,0,303,53.575054,139.661807,151.814284,1,0.000162,-0.000001,-0.001348,-0.001305,-0.000366,0.001199,0.999998
28,1785981017377837781,2,607,204,0.336079,0.812500,103,78.454258,61.253133,344,338,19,19,0,293,53.588471,139.707391,149.516898,1,-0.001807,0.001528,-0.012358,-0.003361,-0.003879,0.001652,0.999985
29,1785981017467838781,2,606,194,0.320132,0.750000,101,82.489403,60.277128,341,327,17,17,0,289,52.920092,142.766531,153.132374,1,0.000340,-0.001540,-0.036247,0.001155,-0.003464,0.000515,0.999993
30,1785981017557841865,2,605,204,0.337190,0.770833,84,82.345361,60.773297,357,351,23,22,1,306,53.514762,143.118658,152.766956,1,-0.001344,-0.004338,-0.069496,0.007728,-0.004922,-0.004362,0.999949
31,1785981017647841782,2,604,204,0.337748,0.812500,151,80.627561,60.716505,339,331,23,23,0,278,53.437677,141.344066,150.870654,1,-0.005121,-0.004982,-0.107128,0.013664,-0.004977,-0.011096,0.999833
32,1785981017737845490,2,605,214,0.353719,0.812500,165,85.956212,61.499884,356,346,20,20,0,299,53.815763,147.456096,158.288524,1,-0.005796,0.000559,-0.137034,0.004981,-0.008329,-0.013470,0.999862
33,1785981017827844198,2,609,239,0.392447,0.833333,181,81.785233,62.345055,356,352,19,19,0,302,53.881347,144.130288,157.439061,1,-0.002395,0.004741,-0.167341,0.002798,-0.007899,-0.015040,0.999852
34,1785981017917843573,2,606,208,0.343234,0.833333,128,82.040068,61.100966,358,348,18,18,0,308,53.463678,143.141034,154.808131,1,-0.001559,0.006483,-0.207713,0.014628,-0.009016,-0.018298,0.999685
35,1785981018007842407,2,604,213,0.352649,0.833333,174,82.037693,61.169132,358,346,14,14,0,314,53.197177,143.206825,154.745548,1,-0.001595,0.009158,-0.247958,0.024724,-0.008660,-0.020135,0.999454
36,1785981018097845657,2,604,196,0.324503,0.750000,100,78.329341,60.282128,353,344,17,17,0,308,53.133260,138.611469,149.499730,1,-0.002963,0.013546,-0.280870,0.025125,-0.008002,-0.023264,0.999382
37,1785981018187844573,2,603,199,0.330017,0.833333,95,81.802149,60.773963,362,354,15,15,0,314,53.484511,142.576112,153.542541,1,-0.000415,0.017460,-0.314067,0.023194,-0.010511,-0.023507,0.999399
38,1785981018277843740,2,602,195,0.323920,0.791667,146,80.925145,60.642504,360,346,20,20,0,304,53.305760,141.567649,152.237993,1,0.004468,0.018384,-0.343451,0.012424,-0.017656,-0.022504,0.999514
39,1785981018367843240,2,603,205,0.339967,0.770833,102,77.726422,60.675504,361,351,20,20,0,314,53.152801,138.401926,149.776565,1,0.008492,0.020522,-0.376316,0.011152,-0.016115,-0.019160,0.999624
40,1785981018457847449,2,607,179,0.294893,0.708333,93,81.248189,60.320628,344,338,11,11,0,305,53.089842,141.568817,153.314957,1,0.009981,0.020306,-0.411357,0.011891,-0.016762,-0.019783,0.999593
41,1785981018547847907,2,604,204,0.337748,0.750000,85,79.188845,60.609212,359,345,18,18,0,305,53.075259,139.798057,150.293734,1,0.016300,0.025225,-0.444400,0.015639,-0.023263,-0.014388,0.999503
42,1785981018637847032,2,606,191,0.315182,0.729167,142,81.930899,60.989631,360,349,20,19,1,306,53.539678,142.920530,153.181414,1,0.018498,0.028795,-0.469036,0.008889,-0.027269,-0.017486,0.999436
43,1785981018727848990,2,607,219,0.360791,0.750000,107,75.081492,61.844510,351,340,15,14,1,306,53.289885,136.926002,148.663142,1,0.023658,0.029769,-0.499930,0.003725,-0.031989,-0.014917,0.999370
44,1785981018817851657,2,605,209,0.345455,0.791667,79,79.240554,61.792760,347,335,11,11,0,295,53.560928,141.033314,151.116237,1,0.027175,0.027173,-0.527575,-0.008568,-0.037501,-0.016685,0.999121
45,1785981018907847407,2,606,212,0.349835,0.770833,78,77.096668,61.510925,357,349,16,16,0,304,53.472303,138.607593,148.380349,1,0.035024,0.022541,-0.565290,-0.014116,-0.043208,-0.012562,0.998887
46,1785981018997851074,2,602,217,0.360465,0.770833,79,77.954963,61.795218,346,342,14,14,0,292,53.557803,139.750181,149.279270,1,0.041349,0.024861,-0.598661,-0.011056,-0.045423,-0.005541,0.998891
47,1785981019087845532,2,606,225,0.371287,0.770833,77,77.457337,61.456091,347,336,17,17,0,284,53.470135,138.913428,148.407515,1,0.048800,0.028208,-0.635051,-0.006366,-0.050539,-0.000487,0.998702
48,1785981019177847449,2,605,227,0.375207,0.770833,151,77.432002,62.004552,358,352,23,23,0,301,53.812971,139.436554,149.596104,1,0.059382,0.028561,-0.673491,-0.005764,-0.057219,0.003479,0.998339
49,1785981019267849366,2,606,236,0.389439,0.791667,94,73.062023,61.707634,352,343,17,17,0,300,53.346719,134.769657,145.389459,1,0.073188,0.037388,-0.711488,0.004067,-0.063752,0.017244,0.997809
50,1785981019357850407,2,606,219,0.361386,0.812500,80,78.724092,61.050006,367,351,27,27,0,304,53.288926,139.774098,149.462062,1,0.088583,0.039785,-0.743751,0.003144,-0.068801,0.029243,0.997197
51,1785981019447847824,2,604,216,0.357616,0.791667,74,79.483554,60.880505,338,329,20,20,0,292,52.985133,140.364059,149.662396,1,0.089461,0.040970,-0.772978,0.002982,-0.063634,0.035826,0.997326
52,1785981019537847491,2,604,226,0.374172,0.812500,158,77.836796,61.159257,351,342,19,19,0,305,53.160968,138.996053,148.902934,1,0.088781,0.049588,-0.806859,0.008141,-0.059115,0.035698,0.997579
53,1785981019627848741,2,603,217,0.359867,0.791667,111,74.224028,60.627504,351,340,20,19,1,299,53.215759,134.851532,147.498260,1,0.089803,0.056751,-0.845299,0.012599,-0.056698,0.037537,0.997606
54,1785981019717850283,2,601,210,0.349418,0.812500,93,77.682503,61.156881,357,349,21,21,0,309,53.459093,138.839384,149.945355,1,0.090230,0.052228,-0.879578,0.007309,-0.051971,0.043573,0.997671
55,1785981019807853033,2,605,233,0.385124,0.812500,88,77.024167,61.796134,346,338,18,18,0,296,53.309343,138.820301,150.266024,1,0.092474,0.046222,-0.906973,0.000257,-0.051471,0.040911,0.997836
56,1785981019897852616,2,606,241,0.397690,0.770833,79,77.062126,61.840551,354,337,16,15,1,296,53.077175,138.902677,149.178226,1,0.087905,0.040157,-0.932677,-0.006113,-0.049445,0.033127,0.998209
57,1785981019987854658,2,604,215,0.355960,0.750000,82,80.049890,61.154589,357,348,21,21,0,304,53.401552,141.204479,150.247940,1,0.086135,0.052176,-0.971307,0.002074,-0.047518,0.025177,0.998551
58,1785981020077853324,2,607,215,0.354201,0.791667,80,78.430549,60.931463,359,349,22,22,0,309,53.222468,139.362012,148.846058,1,0.083463,0.062178,-1.012732,0.009611,-0.047388,0.023594,0.998552
59,1785981020167852616,2,607,222,0.365733,0.791667,161,78.777133,60.970963,341,329,19,19,0,293,52.961049,139.748096,150.427815,1,0.096563,0.069019,-1.048759,0.012218,-0.051054,0.023797,0.998338
60,1785981020257855408,2,604,236,0.390728,0.812500,124,79.043801,61.435216,355,342,16,15,1,302,53.433760,140.479017,153.718164,1,0.099202,0.065386,-1.080595,0.008210,-0.053409,0.020296,0.998333
61,1785981020347854950,2,605,209,0.345455,0.791667,113,77.500710,60.918921,354,343,16,16,0,306,53.278468,138.419631,151.254486,1,0.104271,0.067644,-1.113516,0.007515,-0.054084,0.021081,0.998286
62,1785981020437855283,2,607,216,0.355848,0.770833,81,78.693550,61.002505,355,339,14,14,0,306,53.115592,139.696055,149.366477,1,0.127568,0.079338,-1.145651,0.011598,-0.061955,0.038202,0.997280
63,1785981020527853950,2,606,221,0.364686,0.833333,78,79.072468,61.429924,356,346,17,17,0,306,53.261301,140.502392,150.088522,1,0.136887,0.091115,-1.183864,0.017348,-0.063634,0.046352,0.996745
64,1785981020617854616,2,606,203,0.334983,0.750000,74,79.475719,61.031254,365,355,12,12,0,324,53.370676,140.506973,149.392559,1,0.146325,0.109174,-1.219241,0.024482,-0.066375,0.047657,0.996355
65,1785981020707854116,2,605,196,0.323967,0.770833,145,81.523647,60.289960,357,341,11,11,0,316,52.869591,141.813607,151.729488,1,0.141943,0.108571,-1.250346,0.022569,-0.064101,0.044769,0.996683
66,1785981020797856908,2,607,204,0.336079,0.687500,104,75.067073,60.742295,342,338,14,14,0,303,53.225842,135.809368,147.581593,1,0.145369,0.103658,-1.275949,0.017420,-0.065116,0.039890,0.996928
67,1785981020887853908,2,603,229,0.379768,0.770833,99,78.918967,61.420840,343,339,18,18,0,302,53.020758,140.339807,151.487861,1,0.154548,0.108014,-1.307745,0.018097,-0.068724,0.039238,0.996700
68,1785981020977854200,2,606,213,0.351485,0.791667,81,81.319353,61.237714,368,356,19,19,0,321,53.410051,142.557067,151.972822,1,0.151216,0.094749,-1.342636,0.009895,-0.063571,0.041217,0.997077
69,1785981021067858325,2,605,227,0.375207,0.770833,93,77.915462,61.447757,367,357,11,11,0,327,53.066258,139.363219,150.978276,1,0.147725,0.077906,-1.371219,0.002001,-0.059883,0.041426,0.997343
70,1785981021157858533,2,604,243,0.402318,0.770833,170,77.271667,61.905301,358,345,23,23,0,294,53.438801,139.176968,150.521189,1,0.142049,0.082821,-1.405744,0.002433,-0.056332,0.038164,0.997679
71,1785981021247859158,2,603,231,0.383085,0.833333,113,76.083578,61.776675,355,347,17,17,0,308,53.828720,137.860253,151.221818,1,0.146462,0.084588,-1.440894,0.001985,-0.055858,0.040916,0.997598
72,1785981021337860492,2,604,230,0.380795,0.791667,104,76.804081,61.783550,358,346,14,14,0,305,53.426718,138.587631,149.388308,1,0.140887,0.060513,-1.469473,-0.009291,-0.052589,0.035289,0.997949
73,1785981021427859658,2,606,258,0.425743,0.770833,90,74.038110,62.225928,340,328,12,12,0,290,53.020924,136.264038,147.554550,1,0.148350,0.047269,-1.498908,-0.015875,-0.054102,0.036446,0.997744
74,1785981021517860325,2,602,253,0.420266,0.812500,88,74.971364,62.213760,352,346,12,12,0,311,53.097758,137.185124,148.313303,1,0.150731,0.051036,-1.533818,-0.015001,-0.053829,0.035659,0.997800
75,1785981021607859908,2,604,245,0.405629,0.812500,88,76.199995,62.011010,358,345,15,15,0,308,53.141466,138.211005,149.289391,1,0.158727,0.056644,-1.569349,-0.012678,-0.055181,0.039115,0.997629
76,1785981021697859992,2,604,237,0.392384,0.770833,166,75.666492,62.498845,368,359,12,12,0,313,53.614885,138.165337,149.986186,1,0.161039,0.061758,-1.600103,-0.011210,-0.054655,0.039222,0.997672
77,1785981021787859117,2,604,246,0.407285,0.791667,119,72.427643,62.044093,359,352,20,20,0,299,53.911595,134.471736,150.874232,1,0.156698,0.054308,-1.634304,-0.014729,-0.053591,0.027554,0.998074
78,1785981021877859992,2,605,263,0.434711,0.750000,103,74.808904,62.962180,358,350,28,28,0,291,53.848262,137.771084,150.391854,1,0.166701,0.046837,-1.667883,-0.017368,-0.056848,0.022274,0.997983
79,1785981021967859909,2,608,234,0.384868,0.812500,107,75.899660,61.414090,346,338,19,19,0,294,52.891882,137.313750,147.797217,1,0.187375,0.081626,-1.702305,-0.006977,-0.061497,0.037894,0.997363
80,1785981022057861159,2,604,215,0.355960,0.729167,84,75.382407,60.852504,354,344,12,11,1,310,53.039883,136.234911,147.229589,1,0.204156,0.119851,-1.741517,0.004809,-0.065578,0.048443,0.996659
81,1785981022147861700,2,605,237,0.391736,0.854167,162,76.764122,61.697632,356,346,16,16,0,306,53.187549,138.461754,149.091472,1,0.207887,0.129685,-1.783178,0.007553,-0.065001,0.049617,0.996622
82,1785981022237860075,2,604,241,0.399007,0.833333,117,71.730139,61.437298,348,335,17,17,0,300,53.330717,133.167437,148.091009,1,0.200108,0.124265,-1.816046,0.005079,-0.061427,0.048126,0.996938
83,1785981022327864909,2,603,237,0.393035,0.833333,108,76.478079,61.803175,359,351,16,16,0,316,53.415050,138.281254,150.977732,1,0.196896,0.140697,-1.846168,0.008895,-0.059362,0.045707,0.997150
84,1785981022417863742,2,604,255,0.422185,0.812500,107,74.837780,62.198051,354,343,16,16,0,303,52.981840,137.035831,149.338807,1,0.196341,0.151630,-1.880525,0.010779,-0.058028,0.045385,0.997225
85,1785981022507865867,2,604,247,0.408940,0.791667,94,76.318661,61.919175,359,349,14,14,0,316,52.982590,138.237836,149.941477,1,0.193868,0.153038,-1.917683,0.010951,-0.056222,0.045942,0.997301
86,1785981022597865284,2,605,237,0.391736,0.833333,83,76.454287,61.926925,358,350,14,14,0,313,53.312342,138.381212,149.097431,1,0.198668,0.158678,-1.949772,0.012336,-0.056444,0.047766,0.997186
87,1785981022687865659,2,603,253,0.419569,0.833333,176,78.242379,62.043176,350,341,27,27,0,289,53.482717,140.285555,151.506275,1,0.181904,0.144947,-1.982951,0.007389,-0.050935,0.044303,0.997691
88,1785981022777866117,2,604,226,0.374172,0.750000,122,72.677602,61.385881,370,363,24,24,0,309,53.729260,134.063483,149.002722,1,0.170237,0.126886,-2.014901,0.002021,-0.047221,0.036415,0.998218
89,1785981022867865034,2,604,223,0.369205,0.791667,114,75.379907,61.142379,362,349,11,11,0,320,52.932840,136.522286,149.849726,1,0.174173,0.128380,-2.051032,0.002159,-0.047294,0.033427,0.998319
90,1785981022957868701,2,604,245,0.405629,0.750000,106,76.019868,62.284760,360,349,11,10,1,310,53.246633,138.304628,151.087482,1,0.173886,0.145695,-2.087253,0.006508,-0.045936,0.037055,0.998236
91,1785981023047868492,2,603,240,0.398010,0.770833,105,80.944517,62.071009,358,352,16,16,0,310,53.267883,143.015526,155.247626,1,0.164769,0.160805,-2.124543,0.010667,-0.043074,0.032772,0.998477
92,1785981023137869951,2,606,252,0.415842,0.833333,90,76.847246,62.469510,375,366,16,16,0,325,53.396592,139.316756,151.045398,1,0.159275,0.153211,-2.160723,0.008659,-0.041349,0.028434,0.998703
93,1785981023227868951,2,605,249,0.411570,0.729167,87,76.628121,62.050383,359,354,19,19,0,312,53.206007,138.678504,149.513724,1,0.167046,0.146426,-2.191155,0.005661,-0.041807,0.027009,0.998745
94,1785981023317870284,2,606,267,0.440594,0.791667,169,76.310077,62.846721,366,357,14,14,0,314,53.446759,139.156798,150.909855,1,0.160921,0.147066,-2.221846,0.005617,-0.039623,0.026707,0.998842
95,1785981023407868868,2,606,268,0.442244,0.791667,127,73.662940,62.630762,357,349,23,22,1,304,53.553968,136.293702,151.363899,1,0.165022,0.142995,-2.256552,0.004137,-0.039586,0.028655,0.998797
96,1785981023497866326,2,607,254,0.418451,0.812500,112,77.000747,62.281551,355,349,16,16,0,308,53.088590,139.282298,152.904240,1,0.155872,0.164576,-2.304408,0.010111,-0.036919,0.025552,0.998940
97,1785981023587867701,2,605,271,0.447934,0.770833,108,78.670881,62.642345,355,352,27,27,0,307,53.173007,141.313226,154.160371,1,0.145362,0.171481,-2.342649,0.011246,-0.034469,0.017838,0.999183
98,1785981023677868451,2,604,250,0.413907,0.750000,104,77.157248,61.921300,360,353,23,23,0,311,53.210174,139.078548,151.673399,1,0.154846,0.157729,-2.373437,0.007338,-0.035683,0.019947,0.999137
99,1785981023767868576,2,605,280,0.462810,0.812500,188,76.524870,63.151889,347,336,20,20,0,291,53.173174,139.676759,153.767826,1,0.156693,0.154054,-2.407707,0.006172,-0.035409,0.022374,0.999103
100,1785981023857867285,2,602,225,0.373754,0.812500,120,73.472272,61.569589,358,351,17,17,0,305,53.536717,135.041861,148.693968,1,0.166129,0.204632,-2.444419,0.017289,-0.036850,0.025123,0.998855
101,1785981023947864951,2,603,233,0.386401,0.812500,111,77.825960,62.237593,361,354,22,22,0,305,53.805510,140.063553,154.395247,1,0.153644,0.256966,-2.482903,0.028778,-0.033110,0.025632,0.998708
102,1785981024037867618,2,607,234,0.385502,0.770833,95,79.668802,61.768757,362,347,24,24,0,305,53.278466,141.437559,154.530539,1,0.160285,0.287883,-2.518145,0.035139,-0.034127,0.026090,0.998459
103,1785981024127867701,2,606,248,0.409241,0.833333,171,80.318555,61.990966,350,340,18,18,0,294,53.066048,142.309521,155.249833,1,0.154283,0.303527,-2.551627,0.038019,-0.032430,0.024431,0.998452
104,1785981024217871035,2,606,230,0.379538,0.812500,118,77.612917,61.346463,363,355,22,22,0,306,53.614675,138.959380,153.236323,1,0.156130,0.317447,-2.585260,0.040143,-0.032184,0.024342,0.998379
105,1785981024307872035,2,607,236,0.388797,0.791667,114,74.617777,62.035925,353,340,13,13,0,295,53.405675,136.653702,149.243470,1,0.154878,0.289253,-2.622559,0.033701,-0.031406,0.017336,0.998788
106,1785981024397870576,2,605,238,0.393388,0.770833,185,80.347222,61.618506,350,342,22,22,0,296,53.304299,141.965728,155.976504,1,0.172744,0.294043,-2.653257,0.033617,-0.034489,0.017116,0.998693
107,1785981024487872077,2,606,224,0.369637,0.791667,143,74.981321,61.267463,362,347,25,25,0,296,53.701634,136.248784,152.706071,1,0.195999,0.296548,-2.686151,0.033212,-0.038858,0.020108,0.998490
108,1785981024577870493,2,605,221,0.365289,0.770833,116,77.036956,61.178546,357,347,27,27,0,291,53.463300,138.215502,152.819989,1,0.208792,0.315675,-2.721718,0.036554,-0.040719,0.020422,0.998293
109,1785981024667872452,2,608,212,0.348684,0.770833,105,78.960714,60.996211,349,339,22,21,1,294,53.262632,139.956925,152.814571,1,0.239350,0.344213,-2.744836,0.041448,-0.046186,0.027856,0.997684
110,1785981024757874202,2,607,228,0.375618,0.812500,178,81.094725,61.881715,363,354,15,15,0,310,53.558384,142.976440,156.527631,1,0.231129,0.360786,-2.759525,0.044097,-0.044339,0.033204,0.997490
111,1785981024847873202,2,608,219,0.360197,0.812500,139,75.686115,60.868627,353,340,14,14,0,299,53.300466,136.554742,153.962910,1,0.248089,0.344310,-2.763520,0.040863,-0.047554,0.030391,0.997570
112,1785981024937874702,2,607,234,0.385502,0.812500,136,76.305993,61.866632,361,350,17,17,0,299,53.520550,138.172625,153.765242,1,0.247173,0.343315,-2.762469,0.040496,-0.047513,0.030870,0.997572
113,1785981025027873285,2,607,243,0.400330,0.812500,140,80.766390,62.267009,354,349,16,16,0,300,53.550592,143.033399,157.301759,1,0.250131,0.341613,-2.761046,0.040017,-0.048088,0.029732,0.997598
114,1785981025117875743,2,607,222,0.365733,0.791667,131,80.994349,61.221962,367,356,14,14,0,311,53.307257,142.216311,157.559301,1,0.252027,0.343696,-2.761024,0.040383,-0.048373,0.030319,0.997552
115,1785981025207873160,2,608,222,0.365132,0.791667,124,79.023589,61.398671,365,360,14,14,0,319,53.433299,140.422260,155.879877,1,0.252422,0.343572,-2.760701,0.040394,-0.048479,0.030409,0.997544
116,1785981025297873535,2,607,247,0.406919,0.833333,136,79.610508,62.452343,364,354,19,19,0,304,53.756592,142.062851,157.465468,1,0.251953,0.342544,-2.760874,0.040235,-0.048362,0.030292,0.997559
117,1785981025387874535,2,607,246,0.405272,0.791667,137,81.692394,62.192633,366,356,21,21,0,305,53.590091,143.885027,161.286986,1,0.252167,0.342378,-2.760742,0.040191,-0.048374,0.030300,0.997560
118,1785981025477877410,2,607,245,0.403624,0.812500,132,80.620347,62.204008,363,354,19,19,0,306,53.633634,142.824355,159.572686,1,0.252314,0.341523,-2.761025,0.040042,-0.048431,0.030535,0.997556
119,1785981025567877494,2,607,222,0.365733,0.791667,128,80.885140,61.375046,366,356,17,17,0,312,53.467091,142.260186,157.435426,1,0.252329,0.341509,-2.760527,0.040033,-0.048477,0.030354,0.997560
120,1785981025657874994,2,608,242,0.398026,0.812500,199,84.425157,61.990549,366,357,24,24,0,306,53.595591,146.415706,162.726992,1,0.252628,0.341478,-2.761069,0.040110,-0.048499,0.030419,0.997554
121,1785981025747876827,2,608,231,0.379934,0.833333,194,79.682551,61.204670,360,353,22,22,0,304,53.484466,140.887221,161.233860,1,0.251726,0.342019,-2.761213,0.040191,-0.048367,0.030538,0.997553
122,1785981025837878619,2,608,226,0.371711,0.770833,162,79.099672,60.782251,368,355,19,19,0,319,53.326298,139.881923,156.425087,1,0.256139,0.343609,-2.759026,0.040372,-0.049570,0.030100,0.997500
123,1785981025927879994,2,606,222,0.366337,0.833333,153,79.901968,61.103211,347,334,15,15,0,293,53.150839,141.005179,157.816593,1,0.272395,0.342439,-2.757227,0.040047,-0.052943,0.029090,0.997370
124,1785981026017880286,2,607,211,0.347611,0.708333,137,80.071094,60.505292,354,339,18,18,0,304,53.053297,140.576386,156.119919,1,0.320255,0.340018,-2.753460,0.039365,-0.062704,0.029337,0.996824
125,1785981026107878494,2,605,220,0.363636,0.791667,132,79.510008,60.994252,330,324,15,15,0,284,52.995214,140.504260,155.388665,1,0.366841,0.337042,-2.748870,0.038575,-0.072398,0.029143,0.996203
126,1785981026197879244,2,603,233,0.386401,0.812500,194,79.108089,61.251295,339,332,18,18,0,289,52.970547,140.359384,154.842787,1,0.404657,0.331812,-2.745919,0.037358,-0.080000,0.028255,0.995694
127,1785981026287885952,2,603,216,0.358209,0.791667,148,75.330987,60.670792,349,340,19,18,1,296,53.282381,136.001779,154.498619,1,0.419899,0.325439,-2.746327,0.036002,-0.083165,0.027223,0.995513
128,1785981026377880577,2,602,235,0.390365,0.770833,147,77.027370,61.536130,352,342,14,14,0,305,53.430048,138.563500,154.817828,1,0.442797,0.319172,-2.747916,0.035120,-0.087555,0.026612,0.995185
129,1785981026467878702,2,602,215,0.357143,0.770833,127,80.646804,61.032752,351,340,12,12,0,307,53.008839,141.679556,157.017465,1,0.471958,0.315965,-2.744767,0.034252,-0.093343,0.025663,0.994714
130,1785981026557879619,2,602,209,0.347176,0.812500,126,78.015708,60.993418,358,349,17,17,0,306,53.350007,139.009126,152.420067,1,0.495991,0.318534,-2.743282,0.034494,-0.098140,0.025806,0.994240
131,1785981026647881994,2,605,213,0.352066,0.812500,119,78.282668,60.550749,349,334,14,14,0,298,52.890130,138.833417,152.023606,1,0.530455,0.317564,-2.737652,0.034031,-0.105028,0.026813,0.993525
132,1785981026737880828,2,606,219,0.361386,0.770833,126,78.133167,61.553921,361,347,17,17,0,307,53.338590,139.687088,154.171075,1,0.570693,0.315071,-2.731594,0.033408,-0.113214,0.027127,0.992638
133,1785981026827882286,2,608,211,0.347039,0.708333,109,78.262377,60.811084,348,337,19,19,0,294,53.339465,139.073461,152.698151,1,0.608872,0.312355,-2.724471,0.032640,-0.120944,0.027361,0.991745
134,1785981026917884328,2,605,214,0.353719,0.729167,118,77.819624,60.729750,340,326,18,18,0,283,53.067714,138.549374,152.849069,1,0.630983,0.304994,-2.721887,0.031093,-0.125367,0.027068,0.991254
135,1785981027007883078,2,607,223,0.367381,0.729167,176,77.560498,61.427879,360,352,25,25,0,303,53.581216,138.988377,152.858485,1,0.650866,0.296518,-2.719802,0.029368,-0.129382,0.026400,0.990808
136,1785981027097883994,2,606,210,0.346535,0.729167,114,74.200690,60.945918,368,361,23,22,1,315,53.754133,135.146608,149.653011,1,0.678292,0.288104,-2.715097,0.027707,-0.134921,0.025605,0.990138
137,1785981027187888494,2,603,193,0.320066,0.770833,119,75.893615,60.407748,350,343,16,16,0,306,53.140297,136.301363,150.245013,1,0.708761,0.282660,-2.709439,0.026565,-0.141093,0.024914,0.989326
138,1785981027277886036,2,605,215,0.355372,0.750000,105,74.487691,60.979209,372,364,15,15,0,328,53.234089,135.466900,148.193795,1,0.741904,0.282669,-2.702618,0.026236,-0.147731,0.026394,0.988327
139,1785981027367884578,2,604,204,0.337748,0.791667,106,76.383617,60.475749,366,356,21,21,0,311,53.269297,136.859366,150.170429,1,0.791023,0.282180,-2.688361,0.025827,-0.158218,0.026422,0.986713
140,1785981027457883995,2,604,206,0.341060,0.750000,101,76.585076,60.823167,341,330,14,14,0,288,53.085589,137.408243,149.498469,1,0.857275,0.277360,-2.667140,0.024753,-0.172228,0.025488,0.984416
141,1785981027547884661,2,603,219,0.363184,0.729167,169,75.688530,61.640088,347,336,17,17,0,290,53.408673,137.328618,149.529093,1,0.923278,0.267347,-2.644163,0.022575,-0.186282,0.025553,0.981905
142,1785981027637886286,2,605,225,0.371901,0.770833,117,72.842183,61.242253,352,343,16,16,0,299,53.528007,134.084436,149.248592,1,0.989037,0.258453,-2.618919,0.020547,-0.200527,0.025502,0.979141
143,1785981027727889995,2,604,213,0.352649,0.750000,93,70.950674,61.464586,345,337,18,18,0,290,53.641966,132.415260,143.837482,1,1.051858,0.251802,-2.592609,0.018631,-0.214180,0.026761,0.976250
144,1785981027817886578,2,604,224,0.370861,0.750000,84,74.854484,61.358795,344,338,27,27,0,286,53.535965,136.213279,147.616292,1,1.103741,0.244078,-2.568064,0.016721,-0.225564,0.026772,0.973717
145,1785981027907886453,2,602,229,0.380399,0.708333,85,72.418473,61.665254,342,333,14,14,0,291,53.376423,134.083727,144.580277,1,1.148649,0.238819,-2.548425,0.015193,-0.235561,0.028438,0.971325
146,1785981027997887370,2,604,231,0.382450,0.770833,160,72.648641,61.997839,353,351,18,17,1,299,53.810550,134.646480,146.706871,1,1.199674,0.234629,-2.522377,0.013874,-0.246850,0.029069,0.968518
147,1785981028087889370,2,605,212,0.350413,0.750000,100,68.841206,60.686749,361,352,17,17,0,314,53.532257,129.527955,143.217063,1,1.254393,0.227870,-2.493025,0.012231,-0.259164,0.029816,0.965295
148,1785981028177890537,2,606,231,0.381188,0.708333,93,71.052965,61.757088,335,324,15,15,0,280,53.173671,132.810053,143.595022,1,1.308152,0.221476,-2.461666,0.010419,-0.271425,0.030336,0.961925
149,1785981028267890787,2,605,208,0.343802,0.729167,79,69.820251,61.303419,330,325,13,12,1,282,53.308547,131.123670,141.405595,1,1.363556,0.219000,-2.427185,0.009503,-0.284499,0.030075,0.958157
150,1785981028357891745,2,605,225,0.371901,0.729167,74,69.256623,61.066585,337,327,18,18,0,287,53.037171,130.323208,140.455048,1,1.420647,0.211429,-2.388790,0.007991,-0.297924,0.028999,0.954116
151,1785981028447888203,2,606,222,0.366337,0.729167,149,70.339587,61.263960,346,339,22,22,0,295,53.332798,131.603547,141.860931,1,1.479604,0.210963,-2.346658,0.007591,-0.312050,0.028458,0.949609
152,1785981028537887953,2,603,211,0.349917,0.687500,94,67.214656,60.882125,347,337,18,18,0,291,53.608465,128.096781,140.973593,1,1.532842,0.212867,-2.306856,0.008212,-0.325010,0.026762,0.945296
153,1785981028627889370,2,604,210,0.347682,0.687500,89,68.019409,61.388169,349,341,17,17,0,293,53.662465,129.407578,140.973426,1,1.579317,0.215935,-2.270312,0.008746,-0.336437,0.026711,0.941287
154,1785981028717887954,2,602,206,0.342193,0.729167,77,68.213160,61.391627,357,352,19,19,0,303,53.857591,129.604787,140.575674,1,1.633127,0.225516,-2.225376,0.010648,-0.350100,0.026074,0.936289
155,1785981028807890162,2,610,210,0.344262,0.729167,76,69.969877,61.383169,341,334,15,14,1,290,53.461131,131.353046,141.554886,1,1.689262,0.218172,-2.176253,0.009391,-0.364418,0.024711,0.930860
156,1785981028897889329,2,604,211,0.349338,0.708333,61,68.019826,61.302961,342,333,15,15,0,291,53.404756,129.322787,139.481585,1,1.733633,0.210371,-2.134499,0.008060,-0.376234,0.023181,0.926200
157,1785981028987889120,2,601,216,0.359401,0.687500,138,68.230077,60.761874,323,310,27,27,0,259,53.211088,128.991951,139.300417,1,1.783700,0.208648,-2.083550,0.007821,-0.389788,0.021222,0.920627
158,1785981029077890537,2,602,207,0.343854,0.687500,87,66.361943,60.589207,336,323,13,13,0,279,53.254505,126.951150,139.123834,1,1.837379,0.201626,-2.027006,0.006664,-0.404537,0.020394,0.914270
159,1785981029167890870,2,603,195,0.323383,0.666667,86,66.635820,60.483206,338,324,21,21,0,274,53.272463,127.119026,138.513038,1,1.876685,0.195234,-1.982514,0.005324,-0.415440,0.019541,0.909395
160,1785981029257890745,2,607,219,0.360791,0.687500,151,66.696736,61.603504,344,333,26,26,0,275,53.558673,128.300240,139.430250,1,1.911879,0.190512,-1.942365,0.003882,-0.425714,0.019697,0.904635
161,1785981029347890870,2,607,222,0.365733,0.729167,106,66.463610,61.471044,349,338,22,22,0,291,53.825133,127.934654,142.136139,1,1.955533,0.182027,-1.894579,0.002035,-0.438587,0.019027,0.898485
162,1785981029437890621,2,607,200,0.329489,0.687500,78,67.277447,60.397331,339,327,25,25,0,275,53.120046,127.674778,138.827081,1,2.024616,0.175263,-1.819396,0.000098,-0.459195,0.019205,0.888128
163,1785981029527894204,2,603,219,0.363184,0.666667,153,65.707357,61.313252,350,340,17,17,0,291,53.365130,127.020609,138.038786,1,2.071193,0.174098,-1.782905,-0.000315,-0.473246,0.018537,0.880735
164,1785981029617895496,2,606,225,0.371287,0.687500,94,67.182947,61.901629,349,331,20,20,0,279,53.461881,129.084576,142.143555,1,2.107213,0.179336,-1.765533,-0.000354,-0.483560,0.019435,0.875095
165,1785981029707892746,2,604,230,0.380795,0.687500,157,65.916316,61.925046,348,335,18,18,0,280,53.574548,127.841362,139.132332,1,2.124733,0.225280,-1.779897,0.009193,-0.488265,0.019807,0.872422
166,1785981029797891829,2,607,205,0.337727,0.666667,94,65.663481,60.697790,347,332,14,14,0,289,53.492214,126.361271,138.236494,1,2.137383,0.234852,-1.799461,0.007608,-0.491005,0.025034,0.870764
167,1785981029887895412,2,605,195,0.322314,0.729167,97,66.203775,60.619748,342,326,18,18,0,280,53.194046,126.823523,139.407959,1,2.138847,0.237461,-1.834306,0.009531,-0.490734,0.020621,0.871013
168,1785981029977896662,2,604,226,0.374172,0.687500,166,67.937534,61.852171,351,332,17,17,0,280,53.596215,129.789705,142.300847,1,2.140063,0.244315,-1.870349,0.012427,-0.490480,0.016139,0.871215
169,1785981030067895246,2,608,209,0.343750,0.729167,120,64.573684,61.365044,355,341,13,13,0,298,53.866258,125.938728,140.706007,1,2.130343,0.223410,-1.922246,0.009923,-0.487270,0.010965,0.873126
170,1785981030157894496,2,605,213,0.352066,0.687500,188,67.405447,61.031333,339,324,21,19,2,277,53.131462,128.436780,142.866350,1,2.132584,0.219882,-1.959009,0.009637,-0.486625,0.009041,0.873511
171,1785981030247894996,2,605,220,0.363636,0.687500,188,69.734708,60.860124,328,316,16,16,0,272,53.427463,130.594832,145.737822,1,2.122647,0.228480,-2.008629,0.011027,-0.483287,0.008056,0.875356
172,1785981030337896204,2,608,200,0.328947,0.687500,129,68.111368,60.262163,343,330,20,20,0,282,53.446630,128.373531,144.656150,1,2.121674,0.246547,-2.050518,0.012470,-0.481961,0.013084,0.876006
173,1785981030427901413,2,604,204,0.337748,0.687500,106,67.103904,59.989120,323,309,15,15,0,275,52.572751,127.093024,142.001137,1,2.109063,0.242226,-2.102127,0.012730,-0.478271,0.009540,0.878068
174,1785981030517896746,2,603,192,0.318408,0.687500,159,66.786027,59.816744,327,309,17,17,0,276,52.687377,126.602771,138.905164,1,2.100056,0.235181,-2.153805,0.014567,-0.475332,0.000172,0.879686
175,1785981030607898413,2,606,183,0.301980,0.687500,105,69.619291,59.554159,337,318,14,12,2,290,53.061503,129.173450,142.631223,1,2.095973,0.225843,-2.195052,0.012951,-0.473787,-0.001735,0.880542
176,1785981030697898746,2,602,195,0.323920,0.687500,87,68.049242,60.189829,332,320,12,12,0,293,52.615168,128.239071,140.617463,1,2.093976,0.223600,-2.232817,0.012184,-0.472371,-0.002865,0.881311
177,1785981030787898871,2,604,182,0.301325,0.666667,90,73.320391,59.908869,333,321,17,17,0,287,52.912961,133.229260,146.149823,1,2.103011,0.230291,-2.260440,0.012025,-0.473495,0.000870,0.880714
178,1785981030877900746,2,606,183,0.301980,0.708333,162,71.041631,59.648743,332,317,14,14,0,292,52.666126,130.690374,144.038855,1,2.103949,0.270532,-2.297570,0.018933,-0.472796,0.000267,0.880968
179,1785981030967901038,2,605,187,0.309091,0.687500,180,70.480170,59.802452,323,307,12,10,2,279,53.020670,130.282622,147.305870,1,2.097081,0.302149,-2.340791,0.024175,-0.470595,-0.001422,0.882017
180,1785981031057900163,2,607,190,0.313015,0.708333,191,72.282304,59.993661,329,319,7,7,0,297,53.104796,132.275965,148.107832,1,2.095980,0.288561,-2.379887,0.021944,-0.469829,-0.003164,0.882479
181,1785981031147903955,2,607,175,0.288303,0.666667,110,70.551587,59.354241,323,310,12,12,0,283,52.814127,129.905828,145.624820,1,2.089254,0.310388,-2.422962,0.026328,-0.467855,-0.007300,0.883383
182,1785981031237902413,2,602,154,0.255814,0.687500,153,69.521331,58.755030,329,318,14,14,0,294,52.596168,128.276361,141.415966,1,2.086849,0.333121,-2.464925,0.032384,-0.466547,-0.015841,0.883762
183,1785981031327901746,2,603,147,0.243781,0.687500,100,69.547582,57.829109,326,310,20,20,0,278,52.595834,127.376691,141.480508,1,2.080562,0.341197,-2.508881,0.037019,-0.464669,-0.028956,0.884236
184,1785981031417902163,2,603,154,0.255390,0.708333,145,79.845506,58.754822,323,310,13,13,0,285,52.526709,138.600328,150.773844,1,2.090257,0.340127,-2.540262,0.036463,-0.465887,-0.029989,0.883584
185,1785981031507904038,2,603,174,0.288557,0.687500,167,76.477532,58.899281,325,319,12,12,0,293,52.784002,135.376813,149.512755,1,2.093628,0.279002,-2.571616,0.025198,-0.466350,-0.028816,0.883772
186,1785981031597905288,2,606,191,0.315182,0.708333,181,76.551657,59.878327,344,328,16,16,0,292,53.286462,136.429984,151.941600,1,2.107258,0.231647,-2.590091,0.017311,-0.469470,-0.029737,0.882278
187,1785981031687905747,2,604,195,0.322848,0.708333,194,75.126608,59.950702,332,321,14,14,0,284,53.228504,135.077310,152.290351,1,2.136746,0.257437,-2.601825,0.018970,-0.474334,-0.020070,0.879912
188,1785981031777902830,2,608,184,0.302632,0.729167,205,75.004732,59.656034,323,312,15,15,0,284,53.043628,134.660766,153.203147,1,2.167011,0.244467,-2.613052,0.016297,-0.479452,-0.018196,0.877228
189,1785981031867904663,2,610,210,0.344262,0.750000,213,74.115645,60.463330,334,321,15,15,0,281,53.113045,134.578975,151.623765,1,2.196609,0.172223,-2.621028,0.002922,-0.484597,-0.013320,0.874631
190,1785981031957905038,2,607,195,0.321252,0.729167,132,71.655175,59.864786,336,318,19,19,0,276,53.182211,131.519961,149.280253,1,2.211821,0.170133,-2.642030,0.001248,-0.486975,-0.007357,0.873384
191,1785981032047903497,2,607,192,0.316310,0.729167,178,73.559226,59.820410,328,310,16,15,1,274,53.055294,133.379636,149.809047,1,2.208055,0.173517,-2.680499,0.001755,-0.486212,-0.007713,0.873805
192,1785981032137903997,2,609,200,0.328407,0.687500,192,72.942973,60.253995,329,317,17,17,0,275,53.074503,133.196968,150.426508,1,2.226657,0.190202,-2.698501,0.003243,-0.489200,-0.003836,0.872157
193,1785981032227904414,2,602,220,0.365449,0.729167,205,68.679661,61.003332,327,311,12,12,0,271,53.281587,129.682993,146.774116,1,2.269044,0.199803,-2.699530,0.002404,-0.495734,0.005317,0.868455
194,1785981032317905955,2,605,181,0.299174,0.729167,119,72.350928,59.852369,339,323,11,11,0,295,53.257378,132.203297,149.532837,1,2.272859,0.235700,-2.734906,0.007126,-0.495593,0.008815,0.868481
195,1785981032407907080,2,604,184,0.304636,0.729167,92,67.471571,59.570284,334,320,16,16,0,283,53.044461,127.041855,141.750967,1,2.267574,0.266241,-2.778079,0.011125,-0.493887,0.011555,0.869378
196,1785981032497906622,2,603,207,0.343284,0.729167,173,65.424187,60.759914,342,324,20,20,0,280,53.222378,126.184101,140.698295,1,2.272831,0.235203,-2.811480,0.005608,-0.493923,0.015375,0.869352
197,1785981032587906539,2,609,195,0.320197,0.708333,104,65.548062,60.300203,329,316,12,12,0,277,53.330129,125.848265,142.900805,1,2.265952,0.251676,-2.853634,0.006869,-0.491920,0.020455,0.870373
198,1785981032677908580,2,608,201,0.330592,0.687500,103,72.242886,60.181203,323,313,21,20,1,275,52.753918,132.424089,147.405410,1,2.230686,0.256373,-2.916839,0.007729,-0.485590,0.018156,0.873964
199,1785981032767906914,2,606,202,0.333333,0.645833,159,68.613952,60.338662,333,320,16,16,0,285,52.837709,128.952614,141.979425,1,2.211498,0.265143,-2.970240,0.009927,-0.481713,0.011154,0.876202
200,1785981032857907872,2,603,178,0.295191,0.625000,108,67.526196,59.751659,318,303,13,13,0,267,53.220254,127.277855,143.422099,1,2.185770,0.258701,-3.026892,0.009580,-0.477259,0.005338,0.878694
201,1785981032947911039,2,605,179,0.295868,0.687500,101,66.724443,59.195824,303,290,11,11,0,260,52.768167,125.920267,140.684336,1,2.174848,0.282700,-3.071570,0.013395,-0.475113,0.000797,0.879822
202,1785981033037910081,2,605,187,0.309091,0.729167,171,71.342673,59.694159,321,308,15,15,0,285,52.727334,131.036832,144.392812,1,2.188440,0.364212,-3.097909,0.024865,-0.476468,0.000725,0.878840
203,1785981033127911497,2,603,178,0.295191,0.687500,102,69.631998,58.728946,307,292,9,9,0,274,52.313541,128.360944,144.694021,1,2.179344,0.452332,-3.139447,0.037611,-0.474330,-0.004049,0.879534
204,1785981033217913206,2,607,205,0.337727,0.729167,169,68.190199,60.373370,328,308,17,16,1,268,53.226586,128.563569,142.032841,1,2.149263,0.449888,-3.204544,0.037159,-0.469190,-0.004687,0.882303
205,1785981033307905581,2,603,180,0.298507,0.750000,112,68.417200,59.369324,311,300,15,15,0,270,52.746084,127.786524,145.103439,1,2.145825,0.439101,-3.243714,0.036094,-0.468022,-0.011002,0.882911
206,1785981033397908122,2,603,183,0.303483,0.666667,166,67.412446,58.993156,301,290,10,10,0,266,52.426250,126.405602,141.155629,1,2.163726,0.445016,-3.262682,0.036657,-0.470344,-0.012878,0.881627
207,1785981033487911956,2,604,180,0.298013,0.750000,109,69.819248,59.617367,304,294,13,12,1,263,52.793709,129.436615,146.503072,1,2.146137,0.451781,-3.309191,0.037253,-0.467191,-0.015737,0.883231
208,1785981033577911414,2,602,203,0.337209,0.750000,177,70.192542,60.625538,314,303,16,16,0,266,52.985669,130.818080,145.847569,1,2.139149,0.485150,-3.346668,0.041404,-0.465671,-0.019825,0.883766
209,1785981033667910414,2,605,185,0.305785,0.687500,179,68.471033,59.503491,316,310,14,12,2,281,52.886293,127.974524,143.073846,1,2.139587,0.425550,-3.386895,0.032412,-0.465430,-0.015061,0.884363
210,1785981033757910706,2,607,167,0.275124,0.625000,106,69.095245,59.426782,331,317,8,8,0,295,53.060418,128.522027,144.387394,1,2.140074,0.368024,-3.424275,0.024004,-0.465162,-0.012430,0.884813
211,1785981033847909164,2,606,176,0.290429,0.666667,173,66.567358,59.450657,311,302,4,3,1,280,52.723376,126.018015,140.952211,1,2.148327,0.305063,-3.454469,0.014454,-0.466155,-0.004680,0.884572
212,1785981033937913081,2,606,218,0.359736,0.645833,109,63.130383,60.830747,315,305,18,18,0,264,53.053336,123.961130,141.163920,1,2.176005,0.200228,-3.468396,-0.000326,-0.469640,0.002699,0.882854
213,1785981034027910331,2,607,196,0.322900,0.645833,97,61.042748,59.520117,311,301,14,14,0,271,52.470624,120.562865,134.826058,1,2.192835,0.136178,-3.488618,-0.010037,-0.471490,0.012356,0.881728
214,1785981034117913581,2,603,213,0.353234,0.687500,94,66.411899,61.117290,319,299,12,11,1,261,52.930502,127.529189,140.849377,1,2.193343,0.052427,-3.518572,-0.021090,-0.471096,0.012823,0.881737
215,1785981034207913581,2,605,221,0.365289,0.625000,86,64.267180,61.572292,333,318,8,8,0,287,52.914460,125.839472,139.817789,1,2.196763,0.021582,-3.551305,-0.024563,-0.471456,0.009442,0.881497
216,1785981034297913498,2,604,203,0.336093,0.666667,159,62.107462,60.312036,328,306,17,17,0,271,52.772459,122.419498,136.210522,1,2.196687,0.056255,-3.594545,-0.019185,-0.471082,0.006101,0.881860
217,1785981034387911665,2,605,207,0.342149,0.708333,102,64.305888,60.406370,310,295,14,14,0,255,52.994502,124.712258,139.373078,1,2.200432,0.174405,-3.637003,-0.003292,-0.471093,-0.002883,0.882073
218,1785981034477915540,2,606,213,0.351485,0.687500,94,67.850072,60.153494,329,313,20,20,0,275,52.958252,128.003566,142.841595,1,2.199906,0.287049,-3.672497,0.010638,-0.470826,-0.007522,0.882130
219,1785981034567914540,2,602,191,0.317276,0.666667,154,66.371648,59.748492,337,327,13,13,0,297,52.866084,126.120140,140.437917,1,2.231431,0.391972,-3.687814,0.023554,-0.474382,-0.007475,0.879972
220,1785981034657915498,2,606,195,0.321782,0.729167,101,63.799344,59.946409,339,327,22,22,0,287,53.340253,123.745753,140.681292,1,2.252232,0.469788,-3.708573,0.032285,-0.476656,-0.004695,0.878484
221,1785981034747916706,2,601,179,0.297837,0.687500,86,68.596742,59.389156,342,335,10,10,0,310,52.878959,127.985898,141.903714,1,2.294716,0.510693,-3.715317,0.036022,-0.481842,0.006992,0.875489
222,1785981034837916748,2,603,178,0.295191,0.666667,155,66.339397,59.144780,335,324,13,13,0,297,52.769292,125.484177,139.574704,1,2.290261,0.530371,-3.751018,0.037652,-0.481003,0.009668,0.875857
223,1785981034927915748,2,607,185,0.304778,0.687500,105,62.627714,60.451953,345,338,8,7,1,306,53.457837,123.079667,140.258123,1,2.296577,0.505990,-3.784052,0.033826,-0.481376,0.015024,0.875733
224,1785981035017917832,2,604,210,0.347682,0.687500,169,68.731784,60.593746,327,316,19,19,0,277,53.071002,129.325530,143.590181,1,2.272318,0.501667,-3.835732,0.033495,-0.477972,0.007515,0.877704
225,1785981035107917748,2,603,219,0.363184,0.687500,188,68.372407,60.724913,331,321,13,13,0,292,53.035335,129.097320,147.563116,1,2.231568,0.400047,-3.904759,0.021720,-0.472316,0.001233,0.881161
226,1785981035197915957,2,601,208,0.346090,0.687500,115,63.053091,60.480703,323,313,9,9,0,274,53.160502,123.533794,140.815625,1,2.211631,0.362043,-3.955986,0.017298,-0.469524,-0.000589,0.882750
227,1785981035287916290,2,604,213,0.352649,0.666667,95,62.487337,60.953831,329,311,13,13,0,276,53.307419,123.441168,139.309493,1,2.211986,0.306802,-3.993366,0.010517,-0.469092,0.004629,0.883074
228,1785981035377917165,2,601,203,0.337770,0.666667,165,63.042715,60.799330,338,325,15,15,0,290,53.314419,123.842045,138.736282,1,2.203888,0.334993,-4.032224,0.013630,-0.467744,0.002768,0.883754
229,1785981035467916082,2,605,207,0.342149,0.687500,113,61.105706,60.587245,314,302,14,14,0,261,53.082085,121.692951,139.117534,1,2.200307,0.296423,-4.069766,0.008962,-0.466862,0.001533,0.884283
230,1785981035557917790,2,606,202,0.333333,0.687500,172,64.167596,60.353619,329,313,11,11,0,284,52.918875,124.521215,141.102043,1,2.205365,0.329138,-4.100403,0.012423,-0.466967,0.000710,0.884187
231,1785981035647918082,2,603,202,0.334992,0.666667,123,62.870673,60.487036,337,323,14,14,0,286,53.072460,123.357709,141.253835,1,2.188505,0.351531,-4.145016,0.014672,-0.464570,-0.000308,0.885415
232,1785981035737919124,2,606,202,0.333333,0.687500,112,63.507301,60.378828,344,333,17,17,0,293,53.346044,123.886129,140.170330,1,2.139524,0.380105,-4.209759,0.017846,-0.458706,-0.004481,0.888397
233,1785981035827920040,2,604,198,0.327815,0.666667,170,64.817432,60.505370,344,331,14,14,0,304,53.181086,125.322802,141.082751,1,2.127553,0.424681,-4.250404,0.022504,-0.456858,-0.012451,0.889168
234,1785981035917919582,2,608,180,0.296053,0.666667,180,65.412768,59.559615,346,334,11,11,0,311,52.914375,124.972383,142.387965,1,2.140889,0.438566,-4.277787,0.023661,-0.458057,-0.009739,0.888555
235,1785981036007919540,2,606,201,0.331683,0.729167,190,66.321481,60.315452,353,339,10,10,0,313,52.854417,126.636933,145.095854,1,2.170588,0.470435,-4.295595,0.026865,-0.460914,-0.009641,0.886986
236,1785981036097920749,2,607,180,0.296540,0.666667,107,70.177999,59.695158,363,355,9,8,1,332,52.919167,129.873157,146.510151,1,2.169489,0.507400,-4.330125,0.030456,-0.460360,-0.013607,0.887105
237,1785981036187918124,2,605,190,0.314050,0.750000,170,69.849872,60.131076,334,325,8,8,0,299,53.089335,129.980948,146.703318,1,2.185032,0.499853,-4.357046,0.028991,-0.461843,-0.021245,0.886233
238,1785981036277921540,2,607,200,0.329489,0.750000,176,65.608727,60.658245,346,336,15,15,0,300,53.213835,126.266972,143.567262,1,2.205237,0.577740,-4.377391,0.037142,-0.463708,-0.020045,0.884982
239,1785981036367924374,2,606,168,0.277228,0.708333,87,68.396615,59.479240,326,319,10,10,0,290,53.113335,127.875855,144.121223,1,2.227278,0.545893,-4.407137,0.033526,-0.465833,-0.021374,0.883979
240,1785981036457923707,2,606,175,0.288779,0.708333,84,66.389606,59.654657,336,321,12,12,0,295,53.032501,126.044263,140.257246,1,2.296310,0.534949,-4.400532,0.032288,-0.472904,-0.016047,0.880376
241,1785981036547922999,2,605,186,0.307438,0.708333,159,66.472190,60.329035,349,338,7,7,0,316,52.904625,126.801225,141.227251,1,2.300061,0.529789,-4.409932,0.031646,-0.473373,-0.012291,0.880208
242,1785981036637924457,2,602,202,0.335548,0.729167,122,62.936464,60.315951,334,323,9,9,0,301,52.881249,123.252415,141.932879,1,2.303273,0.532694,-4.411627,0.031883,-0.473668,-0.012158,0.880042
243,1785981036727923874,2,603,198,0.328358,0.729167,110,64.321137,59.924575,323,313,10,10,0,286,52.701082,124.245712,141.112292,1,2.327721,0.523502,-4.395323,0.031036,-0.476306,-0.012520,0.878642
244,1785981036817924416,2,603,161,0.266998,0.687500,97,73.561305,59.473906,341,331,14,14,0,304,53.054334,133.035211,148.158659,1,2.372028,0.512720,-4.369777,0.030016,-0.481100,-0.013711,0.876044
245,1785981036907925624,2,605,189,0.312397,0.708333,111,73.619973,60.484952,325,310,9,9,0,282,52.866791,134.104925,149.037454,1,2.434807,0.513793,-4.334314,0.030162,-0.487939,-0.014822,0.872230
246,1785981036997927541,2,604,195,0.322848,0.729167,103,71.837673,60.549203,350,339,18,18,0,304,53.389127,132.386876,147.163279,1,2.507989,0.511675,-4.291627,0.030087,-0.495840,-0.015263,0.867758
247,1785981037087926333,2,604,187,0.309603,0.687500,112,73.207054,60.445160,343,322,10,10,0,293,53.025043,133.652214,149.138288,1,2.587716,0.510098,-4.242104,0.030116,-0.504630,-0.015903,0.862664
248,1785981037177924708,2,606,180,0.297030,0.729167,94,66.821482,59.850074,346,327,13,13,0,305,52.819791,126.671556,141.138833,1,2.675708,0.502711,-4.184498,0.029509,-0.514396,-0.015524,0.856905
249,1785981037267926458,2,606,182,0.300330,0.708333,102,67.603486,59.880574,335,322,11,11,0,296,52.710249,127.484060,142.783715,1,2.752848,0.491134,-4.132346,0.028506,-0.523122,-0.015187,0.851646
250,1785981037357925916,2,605,200,0.330579,0.750000,179,69.325827,60.420701,328,316,18,17,1,280,53.057292,129.746528,145.585604,1,2.814011,0.484318,-4.091866,0.027876,-0.529941,-0.015245,0.847439
251,1785981037447926583,2,604,174,0.288079,0.729167,114,65.469350,59.685198,335,326,12,12,0,297,53.176251,125.154548,142.891341,1,2.871875,0.480203,-4.050668,0.027507,-0.536470,-0.014839,0.843340
252,1785981037537929666,2,603,175,0.290216,0.687500,105,72.499592,59.782781,319,306,13,13,0,273,52.805707,132.282373,148.216365,1,2.945870,0.472249,-3.995910,0.026791,-0.544906,-0.015356,0.837929
253,1785981037627929249,2,604,175,0.289735,0.729167,103,68.700824,59.690573,343,332,13,13,0,307,52.811999,128.391397,143.783761,1,3.018760,0.463946,-3.938447,0.026078,-0.553364,-0.014994,0.832396
254,1785981037717927791,2,604,180,0.298013,0.666667,92,68.352405,59.803616,334,320,9,9,0,292,52.855957,128.156021,143.294258,1,3.095732,0.455243,-3.875994,0.025321,-0.562257,-0.014609,0.826445
255,1785981037807928166,2,603,197,0.326700,0.708333,167,69.695162,60.332410,337,328,16,16,0,295,52.895749,130.027572,145.644353,1,3.182164,0.445172,-3.801372,0.024417,-0.572550,-0.014159,0.819384
256,1785981037897930125,2,603,205,0.339967,0.708333,103,67.791361,60.028908,338,329,18,18,0,292,53.039208,127.820269,145.076059,1,3.285049,0.436333,-3.706030,0.023610,-0.584928,-0.013362,0.810631
257,1785981037987930291,2,605,208,0.343802,0.687500,93,68.307030,60.429743,341,328,15,15,0,285,53.239334,128.736773,143.397134,1,3.380142,0.428549,-3.612622,0.022794,-0.596624,-0.011756,0.802111
258,1785981038077932916,2,604,217,0.359272,0.708333,94,69.947038,60.686536,317,311,14,14,0,272,52.805207,130.633574,145.301018,1,3.465569,0.423914,-3.524303,0.022284,-0.607234,-0.010543,0.794140
259,1785981038167929958,2,605,211,0.348760,0.708333,80,69.542077,60.924912,358,345,12,12,0,312,53.167251,130.466989,144.152971,1,3.529366,0.416285,-3.453166,0.021383,-0.615433,-0.009163,0.787846
260,1785981038257930458,2,603,219,0.363184,0.708333,89,71.200752,61.223622,346,335,14,14,0,295,53.095584,132.424374,146.327355,1,3.607920,0.405564,-3.364104,0.020384,-0.625546,-0.009050,0.779869
261,1785981038347932791,2,606,216,0.356436,0.708333,152,77.265573,60.586410,338,325,23,23,0,284,52.909624,137.851983,151.395380,1,3.685390,0.400212,-3.270989,0.019711,-0.635777,-0.007403,0.771586
262,1785981038437932541,2,605,219,0.361983,0.666667,91,71.900880,60.705536,359,346,22,22,0,299,53.540669,132.606416,148.037155,1,3.757751,0.392385,-3.179779,0.018747,-0.645449,-0.005919,0.763551
263,1785981038527933333,2,604,207,0.342715,0.729167,84,67.740069,61.051621,354,345,15,15,0,306,53.142041,128.791690,141.872625,1,3.828784,0.380620,-3.083556,0.017437,-0.655272,-0.005191,0.755174
264,1785981038617931875,2,606,206,0.339934,0.708333,84,70.200705,60.383325,346,334,16,16,0,296,53.114000,130.584030,143.861719,1,3.908769,0.374168,-2.969238,0.016692,-0.666524,-0.004634,0.745283
265,1785981038707931292,2,605,194,0.320661,0.729167,75,76.398692,60.668243,340,330,15,15,0,291,53.290209,137.066935,150.261082,1,3.982537,0.372182,-2.856869,0.016558,-0.677284,-0.004612,0.735521
266,1785981038797932917,2,605,240,0.396694,0.750000,79,71.736337,61.203455,330,315,16,16,0,277,52.842624,132.939792,145.647644,1,4.042867,0.369543,-2.759411,0.016292,-0.686359,-0.004217,0.727069
267,1785981038887933625,2,605,239,0.395041,0.729167,69,68.662448,62.411835,352,338,13,13,0,293,53.537252,131.074283,143.374216,1,4.101226,0.359150,-2.660221,0.015217,-0.695221,-0.004132,0.718623
268,1785981038977935500,2,605,251,0.414876,0.729167,148,76.744320,62.250001,374,361,18,18,0,320,53.381043,138.994321,151.746297,1,4.166675,0.367761,-2.538645,0.015934,-0.705808,-0.003183,0.708217
269,1785981039067935417,2,605,212,0.350413,0.729167,107,75.329979,60.472867,346,332,9,9,0,304,53.036041,135.802846,151.091126,1,4.213655,0.348933,-2.443998,0.014168,-0.713881,-0.004041,0.700112
270,1785981039157937125,2,605,218,0.360331,0.729167,94,71.187417,61.068370,346,342,16,14,2,306,53.144500,132.255787,146.209603,1,4.257329,0.339796,-2.355541,0.013267,-0.721327,-0.004072,0.692455
271,1785981039247938209,2,606,232,0.382838,0.729167,90,70.188080,61.805915,341,334,16,16,0,291,53.434043,131.993995,146.625606,1,4.294275,0.324807,-2.279012,0.011586,-0.727624,-0.004141,0.685866
272,1785981039337939750,2,602,216,0.358804,0.750000,92,74.090848,61.110621,356,349,15,14,1,311,53.302209,135.201469,149.619370,1,4.328639,0.313012,-2.200594,0.010090,-0.733945,-0.003512,0.679125
273,1785981039427940667,2,605,249,0.411570,0.770833,82,71.243126,62.327626,347,338,22,22,0,287,53.716252,133.570752,147.055733,1,4.387646,0.303241,-2.058604,0.008827,-0.745084,-0.002898,0.666906
274,1785981039517937459,2,604,212,0.350993,0.770833,151,71.162751,61.093162,352,340,14,14,0,302,53.257167,132.255913,144.547471,1,4.439915,0.282710,-1.915421,0.006987,-0.756061,-0.003645,0.654453
275,1785981039607939667,2,603,232,0.384743,0.750000,96,68.529405,61.331038,341,336,10,10,0,297,53.225541,129.860443,145.357391,1,4.480900,0.276734,-1.794340,0.006426,-0.765003,-0.003948,0.643983
276,1785981039697938375,2,605,222,0.366942,0.750000,80,72.020963,61.796082,349,339,17,17,0,298,53.467834,133.817045,145.864393,1,4.515677,0.271229,-1.680142,0.005855,-0.773101,-0.004182,0.634242
277,1785981039787937875,2,607,228,0.375618,0.729167,79,72.579924,61.491872,336,327,17,17,0,281,53.379292,134.071796,146.438812,1,4.550039,0.258096,-1.553302,0.004598,-0.782068,-0.004353,0.623161
278,1785981039877937376,2,607,210,0.345964,0.729167,72,76.028024,60.413533,332,319,22,22,0,277,52.873165,136.441557,147.970028,1,4.587328,0.241665,-1.414907,0.003512,-0.791852,-0.005977,0.610673
279,1785981039967937959,2,605,252,0.416529,0.812500,65,75.094811,62.073333,357,348,26,26,0,289,53.746294,137.168144,148.634073,1,4.630837,0.227039,-1.216876,0.001316,-0.805545,-0.004738,0.592514
280,1785981040057937542,2,603,223,0.369818,0.812500,141,71.367127,61.386788,355,342,18,18,0,297,53.399959,132.753915,143.705841,1,4.669634,0.274462,-1.005373,0.004739,-0.820084,-0.000419,0.572223
281,1785981040147937417,2,605,234,0.386777,0.770833,92,73.141510,61.736540,366,355,11,11,0,316,53.506126,134.878050,148.602739,1,4.688996,0.286962,-0.882482,0.005774,-0.829252,0.000298,0.558845
282,1785981040237938834,2,602,224,0.372093,0.770833,81,72.012254,61.644956,366,358,14,14,0,319,53.591877,133.657210,146.222562,1,4.701761,0.308934,-0.792544,0.008396,-0.836629,0.000752,0.547705
283,1785981040327939001,2,604,227,0.375828,0.791667,72,75.722064,61.592330,355,340,14,14,0,299,53.124124,137.314394,149.217616,1,4.710717,0.318760,-0.743590,0.009884,-0.841422,-0.000282,0.540288
284,1785981040417938251,2,606,221,0.364686,0.812500,61,73.256844,61.157204,366,355,22,22,0,315,53.266750,134.414048,146.090894,1,4.716357,0.377756,-0.729909,0.019436,-0.843998,-0.006193,0.535958
285,1785981040507941501,2,606,225,0.371287,0.770833,57,75.985856,61.316287,358,350,12,12,0,320,53.196957,137.302143,148.564864,1,4.715900,0.388149,-0.782773,0.023952,-0.842476,-0.013217,0.538038
286,1785981040597939418,2,603,233,0.386401,0.729167,67,77.248028,61.623122,368,354,12,12,0,325,52.922123,138.871150,150.100120,1,4.719177,0.410535,-0.815993,0.027225,-0.842317,-0.015510,0.538072
287,1785981040687940084,2,604,213,0.352649,0.750000,48,75.643813,60.849244,339,327,14,14,0,286,53.101124,136.493057,148.029777,1,4.722923,0.396324,-0.885037,0.025452,-0.840698,-0.016201,0.540663
288,1785981040777942834,2,607,223,0.367381,0.812500,50,82.147386,61.179495,355,345,16,16,0,309,52.999624,143.326881,153.644346,1,4.721057,0.390206,-0.942960,0.028837,-0.838933,-0.025694,0.542863
289,1785981040867944376,2,603,236,0.391376,0.833333,132,73.750387,61.619747,372,354,11,11,0,323,53.151583,135.370134,147.215399,1,4.722644,0.415167,-0.985517,0.026219,-0.838408,-0.014752,0.544213
290,1785981040957942084,2,604,228,0.377483,0.854167,76,74.324973,60.904035,353,342,16,16,0,304,53.172624,135.229008,146.768729,1,4.722201,0.424252,-1.040289,0.028627,-0.836644,-0.018271,0.546694
291,1785981041047945126,2,603,240,0.398010,0.854167,149,79.449664,62.027416,368,357,12,12,0,309,53.522417,141.477080,154.278973,1,4.720471,0.432781,-1.100329,0.034608,-0.834470,-0.031252,0.549076
292,1785981041137942126,2,606,234,0.386139,0.875000,149,77.721114,61.263454,339,330,14,14,0,292,53.346250,138.984568,152.414422,1,4.710860,0.383142,-1.214544,0.026223,-0.830751,-0.023660,0.555522
293,1785981041227944959,2,604,230,0.380795,0.875000,97,72.303922,60.783118,360,348,17,17,0,315,52.983290,133.087040,147.557399,1,4.709214,0.355932,-1.273853,0.022461,-0.829468,-0.024411,0.557569
294,1785981041317943793,2,606,216,0.356436,0.833333,89,79.810624,60.979494,358,348,10,10,0,317,53.077332,140.790118,154.189055,1,4.712994,0.354674,-1.308154,0.018780,-0.829657,-0.016425,0.557716
295,1785981041407943085,2,603,219,0.363184,0.770833,93,79.247788,60.924577,350,335,11,11,0,309,52.796164,140.172365,153.219634,1,4.705606,0.327952,-1.390367,0.015648,-0.826740,-0.017137,0.562105
296,1785981041497948168,2,604,223,0.369205,0.833333,79,72.781758,61.070703,357,346,19,19,0,307,53.119290,133.852461,146.664020,1,4.697482,0.272869,-1.474237,0.007935,-0.823960,-0.013584,0.566430
297,1785981041587944876,2,607,238,0.392092,0.791667,72,74.103721,61.759580,357,349,10,10,0,316,53.086374,135.863301,147.605565,1,4.693909,0.202358,-1.531015,-0.000442,-0.822456,-0.012242,0.568697
298,1785981041677947585,2,602,236,0.392027,0.812500,70,75.061602,61.515788,361,353,17,17,0,318,53.151540,136.577390,148.720654,1,4.697208,0.234582,-1.552367,0.001774,-0.822815,-0.010766,0.568205
299,1785981041767946376,2,605,228,0.376860,0.812500,69,77.039527,61.551080,366,350,13,13,0,313,53.228457,138.590607,150.549705,1,4.708011,0.242761,-1.585379,0.001340,-0.822918,-0.007835,0.568104
300,1785981041857946001,2,602,224,0.372093,0.812500,147,76.650609,61.120494,364,353,14,14,0,323,53.065540,137.771103,150.605455,1,4.703837,0.208723,-1.638309,-0.004218,-0.822346,0.000930,0.568972
301,1785981041947948876,2,607,227,0.373970,0.833333,109,74.633558,61.517204,368,353,14,14,0,321,53.479958,136.150762,152.163628,1,4.719595,0.185155,-1.657911,-0.007215,-0.823933,0.002266,0.566637
302,1785981042037949668,2,604,223,0.369205,0.791667,99,73.906220,61.456745,374,368,16,16,0,333,53.287957,135.362965,150.001952,1,4.726378,0.228964,-1.670757,-0.001845,-0.825222,-0.000451,0.564805
303,1785981042127949752,2,605,247,0.408264,0.791667,94,76.647650,62.239500,370,356,16,16,0,319,53.352292,138.887150,153.572343,1,4.731151,0.253758,-1.703725,-0.000202,-0.825277,0.001679,0.564725
304,1785981042217951460,2,605,211,0.348760,0.833333,147,78.233324,61.101994,363,351,13,12,1,312,53.294333,139.335318,151.765501,1,4.733783,0.280106,-1.726816,0.005628,-0.825569,-0.008049,0.564216
305,1785981042307950877,2,603,230,0.381426,0.854167,97,72.207213,61.060994,378,368,18,18,0,332,53.469208,133.268207,148.948280,1,4.731712,0.288908,-1.782606,0.008207,-0.824325,-0.014758,0.565864
306,1785981042397949627,2,603,204,0.338308,0.833333,80,75.641395,60.260698,353,338,10,10,0,312,52.633121,135.902093,148.633487,1,4.727286,0.237399,-1.818930,0.005818,-0.823394,-0.026207,0.566835
307,1785981042487951210,2,604,202,0.334437,0.812500,75,81.325255,60.175864,334,318,8,8,0,290,52.511287,141.501119,153.680885,1,4.747226,0.330038,-1.805750,0.015190,-0.826129,-0.024333,0.562750
308,1785981042577951210,2,607,193,0.317957,0.750000,74,75.867271,60.424907,365,355,19,19,0,314,53.291165,136.292178,149.180239,1,4.753422,0.396869,-1.828432,0.020234,-0.826637,-0.019208,0.562044
309,1785981042667952044,2,605,248,0.409917,0.833333,80,76.496566,62.042457,368,355,12,12,0,320,53.174707,138.539023,151.955418,1,4.758102,0.391876,-1.847763,0.016561,-0.827401,-0.010160,0.561276
310,1785981042757950794,2,606,236,0.389439,0.812500,84,73.865345,61.687413,367,357,20,19,1,317,53.338874,135.552758,149.790700,1,4.754921,0.408289,-1.880558,0.017554,-0.826700,-0.008058,0.562311
311,1785981042847951335,2,607,242,0.398682,0.770833,164,74.088388,61.740663,363,346,17,16,1,306,53.305999,135.829051,149.654991,1,4.737122,0.425366,-1.943091,0.017833,-0.825029,-0.006542,0.564772
312,1785981042937950419,2,602,213,0.353821,0.854167,101,73.193175,60.301031,362,354,18,18,0,317,53.300207,133.494206,149.741450,1,4.730696,0.399433,-2.000761,0.015350,-0.823628,-0.008453,0.566860
313,1785981043027955085,2,604,240,0.397351,0.854167,90,77.112735,61.470287,371,361,15,15,0,330,53.035039,138.583022,152.429253,1,4.744172,0.324472,-2.046121,0.008220,-0.823250,-0.010744,0.567518
314,1785981043117951960,2,605,229,0.378512,0.770833,100,72.474921,61.508829,359,348,13,12,1,312,53.159290,133.983750,147.892107,1,4.750720,0.180546,-2.070732,-0.007798,-0.823838,-0.005803,0.566742
315,1785981043207949252,2,604,224,0.370861,0.791667,84,72.426505,61.310786,357,349,18,18,0,306,53.348499,133.737291,146.305433,1,4.748393,0.132591,-2.109030,-0.012514,-0.823361,-0.006719,0.567340
316,1785981043297952252,2,606,202,0.333333,0.750000,85,75.306643,60.842867,365,352,15,15,0,318,53.011540,136.149510,148.591069,1,4.754452,0.146211,-2.135712,-0.010720,-0.823850,-0.009285,0.566631
317,1785981043387952752,2,604,244,0.403974,0.791667,170,72.986632,61.796205,366,354,19,19,0,314,53.160498,134.782837,148.652902,1,4.768996,0.234278,-2.150847,-0.002774,-0.825083,-0.006191,0.564971
318,1785981043477956502,2,605,225,0.371901,0.791667,116,72.152462,60.928743,363,349,20,20,0,306,53.449207,133.081205,150.328285,1,4.784381,0.287699,-2.153452,0.001992,-0.826892,-0.005095,0.562334
319,1785981043567955461,2,606,243,0.400990,0.854167,103,74.387972,62.016331,379,367,18,18,0,332,53.312457,136.404303,151.595791,1,4.784247,0.323710,-2.190275,0.004937,-0.826603,-0.001800,0.562760
320,1785981043657950877,2,602,241,0.400332,0.833333,92,71.914127,62.189623,384,372,26,25,1,322,53.863460,134.103750,148.326442,1,4.791540,0.309526,-2.213554,0.003494,-0.827225,-0.003306,0.561850
321,1785981043747956461,2,604,229,0.379139,0.833333,93,72.501922,61.715704,363,349,14,13,1,312,53.292124,134.217626,147.928148,1,4.784846,0.243863,-2.273014,-0.002975,-0.825654,-0.004263,0.564153
322,1785981043837956002,2,604,229,0.379139,0.812500,167,72.468130,61.340078,371,360,17,17,0,323,53.182373,133.808208,148.407609,1,4.789215,0.235430,-2.299150,-0.004650,-0.826128,-0.000762,0.563464
323,1785981043927957502,2,604,260,0.430464,0.833333,118,75.934563,62.341415,384,376,21,20,1,326,54.001418,138.275978,156.216520,1,4.790409,0.285720,-2.338293,0.000567,-0.825899,-0.002537,0.563813
324,1785981044017957711,2,605,235,0.388430,0.812500,101,75.279142,62.012581,380,368,15,15,0,321,53.804959,137.291723,152.779670,1,4.791092,0.282439,-2.390244,0.000754,-0.825609,-0.004618,0.564224
325,1785981044107957503,2,604,254,0.420530,0.833333,82,75.873312,62.377999,370,352,18,18,0,310,53.274456,138.251311,152.296043,1,4.805250,0.313512,-2.403977,0.004588,-0.826678,-0.010352,0.562561
326,1785981044197959336,2,606,245,0.404290,0.833333,162,79.872539,61.977539,369,363,13,13,0,326,53.202748,141.850078,154.967681,1,4.809397,0.388487,-2.429521,0.012734,-0.826817,-0.018333,0.562027
327,1785981044287957586,2,608,233,0.383224,0.854167,104,74.854849,61.244702,353,346,18,17,1,308,53.397124,136.099551,152.765003,1,4.808680,0.417107,-2.474010,0.016609,-0.825873,-0.027511,0.562940
328,1785981044377956628,2,605,232,0.383471,0.875000,89,79.756330,61.693829,364,354,15,15,0,307,53.478000,141.450159,155.122431,1,4.810832,0.441791,-2.507750,0.018549,-0.826122,-0.026435,0.562565
329,1785981044467958753,2,603,225,0.373134,0.833333,77,76.045021,61.045867,367,355,18,18,0,315,53.212623,137.090888,149.921198,1,4.804041,0.490206,-2.560787,0.024329,-0.824511,-0.035043,0.564235
330,1785981044557961253,2,607,229,0.377265,0.854167,148,78.471824,61.044242,345,331,19,19,0,297,52.887080,139.516066,152.274001,1,4.808359,0.500851,-2.603583,0.025200,-0.824403,-0.033837,0.564430
331,1785981044647959794,2,601,242,0.402662,0.895833,102,73.493467,60.801533,343,326,16,16,0,292,52.863579,134.295000,150.234825,1,4.808548,0.492216,-2.645229,0.023562,-0.824283,-0.029495,0.564917
332,1785981044737960586,2,606,204,0.336634,0.875000,93,75.898854,60.209947,350,340,20,20,0,303,53.060497,136.108801,150.046824,1,4.809074,0.411578,-2.685199,0.015833,-0.824015,-0.031213,0.565486
333,1785981044827962211,2,604,212,0.350993,0.854167,68,76.507648,60.536615,362,349,14,14,0,317,53.005289,137.044263,149.745989,1,4.821129,0.331409,-2.700181,0.008055,-0.825061,-0.031659,0.564099
334,1785981044917960086,2,604,195,0.322848,0.875000,62,76.839524,60.053821,366,356,20,19,1,323,52.913954,136.893345,148.195982,1,4.827785,0.324044,-2.729376,0.007174,-0.825384,-0.032440,0.563594
335,1785981045007963545,2,604,204,0.337748,0.895833,62,76.421105,60.152197,348,336,14,14,0,305,52.608661,136.573302,148.344482,1,4.831021,0.394210,-2.769137,0.014357,-0.824957,-0.035518,0.563895
336,1785981045097961878,2,608,202,0.332237,0.916667,70,78.033863,60.409531,343,333,20,20,0,290,53.111080,138.443394,151.063661,1,4.842310,0.398213,-2.787010,0.014065,-0.826012,-0.033729,0.562466
337,1785981045187965461,2,605,188,0.310744,0.895833,63,82.863718,59.933737,352,338,20,20,0,294,53.176872,142.797455,154.976013,1,4.836913,0.416716,-2.832090,0.015482,-0.825304,-0.033549,0.563478
338,1785981045277962711,2,608,211,0.347039,0.875000,63,83.830848,60.862366,356,338,14,14,0,301,53.043455,144.693214,156.759520,1,4.846649,0.438421,-2.854361,0.016932,-0.826069,-0.030571,0.562485
339,1785981045367963628,2,605,203,0.335537,0.875000,63,76.544065,60.408073,353,339,15,15,0,304,52.977997,136.952138,148.739276,1,4.852864,0.482116,-2.887590,0.020377,-0.826268,-0.025856,0.562314
340,1785981045457962295,2,604,220,0.364238,0.812500,150,76.200230,61.530536,359,345,21,20,1,300,53.531582,137.730766,150.914243,1,4.836915,0.499200,-2.943549,0.021349,-0.824784,-0.024340,0.564520
341,1785981045547964378,2,604,226,0.374172,0.875000,94,73.859135,61.317744,349,335,18,18,0,287,53.765167,135.176879,151.165744,1,4.833329,0.474365,-2.989549,0.018094,-0.824322,-0.019044,0.565511
342,1785981045637963170,2,603,211,0.349917,0.875000,97,74.956890,60.627948,340,328,13,13,0,295,52.841620,135.584838,150.327699,1,4.829755,0.433261,-3.037116,0.014120,-0.823469,-0.020370,0.566820
343,1785981045727963920,2,605,228,0.376860,0.875000,88,74.775181,60.841116,346,334,25,24,1,289,53.019829,135.616297,150.157365,1,4.830746,0.470679,-3.074532,0.017131,-0.823135,-0.019837,0.567240
344,1785981045817967462,2,604,201,0.332781,0.875000,84,76.000728,60.805532,349,335,18,17,1,293,53.397831,136.806260,151.016827,1,4.824657,0.384690,-3.129917,0.009046,-0.822020,-0.020153,0.569030
345,1785981045907965378,2,604,213,0.352649,0.833333,78,74.090511,61.136950,365,352,15,15,0,318,53.394957,135.227461,148.569774,1,4.830234,0.327247,-3.163077,0.003648,-0.822322,-0.014718,0.568821
346,1785981045997967087,2,605,226,0.373554,0.854167,67,77.914778,61.302743,340,334,12,12,0,299,52.996496,139.217521,151.938706,1,4.819123,0.244243,-3.219690,-0.004726,-0.821462,-0.003996,0.570229
347,1785981046087966420,2,607,216,0.355848,0.875000,70,76.975816,60.971992,362,349,22,22,0,305,53.268122,137.947808,150.218197,1,4.837090,0.318898,-3.234189,0.001494,-0.822520,0.000905,0.568734
348,1785981046177968170,2,607,227,0.373970,0.875000,145,73.349633,60.947825,340,328,14,14,0,293,52.904579,134.297458,147.391476,1,4.850091,0.311033,-3.275582,0.000851,-0.822608,0.005201,0.568584
349,1785981046267965545,2,606,226,0.372937,0.833333,99,73.651217,61.407785,371,363,13,13,0,323,53.835417,135.059002,151.364412,1,4.840762,0.282174,-3.326068,-0.001813,-0.821551,0.006540,0.570095
350,1785981046357966920,2,603,242,0.401327,0.875000,89,72.778047,62.210455,348,339,17,17,0,297,53.390748,134.988502,149.540694,1,4.845825,0.310849,-3.368427,0.000607,-0.821679,0.003333,0.569940
351,1785981046447969629,2,609,236,0.387521,0.812500,86,75.479225,61.884245,354,348,17,17,0,310,53.512207,137.363470,151.419328,1,4.852926,0.319692,-3.398599,0.001361,-0.821988,0.003879,0.569490
352,1785981046537969045,2,605,228,0.376860,0.770833,65,70.863246,61.470368,353,341,19,19,0,299,53.306039,132.333614,144.177961,1,4.834936,0.324600,-3.464425,0.001951,-0.820055,-0.002823,0.572274
353,1785981046627969212,2,604,226,0.374172,0.833333,151,73.677551,61.795828,367,356,18,17,1,315,53.742458,135.473379,148.924025,1,4.834289,0.287097,-3.507596,-0.001250,-0.819579,-0.009309,0.572890
354,1785981046717971795,2,606,242,0.399340,0.875000,111,71.771624,61.507161,362,352,23,23,0,308,53.564415,133.278785,150.041029,1,4.832857,0.338058,-3.547996,0.002856,-0.819018,-0.013783,0.573596
355,1785981046807970504,2,606,229,0.377888,0.854167,89,77.966820,61.718537,363,352,11,11,0,316,53.399664,139.685357,153.613380,1,4.835999,0.340469,-3.606242,0.002696,-0.818379,-0.016397,0.574438
356,1785981046897969462,2,605,238,0.393388,0.875000,94,75.855560,61.621495,362,353,13,12,1,321,53.169330,137.477055,151.530661,1,4.827487,0.287207,-3.657932,-0.002106,-0.817421,-0.015262,0.575834
357,1785981046987970254,2,605,210,0.347107,0.875000,76,77.143941,60.810074,354,342,14,13,1,314,53.174872,137.954015,151.691495,1,4.836394,0.319819,-3.676845,0.000202,-0.818062,-0.008392,0.575069
358,1785981047077969879,2,603,240,0.398010,0.833333,171,72.750296,61.774120,363,352,13,13,0,318,53.265914,134.524416,148.882065,1,4.838187,0.281956,-3.716609,-0.003065,-0.817851,0.003645,0.575411
359,1785981047167971087,2,604,241,0.399007,0.875000,103,71.065330,61.250825,362,354,11,11,0,326,53.049996,132.316155,148.946649,1,4.831345,0.323203,-3.766998,0.000472,-0.817008,0.006733,0.576587
360,1785981047257971129,2,602,244,0.405316,0.875000,94,75.787768,61.506160,347,337,13,13,0,305,52.781954,137.293928,151.781829,1,4.794842,0.255052,-3.858464,-0.005694,-0.813853,0.002499,0.581037
361,1785981047347972546,2,603,229,0.379768,0.770833,96,74.137886,61.710953,373,361,14,13,1,324,53.469040,135.848839,151.091826,1,4.788557,0.204787,-3.903817,-0.009799,-0.813031,0.001536,0.582136
362,1785981047437971337,2,607,247,0.406919,0.854167,85,73.016922,61.839078,352,338,17,17,0,303,53.261664,134.856000,149.435276,1,4.789001,0.190369,-3.935984,-0.010950,-0.812900,0.007886,0.582247
363,1785981047527971337,2,606,246,0.405941,0.875000,153,74.274386,62.262122,359,348,17,17,0,305,53.671582,136.536508,149.624026,1,4.767982,0.229963,-4.017518,-0.008075,-0.810645,-0.004836,0.585462
364,1785981047617973754,2,604,207,0.342715,0.875000,104,71.990333,60.243571,358,349,24,24,0,309,53.467414,132.233904,148.586939,1,4.760891,0.235078,-4.065050,-0.008421,-0.809698,-0.017341,0.586529
365,1785981047707973254,2,606,224,0.369637,0.854167,93,79.000574,61.112075,344,332,17,17,0,290,53.121996,140.112649,154.921009,1,4.754556,0.241908,-4.106469,-0.008489,-0.808475,-0.024473,0.587960
366,1785981047797974004,2,607,221,0.364086,0.875000,90,74.226802,61.603577,353,342,15,15,0,298,53.508040,135.830379,150.527239,1,4.716886,0.281802,-4.183005,-0.006013,-0.805336,-0.030998,0.591977
367,1785981047887971963,2,606,214,0.353135,0.875000,88,76.398646,60.926699,342,337,13,13,0,304,53.081787,137.325345,150.958866,1,4.712253,0.263930,-4.211976,-0.008232,-0.804512,-0.040532,0.592495
368,1785981047977974046,2,606,237,0.391089,0.916667,84,76.323145,61.848036,356,348,10,10,0,325,53.035912,138.171181,151.019658,1,4.727002,0.242152,-4.209078,-0.010016,-0.805587,-0.042923,0.590835
369,1785981048067974254,2,606,223,0.367987,0.854167,86,75.798392,61.186949,353,343,18,18,0,309,53.095037,136.985341,151.271784,1,4.744120,0.246117,-4.190102,-0.009729,-0.806779,-0.042809,0.589220
370,1785981048157976713,2,607,233,0.383855,0.875000,79,75.297682,61.254992,341,328,17,17,0,291,52.929828,136.552674,149.963194,1,4.771963,0.244351,-4.174041,-0.009593,-0.808341,-0.042031,0.587134
371,1785981048247976004,2,608,229,0.376645,0.833333,80,76.724355,61.173700,346,334,14,13,1,302,52.972162,137.898055,151.794953,1,4.841715,0.229798,-4.059379,-0.010301,-0.814479,-0.040608,0.578678
372,1785981048337976838,2,602,218,0.362126,0.854167,78,75.629309,60.722198,345,329,7,6,1,310,52.578243,136.351507,149.906027,1,4.927527,0.234347,-3.943039,-0.009571,-0.821367,-0.039890,0.568924
373,1785981048427977338,2,606,202,0.333333,0.875000,75,77.969528,60.105153,348,330,9,9,0,308,52.614952,138.074681,151.167867,1,5.013115,0.232789,-3.822372,-0.009241,-0.828199,-0.041284,0.558836
374,1785981048517977963,2,605,209,0.345455,0.875000,78,76.714063,60.380612,338,330,8,8,0,308,52.635035,137.094675,149.595817,1,5.085152,0.229412,-3.717947,-0.009021,-0.833975,-0.041317,0.550179
375,1785981048607978671,2,604,215,0.355960,0.812500,83,75.386390,60.532655,333,320,5,5,0,304,52.428909,135.919045,149.715401,1,5.146595,0.216961,-3.622567,-0.009666,-0.839057,-0.042031,0.542332
376,1785981048697978921,2,602,216,0.358804,0.875000,78,82.962008,60.471280,334,327,11,11,0,299,52.543702,143.433288,156.080805,1,5.223927,0.198176,-3.496788,-0.010657,-0.845733,-0.040869,0.531932
377,1785981048787979463,2,609,221,0.362890,0.875000,149,78.829073,60.960532,339,323,10,10,0,299,52.855453,139.789605,152.204496,1,5.338055,0.167679,-3.298113,-0.012520,-0.855753,-0.040289,0.515662
378,1785981048877978380,2,603,234,0.388060,0.895833,102,74.620554,60.660239,332,319,17,17,0,286,52.908662,135.280793,148.902730,1,5.470838,0.153618,-3.040588,0.012790,0.867974,0.038815,-0.494925
379,1785981048967981047,2,607,227,0.373970,0.875000,96,83.022176,61.068866,353,343,11,11,0,320,52.911537,144.091042,158.689567,1,5.600729,0.136191,-2.741178,0.012801,0.881031,0.041873,-0.471028
380,1785981049057979005,2,605,214,0.353719,0.854167,77,79.541117,60.228195,343,328,8,8,0,311,52.318366,139.769312,151.164240,1,5.710015,0.106885,-2.467618,0.013806,0.892179,0.045651,-0.449157
381,1785981049147980838,2,604,222,0.367550,0.916667,75,79.455617,60.711614,341,334,20,20,0,299,53.072078,140.167231,152.260912,1,5.764977,0.094024,-2.309414,0.013874,0.898301,0.048895,-0.436431
382,1785981049237978005,2,604,219,0.362583,0.916667,69,81.774586,60.683031,353,342,13,13,0,311,52.924911,142.457617,154.234463,1,5.804061,0.090163,-2.188118,0.013461,0.902723,0.051478,-0.426918
383,1785981049327978297,2,605,242,0.400000,0.937500,66,80.910666,61.334283,343,334,11,11,0,303,52.790244,142.244949,153.118624,1,5.838767,0.066441,-2.067139,0.014483,0.907147,0.053175,-0.417188
384,1785981049417979588,2,609,217,0.356322,0.916667,140,84.162097,60.437405,347,331,10,10,0,306,52.586327,144.599502,156.375264,1,5.880292,0.066517,-1.916700,0.013546,0.912378,0.055846,-0.405294
385,1785981049507980005,2,607,227,0.373970,0.937500,85,85.965855,60.413237,347,330,10,10,0,298,52.802577,146.379092,161.471870,1,5.922064,0.056485,-1.750458,0.013322,0.917997,0.057181,-0.392217
386,1785981049597981630,2,608,222,0.365132,0.854167,73,84.434515,60.564905,349,338,20,20,0,305,52.871828,144.999420,157.284685,1,5.961151,0.040297,-1.570760,0.013291,0.923847,0.060272,-0.377754
387,1785981049687980672,2,602,202,0.335548,0.895833,69,84.547932,60.108694,365,354,11,11,0,332,52.611909,144.656626,156.459472,1,5.989871,0.017848,-1.411065,0.014274,0.928801,0.061026,-0.365240
388,1785981049777981464,2,608,215,0.353618,0.916667,65,84.627640,60.168569,346,338,10,10,0,320,52.459784,144.796209,155.991595,1,6.010900,0.002633,-1.275416,0.014744,0.932843,0.062008,-0.354600
389,1785981049867983380,2,608,227,0.373355,0.895833,61,84.623974,60.876032,355,342,22,22,0,304,53.079829,145.500006,155.159841,1,6.031346,-0.012910,-1.126441,0.015113,0.937212,0.062314,-0.342816
390,1785981049957981964,2,606,226,0.372937,0.937500,56,89.513205,61.118991,373,359,16,16,0,329,53.219412,150.632196,159.958071,1,6.053319,-0.025089,-0.922292,0.014667,0.942851,0.064293,-0.326623
391,1785981050047981755,2,606,207,0.341584,0.875000,47,85.397852,60.344903,381,373,10,10,0,351,52.724493,145.742755,154.568713,1,6.065259,-0.066640,-0.731286,0.015840,0.947637,0.069747,-0.311237
392,1785981050137983630,2,606,222,0.366337,0.854167,132,87.274486,60.530988,360,342,18,18,0,312,52.770952,147.805474,156.873848,1,6.070390,-0.082022,-0.585264,0.015857,0.951220,0.071806,-0.299621
393,1785981050227985255,2,607,224,0.369028,0.895833,78,81.723127,60.760405,380,374,17,17,0,342,53.327913,142.483532,153.514833,1,6.064720,-0.113504,-0.464188,0.017348,0.954367,0.072471,-0.289189
394,1785981050317985880,2,609,212,0.348112,0.958333,66,86.785984,60.241153,361,350,20,20,0,316,52.869369,147.027137,157.171975,1,6.064108,-0.133013,-0.256310,0.017481,0.959175,0.073675,-0.272487
395,1785981050407985006,2,608,243,0.399671,0.958333,55,83.069008,61.787077,360,349,15,15,0,314,53.121495,144.856085,153.737168,1,6.053376,-0.176980,-0.057534,0.019883,0.963524,0.074529,-0.256265
396,1785981050497986881,2,605,247,0.408264,0.916667,135,86.348440,61.486742,363,353,20,20,0,317,52.845202,147.835182,157.796102,1,6.037547,-0.216705,0.129270,0.021724,0.967301,0.076205,-0.240933
397,1785981050587985256,2,604,233,0.385762,0.937500,88,78.156236,61.268990,348,337,11,11,0,307,52.945161,139.425226,151.187281,1,6.009899,-0.239784,0.317349,0.022297,0.970872,0.077281,-0.225696
398,1785981050677985756,2,608,246,0.404605,0.937500,157,83.683303,61.798702,355,345,13,13,0,313,52.961119,145.482005,157.951520,1,5.990002,-0.250064,0.473294,0.022430,0.973785,0.076916,-0.212896
399,1785981050767986881,2,606,257,0.424092,0.937500,117,80.186953,61.947910,356,343,18,18,0,302,53.130078,142.134863,156.658181,1,5.963905,-0.257352,0.640645,0.022417,0.976735,0.076453,-0.199102
400,1785981050857987047,2,607,205,0.337727,0.833333,85,82.880882,60.934697,375,360,7,7,0,331,53.113161,143.815579,155.127881,1,5.924911,-0.278775,0.837628,0.023394,0.979928,0.076171,-0.182736
401,1785981050947989881,2,606,229,0.377888,0.895833,92,89.321953,61.459908,371,360,16,16,0,321,53.307246,150.781861,162.367207,1,5.887836,-0.293791,0.997470,0.024144,0.982399,0.075160,-0.169293
402,1785981051037988464,2,607,229,0.377265,0.937500,76,83.130758,61.503866,360,350,13,13,0,311,53.378204,144.634624,155.247298,1,5.845460,-0.316876,1.162091,0.025219,0.984693,0.075219,-0.155196
403,1785981051127986923,2,604,234,0.387417,0.958333,146,84.959266,61.380491,373,358,21,21,0,323,53.067995,146.339757,156.510138,1,5.788817,-0.351687,1.348055,0.027144,0.986973,0.076075,-0.139143
404,1785981051217989048,2,607,237,0.390445,0.854167,103,79.532324,61.875452,376,366,16,16,0,328,53.290579,141.407776,154.300252,1,5.720810,-0.378263,1.550145,0.027953,0.989199,0.076953,-0.121580
405,1785981051307987714,2,606,247,0.407591,0.916667,83,83.340093,61.835035,361,350,14,14,0,315,53.005744,145.175128,156.621013,1,5.656516,-0.395113,1.723850,0.028559,0.990957,0.076890,-0.106193
406,1785981051397990131,2,606,249,0.410891,0.958333,78,85.147767,62.094035,378,368,13,13,0,332,53.331829,147.241802,158.276770,1,5.610121,-0.404601,1.841674,0.029177,0.992066,0.076079,-0.095741
407,1785981051487987673,2,605,239,0.395041,0.958333,82,83.333925,61.897452,373,367,14,14,0,332,53.391663,145.231377,155.816133,1,5.561841,-0.410105,1.959942,0.029380,0.993058,0.075544,-0.085240
408,1785981051577990256,2,605,252,0.416529,0.895833,71,85.357351,62.050953,380,370,16,16,0,335,53.359704,147.408304,157.825059,1,5.483547,-0.428468,2.131719,0.030268,0.994267,0.075368,-0.069543
409,1785981051667992589,2,606,223,0.367987,0.895833,153,89.191743,61.764201,384,378,15,15,0,340,53.703664,150.955944,161.591410,1,5.377254,-0.476406,2.334578,0.032916,0.995243,0.076734,-0.050190
410,1785981051757991715,2,605,235,0.388430,0.958333,95,86.543190,61.294907,379,373,14,14,0,338,53.290704,147.838097,159.521609,1,5.301311,-0.482881,2.476988,0.032767,0.995821,0.076903,-0.036781
411,1785981051847986798,2,607,245,0.403624,0.937500,91,87.702778,61.672242,371,362,24,24,0,319,53.348871,149.375020,161.768286,1,5.237652,-0.490001,2.590758,0.032841,0.996168,0.076836,-0.025843
412,1785981051937989965,2,604,232,0.384106,0.916667,74,93.968016,61.177323,357,347,15,15,0,311,53.037411,155.145339,165.787721,1,5.158559,-0.483248,2.727466,0.031630,0.996488,0.076496,-0.012650
413,1785981052027992506,2,606,230,0.379538,0.875000,65,95.946899,61.286740,365,353,10,10,0,319,53.057536,157.233639,167.104976,1,5.060430,-0.497717,2.880769,0.032045,0.996522,0.076879,0.002482
414,1785981052117990590,2,605,240,0.396694,0.916667,147,89.403703,62.079702,364,352,13,13,0,310,53.481954,151.483405,162.425122,1,4.982231,-0.504379,2.993085,0.032560,0.996477,0.076019,0.013950
415,1785981052207992423,2,604,242,0.400662,0.958333,95,87.209942,61.394282,379,370,20,20,0,333,53.454204,148.604224,161.058949,1,4.875398,-0.508043,3.136245,0.032387,0.996160,0.075895,0.029248
416,1785981052297990965,2,604,244,0.403974,0.854167,73,90.149956,61.475616,362,350,18,18,0,309,53.108953,151.625572,160.059861,1,4.689354,-0.508208,3.368417,0.032090,0.995190,0.074609,0.054784
417,1785981052387989090,2,605,242,0.400000,0.916667,67,92.877011,61.841034,372,358,18,18,0,320,53.235037,154.718045,164.226005,1,4.528849,-0.498485,3.539146,0.031766,0.993987,0.072491,0.075674
418,1785981052477991673,2,605,235,0.388430,0.895833,58,89.656329,61.391698,371,359,15,15,0,327,53.059493,151.048027,160.215736,1,4.382441,-0.410416,3.687464,0.020386,0.992483,0.074183,0.095178
419,1785981052567991007,2,606,255,0.420792,0.937500,129,91.374795,62.359453,368,354,15,15,0,315,53.352287,153.734248,162.087870,1,4.191699,-0.406978,3.854071,0.017867,0.989897,0.075760,0.118511
420,1785981052657994382,2,604,245,0.405629,0.937500,65,85.489393,62.173035,382,374,12,12,0,338,53.522746,147.662428,157.182514,1,4.055786,-0.419020,3.953015,0.018510,0.987849,0.076088,0.134250
421,1785981052747995257,2,605,225,0.371901,0.937500,63,91.486671,61.394491,384,370,15,15,0,331,53.392912,152.881162,161.896244,1,3.970601,-0.440717,3.997901,0.015799,0.986012,0.082024,0.144235
422,1785981052837994257,2,605,245,0.404959,0.895833,48,90.065289,61.923743,366,358,10,10,0,326,53.219745,151.989032,160.003026,1,3.880829,-0.379973,4.052956,0.008785,0.984450,0.081568,0.155331
423,1785981052927995090,2,605,237,0.391736,0.895833,43,91.053585,61.246198,373,362,17,16,1,331,52.917910,152.299783,160.062901,1,3.860080,-0.311563,4.050318,0.002471,0.984133,0.079988,0.158363
424,1785981053017995048,2,607,227,0.373970,0.916667,139,90.989418,61.287657,371,356,8,7,1,326,52.966910,152.277075,160.756863,1,3.868351,-0.307962,4.021489,0.001458,0.984017,0.081709,0.158214
425,1785981053107996340,2,607,232,0.382208,0.916667,87,86.332354,61.605866,375,366,18,18,0,325,53.347411,147.938220,158.584812,1,3.859570,-0.317666,3.985261,0.002548,0.983892,0.081475,0.159100
426,1785981053197996299,2,605,238,0.393388,0.937500,71,90.799167,61.935826,377,365,20,20,0,319,53.491953,152.734993,162.844289,1,3.870857,-0.295990,3.945884,0.001426,0.984151,0.080174,0.158166
427,1785981053287996424,2,607,241,0.397035,0.958333,155,88.337572,61.959409,371,363,10,9,1,333,53.367829,150.296981,161.030948,1,3.874533,-0.205718,3.924475,-0.002415,0.984690,0.072922,0.158308
428,1785981053377996590,2,607,241,0.397035,0.916667,104,89.650328,62.116285,384,370,11,10,1,341,53.353495,151.766613,163.473500,1,3.927176,-0.244838,3.844790,0.000066,0.985297,0.076366,0.152834
429,1785981053467996424,2,606,237,0.391089,0.958333,97,91.567337,61.718117,367,359,10,10,0,328,53.136161,153.285454,165.049132,1,3.958565,-0.265623,3.780956,0.005111,0.986052,0.073520,0.149235
430,1785981053558001215,2,605,210,0.347107,0.937500,81,95.332438,60.957404,378,370,19,18,1,333,53.340953,156.289842,166.402680,1,3.978852,-0.225798,3.737584,0.004726,0.986692,0.068850,0.147225
431,1785981053828001340,2,606,236,0.389439,0.916667,151,88.118363,61.275740,370,360,18,18,0,317,53.267078,149.394103,159.047980,1,4.041001,-0.030338,3.603424,-0.004171,0.988505,0.052634,0.141672
432,1785981053918001382,2,606,215,0.354785,0.958333,75,88.104071,60.984779,369,357,16,16,0,317,53.514204,149.088850,158.720437,1,4.063455,-0.021845,3.548187,-0.001438,0.989166,0.047810,0.138791
433,1785981054008000091,2,606,212,0.349835,0.958333,81,87.560568,61.773075,384,371,17,17,0,327,53.823538,149.333643,160.013275,1,4.081997,0.000904,3.499551,-0.002327,0.989530,0.045829,0.136835
434,1785981054098000716,2,604,237,0.392384,0.937500,73,88.313155,62.605245,384,377,12,11,1,343,53.685913,150.918400,160.815154,1,4.088758,-0.008166,3.459008,0.002605,0.989888,0.040557,0.135904
435,1785981054188002757,2,607,250,0.411862,0.979167,166,88.242113,61.955367,368,351,21,20,1,311,53.235203,150.197480,161.178739,1,4.064365,-0.050296,3.453281,0.007822,0.989415,0.040760,0.139053
436,1785981054277998841,2,604,251,0.415563,0.979167,113,85.009639,61.732325,374,363,12,11,1,331,53.345703,146.741964,160.605569,1,4.069144,-0.105799,3.408081,0.015056,0.989366,0.038231,0.139522
437,1785981054368004424,2,605,238,0.393388,0.937500,83,86.978857,61.847575,383,372,14,14,0,341,53.328286,148.826432,159.785399,1,4.048482,-0.138857,3.393532,0.013835,0.988653,0.045402,0.142522
438,1785981054458004466,2,606,231,0.381188,0.958333,84,87.158150,61.353281,369,361,9,9,0,337,53.011243,148.511431,158.735436,1,4.036833,-0.091133,3.382770,0.008584,0.988317,0.045809,0.145112
439,1785981054548004258,2,605,247,0.408264,0.958333,165,93.960514,61.923159,360,354,13,13,0,323,52.979659,155.883673,167.735769,1,4.027878,-0.073704,3.361537,0.003752,0.987887,0.050225,0.146777
440,1785981054638002383,2,605,232,0.383471,0.854167,108,83.740051,61.067530,384,372,15,15,0,337,53.395995,144.807581,158.484934,1,4.028751,-0.070964,3.328039,-0.004514,0.987153,0.062462,0.146997
441,1785981054728003258,2,607,238,0.392092,0.937500,163,93.705555,61.147655,362,353,15,15,0,320,52.872159,154.853210,166.442679,1,4.013441,-0.061935,3.314628,-0.007089,0.986580,0.064761,0.149718
442,1785981054818005383,2,607,226,0.372323,0.916667,130,89.701161,61.048613,379,370,13,13,0,338,53.415953,150.749774,165.248965,1,4.009138,-0.001767,3.289241,-0.011088,0.986598,0.060689,0.151054
443,1785981054908002841,2,606,239,0.394389,0.875000,122,88.343321,61.927700,383,373,13,13,0,340,53.360536,150.271021,165.787926,1,4.023875,0.040651,3.246308,-0.015774,0.986728,0.061355,0.149516
444,1785981054998005341,2,607,230,0.378913,0.916667,98,87.186441,61.286364,378,363,18,18,0,330,53.031576,148.472805,161.133279,1,4.036435,0.103912,3.206849,-0.022166,0.986830,0.061024,0.148159
445,1785981055088005924,2,607,219,0.360791,0.854167,85,88.865615,61.320989,384,371,16,16,0,342,53.382786,150.186604,162.590119,1,4.056403,0.087751,3.154432,-0.020494,0.987124,0.062063,0.145996
446,1785981055178005924,2,608,202,0.332237,0.895833,87,92.862717,61.035654,379,368,12,12,0,339,53.286244,153.898371,165.530507,1,4.077318,0.027833,3.093612,-0.014562,0.987459,0.064143,0.143524
447,1785981055268007508,2,605,206,0.340496,0.958333,157,90.860457,61.026404,384,374,17,17,0,339,53.347536,151.886861,162.361618,1,4.119680,0.081278,3.013153,-0.012967,0.988921,0.052422,0.138270
448,1785981055358009383,2,604,219,0.362583,0.937500,197,85.032681,61.003780,378,367,14,14,0,334,53.463161,146.036461,159.620689,1,4.114559,0.045358,2.997284,-0.009238,0.988744,0.053516,0.139415
449,1785981055448009633,2,605,253,0.418182,0.937500,113,87.918110,62.094576,384,377,15,15,0,338,53.657037,150.012686,162.512952,1,4.167324,0.079860,2.902828,-0.006456,0.990305,0.043509,0.131762
450,1785981055538010966,2,605,227,0.375207,0.916667,175,87.178607,61.555281,375,367,18,18,0,330,53.238868,148.733888,162.737995,1,4.180353,0.006916,2.851722,0.002212,0.990578,0.043077,0.129977
451,1785981055628008425,2,606,237,0.391089,0.979167,128,84.296594,61.729824,384,370,13,11,2,339,53.316327,146.026418,161.541780,1,4.212243,-0.030454,2.775801,0.008932,0.991339,0.038980,0.125092
452,1785981055718009466,2,606,233,0.384488,0.937500,114,94.050680,61.598198,381,366,13,13,0,335,53.268285,155.648878,170.123278,1,4.219204,-0.042895,2.740428,0.010520,0.991318,0.038779,0.125195
453,1785981055808010216,2,605,258,0.426446,0.958333,105,93.707095,62.458243,375,366,15,15,0,333,53.093201,156.165338,169.050606,1,4.243090,0.012569,2.684147,0.006763,0.991883,0.034800,0.122116
454,1785981055898006508,2,605,244,0.403306,0.916667,176,89.845744,62.171701,372,365,11,11,0,330,53.273161,152.017445,166.387969,1,4.252226,0.020207,2.642324,0.004542,0.991893,0.037680,0.121279
455,1785981055988009008,2,604,240,0.397351,0.937500,108,84.495803,61.749824,382,370,23,23,0,325,53.825038,146.245627,160.007940,1,4.274678,-0.038776,2.573157,0.008050,0.992025,0.044043,0.117819
456,1785981056078009383,2,608,220,0.361842,0.916667,98,92.767007,61.059529,380,369,17,17,0,340,53.149576,153.826536,166.359177,1,4.300921,-0.092917,2.505301,0.012451,0.992266,0.048615,0.113532
457,1785981056168008675,2,606,221,0.364686,0.958333,93,88.383195,61.155113,384,376,15,15,0,346,53.192910,149.538308,161.704822,1,4.302809,-0.187576,2.455164,0.021580,0.992048,0.052026,0.112553
458,1785981056258009800,2,606,233,0.384488,0.937500,176,94.713433,61.971575,384,377,25,25,0,326,53.869204,156.685008,169.758567,1,4.295978,-0.254831,2.429274,0.028141,0.991650,0.054604,0.113387
459,1785981056348010592,2,605,226,0.373554,0.895833,101,89.649243,61.080862,384,377,21,21,0,338,53.417869,150.730105,164.578877,1,4.316078,-0.142535,2.392068,0.021284,0.992523,0.044300,0.111721
460,1785981056438010883,2,607,237,0.390445,0.833333,92,84.319052,61.603490,374,365,17,17,0,332,53.341285,145.922542,159.102894,1,4.334257,-0.129519,2.343267,0.020492,0.992836,0.044387,0.109024
461,1785981056528012508,2,607,261,0.429984,0.958333,189,92.206921,62.700661,382,373,12,12,0,336,53.333368,154.907582,169.296565,1,4.341027,-0.157599,2.299516,0.024671,0.992924,0.042832,0.107975
462,1785981056618011800,2,608,256,0.421053,0.937500,116,88.830948,62.032575,384,369,11,11,0,342,53.188784,150.863523,166.719637,1,4.352084,-0.115756,2.255556,0.021726,0.993268,0.039244,0.106805
463,1785981056708011259,2,608,250,0.411184,0.937500,116,83.855716,62.243867,384,377,16,16,0,342,53.432411,146.099583,160.928526,1,4.364598,-0.143580,2.205950,0.023732,0.993340,0.042149,0.104575
464,1785981056798011967,2,605,271,0.447934,0.916667,173,92.674798,62.419160,384,374,20,20,0,340,52.989700,155.093958,168.206393,1,4.375830,-0.152598,2.155381,0.023532,0.993378,0.045244,0.102949
465,1785981056888015259,2,605,243,0.401653,0.979167,129,89.200948,61.525364,384,378,18,18,0,340,53.491244,150.726312,167.134138,1,4.386328,-0.195896,2.101702,0.026364,0.993230,0.050736,0.101120
466,1785981056978015425,2,605,255,0.421488,0.895833,115,88.920281,62.706536,375,372,8,8,0,338,53.338410,151.626817,164.596876,1,4.388094,-0.249322,2.048875,0.032739,0.993179,0.051111,0.099559
467,1785981057068014925,2,607,261,0.429984,0.937500,173,85.971559,62.821412,380,373,13,13,0,338,53.369993,148.792971,162.926036,1,4.377316,-0.275309,2.035250,0.037292,0.992951,0.048073,0.101722
468,1785981057158015092,2,605,252,0.416529,0.979167,124,89.914119,61.963949,384,375,19,19,0,336,53.652161,151.878068,168.594519,1,4.376779,-0.254600,2.009239,0.033691,0.992794,0.051875,0.102635
469,1785981057248015175,2,608,273,0.449013,0.937500,196,85.264013,63.120705,384,374,19,18,1,331,53.583370,148.384718,162.255156,1,4.355712,-0.240492,2.025495,0.033739,0.992415,0.047781,0.108129
470,1785981057338017300,2,604,277,0.458609,0.979167,136,87.230606,62.616577,384,377,22,21,1,329,53.548536,149.847183,167.614265,1,4.343288,-0.189006,2.029035,0.030726,0.992376,0.041444,0.111928
471,1785981057428016551,2,606,265,0.437294,0.958333,124,90.941998,62.672203,384,374,15,15,0,338,53.355535,153.614201,169.344439,1,4.343595,-0.155224,2.008039,0.028422,0.992427,0.038624,0.113088
472,1785981057518015759,2,607,242,0.398682,0.937500,186,88.062526,62.102867,384,378,20,20,0,342,53.458536,150.165393,165.573130,1,4.331523,-0.105934,2.009448,0.022920,0.992110,0.038984,0.116932
473,1785981057608014801,2,606,288,0.475248,0.937500,100,83.744466,63.075080,384,380,19,19,0,341,53.546327,146.819546,160.870691,1,4.319652,-0.040757,2.038797,0.022630,0.992055,0.022437,0.121699
474,1785981057698019301,2,607,321,0.528830,0.979167,197,86.950938,64.427335,384,380,17,17,0,335,54.184372,151.378273,165.777797,1,4.313251,-0.044605,1.996885,0.022745,0.991969,0.022482,0.122371
475,1785981057788016884,2,610,273,0.447541,0.916667,128,81.828248,63.201247,384,379,17,17,0,337,53.960121,145.029495,162.860200,1,4.295948,-0.005858,2.004405,0.016975,0.991338,0.026975,0.127406
476,1785981057878018051,2,603,278,0.461028,0.916667,126,80.479617,63.064204,384,382,16,16,0,346,53.807454,143.543821,158.361846,1,4.299413,-0.008275,1.965595,0.018590,0.991466,0.023537,0.126869
477,1785981057968018842,2,608,291,0.478618,0.875000,109,80.108574,64.162376,384,378,14,14,0,336,53.775870,144.270950,158.833849,1,4.285138,-0.002997,1.963859,0.017027,0.990934,0.025941,0.130717
478,1785981058058021884,2,605,250,0.413223,0.937500,167,84.219842,62.830828,384,379,16,16,0,334,53.668662,147.050670,161.175151,1,4.290557,-0.017759,1.917134,0.013572,0.990603,0.039905,0.130109
479,1785981058148019384,2,608,285,0.468750,0.875000,123,78.635399,63.185454,384,382,21,21,0,334,54.003996,141.820853,156.733589,1,4.302725,-0.093798,1.852027,0.017164,0.990182,0.054512,0.127571
480,1785981058238020259,2,606,272,0.448845,0.916667,173,84.603719,62.914119,384,377,16,16,0,329,53.904537,147.517838,160.103479,1,4.291389,-0.075731,1.850515,0.014281,0.989812,0.053385,0.131217
481,1785981058328019843,2,605,279,0.461157,0.916667,203,82.019498,62.927662,384,376,15,15,0,335,53.790328,144.947160,162.369656,1,4.293243,0.004445,1.835689,0.002836,0.989223,0.061555,0.132817
482,1785981058418019718,2,607,284,0.467875,0.937500,136,85.016929,62.665869,384,379,22,22,0,340,53.419619,147.682798,165.786505,1,4.298458,0.077077,1.804334,-0.007718,0.988626,0.070109,0.132826
483,1785981058508020218,2,605,293,0.484298,0.895833,194,86.022767,63.272538,384,374,12,12,0,338,53.435826,149.295305,166.764384,1,4.285615,0.111397,1.802517,-0.011980,0.987971,0.071281,0.136704
484,1785981058598017634,2,606,274,0.452145,0.916667,132,80.307532,63.390538,378,374,15,15,0,321,54.131080,143.698070,162.046570,1,4.297105,0.118379,1.753498,-0.014017,0.987802,0.076688,0.134795
485,1785981058688019926,2,604,262,0.433775,0.937500,123,79.186027,62.948786,380,376,17,17,0,339,53.698494,142.134813,158.344095,1,4.287158,0.113421,1.752415,-0.011885,0.987640,0.072621,0.138388
486,1785981058778020593,2,606,293,0.483498,0.895833,132,76.394639,64.076834,382,376,18,17,1,331,53.821953,140.471473,156.745213,1,4.278364,0.148884,1.744507,-0.012906,0.987876,0.065605,0.140106
487,1785981058868020801,2,606,281,0.463696,0.895833,108,77.888063,63.343871,373,364,16,15,1,328,53.263992,141.231934,155.598708,1,4.279961,0.102850,1.709997,-0.006470,0.988135,0.061826,0.140447
488,1785981058958021468,2,607,312,0.514003,0.937500,198,79.816905,64.087250,384,377,21,20,1,337,53.400035,143.904155,159.632851,1,4.281907,0.109512,1.678244,-0.007260,0.987907,0.065395,0.140397
489,1785981059048022385,2,606,323,0.533003,0.916667,148,75.132675,64.414168,384,379,9,9,0,339,53.759703,139.546843,157.850843,1,4.284380,0.131725,1.647432,-0.008762,0.988044,0.062238,0.140777
490,1785981059138021260,2,606,340,0.561056,0.958333,107,74.829216,65.126588,384,379,22,22,0,316,54.178746,139.955804,154.866871,1,4.304665,0.212731,1.581656,-0.012425,0.989516,0.046920,0.136026
491,1785981059228021260,2,605,308,0.509091,0.937500,104,77.818020,64.906754,384,376,16,16,0,322,54.275247,142.724774,156.895005,1,4.325841,0.177350,1.512910,-0.007810,0.990172,0.042853,0.132901
492,1785981059318022968,2,605,323,0.533884,0.895833,186,75.805344,65.660507,384,378,16,16,0,330,54.107454,141.465851,156.508628,1,4.329589,0.159301,1.474186,-0.006137,0.990198,0.046106,0.131697
493,1785981059408022260,2,606,348,0.574257,0.958333,120,75.950887,65.542381,384,378,21,21,0,324,54.120204,141.493268,155.967167,1,4.334544,0.275795,1.444031,-0.015961,0.990655,0.033165,0.131335
494,1785981059498022385,2,607,326,0.537068,0.895833,118,76.264097,64.861169,384,377,18,18,0,322,54.043579,141.125266,157.013297,1,4.348119,0.257454,1.385106,-0.012950,0.991137,0.030773,0.128580
495,1785981059588021093,2,604,326,0.539735,0.916667,109,71.802409,64.663836,384,378,23,23,0,328,53.693244,136.466245,151.086811,1,4.363495,0.336538,1.324606,-0.019309,0.991665,0.021655,0.125537
496,1785981059678024427,2,605,326,0.538843,0.916667,102,73.136374,65.492672,384,383,18,17,1,328,54.188954,138.629046,152.884236,1,4.375355,0.306679,1.265942,-0.016463,0.991962,0.025490,0.122840
497,1785981059768023843,2,605,314,0.519008,0.916667,101,73.079207,64.931336,384,379,20,20,0,332,53.768703,138.010543,152.354858,1,4.389115,0.335251,1.206157,-0.018841,0.992391,0.021432,0.119776
498,1785981059858025593,2,606,339,0.559406,0.875000,96,75.324134,65.760632,384,379,8,8,0,342,53.744870,141.084766,154.458326,1,4.401122,0.334758,1.155567,-0.018423,0.992696,0.019894,0.117558
499,1785981059948029968,2,606,316,0.521452,0.937500,174,73.804293,65.198546,384,377,15,14,1,324,54.142788,139.002839,152.762485,1,4.425070,0.237298,1.050115,-0.009194,0.993522,0.027754,0.109812
500,1785981060038026802,2,607,343,0.565074,0.854167,122,72.033410,65.596423,384,380,21,21,0,321,54.207079,137.629833,154.462076,1,4.448781,0.157229,0.954050,-0.000802,0.994103,0.033037,0.103278
501,1785981060128027468,2,604,350,0.579470,0.916667,127,70.928780,65.091463,384,379,19,18,1,330,53.880661,136.020243,153.071195,1,4.466643,0.159092,0.866700,-0.001612,0.994515,0.037862,0.097484
502,1785981060218027594,2,607,329,0.542010,0.875000,106,69.884942,65.211921,381,376,5,5,0,340,53.407576,135.096863,150.715308,1,4.478389,0.118836,0.803660,0.002556,0.994689,0.040837,0.094448
503,1785981060308030552,2,606,344,0.567657,0.916667,103,77.545227,65.237171,376,369,13,13,0,333,53.234324,142.782398,156.468168,1,4.480700,0.135776,0.775398,-0.000465,0.994186,0.050522,0.095088
504,1785981060398030094,2,605,321,0.530578,0.895833,97,76.793765,64.843627,384,376,23,23,0,330,53.732786,141.637392,155.884582,1,4.484752,0.220614,0.749890,-0.010788,0.993584,0.059508,0.095566
505,1785981060488027677,2,608,321,0.527961,0.916667,99,77.324559,64.832128,384,377,21,21,0,333,53.591202,142.156687,156.994045,1,4.489774,0.193117,0.702329,-0.007171,0.993862,0.056843,0.094637
506,1785981060578028802,2,606,338,0.557756,0.937500,180,78.551606,65.203171,384,374,25,25,0,316,53.942286,143.754777,158.592803,1,4.488464,0.254804,0.730160,-0.013867,0.993220,0.057914,0.099835
507,1785981060668027385,2,606,321,0.529703,0.937500,141,73.474417,64.353542,384,377,18,18,0,330,53.686493,137.827959,157.235421,1,4.483550,0.308974,0.739141,-0.019511,0.992831,0.055325,0.104139
508,1785981060758029760,2,604,326,0.539735,0.895833,125,72.879038,64.962544,384,381,12,12,0,337,54.073079,137.841582,155.341788,1,4.488436,0.320737,0.686405,-0.020148,0.993179,0.052539,0.102119
509,1785981060848042677,2,608,318,0.523026,0.895833,120,72.734580,64.216374,384,373,15,15,0,332,53.482993,136.950954,152.464191,1,4.492010,0.367694,0.675520,-0.025648,0.992516,0.059572,0.103468
510,1785981060938031136,2,606,307,0.506601,0.895833,115,77.878561,64.411167,384,378,18,17,1,340,53.591243,142.289728,157.399963,1,4.504722,0.289941,0.596422,-0.016391,0.993345,0.055766,0.099436
511,1785981061028032552,2,608,312,0.513158,0.937500,107,76.729806,64.377334,383,376,26,26,0,322,53.796119,141.107140,155.983915,1,4.506496,0.289671,0.577171,-0.016572,0.992887,0.060653,0.101104
512,1785981061118034969,2,604,322,0.533113,0.979167,170,80.450198,64.968877,384,380,25,25,0,320,54.012495,145.419075,160.195893,1,4.515981,0.290100,0.512474,-0.017152,0.992937,0.064975,0.097774
513,1785981061208029886,2,604,310,0.513245,0.937500,140,77.702894,63.568704,373,362,19,19,0,320,53.525034,141.271598,160.155684,1,4.521016,0.260818,0.472654,-0.013990,0.992510,0.072532,0.097300
514,1785981061298029136,2,604,314,0.519868,0.958333,201,77.922145,64.211665,384,379,14,13,1,328,53.893952,142.133810,159.420555,1,4.527188,0.312084,0.424654,-0.018901,0.992904,0.068457,0.095387
515,1785981061388034761,2,604,314,0.519868,0.958333,159,79.983695,63.911539,371,365,28,28,0,304,54.028953,143.895234,164.121243,1,4.531755,0.359392,0.382489,-0.023364,0.993173,0.065228,0.093842
516,1785981061478033344,2,604,302,0.500000,0.895833,144,75.493133,64.032207,382,375,18,18,0,327,53.829660,139.525340,158.889762,1,4.539755,0.341849,0.319471,-0.020570,0.993758,0.061788,0.090571
517,1785981061568035969,2,607,323,0.532125,0.916667,219,77.203475,64.439792,383,377,22,22,0,327,53.744118,141.643267,160.485394,1,4.549211,0.278219,0.230909,-0.012732,0.994488,0.059655,0.085286
518,1785981061658033386,2,604,299,0.495033,0.979167,155,80.806991,63.559996,384,377,23,23,0,325,53.930244,144.366987,164.844246,1,4.554013,0.273169,0.180545,-0.011668,0.995009,0.053636,0.083333
519,1785981061748031261,2,608,307,0.504934,0.937500,139,75.104132,64.283541,380,375,11,11,0,330,53.952119,139.387673,158.010965,1,4.563308,0.232478,0.095004,-0.006537,0.995714,0.049561,0.077809
520,1785981061838034428,2,606,319,0.526403,0.958333,212,75.047673,64.377916,384,373,21,21,0,325,53.821410,139.425589,157.275420,1,4.569850,0.240754,0.032231,-0.007085,0.995732,0.052801,0.075369
521,1785981061928037594,2,607,315,0.518946,0.916667,165,75.138298,64.452708,384,381,17,16,1,327,54.196829,139.591006,160.351017,1,4.576619,0.218255,-0.060946,-0.004329,0.996573,0.045346,0.069043
522,1785981062018035969,2,605,312,0.515702,0.916667,138,75.738342,64.375792,371,365,15,15,0,321,53.792618,140.114134,159.704056,1,4.579860,0.184218,-0.113574,-0.000404,0.996814,0.043351,0.066950
523,1785981062108036803,2,608,314,0.516447,0.916667,135,74.678047,64.784835,384,379,25,25,0,328,53.973494,139.462882,156.379375,1,4.586228,0.176938,-0.183644,0.000802,0.997232,0.039810,0.062799
524,1785981062198040386,2,605,316,0.522314,0.916667,137,75.571134,64.946419,384,378,21,20,1,325,53.883494,140.517553,158.388550,1,4.592097,0.204413,-0.227234,-0.001642,0.997458,0.036646,0.061089
525,1785981062288038136,2,605,302,0.499174,0.833333,192,75.007131,64.191998,384,370,14,14,0,327,53.508909,139.199129,157.029668,1,4.603513,0.209555,-0.297501,-0.002008,0.997727,0.035852,0.057028
526,1785981062378039261,2,604,313,0.518212,0.875000,142,72.284868,63.872497,384,376,26,25,1,320,53.984827,136.157365,155.537287,1,4.606527,0.206012,-0.392437,-0.001106,0.998092,0.035529,0.050495
527,1785981062468038178,2,606,307,0.506601,0.833333,136,77.101432,63.847122,384,375,19,19,0,334,53.798035,140.948554,158.428633,1,4.610830,0.172701,-0.455717,0.003027,0.998086,0.038977,0.047912
528,1785981062558036928,2,607,306,0.504119,0.833333,118,73.099331,63.657496,384,376,14,14,0,338,53.732743,136.756827,152.579399,1,4.616265,0.170187,-0.512937,0.003846,0.998067,0.042455,0.045219
529,1785981062648037886,2,605,301,0.497521,0.875000,188,78.222979,64.040539,373,364,17,17,0,322,53.476867,142.263518,159.204511,1,4.616622,0.132442,-0.559510,0.008147,0.998137,0.042176,0.043321
530,1785981062738040470,2,605,299,0.494215,0.854167,171,73.503749,63.466703,378,367,18,18,0,327,53.588700,136.970452,158.421674,1,4.618859,0.118240,-0.602251,0.009793,0.998215,0.041023,0.042277
531,1785981062828038636,2,602,323,0.536545,0.812500,140,71.688116,64.040873,370,362,22,22,0,319,53.571950,135.728989,154.854158,1,4.616080,0.084380,-0.700358,0.013962,0.998537,0.038616,0.035186
532,1785981062918041803,2,603,321,0.532338,0.854167,136,72.724703,64.606792,384,374,22,22,0,322,53.770702,137.331495,155.265076,1,4.612862,0.025264,-0.766789,0.020480,0.998737,0.033022,0.031855
533,1785981063008041928,2,604,327,0.541391,0.833333,131,75.086423,64.879709,384,374,22,22,0,327,53.854702,139.966132,157.730963,1,4.606526,-0.037313,-0.851422,0.027889,0.998624,0.035418,0.026796
534,1785981063098037845,2,604,343,0.567881,0.895833,204,75.795468,65.556630,384,375,15,15,0,330,53.749284,141.352098,158.939509,1,4.605278,-0.035649,-0.908043,0.026750,0.999023,0.026089,0.023603
535,1785981063188039595,2,606,340,0.561056,0.895833,154,77.117723,65.064544,384,378,13,13,0,338,54.048119,142.182267,163.601197,1,4.605381,-0.048429,-0.962392,0.028131,0.999088,0.024092,0.021248
536,1785981063278039553,2,602,331,0.549834,0.895833,149,74.788754,64.622041,384,378,20,20,0,330,53.869618,139.410795,158.192339,1,4.602240,-0.078402,-1.019649,0.031346,0.999084,0.022572,0.018400
537,1785981063368036970,2,606,344,0.567657,0.937500,135,71.928491,65.175044,384,380,18,18,0,334,53.832993,137.103535,155.663911,1,4.602764,-0.101927,-1.082437,0.035303,0.998795,0.029932,0.016311
538,1785981063458038137,2,602,321,0.533223,0.854167,130,74.652337,65.008627,384,376,14,13,1,333,53.706243,139.660964,157.208960,1,4.607577,-0.069012,-1.110170,0.033129,0.998643,0.036322,0.017191
539,1785981063548040887,2,603,328,0.543947,0.895833,116,76.752138,64.694001,384,376,20,20,0,335,53.499158,141.446139,158.981634,1,4.607359,-0.057376,-1.174442,0.032341,0.998765,0.035210,0.013514
540,1785981063638040054,2,606,327,0.539604,0.854167,119,81.420326,64.879418,382,368,15,15,0,330,53.486617,146.299744,162.525609,1,4.611037,-0.031228,-1.202273,0.031024,0.998543,0.041789,0.014223
541,1785981063728041095,2,602,317,0.526578,0.916667,114,74.038167,64.616833,379,372,24,24,0,326,53.596991,138.655000,154.667364,1,4.615098,-0.000560,-1.246648,0.028904,0.998462,0.045347,0.013462
542,1785981063818041679,2,602,323,0.536545,0.895833,182,79.467567,65.105585,384,376,16,15,1,328,53.853576,144.573152,160.338640,1,4.602973,-0.041670,-1.352005,0.032407,0.998610,0.040984,0.006954
543,1785981063908042345,2,604,318,0.526490,0.812500,132,77.119723,64.188956,384,378,15,15,0,332,53.751285,141.308679,158.072921,1,4.600526,-0.081830,-1.395940,0.039474,0.997888,0.051186,0.006488
544,1785981063998043637,2,603,312,0.517413,0.875000,120,77.517516,63.606454,382,371,23,23,0,321,53.794201,141.123970,157.777170,1,4.591056,-0.109369,-1.465903,0.044230,0.997494,0.055149,0.002904
545,1785981064088043012,2,600,308,0.513333,0.854167,110,75.195755,64.490374,384,375,15,14,1,331,53.663409,139.686129,156.205121,1,4.583077,-0.145706,-1.524124,0.048708,0.997369,0.053696,-0.000304
546,1785981064178044304,2,606,323,0.533003,0.937500,187,76.428928,64.531874,384,375,19,19,0,336,53.499492,140.960802,156.997541,1,4.584351,-0.127531,-1.577385,0.049881,0.996724,0.063623,-0.002356
547,1785981064268043554,2,608,328,0.539474,0.895833,141,72.614119,64.435707,384,379,28,27,1,330,53.949618,137.049826,156.375205,1,4.591462,-0.094950,-1.591545,0.046241,0.996967,0.062591,-0.001301
548,1785981064358044804,2,605,322,0.532231,0.937500,143,71.709740,64.039122,384,377,25,25,0,322,53.783326,135.748862,156.254080,1,4.589737,-0.094964,-1.613125,0.046486,0.996963,0.062427,-0.002422
549,1785981064448044637,2,604,343,0.567881,0.916667,142,72.834078,65.204086,384,377,18,17,1,341,53.356157,138.038164,157.087833,1,4.584234,-0.102058,-1.618762,0.046893,0.997007,0.061400,-0.002981
550,1785981064538044929,2,606,276,0.455446,0.895833,132,74.985088,63.531745,384,373,23,21,2,328,53.722450,138.516833,157.414210,1,4.598426,-0.127360,-1.565647,0.049171,0.996938,0.060722,0.003022
551,1785981064628048637,2,608,313,0.514803,0.916667,133,82.081412,64.241582,384,373,21,21,0,330,53.489449,146.322994,163.671071,1,4.614217,-0.135743,-1.503740,0.049460,0.996867,0.060893,0.010059
552,1785981064718049971,2,608,327,0.537829,0.916667,122,77.374806,65.221835,384,375,14,14,0,334,53.703159,142.596641,160.320389,1,4.635998,-0.151221,-1.406981,0.050552,0.996650,0.060919,0.020545
553,1785981064808048804,2,606,328,0.541254,0.916667,135,78.082226,65.094585,383,377,21,20,1,326,53.809575,143.176811,161.080350,1,4.658680,-0.173332,-1.289374,0.052073,0.996191,0.061328,0.033615
554,1785981064898049012,2,608,302,0.496711,0.875000,131,78.271353,64.210956,384,377,16,16,0,336,53.524200,142.482309,160.735891,1,4.675939,-0.192198,-1.192078,0.053229,0.995716,0.061213,0.044373
555,1785981064988048679,2,608,310,0.509868,0.916667,124,80.556822,63.868621,369,358,25,24,1,314,53.249198,144.425443,162.383939,1,4.688680,-0.203306,-1.111602,0.053662,0.995247,0.061227,0.053425
556,1785981065078050304,2,606,312,0.514852,0.916667,122,79.437732,64.082789,384,379,22,22,0,331,53.634825,143.520521,160.408389,1,4.701457,-0.204283,-1.032872,0.053378,0.994776,0.061223,0.061826
557,1785981065168049263,2,606,307,0.506601,0.854167,118,80.035611,64.147872,361,353,18,18,0,310,53.461699,144.183483,161.094767,1,4.715544,-0.204613,-0.931404,0.052674,0.994078,0.061109,0.072805
558,1785981065258049138,2,610,329,0.539344,0.875000,129,80.369820,65.645421,384,377,16,16,0,322,54.121327,146.015241,163.241235,1,4.726658,-0.212484,-0.819311,0.052655,0.993162,0.060655,0.084727
559,1785981065348050179,2,605,319,0.527273,0.854167,106,82.327496,64.502291,384,377,17,17,0,335,53.545491,146.829787,163.234943,1,4.734226,-0.226299,-0.708440,0.053429,0.992113,0.059750,0.096366
560,1785981065438049346,2,603,299,0.495854,0.916667,188,80.368779,63.860245,384,370,23,23,0,323,53.606949,144.229024,161.734936,1,4.738310,-0.247878,-0.587366,0.054651,0.990679,0.059424,0.109717
561,1785981065528049638,2,606,298,0.491749,0.895833,153,80.211819,63.988038,384,378,13,13,0,333,53.973618,144.199857,165.414994,1,4.739442,-0.275409,-0.428065,0.056289,0.988544,0.059487,0.126779
562,1785981065618047554,2,606,295,0.486799,0.916667,144,80.044944,63.391035,383,369,17,17,0,327,53.501490,143.435979,162.154647,1,4.733646,-0.301533,-0.262598,0.058231,0.985823,0.061812,0.144714
563,1785981065708046846,2,606,287,0.473597,0.916667,122,81.737826,63.051659,384,374,19,18,1,332,53.542699,144.789485,161.591060,1,4.726136,-0.312152,-0.098481,0.058368,0.983059,0.063066,0.161896
564,1785981065798049805,2,605,289,0.477686,0.895833,121,85.804136,63.121492,375,363,24,24,0,318,53.272156,148.925628,166.486666,1,4.715982,-0.323047,0.025106,0.058489,0.980785,0.062958,0.175145
565,1785981065888049305,2,605,319,0.527273,0.916667,118,86.738265,64.468998,381,371,16,16,0,330,53.406948,151.207263,167.247085,1,4.704504,-0.331510,0.120383,0.058823,0.978910,0.063191,0.185152
566,1785981065978049721,2,605,317,0.523967,0.937500,111,85.149174,64.967584,384,376,19,18,1,321,53.881326,150.116758,165.940079,1,4.692667,-0.337177,0.221736,0.058706,0.976850,0.063309,0.195729
567,1785981066068056138,2,604,304,0.503311,0.937500,184,86.372013,63.825370,371,364,12,12,0,335,52.958238,150.197383,166.489249,1,4.675775,-0.343222,0.337872,0.058630,0.974278,0.063828,0.208018
568,1785981066158053388,2,605,297,0.490909,0.895833,132,84.287545,63.887495,378,367,16,16,0,321,54.042368,148.175040,167.836379,1,4.658509,-0.355356,0.435093,0.059221,0.971950,0.063843,0.218474
569,1785981066248055513,2,605,295,0.487603,0.958333,127,83.673000,63.473827,380,374,24,23,1,327,54.084327,147.146827,165.437159,1,4.634752,-0.357293,0.556370,0.058703,0.968931,0.064807,0.231358
570,1785981066338055555,2,606,300,0.495050,0.916667,130,85.501051,63.797870,370,361,21,21,0,312,53.579824,149.298921,167.305918,1,4.607121,-0.364092,0.688328,0.058658,0.965486,0.064922,0.245319
571,1785981066428056096,2,605,309,0.510744,0.958333,101,88.041770,64.272497,375,366,17,16,1,327,53.457740,152.314267,168.892425,1,4.578270,-0.361796,0.805818,0.057706,0.962311,0.064834,0.257729
572,1785981066518057805,2,607,285,0.469522,0.937500,105,86.802473,63.115408,364,356,19,19,0,313,53.134614,149.917881,165.809953,1,4.544047,-0.367077,0.928251,0.057293,0.958741,0.064299,0.270920
573,1785981066608055680,2,605,286,0.472727,0.958333,94,87.119391,63.398452,375,365,20,20,0,323,53.503907,150.517843,165.450244,1,4.499337,-0.369785,1.070721,0.056684,0.954434,0.062924,0.286151
574,1785981066698060638,2,605,299,0.494215,0.937500,167,85.732760,63.919704,367,357,20,20,0,308,53.616949,149.652464,163.773819,1,4.430950,-0.355140,1.271800,0.053734,0.947914,0.062171,0.307745
575,1785981066788057513,2,605,300,0.495868,0.895833,127,82.046410,63.762078,384,381,22,22,0,334,54.121326,145.808488,164.310862,1,4.344061,-0.365232,1.478849,0.053218,0.940310,0.061292,0.330498
576,1785981066878060180,2,605,281,0.464463,0.854167,105,83.870627,63.026783,384,377,14,13,1,335,53.691033,146.897410,162.224353,1,4.294981,-0.366134,1.591895,0.052632,0.935994,0.060993,0.342673
577,1785981066968060597,2,605,280,0.462810,0.875000,92,87.061891,63.402243,363,356,13,12,1,311,53.500407,150.464134,165.479035,1,4.256926,-0.367828,1.672580,0.052313,0.932695,0.060851,0.351626
578,1785981067058061055,2,603,277,0.459370,0.979167,94,85.148091,63.206658,384,379,15,15,0,340,53.600657,148.354749,162.955065,1,4.190351,-0.371932,1.800160,0.052021,0.927231,0.061277,0.365762
579,1785981067148059514,2,604,296,0.490066,0.937500,77,84.433337,63.899453,384,380,18,18,0,333,53.848450,148.332790,161.520683,1,4.118971,-0.369697,1.931883,0.050862,0.921374,0.060225,0.380600
580,1785981067238058764,2,607,296,0.487644,0.916667,80,86.132970,63.420951,376,364,18,18,0,328,53.352947,149.553921,162.989898,1,4.055998,-0.373021,2.036363,0.050580,0.916457,0.059724,0.392404
581,1785981067328062139,2,608,309,0.508224,0.958333,75,88.892607,64.320205,384,374,24,23,1,328,53.850033,153.212812,165.859952,1,3.995785,-0.364273,2.134805,0.049142,0.911694,0.058871,0.403650
582,1785981067418059222,2,607,311,0.512356,0.937500,169,85.675467,64.522748,383,376,18,18,0,331,53.678574,150.198215,163.963736,1,3.945349,-0.366161,2.211460,0.048972,0.907770,0.058114,0.412527
583,1785981067508059764,2,604,305,0.504967,0.916667,138,81.616116,63.693869,377,368,12,12,0,335,53.728074,145.309985,163.492108,1,3.902808,-0.360712,2.275542,0.048117,0.904476,0.056599,0.420004
584,1785981067598065597,2,604,290,0.480132,0.895833,115,81.096905,62.848948,370,360,17,17,0,321,53.470240,143.945853,160.502428,1,3.878138,-0.355249,2.314637,0.047355,0.902617,0.055509,0.424216
585,1785981067688065139,2,604,303,0.501656,0.895833,112,87.390016,63.690827,384,375,14,14,0,341,53.225947,151.080843,167.272874,1,3.853984,-0.357061,2.346608,0.047521,0.900901,0.054398,0.427972
586,1785981067778063305,2,604,276,0.456954,0.937500,102,86.068469,62.934199,384,376,19,19,0,334,53.337322,149.002668,164.672071,1,3.808888,-0.336962,2.413561,0.045195,0.897439,0.052884,0.435620
587,1785981067868062639,2,605,292,0.482645,0.979167,99,86.938431,63.853911,383,380,13,12,1,345,53.445073,150.792342,166.009160,1,3.744309,-0.319678,2.501848,0.043414,0.892616,0.050368,0.445888
588,1785981067958062764,2,606,305,0.503300,0.937500,99,88.606647,63.649202,375,367,16,16,0,333,53.000863,152.255849,167.136332,1,3.667321,-0.302340,2.599311,0.041417,0.886891,0.047281,0.457684
589,1785981068048064556,2,605,293,0.484298,0.916667,90,88.646855,65.569753,377,371,13,13,0,334,55.532624,154.216608,169.083842,1,3.581395,-0.283546,2.705529,0.039357,0.880377,0.045307,0.470462
590,1785981068138064514,2,605,292,0.482645,0.916667,80,89.397026,63.574743,369,361,15,15,0,326,53.208946,152.971769,165.966035,1,3.494771,-0.260821,2.805113,0.036530,0.873848,0.043752,0.482847
591,1785981068228064847,2,605,318,0.525620,0.937500,80,90.006445,64.447789,384,372,21,21,0,328,53.619948,154.454234,167.981585,1,3.379549,-0.251347,2.926264,0.035096,0.865308,0.043338,0.498129
592,1785981068318064889,2,606,332,0.547855,0.916667,82,89.185358,64.800582,384,373,16,16,0,337,53.413489,153.985940,168.051002,1,3.267999,-0.254643,3.034363,0.035078,0.857076,0.042758,0.512214
593,1785981068408066597,2,604,339,0.561258,0.958333,80,90.095320,65.349168,384,377,19,19,0,322,53.967825,155.444488,169.170090,1,3.185641,-0.247249,3.110197,0.033982,0.850964,0.042358,0.522410
594,1785981068498067722,2,606,309,0.509901,0.958333,165,88.674606,64.304329,384,373,17,17,0,333,53.686324,152.978935,167.691459,1,3.117440,-0.242039,3.169727,0.033321,0.845829,0.041487,0.530793
595,1785981068588067181,2,606,326,0.537954,0.958333,121,85.197923,64.262038,384,375,15,15,0,335,53.702823,149.459961,168.109628,1,3.011756,-0.232618,3.259558,0.032076,0.838003,0.040585,0.543208
596,1785981068678066056,2,605,302,0.499174,0.895833,105,84.593754,63.365492,374,368,12,12,0,334,53.445155,147.959246,162.956896,1,2.844647,-0.234501,3.385907,0.031050,0.825633,0.041165,0.561847
597,1785981068768065681,2,604,293,0.485099,0.875000,105,92.427497,63.625452,370,361,14,13,1,319,53.396614,156.052949,170.510471,1,2.680780,-0.256867,3.497855,0.032363,0.813394,0.043027,0.579217
598,1785981068858065598,2,605,299,0.494215,0.937500,88,90.958074,63.744285,365,357,20,20,0,317,53.497406,154.702359,169.251007,1,2.543496,-0.273400,3.583203,0.033262,0.803136,0.044341,0.593212
599,1785981068948067806,2,605,298,0.492562,0.937500,90,89.532317,63.532909,372,365,10,10,0,331,53.078946,153.065226,167.330040,1,2.432682,-0.268235,3.649642,0.032012,0.794722,0.044937,0.604461
600,1785981069038069764,2,605,276,0.456198,0.895833,66,90.994240,62.520780,359,358,23,23,0,316,53.298697,153.515020,165.769492,1,2.280518,-0.233713,3.730439,0.027357,0.783074,0.045109,0.619687
601,1785981069128069889,2,605,297,0.490909,0.937500,140,89.589443,63.699160,384,376,19,19,0,334,53.616823,153.288603,166.024410,1,2.145785,-0.209170,3.777904,0.023766,0.772688,0.045775,0.632687
602,1785981069218070306,2,604,317,0.524834,0.895833,82,87.398141,63.646410,365,358,19,19,0,309,53.625281,151.044551,163.632523,1,2.038939,-0.014455,3.814875,0.002889,0.765026,0.037266,0.642914
603,1785981069308070431,2,605,308,0.509091,0.895833,81,91.818285,63.925577,372,363,13,13,0,328,53.320322,155.743862,168.121793,1,2.088372,-0.195974,3.738210,0.020955,0.767839,0.048385,0.638470
604,1785981069398070640,2,605,292,0.482645,0.875000,87,92.060911,63.090532,362,348,10,10,0,321,52.933570,155.151443,167.876542,1,2.063780,-0.262365,3.707223,0.024395,0.764998,0.057623,0.640986
605,1785981069488069848,2,605,297,0.490909,0.916667,82,88.738022,63.347408,378,372,18,18,0,334,53.205822,152.085430,164.610486,1,2.049709,-0.348120,3.667926,0.032880,0.763078,0.063628,0.642326
606,1785981069578072431,2,605,300,0.495868,0.895833,73,91.185450,63.350867,371,358,18,18,0,318,53.150362,154.536317,166.193576,1,2.038292,-0.415129,3.632886,0.039012,0.761394,0.069747,0.643345
607,1785981069668071556,2,605,304,0.502479,0.875000,144,92.789998,63.944952,363,354,12,11,1,318,53.232280,156.734950,169.164339,1,2.072115,-0.426159,3.582355,0.038067,0.763081,0.076344,0.640648
608,1785981069758072223,2,605,292,0.482645,0.854167,100,89.321358,62.723406,359,348,13,12,1,316,53.203737,152.044764,166.113159,1,2.086036,-0.365769,3.551979,0.032628,0.764225,0.072736,0.640004
609,1785981069848070098,2,604,278,0.460265,0.833333,98,92.074703,62.662322,342,333,17,16,1,299,52.946278,154.737025,167.974208,1,2.093245,-0.391608,3.512139,0.034850,0.764086,0.076828,0.639575
610,1785981069938070682,2,604,296,0.490066,0.916667,76,92.577205,63.803452,374,367,16,16,0,319,53.618572,156.380657,167.848291,1,2.092409,-0.276247,3.474803,0.024842,0.765200,0.070955,0.639388
611,1785981070028073015,2,605,324,0.535537,0.854167,91,90.323820,64.112912,370,363,17,16,1,330,53.198196,154.436732,167.397873,1,2.083529,-0.189231,3.483441,0.021898,0.764910,0.049019,0.641896
612,1785981070118071557,2,606,305,0.503300,0.916667,97,89.654650,64.193912,377,366,16,16,0,318,53.748782,153.848562,167.997709,1,2.067279,-0.012127,3.477436,0.005931,0.764235,0.031680,0.644132
613,1785981070208075265,2,605,325,0.537190,0.916667,78,88.736812,64.770122,384,374,17,16,1,330,53.646031,153.506934,166.110949,1,2.066075,0.039657,3.450544,0.002862,0.765110,0.022671,0.643494
614,1785981070298075932,2,605,317,0.523967,0.895833,83,86.728263,64.597788,384,381,23,23,0,329,53.839907,151.326051,164.466109,1,2.090134,0.147842,3.414353,-0.004162,0.767119,0.004133,0.641478
615,1785981070388071140,2,604,297,0.491722,0.875000,81,87.954601,63.867119,384,376,17,17,0,334,53.564406,151.821720,163.622981,1,2.081708,0.168975,3.393159,-0.006158,0.765802,0.003109,0.643040
616,1785981070478073265,2,605,307,0.507438,0.916667,74,88.692855,64.244662,381,378,14,14,0,336,53.583531,152.937517,165.007570,1,2.088038,0.082268,3.350131,0.001147,0.766211,0.011917,0.642477
617,1785981070568074057,2,605,309,0.510744,0.958333,77,86.545302,64.449329,380,372,14,14,0,334,53.554614,150.994631,164.000941,1,2.085988,0.035284,3.317971,0.004440,0.765441,0.019090,0.643208
618,1785981070658073974,2,604,322,0.533113,0.895833,78,88.995231,65.289583,384,380,14,14,0,334,54.023991,154.284814,167.977707,1,2.088563,0.088328,3.283770,-0.003676,0.765243,0.025384,0.643231
619,1785981070748079515,2,605,317,0.523967,0.958333,76,91.085115,64.544746,384,374,30,30,0,319,53.985407,155.629861,168.583502,1,2.084306,0.113629,3.260444,-0.009120,0.764036,0.031299,0.644350
620,1785981070838077015,2,604,333,0.551324,0.895833,155,88.967980,65.254000,384,381,20,20,0,344,53.786698,154.221980,166.927244,1,2.098825,0.012856,3.224732,-0.001391,0.764421,0.044880,0.643152
621,1785981070928076765,2,605,317,0.523967,0.937500,112,87.228389,63.547701,365,358,20,19,1,319,53.466030,150.776090,166.347701,1,2.141523,-0.085420,3.140994,0.009905,0.767489,0.051476,0.638915
622,1785981071018074724,2,605,304,0.502479,0.937500,88,88.280185,63.985827,374,365,12,12,0,334,53.363946,152.266012,166.743202,1,2.192180,-0.171581,3.067703,0.022349,0.772137,0.050802,0.633028
623,1785981071108087140,2,606,293,0.483498,0.937500,97,90.092486,63.626284,383,372,22,22,0,330,53.655781,153.718770,168.314042,1,2.220398,-0.232904,3.009197,0.032942,0.775258,0.044855,0.629188
624,1785981071198083640,2,604,305,0.504967,0.958333,171,89.557483,64.452287,384,377,16,16,0,327,53.928866,154.009770,168.627501,1,2.221004,-0.255879,2.971852,0.035748,0.774981,0.046224,0.629277
625,1785981071288079807,2,604,301,0.498344,0.916667,127,84.608627,64.043327,384,374,11,11,0,337,54.059991,148.651954,165.960657,1,2.241753,-0.253976,2.924545,0.037038,0.776789,0.042613,0.627225
626,1785981071378077307,2,605,306,0.505785,0.979167,127,95.128466,63.886993,381,373,16,16,0,338,53.442155,159.015459,174.859905,1,2.242556,-0.253677,2.891289,0.038388,0.776959,0.038861,0.627177
627,1785981071468078141,2,605,277,0.457851,0.979167,113,95.749635,63.025448,375,366,13,13,0,335,53.250321,158.775083,176.025576,1,2.228577,-0.270330,2.866410,0.041212,0.775439,0.038479,0.628900
628,1785981071558076932,2,605,282,0.466116,0.937500,102,91.259365,62.864447,367,357,10,10,0,325,53.020361,154.123812,169.816840,1,2.210847,-0.214618,2.854606,0.035291,0.773599,0.033717,0.631793
629,1785981071648080224,2,605,255,0.421488,0.958333,91,93.490959,61.881192,371,360,17,17,0,325,52.870985,155.372151,168.588335,1,2.207720,-0.218254,2.821632,0.035407,0.772842,0.035530,0.632614
630,1785981071738077932,2,606,287,0.473597,0.937500,97,89.656900,63.840909,379,358,12,12,0,315,53.613488,153.497809,168.249291,1,2.206654,-0.225080,2.790177,0.038371,0.772759,0.029805,0.632837
631,1785981071828081266,2,605,303,0.500826,0.937500,174,91.137114,63.641950,367,353,20,20,0,304,53.426987,154.779064,170.679510,1,2.205678,-0.193428,2.762623,0.034215,0.772420,0.027357,0.633600
632,1785981071918080682,2,605,302,0.499174,0.979167,140,91.772742,63.483866,379,366,21,21,0,315,53.833031,155.256608,173.097646,1,2.207433,-0.112015,2.734399,0.024641,0.772299,0.024289,0.634317
633,1785981072008079224,2,605,294,0.485950,0.895833,123,91.978035,63.917868,384,376,13,13,0,339,53.634239,155.895903,173.008395,1,2.196481,-0.057938,2.716597,0.018140,0.770887,0.020204,0.636393
634,1785981072098083099,2,605,287,0.474380,0.937500,104,93.241749,63.858201,384,378,14,14,0,330,54.045658,157.099950,171.367888,1,2.189053,-0.033292,2.693389,0.013640,0.769452,0.025237,0.638060
635,1785981072188081558,2,605,279,0.461157,0.916667,89,90.540444,62.711821,384,368,16,16,0,329,53.141070,153.252265,168.002748,1,2.202581,-0.104854,2.644150,0.021636,0.770111,0.034225,0.636623
636,1785981072278082891,2,605,264,0.436364,0.958333,88,90.866237,62.000942,351,341,11,11,0,309,52.737235,152.867179,166.680325,1,2.189729,-0.157486,2.609185,0.026614,0.767715,0.044108,0.638718
637,1785981072368079433,2,605,265,0.438017,0.958333,166,94.791213,62.527320,363,353,14,14,0,316,53.271153,157.318533,171.883806,1,2.197525,-0.257510,2.550092,0.039133,0.767775,0.052332,0.637378
638,1785981072458079974,2,604,264,0.437086,0.916667,122,91.765617,62.181402,355,346,12,11,1,307,53.461696,153.947019,171.308345,1,2.191437,-0.298380,2.510952,0.044996,0.766718,0.054994,0.638040
639,1785981072548081141,2,605,248,0.409917,0.937500,101,92.566120,62.437195,384,368,18,18,0,313,53.719072,155.003315,170.588676,1,2.200155,-0.332811,2.477164,0.048822,0.766630,0.061440,0.637276
640,1785981072638083099,2,604,245,0.405629,0.895833,94,93.938501,62.156318,376,363,15,15,0,316,53.553780,156.094819,170.937635,1,2.210919,-0.375747,2.426686,0.056219,0.767956,0.061123,0.635096
641,1785981072728084975,2,605,241,0.398347,0.937500,156,92.582870,61.498399,380,365,26,26,0,316,53.405737,154.081269,167.853038,1,2.191056,-0.405741,2.401824,0.062842,0.766354,0.054510,0.637009
642,1785981072818086225,2,605,245,0.404959,0.937500,116,86.836927,61.152646,362,350,24,24,0,300,53.264737,147.989573,164.819066,1,2.177447,-0.380168,2.392801,0.060517,0.764811,0.050488,0.639417
643,1785981072908087016,2,604,236,0.390728,0.916667,106,98.257145,61.306439,365,350,23,23,0,308,53.211153,159.563584,174.204191,1,2.143659,-0.355900,2.393126,0.059188,0.761364,0.039959,0.644379
644,1785981072998087016,2,605,258,0.426446,0.895833,100,98.909023,62.509736,384,375,15,15,0,340,53.457988,161.418759,176.698202,1,2.107085,-0.277253,2.401608,0.048007,0.756923,0.035878,0.650750
645,1785981073088087433,2,605,243,0.401653,0.937500,98,95.283841,61.909358,368,358,15,14,1,324,53.373612,157.193199,172.169266,1,2.064403,-0.251087,2.402407,0.043864,0.751515,0.035339,0.657307
646,1785981073178086266,2,605,245,0.404959,0.833333,168,92.332036,61.753858,361,350,14,14,0,318,53.169278,154.085894,169.701504,1,2.047341,-0.210559,2.393777,0.038429,0.748939,0.032779,0.660711
647,1785981073268087600,2,606,257,0.424092,0.937500,133,90.109192,61.872608,374,360,17,17,0,326,53.474821,151.981800,169.645004,1,2.029803,-0.107762,2.390095,0.024188,0.746684,0.025336,0.664257
648,1785981073358087725,2,605,274,0.452893,0.937500,124,98.056852,62.635194,367,350,18,18,0,308,53.234612,160.692046,177.837249,1,2.020833,-0.041944,2.380807,0.015765,0.745591,0.019915,0.665920
649,1785981073448090017,2,604,275,0.455298,0.958333,110,91.829741,62.738403,377,366,15,15,0,328,53.318445,154.568144,171.191135,1,2.041568,-0.061098,2.332750,0.018556,0.748002,0.023100,0.663035
650,1785981073538088475,2,605,262,0.433058,0.979167,114,91.398073,62.705154,384,373,16,16,0,337,53.514571,154.103227,169.289543,1,2.041423,-0.024944,2.300843,0.013043,0.747702,0.020595,0.663587
651,1785981073628090350,2,605,284,0.469421,0.875000,114,92.156451,63.383114,368,361,11,11,0,328,53.557779,155.539565,171.815263,1,2.037449,-0.032460,2.279856,0.016473,0.746894,0.016632,0.664532
652,1785981073718088517,2,605,293,0.484298,0.937500,106,91.671115,63.479448,373,366,23,23,0,318,53.562988,155.150563,171.467969,1,2.036305,-0.035107,2.248386,0.017895,0.746809,0.011440,0.664699
653,1785981073808088808,2,605,278,0.459504,0.916667,98,90.891445,63.409281,375,364,14,14,0,327,53.628863,154.300726,169.142043,1,2.021883,-0.049181,2.221824,0.021251,0.745410,0.007371,0.666227
654,1785981073898089600,2,605,277,0.457851,0.895833,91,96.734055,63.284989,384,373,15,15,0,337,53.553279,160.019044,174.495483,1,2.008591,-0.028160,2.203837,0.018208,0.742856,0.008130,0.669155
655,1785981073988089142,2,605,268,0.442975,0.916667,89,90.819862,62.978571,384,377,23,22,1,337,53.794447,153.798433,167.777495,1,1.994186,-0.004618,2.178793,0.013123,0.741203,0.009260,0.671089
656,1785981074078090100,2,605,269,0.444628,0.958333,81,91.283946,62.978738,379,369,10,10,0,334,53.408112,154.262684,166.709782,1,1.964611,-0.021387,2.179185,0.014558,0.735733,0.025726,0.676626
657,1785981074168091475,2,605,258,0.426446,0.895833,155,94.566836,61.975567,370,362,19,19,0,328,53.138694,156.542403,170.009463,1,1.944113,0.007920,2.158156,0.009596,0.731958,0.027946,0.680708
658,1785981074258089850,2,605,237,0.391736,0.916667,99,93.408997,60.963479,370,354,14,14,0,328,53.053319,154.372476,169.032916,1,1.944697,-0.020881,2.123339,0.013124,0.731197,0.036605,0.681057
659,1785981074348090725,2,605,246,0.406612,0.937500,92,98.431229,61.483440,352,336,15,15,0,309,52.787943,159.914669,173.780479,1,1.944291,-0.071123,2.088745,0.019723,0.729752,0.050122,0.681587
660,1785981074438091475,2,606,239,0.394389,0.916667,72,91.558323,61.164146,357,341,18,18,0,306,52.894526,152.722469,165.027940,1,1.940253,-0.102166,2.052969,0.025213,0.728666,0.050859,0.682513
661,1785981074528093225,2,605,228,0.376860,0.937500,76,91.624906,61.391980,376,363,12,12,0,333,53.125819,153.016886,165.644527,1,1.933731,-0.069981,2.031553,0.020689,0.727551,0.048048,0.684056
662,1785981074618094017,2,605,266,0.439669,0.916667,66,92.274451,62.839654,363,357,16,16,0,320,53.533237,155.114105,166.921073,1,1.955536,-0.002867,1.995198,0.010160,0.730345,0.045647,0.681476
663,1785981074708092809,2,605,258,0.426446,0.958333,144,99.492816,61.910066,348,342,19,19,0,307,53.063610,161.402882,174.504815,1,1.961633,0.045867,1.966359,0.002151,0.730446,0.044896,0.681490
664,1785981074798093975,2,604,248,0.410596,0.916667,108,88.303766,61.096312,359,347,16,16,0,317,52.963652,149.400078,165.580276,1,1.970444,0.040611,1.927935,0.003667,0.731246,0.046116,0.680544
665,1785981074888093351,2,605,256,0.423140,0.916667,86,96.019217,62.194192,362,352,8,8,0,328,52.974026,158.213409,172.427389,1,1.985834,0.014799,1.880310,0.008296,0.732434,0.048869,0.679031
666,1785981074978093642,2,605,277,0.457851,0.958333,92,99.499566,62.602235,369,358,17,17,0,321,53.185653,162.101801,175.855112,1,1.994500,0.028494,1.842991,0.006717,0.733562,0.043347,0.678206
667,1785981075068091351,2,605,241,0.398347,0.875000,86,92.423576,61.645732,370,360,16,16,0,334,52.938610,154.069308,167.610742,1,1.999820,0.006785,1.806029,0.010687,0.734494,0.038582,0.677433
668,1785981075158092601,2,605,261,0.431405,0.916667,74,96.605720,62.700153,377,369,19,19,0,328,53.578904,159.305873,171.976929,1,2.010530,-0.050753,1.754042,0.021003,0.736056,0.038992,0.675470
669,1785981075248092309,2,604,239,0.395695,0.916667,64,96.531886,62.023233,361,349,12,12,0,319,53.158027,158.555119,170.873132,1,2.025848,-0.105235,1.692062,0.031622,0.739364,0.034208,0.671692
670,1785981075338095684,2,605,245,0.404959,0.937500,138,94.529252,62.204900,369,355,20,19,1,316,53.287945,156.734152,168.903039,1,2.012160,-0.174435,1.661003,0.044158,0.736590,0.039687,0.673729
671,1785981075428096101,2,604,233,0.385762,0.875000,100,87.640721,61.038396,369,357,15,15,0,327,53.171860,148.679117,162.443052,1,2.003422,-0.144571,1.647544,0.039276,0.733735,0.042926,0.676940
672,1785981075518095893,2,605,218,0.360331,0.916667,89,96.833762,60.970728,358,354,20,20,0,323,52.919692,157.804490,171.052883,1,1.982700,-0.123140,1.635855,0.035887,0.730171,0.044143,0.680892
673,1785981075608097184,2,605,242,0.400000,1.000000,79,95.536090,61.911316,372,358,17,17,0,322,53.202444,157.447406,169.823877,1,1.971530,-0.096293,1.620888,0.031122,0.727059,0.050922,0.683977
674,1785981075698098309,2,605,219,0.361983,0.937500,69,91.414988,61.409980,374,364,14,14,0,334,53.164318,152.824968,164.220394,1,1.974396,-0.098458,1.588159,0.032162,0.726820,0.051217,0.684160
675,1785981075788099351,2,605,270,0.446281,0.979167,149,93.923582,62.910820,384,372,22,22,0,328,53.527154,156.834402,170.148003,1,1.964198,-0.138121,1.554692,0.039945,0.726112,0.042363,0.685107
676,1785981075878097851,2,605,235,0.388430,0.895833,100,88.996810,61.511064,374,364,20,20,0,329,53.581320,150.507874,165.469815,1,1.942652,-0.145278,1.540002,0.041201,0.721862,0.045083,0.689336
677,1785981075968098684,2,605,252,0.416529,0.937500,99,97.494432,62.164567,360,352,11,11,0,321,53.067526,159.658999,174.194895,1,1.940400,-0.142751,1.513896,0.041515,0.720912,0.048385,0.690088
678,1785981076058101643,2,605,242,0.400000,0.937500,83,97.531431,61.573773,359,349,17,17,0,319,52.920568,159.105204,172.163303,1,1.921108,-0.128138,1.506185,0.038633,0.716115,0.052028,0.694968
679,1785981076148101434,2,605,222,0.366942,0.916667,147,91.203445,61.532897,367,361,14,14,0,326,53.293943,152.736342,165.495274,1,1.920168,-0.121964,1.478122,0.037398,0.714377,0.058644,0.696296
680,1785981076238100143,2,605,238,0.393388,0.937500,89,85.197168,61.258854,367,360,13,13,0,330,53.210069,146.456022,160.081458,1,1.910496,-0.104773,1.460353,0.034314,0.711675,0.060000,0.699100
681,1785981076328100310,2,605,239,0.395041,0.895833,80,89.801647,61.508272,364,353,11,11,0,327,52.775900,151.309919,163.599640,1,1.902686,-0.088949,1.440964,0.031849,0.709382,0.060332,0.701514
682,1785981076418100268,2,605,236,0.390083,0.958333,90,92.026157,61.667565,378,372,9,9,0,346,53.008067,153.693722,166.645112,1,1.908805,-0.075884,1.403548,0.029736,0.709568,0.064203,0.701075
683,1785981076508103226,2,604,249,0.412252,0.854167,71,90.917818,62.220942,378,367,15,15,0,332,53.447862,153.138760,165.404981,1,1.923601,-0.075009,1.358902,0.030540,0.711381,0.068022,0.698840
684,1785981076598102768,2,605,239,0.395041,0.958333,153,92.080991,61.504897,355,343,12,12,0,315,53.011942,153.585888,166.344568,1,1.933501,-0.066322,1.320745,0.030660,0.713023,0.066600,0.697296
685,1785981076688102268,2,605,218,0.360331,0.895833,121,94.191833,60.754810,370,356,9,9,0,328,53.289236,154.946643,171.453590,1,1.943573,-0.072683,1.273099,0.032371,0.714787,0.066894,0.695383
686,1785981076778102935,2,605,241,0.398347,0.937500,97,92.218657,61.798148,355,345,13,13,0,314,52.999776,154.016805,168.429619,1,1.950378,-0.057995,1.234609,0.029998,0.716030,0.065017,0.694387
687,1785981076868105518,2,605,242,0.400000,0.958333,88,94.861378,61.526646,368,356,14,14,0,327,53.001734,156.388024,169.629666,1,1.963350,-0.056441,1.189208,0.030213,0.718335,0.063499,0.692134
688,1785981076958102185,2,605,230,0.380165,0.937500,145,91.293028,61.580897,374,365,24,24,0,324,53.499986,152.873925,164.764728,1,1.966855,-0.069210,1.153198,0.033805,0.718054,0.063907,0.692223
689,1785981077048104602,2,605,247,0.408264,0.916667,98,87.960055,61.048603,358,346,22,22,0,306,53.109360,149.008658,162.812219,1,1.979577,-0.055840,1.106591,0.031483,0.720913,0.060901,0.689627
690,1785981077138103727,2,605,251,0.414876,0.916667,97,94.663417,61.539480,367,358,25,25,0,317,53.043609,156.202897,168.869996,1,1.981693,-0.047854,1.076699,0.029827,0.721131,0.056223,0.689869
691,1785981077228105852,2,605,241,0.398347,0.979167,170,96.292925,61.100687,361,352,20,20,0,322,52.652649,157.393612,171.399798,1,1.980681,-0.035460,1.052243,0.025877,0.720685,0.048842,0.691056
692,1785981077318106435,2,605,253,0.418182,0.916667,129,90.691192,61.078061,358,342,16,15,1,319,52.734108,151.769253,168.671495,1,1.986494,-0.032817,1.020005,0.025085,0.721223,0.046361,0.690694
693,1785981077408108518,2,605,237,0.391736,0.875000,106,98.414351,61.195979,359,347,20,20,0,313,52.918234,159.610330,174.921773,1,1.993126,-0.057510,0.975652,0.030495,0.722497,0.043019,0.689360
694,1785981077498107977,2,605,256,0.423140,0.916667,94,92.412491,62.020107,377,364,13,13,0,336,52.971483,154.432598,168.609661,1,1.992767,-0.059261,0.945598,0.030477,0.722691,0.037211,0.689496
695,1785981077588108518,2,605,231,0.381818,0.916667,83,97.502472,61.058894,360,346,15,15,0,315,52.876858,158.561366,171.614216,1,1.989688,-0.036163,0.925983,0.024969,0.721792,0.032893,0.690877
696,1785981077678105727,2,605,268,0.442975,0.958333,162,94.293040,62.270692,368,359,14,14,0,329,52.956483,156.563732,170.762003,1,1.994906,-0.009292,0.894320,0.019319,0.721623,0.033105,0.691224
697,1785981077768108685,2,605,256,0.423140,0.895833,131,88.322223,61.662147,361,347,15,15,0,311,53.202443,149.984370,167.372613,1,1.995039,-0.002541,0.867421,0.018841,0.720773,0.035205,0.692020
698,1785981077858107185,2,605,266,0.439669,0.916667,107,92.870034,62.136065,370,360,15,15,0,329,52.837233,155.006099,170.257126,1,1.996983,-0.011481,0.832462,0.022401,0.720479,0.038028,0.692071
699,1785981077948110560,2,605,262,0.433058,0.937500,93,98.798810,62.534609,373,362,13,13,0,328,53.120775,161.333419,173.603932,1,1.993386,0.031918,0.818726,0.010719,0.718164,0.030881,0.695106
700,1785981078038108727,2,605,289,0.477686,0.937500,176,96.200049,63.230695,379,368,21,21,0,326,53.486069,159.430744,174.331435,1,1.994330,0.047277,0.795930,0.006625,0.717201,0.028731,0.696243
701,1785981078128112644,2,605,279,0.461157,0.916667,141,90.861233,62.830319,384,377,25,25,0,321,54.027238,153.691552,170.899712,1,1.997173,0.062101,0.765201,0.005450,0.716166,0.035466,0.697007
702,1785981078218109435,2,605,279,0.461157,0.937500,204,98.860852,63.310196,383,375,25,25,0,319,53.870363,162.171048,179.377915,1,2.002359,0.039756,0.724255,0.010670,0.716983,0.035531,0.696103
703,1785981078308109435,2,605,271,0.447934,0.937500,146,91.548446,62.089524,366,360,24,24,0,315,53.373360,153.637970,173.928267,1,2.004807,0.053111,0.692949,0.009633,0.716431,0.038976,0.696501
704,1785981078398109144,2,605,279,0.461157,0.958333,134,90.105564,63.399696,373,364,18,18,0,326,53.592361,153.505260,172.206801,1,2.013668,0.086845,0.657697,0.002812,0.717499,0.039100,0.695455
705,1785981078488110727,2,605,265,0.438017,0.958333,191,99.373479,62.888860,382,376,27,27,0,322,53.804987,162.262339,179.494124,1,2.018795,0.100422,0.621585,-0.001287,0.718389,0.035087,0.694755
706,1785981078578110894,2,607,264,0.434926,0.937500,136,94.132289,62.139482,370,363,19,18,1,318,53.576777,156.271771,176.577278,1,2.026509,0.118759,0.580218,-0.009176,0.720538,0.025839,0.692873
707,1785981078668112311,2,605,291,0.480992,0.937500,199,94.759084,63.604655,384,376,17,17,0,335,53.630361,158.363739,176.144067,1,2.027420,0.110547,0.552859,-0.008655,0.720343,0.020958,0.693247
708,1785981078758110936,2,605,268,0.442975,0.937500,135,90.957859,62.607109,384,376,13,13,0,336,53.671236,153.564968,171.067503,1,2.032589,0.070242,0.505217,0.002498,0.721926,0.023771,0.691558
709,1785981078848110727,2,605,260,0.429752,0.854167,200,93.948997,62.911819,373,364,14,14,0,324,53.579402,156.860816,174.717061,1,2.034287,0.023031,0.453752,0.018857,0.722648,0.033413,0.690151
710,1785981078938111644,2,605,245,0.404959,0.958333,136,90.977401,61.543896,365,361,17,17,0,324,53.418986,152.521297,170.830794,1,2.039053,0.021633,0.413688,0.022406,0.722282,0.039842,0.690087
711,1785981079028117228,2,605,237,0.391736,0.958333,114,95.437421,61.705230,384,377,23,23,0,333,53.573528,157.142651,173.254555,1,2.044057,-0.010932,0.361255,0.033222,0.724393,0.043234,0.687228
712,1785981079118116978,2,605,224,0.370248,0.937500,181,96.791176,61.409978,382,374,23,23,0,330,53.769403,158.201154,173.595555,1,2.044944,-0.018886,0.325964,0.038202,0.723270,0.048138,0.687826
