frame_id,stamp_ns,tracking_state,keypoints,valid_depths,valid_depth_ratio,depth_grid_coverage,tracked_inliers,feature_extract_ms,stereo_match_ms,hybrid_candidates,hybrid_fine_matches,hybrid_accepted,hybrid_added,hybrid_replaced,hybrid_rejected,hybrid_ms,frontend_ms,track_total_ms,pose_valid,tcw_tx,tcw_ty,tcw_tz,tcw_qx,tcw_qy,tcw_qz,tcw_qw
0,1785980800116998720,2,605,238,0.393388,0.8125,238,92.600566,66.126803,366,355,16,16,0,320,57.130033,158.727369,162.842583,1,0.000000,0.000000,0.000000,0.000000,0.000000,0.000000,1.000000
1,1785980800206994261,2,605,235,0.388430,0.833333,201,87.375923,62.743056,355,346,16,16,0,311,53.844453,150.118979,178.954435,1,-0.000122,0.000083,-0.000077,0.000118,0.000060,-0.000036,1.000000
2,1785980800296993886,2,606,240,0.396040,0.833333,211,87.639634,62.189299,364,357,14,14,0,324,53.441490,149.828933,175.844774,1,-0.000140,0.000106,-0.000094,0.000113,0.000082,-0.000091,1.000000
3,1785980800386993636,2,605,237,0.391736,0.812500,202,82.959872,62.104507,366,358,15,15,0,323,53.435656,145.064379,171.202387,1,-0.000018,0.000110,0.000004,0.000121,0.000019,0.000003,1.000000
4,1785980800476993136,2,605,240,0.396694,0.833333,197,84.044216,62.469468,360,355,15,15,0,319,53.714867,146.513684,171.927060,1,-0.000221,0.000108,-0.000091,0.000171,0.000135,-0.000094,1.000000
5,1785980800566994886,2,605,226,0.373554,0.833333,197,84.240427,61.778669,349,339,13,13,0,303,53.414114,146.019096,173.084656,1,-0.000248,0.000093,-0.000032,0.000044,0.000145,-0.000079,1.000000
6,1785980800656995095,2,606,233,0.384488,0.833333,195,84.277177,62.171589,373,361,11,11,0,327,53.446531,146.448766,172.175062,1,-0.000029,0.000007,-0.000007,0.000015,0.000021,0.000010,1.000000
7,1785980800746995178,2,606,231,0.381188,0.812500,195,86.179782,61.945462,370,360,15,15,0,322,53.558699,148.125244,166.259952,1,-0.000071,0.000113,0.000015,0.000067,0.000033,0.000013,1.000000
8,1785980800836995887,2,605,228,0.376860,0.812500,200,84.754808,61.825502,361,351,20,20,0,313,53.373655,146.580310,166.321662,1,-0.000119,0.000044,-0.000016,0.000075,0.000041,-0.000072,1.000000
9,1785980800926996137,2,605,240,0.396694,0.833333,198,84.026923,62.012795,368,361,17,17,0,325,53.458364,146.039718,165.018436,1,-0.000073,0.000031,0.000010,0.000013,0.000044,-0.000024,1.000000
10,1785980801016995845,2,605,230,0.380165,0.791667,194,84.091757,61.907877,364,353,15,15,0,317,53.315820,145.999634,164.529263,1,-0.000238,0.000016,0.000047,0.000006,0.000111,-0.000096,1.000000
11,1785980801106996345,2,605,241,0.398347,0.791667,197,84.916016,62.069129,354,344,14,14,0,312,53.100359,146.985145,163.254832,1,-0.000195,-0.000061,0.000102,-0.000101,0.000156,-0.000039,1.000000
12,1785980801196997928,2,605,246,0.406612,0.854167,200,86.179155,62.068087,354,346,19,19,0,308,53.254278,148.247242,165.983280,1,-0.000054,-0.000005,0.000026,-0.000002,0.000008,-0.000025,1.000000
13,1785980801286996928,2,605,241,0.398347,0.833333,198,82.885159,62.116505,358,349,14,14,0,313,53.357862,145.001664,164.067882,1,-0.000151,-0.000050,0.000020,-0.000021,0.000083,-0.000066,1.000000
14,1785980801376996553,2,606,236,0.389439,0.791667,191,84.904224,62.074462,368,358,14,14,0,330,53.462405,146.978686,162.981453,1,-0.000161,-0.000076,0.000084,-0.000082,0.000114,-0.000067,1.000000
15,1785980801466996845,2,605,241,0.398347,0.833333,192,84.157840,62.234422,367,353,13,13,0,321,53.417862,146.392262,164.901306,1,-0.000068,-0.000080,0.000070,-0.000074,0.000053,-0.000016,1.000000
16,1785980801556997512,2,606,231,0.381188,0.812500,194,84.089255,61.823208,367,359,15,15,0,324,53.350361,145.912463,160.703508,1,-0.000212,-0.000012,-0.000048,0.000065,0.000111,-0.000095,1.000000
17,1785980801646997304,2,605,234,0.386777,0.791667,194,84.317091,62.269630,369,355,15,15,0,320,53.602114,146.586721,166.052944,1,-0.000220,-0.000096,-0.000100,-0.000021,0.000061,-0.000078,1.000000
18,1785980801736999637,2,606,235,0.387789,0.812500,195,86.442990,61.944876,360,351,15,15,0,320,53.275569,148.387866,165.939818,1,-0.000154,-0.000003,-0.000086,0.000070,0.000066,-0.000002,1.000000
19,1785980801827000012,2,605,237,0.391736,0.833333,195,84.185006,62.329381,362,353,16,16,0,314,53.689657,146.514387,164.240507,1,-0.000072,0.000034,0.000029,0.000025,0.000077,0.000063,1.000000
20,1785980801916999012,2,605,238,0.393388,0.791667,198,84.356883,62.407840,370,360,11,11,0,325,53.364777,146.764723,164.120296,1,-0.000163,-0.000060,0.000040,-0.000038,0.000086,-0.000038,1.000000
21,1785980802007000387,2,605,252,0.416529,0.812500,201,90.466035,62.396922,376,369,20,20,0,330,53.554446,152.862957,171.155625,1,-0.000107,0.000022,0.000044,-0.000016,0.000078,-0.000002,1.000000
22,1785980802096999220,2,605,248,0.409917,0.833333,195,84.209880,62.489381,364,354,19,19,0,310,53.638489,146.699261,166.553406,1,-0.000136,-0.000039,0.000020,-0.000018,0.000077,-0.000024,1.000000
23,1785980802187000762,2,605,242,0.400000,0.854167,202,84.150004,62.179337,368,359,12,12,0,329,53.302818,146.329341,165.115972,1,-0.000067,0.000024,0.000124,-0.000018,0.000050,0.000075,1.000000
24,1785980802277000304,2,605,228,0.376860,0.812500,200,84.192630,61.969292,359,351,17,17,0,313,53.569613,146.161922,163.745706,1,-0.000216,-0.000033,0.000036,-0.000016,0.000119,-0.000122,1.000000
25,1785980802367000804,2,605,240,0.396694,0.812500,198,84.102004,61.903541,355,342,15,15,0,311,53.133192,146.005545,166.348820,1,-0.000053,-0.000076,0.000057,-0.000056,0.000050,0.000072,1.000000
26,1785980802457000554,2,605,243,0.401653,0.854167,196,84.315755,62.207419,359,349,9,9,0,319,53.263900,146.523174,163.128239,1,-0.000019,0.000040,0.000037,0.000016,0.000036,0.000066,1.000000
27,1785980802547003346,2,606,241,0.397690,0.833333,192,84.044835,62.288170,364,352,14,14,0,316,53.582612,146.333005,164.963801,1,-0.000138,-0.000054,0.000040,-0.000024,0.000104,0.000041,1.000000
28,1785980802637001429,2,605,231,0.381818,0.791667,192,86.283528,62.232294,369,356,12,12,0,324,53.453027,148.515822,168.772219,1,0.000000,-0.000029,0.000083,-0.000050,0.000055,0.000150,1.000000
29,1785980802727001887,2,605,235,0.388430,0.812500,190,86.497488,62.173293,361,353,15,15,0,318,53.606654,148.670781,165.157970,1,-0.000192,-0.000026,0.000051,-0.000006,0.000142,-0.000036,1.000000
30,1785980802817000971,2,605,227,0.375207,0.791667,184,87.723543,61.779831,360,350,11,11,0,320,53.435527,149.503374,167.098034,1,-0.000049,-0.000020,0.000062,-0.000045,0.000051,0.000052,1.000000
31,1785980802907001179,2,605,228,0.376860,0.854167,184,84.925095,61.523743,360,351,13,13,0,322,53.135522,146.448838,164.791882,1,-0.000057,-0.000027,0.000040,0.000014,0.000092,0.000032,1.000000
32,1785980802997001304,2,605,232,0.383471,0.770833,192,84.942010,62.030125,364,358,15,15,0,326,53.478194,146.972135,164.596461,1,-0.000064,0.000095,-0.000043,0.000138,-0.000010,-0.000014,1.000000
33,1785980803087002388,2,605,226,0.373554,0.833333,187,84.909719,61.524827,365,354,14,14,0,322,53.205481,146.434546,163.254154,1,-0.000084,0.000034,0.000057,-0.000018,0.000071,0.000046,1.000000
34,1785980803177001596,2,605,236,0.390083,0.791667,194,84.216919,61.983332,360,346,15,15,0,308,53.355775,146.200251,164.087289,1,-0.000003,-0.000120,-0.000012,-0.000043,0.000031,0.000020,1.000000
35,1785980803267004346,2,606,247,0.407591,0.833333,187,84.840718,62.414004,365,353,15,15,0,320,53.510986,147.254722,166.039727,1,-0.000191,-0.000059,0.000026,-0.000019,0.000109,-0.000041,1.000000
36,1785980803357003804,2,605,232,0.383471,0.791667,182,84.324962,62.160834,368,356,12,12,0,324,53.560444,146.485796,162.808940,1,-0.000010,-0.000055,-0.000075,0.000031,0.000019,0.000051,1.000000
37,1785980803447005221,2,605,231,0.381818,0.791667,187,85.035761,62.133833,372,361,11,11,0,330,53.501776,147.169594,165.345092,1,-0.000097,-0.000026,-0.000169,0.000081,-0.000001,-0.000086,1.000000
38,1785980803537003554,2,605,253,0.418182,0.833333,188,84.134417,62.596296,363,353,14,14,0,319,53.465234,146.730713,162.676019,1,-0.000173,0.000005,-0.000039,0.000074,0.000080,-0.000103,1.000000
39,1785980803627006721,2,605,236,0.390083,0.833333,191,84.194126,62.109665,363,349,14,14,0,314,53.406608,146.303791,162.763687,1,-0.000329,0.000080,0.000010,0.000088,0.000128,-0.000119,1.000000
40,1785980803717006971,2,606,222,0.366337,0.812500,191,84.495045,61.470367,355,338,12,12,0,307,53.031271,145.965412,163.910992,1,-0.000245,-0.000082,-0.000011,-0.000012,0.000118,-0.000113,1.000000
41,1785980803807008596,2,606,243,0.400990,0.812500,182,85.016343,62.078582,370,360,15,15,0,326,53.426317,147.094925,163.834741,1,-0.000094,-0.000048,-0.000006,-0.000007,0.000026,-0.000059,1.000000
42,1785980803897006971,2,605,226,0.373554,0.791667,193,87.741082,62.373002,372,363,9,9,0,329,53.691986,150.114084,170.176395,1,-0.000125,-0.000031,-0.000023,0.000022,0.000002,-0.000088,1.000000
43,1785980803987006721,2,605,231,0.381818,0.812500,193,84.405126,61.891079,367,355,14,14,0,317,53.487400,146.296205,164.640414,1,-0.000217,0.000035,0.000038,0.000034,0.000067,-0.000100,1.000000
44,1785980804077008305,2,605,229,0.378512,0.833333,182,90.540030,61.991080,376,367,17,17,0,330,53.585402,152.531110,170.415563,1,-0.000102,-0.000048,-0.000021,0.000007,-0.000006,-0.000133,1.000000
45,1785980804167009513,2,606,240,0.396040,0.791667,185,84.213583,61.999746,370,360,16,16,0,328,53.319731,146.213329,165.303380,1,-0.000119,-0.000020,-0.000011,0.000025,0.000010,-0.000077,1.000000
46,1785980804257007013,2,605,229,0.378512,0.812500,186,84.147748,61.848828,364,351,17,17,0,314,53.378774,145.996576,163.812196,1,-0.000090,0.000018,-0.000030,0.000065,-0.000032,-0.000113,1.000000
47,1785980804347009972,2,605,248,0.409917,0.833333,192,84.341542,62.264416,359,348,13,13,0,313,53.310565,146.605958,164.356202,1,-0.000124,0.000013,-0.000010,0.000043,0.000004,-0.000103,1.000000
48,1785980804437008180,2,605,235,0.388430,0.791667,186,84.158165,62.005037,371,357,16,16,0,322,53.522066,146.163202,161.077955,1,-0.000054,-0.000014,-0.000115,0.000109,-0.000040,-0.000038,1.000000
49,1785980804527007722,2,606,232,0.382838,0.833333,180,84.519335,62.291457,372,364,14,14,0,329,53.697734,146.810792,163.577857,1,0.000015,0.000033,-0.000053,0.000069,-0.000070,-0.000055,1.000000
50,1785980804617023347,2,606,236,0.389439,0.833333,186,84.297707,62.182498,369,361,15,15,0,323,53.507816,146.480205,163.220854,1,-0.000133,0.000068,-0.000088,0.000135,-0.000033,-0.000142,1.000000
51,1785980804707010388,2,605,232,0.383471,0.833333,190,85.936600,61.691158,366,351,17,17,0,318,53.327605,147.627758,167.683488,1,-0.000112,0.000035,-0.000073,0.000093,0.000002,-0.000140,1.000000
52,1785980804797005513,2,605,235,0.388430,0.812500,189,83.992787,62.098205,367,359,16,16,0,324,53.452191,146.090992,162.794140,1,-0.000131,-0.000017,0.000006,0.000000,0.000033,-0.000132,1.000000
53,1785980804887008638,2,605,237,0.391736,0.833333,187,86.550316,62.165914,368,354,18,18,0,316,53.429648,148.716230,167.600902,1,-0.000054,0.000024,-0.000160,0.000138,-0.000066,-0.000082,1.000000
54,1785980804977009305,2,605,239,0.395041,0.833333,185,84.308122,62.135455,373,361,17,17,0,324,53.467648,146.443577,162.606594,1,-0.000143,0.000136,0.000031,0.000099,0.000006,-0.000125,1.000000
55,1785980805067010264,2,606,236,0.389439,0.812500,189,84.883379,62.120079,367,357,16,16,0,317,53.575275,147.003458,164.850994,1,-0.000189,0.000044,-0.000036,0.000090,0.000019,-0.000155,1.000000
56,1785980805157008222,2,605,233,0.385124,0.854167,186,84.681210,62.014828,365,353,16,16,0,317,53.452148,146.696038,164.714159,1,-0.000267,0.000064,-0.000008,0.000072,0.000094,-0.000170,1.000000
57,1785980805247010722,2,605,229,0.378512,0.812500,189,83.602573,62.033786,366,355,13,13,0,319,53.513731,145.636359,163.699397,1,-0.000024,0.000086,-0.000075,0.000162,-0.000036,-0.000026,1.000000
58,1785980805337009139,2,604,246,0.407285,0.812500,177,86.114476,62.103663,367,354,17,17,0,319,53.201728,148.218139,166.065758,1,-0.000432,0.000053,-0.000263,0.000009,0.000052,-0.000310,1.000000
59,1785980805427010264,2,606,251,0.414191,0.854167,155,83.743866,62.224746,354,344,15,15,0,310,53.116727,145.968612,162.792261,1,0.000690,0.000819,-0.006845,-0.000237,0.000243,-0.000899,1.000000
60,1785980805517010555,2,606,232,0.382838,0.854167,138,84.546749,61.883784,360,351,12,12,0,318,53.301562,146.430533,161.084323,1,0.000097,0.001297,-0.023534,0.002295,-0.000107,-0.002141,0.999995
61,1785980805607008555,2,605,220,0.363636,0.812500,108,84.138286,61.260527,352,344,12,12,0,312,53.157601,145.398813,157.868287,1,0.003255,0.001299,-0.045922,0.006093,-0.001262,0.000552,0.999980
62,1785980805697011014,2,606,215,0.354785,0.791667,104,86.727690,61.869242,368,361,15,15,0,324,53.671857,148.596932,159.815393,1,0.006744,0.002816,-0.069279,0.009777,-0.000755,0.002709,0.999948
63,1785980805787012389,2,606,223,0.367987,0.812500,171,84.907587,61.495655,358,350,14,14,0,320,53.147226,146.403242,158.076706,1,0.012538,0.003254,-0.093273,0.009927,0.002114,0.004958,0.999936
64,1785980805877011681,2,607,229,0.377265,0.812500,185,87.932954,61.557613,348,344,16,16,0,316,53.190394,149.490567,162.719592,1,0.013927,0.005285,-0.115533,0.008274,0.008712,-0.000933,0.999927
65,1785980805967012389,2,607,219,0.360791,0.833333,127,84.812750,61.566363,365,359,21,21,0,325,53.408520,146.379113,160.659025,1,0.012357,0.006282,-0.140238,0.007072,0.014149,-0.010486,0.999820
66,1785980806057011472,2,607,215,0.354201,0.833333,110,85.268464,60.973065,364,353,16,16,0,319,53.203768,146.241529,156.861065,1,0.014649,0.005993,-0.165573,0.014262,0.011575,-0.008096,0.999799
67,1785980806147011139,2,606,239,0.394389,0.833333,113,85.151088,61.866741,378,369,19,19,0,337,53.333978,147.017829,158.669210,1,0.014961,0.010025,-0.183098,0.011183,0.008266,-0.010536,0.999848
68,1785980806237010681,2,606,251,0.414191,0.812500,173,83.392901,62.292746,358,354,13,13,0,326,53.271186,145.685647,157.310320,1,0.014065,0.012754,-0.203248,0.006609,0.005345,-0.012664,0.999884
69,1785980806327015806,2,606,235,0.387789,0.854167,131,82.006135,62.205828,371,369,15,15,0,334,53.644982,144.211963,159.394843,1,0.015629,0.014803,-0.225754,0.006002,0.004656,-0.011947,0.999900
70,1785980806417015389,2,605,238,0.393388,0.833333,117,82.038093,61.775738,345,343,10,10,0,314,53.086932,143.813831,156.357515,1,0.018807,0.015876,-0.248031,0.003699,-0.001400,-0.007641,0.999963
71,1785980806507013889,2,606,241,0.397690,0.833333,108,83.395692,61.866323,358,345,13,13,0,320,52.907555,145.262015,157.767697,1,0.021690,0.018148,-0.270367,0.006152,-0.001917,-0.005208,0.999966
72,1785980806597013764,2,603,263,0.436153,0.854167,109,80.263156,62.880460,367,354,15,15,0,324,53.271893,143.143616,153.768611,1,0.023331,0.018406,-0.286771,-0.005273,-0.004463,-0.005814,0.999959
73,1785980806687013931,2,604,271,0.448675,0.854167,161,79.612441,63.079503,373,363,19,19,0,324,53.542771,142.691944,153.964738,1,0.025308,0.018914,-0.303814,-0.015785,-0.009688,-0.003245,0.999823
74,1785980806777015056,2,605,282,0.466116,0.791667,131,76.762991,63.373757,356,350,17,17,0,311,53.320185,140.136748,152.842183,1,0.028716,0.021171,-0.319756,-0.023631,-0.009702,0.002115,0.999671
75,1785980806867014306,2,605,272,0.449587,0.791667,115,74.872637,62.877501,348,342,13,13,0,316,52.932555,137.750138,150.275362,1,0.028105,0.021914,-0.338346,-0.031205,-0.012883,-0.000959,0.999430
76,1785980806957016181,2,604,285,0.471854,0.833333,109,75.529434,63.563258,358,353,14,14,0,319,53.331892,139.092692,151.207245,1,0.031423,0.020512,-0.361254,-0.033558,-0.016727,0.001312,0.999296
77,1785980807047014973,2,604,289,0.478477,0.791667,182,75.630478,63.737427,353,347,19,19,0,308,53.467894,139.367905,150.860117,1,0.034775,0.019640,-0.383829,-0.035691,-0.019330,0.004132,0.999167
78,1785980807137013723,2,604,275,0.455298,0.770833,143,70.327001,62.828583,344,337,14,14,0,305,52.972013,133.155584,147.679123,1,0.039367,0.018477,-0.407909,-0.034813,-0.022294,0.009497,0.999100
79,1785980807227016556,2,605,280,0.462810,0.770833,135,74.114419,63.231254,348,340,9,8,1,314,53.083890,137.345673,150.964743,1,0.041760,0.017796,-0.431048,-0.033738,-0.024833,0.010668,0.999065
80,1785980807317015890,2,606,280,0.462046,0.833333,129,74.747676,63.064836,357,344,14,14,0,312,52.947430,137.812512,151.796211,1,0.044035,0.015052,-0.453143,-0.037107,-0.026875,0.008075,0.998917
81,1785980807407016973,2,603,289,0.479270,0.770833,114,74.426629,63.954928,373,365,17,17,0,326,53.500853,138.381557,151.715249,1,0.043468,0.016022,-0.472495,-0.038068,-0.027050,0.008001,0.998877
82,1785980807497016890,2,605,299,0.494215,0.833333,110,73.618453,64.188847,366,359,15,15,0,325,53.340226,137.807300,149.821852,1,0.047708,0.015769,-0.492405,-0.038044,-0.027927,0.011277,0.998822
83,1785980807587017140,2,606,289,0.476898,0.812500,107,73.883123,64.001261,367,359,16,16,0,315,53.751730,137.884384,150.178148,1,0.053466,0.018068,-0.518026,-0.034332,-0.031233,0.018247,0.998756
84,1785980807677018056,2,603,269,0.446103,0.770833,167,73.128823,63.444464,375,368,22,21,1,325,53.902482,136.573287,148.663547,1,0.062468,0.025422,-0.539723,-0.028984,-0.032968,0.028775,0.998622
85,1785980807767019140,2,603,294,0.487562,0.812500,147,69.196612,63.718675,361,353,21,20,1,308,53.484436,132.915287,148.390295,1,0.065781,0.027916,-0.564263,-0.025531,-0.035445,0.032455,0.998518
86,1785980807857018390,2,606,289,0.476898,0.833333,131,72.921946,64.039220,368,356,14,14,0,318,53.393017,136.961166,150.543401,1,0.071827,0.031047,-0.586876,-0.024418,-0.037443,0.037489,0.998297
87,1785980807947018432,2,607,315,0.518946,0.833333,128,74.600755,64.262722,353,347,17,17,0,305,53.279182,138.863477,151.639996,1,0.072362,0.036794,-0.610788,-0.020397,-0.036978,0.036840,0.998429
88,1785980808037019182,2,602,287,0.476744,0.833333,122,73.571368,63.937426,363,356,14,14,0,320,53.443600,137.508794,150.588275,1,0.072731,0.039659,-0.635940,-0.018415,-0.036490,0.034205,0.998579
89,1785980808127018848,2,605,311,0.514050,0.854167,111,74.548921,64.323765,355,349,22,22,0,301,53.463685,138.872686,151.294491,1,0.072564,0.044845,-0.660113,-0.014778,-0.035419,0.033380,0.998706
90,1785980808217018140,2,605,290,0.479339,0.812500,93,73.008654,63.511589,360,355,19,19,0,309,53.408559,136.520243,147.761493,1,0.069702,0.044893,-0.683788,-0.017032,-0.034771,0.028708,0.998838
91,1785980808307018848,2,605,311,0.514050,0.833333,178,72.596399,64.307723,362,354,21,20,1,307,53.557769,136.904122,149.626556,1,0.073140,0.049586,-0.703197,-0.013668,-0.035855,0.023342,0.998991
92,1785980808397020348,2,604,295,0.488411,0.854167,130,72.253727,63.269335,373,366,21,21,0,323,53.735603,135.523062,149.459093,1,0.073209,0.056263,-0.731176,-0.007629,-0.034024,0.022081,0.999148
93,1785980808487020182,2,605,278,0.459504,0.812500,121,75.261844,63.364627,366,356,20,20,0,314,53.553767,138.626471,151.815870,1,0.074659,0.065381,-0.758014,0.000721,-0.034236,0.020191,0.999210
94,1785980808577020765,2,606,292,0.481848,0.812500,113,75.110010,63.793507,369,365,13,12,1,327,53.478975,138.903517,151.404907,1,0.075936,0.071336,-0.781032,0.003323,-0.034691,0.018148,0.999228
95,1785980808667021765,2,604,303,0.501656,0.833333,192,73.552992,63.989426,374,368,18,18,0,331,53.482225,137.542418,150.789317,1,0.079034,0.074354,-0.804160,0.005151,-0.035226,0.018914,0.999187
96,1785980808757021682,2,604,297,0.491722,0.791667,155,72.439563,63.291127,351,343,21,21,0,300,53.326931,135.730690,150.869859,1,0.082031,0.074168,-0.827321,0.001584,-0.034675,0.023162,0.999129
97,1785980808847023224,2,603,314,0.520730,0.791667,146,73.382615,64.413014,364,358,21,21,0,311,53.628560,137.795629,153.511763,1,0.084271,0.070795,-0.846317,-0.004324,-0.033318,0.026744,0.999078
98,1785980808937022849,2,605,290,0.479339,0.854167,138,73.226987,64.224220,376,369,18,18,0,322,54.027522,137.451207,152.492583,1,0.085331,0.068161,-0.867017,-0.008156,-0.032046,0.028566,0.999045
99,1785980809027023349,2,605,306,0.505785,0.833333,129,73.299654,64.624349,375,368,17,17,0,322,53.888187,137.924003,152.221580,1,0.086688,0.067454,-0.891197,-0.009350,-0.032367,0.027852,0.999044
100,1785980809117023890,2,604,310,0.513245,0.833333,124,72.819315,64.108218,369,362,17,17,0,321,53.376932,136.927533,151.241319,1,0.086519,0.075275,-0.913838,-0.005069,-0.030047,0.026383,0.999187
101,1785980809207023307,2,605,289,0.477686,0.854167,126,74.623961,63.734047,361,349,12,12,0,308,53.301388,138.358008,151.183694,1,0.086208,0.083239,-0.939403,0.000642,-0.028433,0.025664,0.999266
102,1785980809297022057,2,606,299,0.493399,0.791667,116,72.095057,63.863507,375,369,21,21,0,322,53.629059,135.958564,148.722666,1,0.083260,0.085902,-0.966001,0.002133,-0.027365,0.021257,0.999397
103,1785980809387023307,2,605,291,0.480992,0.854167,197,73.135693,63.442293,356,347,14,14,0,308,53.171928,136.577986,150.481350,1,0.086757,0.093333,-0.989586,0.006763,-0.027722,0.020131,0.999390
104,1785980809477023724,2,607,298,0.490939,0.833333,149,70.280620,63.397167,370,362,26,26,0,315,53.680101,133.677787,150.565393,1,0.088528,0.105977,-1.015387,0.014156,-0.027641,0.019740,0.999323
105,1785980809567024016,2,605,303,0.500826,0.833333,134,75.311009,64.266844,367,362,24,24,0,316,53.778477,139.577853,153.915680,1,0.088446,0.117315,-1.041495,0.021490,-0.027177,0.016132,0.999269
106,1785980809657022516,2,605,281,0.464463,0.812500,120,75.050757,63.406376,350,342,17,17,0,296,53.238971,138.457133,152.441247,1,0.083724,0.120195,-1.065609,0.022662,-0.024936,0.009591,0.999386
107,1785980809747030224,2,607,276,0.454695,0.812500,192,75.149299,63.297000,370,357,22,22,0,310,53.504681,138.446299,152.309579,1,0.077901,0.119757,-1.087802,0.021972,-0.022613,0.004104,0.999494
108,1785980809837025807,2,608,298,0.490132,0.854167,148,72.221057,63.556002,378,371,28,27,1,314,54.018020,135.777059,152.368244,1,0.074176,0.121568,-1.108111,0.021755,-0.020307,-0.002748,0.999553
109,1785980809927025349,2,605,310,0.512397,0.854167,145,77.032235,64.691223,375,372,11,11,0,332,53.662224,141.723458,157.081879,1,0.075346,0.130958,-1.133137,0.025718,-0.022426,-0.011822,0.999348
110,1785980810017025349,2,606,285,0.470297,0.833333,135,77.854619,63.473293,366,356,15,15,0,321,53.190260,141.327912,155.851699,1,0.070275,0.130509,-1.156769,0.025096,-0.019557,-0.017422,0.999342
111,1785980810107026641,2,605,322,0.532231,0.895833,205,77.855370,64.504054,370,362,30,30,0,304,53.803560,142.359424,158.624313,1,0.078467,0.127840,-1.179631,0.023129,-0.023062,-0.014931,0.999355
112,1785980810197025683,2,606,307,0.506601,0.833333,165,74.140745,63.333165,351,347,18,18,0,309,53.298595,137.473910,156.096201,1,0.088368,0.124018,-1.199874,0.020242,-0.026684,-0.010445,0.999384
113,1785980810287026474,2,606,301,0.496700,0.895833,228,76.210434,64.067466,374,369,18,18,0,331,53.474430,140.277900,157.391299,1,0.093191,0.119829,-1.224678,0.018155,-0.028542,-0.005194,0.999414
114,1785980810377026683,2,604,305,0.504967,0.854167,184,74.437414,63.245080,358,354,16,16,0,317,53.265136,137.682494,158.118471,1,0.094437,0.116227,-1.245904,0.015195,-0.028352,-0.005349,0.999468
115,1785980810467026766,2,604,290,0.480132,0.875000,161,74.433081,63.781503,365,360,6,6,0,330,53.333595,138.214584,154.994187,1,0.097442,0.112784,-1.270381,0.014172,-0.029938,-0.006086,0.999433
116,1785980810557031058,2,604,291,0.481788,0.875000,164,75.183671,63.910004,368,358,20,20,0,309,53.482721,139.093675,156.359452,1,0.102769,0.122705,-1.294973,0.018853,-0.031688,-0.006473,0.999299
117,1785980810647027141,2,605,292,0.482645,0.895833,227,76.558312,63.654918,367,360,17,16,1,323,53.158093,140.213230,157.633550,1,0.107875,0.126567,-1.319283,0.020448,-0.033597,-0.006650,0.999204
118,1785980810737026850,2,602,293,0.486711,0.875000,244,73.854698,63.498625,369,361,20,20,0,314,53.936185,137.353323,159.031940,1,0.107833,0.125567,-1.338370,0.018676,-0.033161,-0.009055,0.999234
119,1785980810827028516,2,605,280,0.462810,0.833333,198,72.869229,62.447320,352,341,19,19,0,303,53.033215,135.316549,155.262188,1,0.108310,0.138087,-1.360019,0.023293,-0.032812,-0.007947,0.999158
120,1785980810917028850,2,606,284,0.468647,0.854167,183,74.319620,63.407997,380,376,22,22,0,324,53.978517,137.727617,157.537587,1,0.112240,0.151009,-1.385619,0.027510,-0.034287,-0.009840,0.998985
121,1785980811007027975,2,604,282,0.466887,0.854167,228,77.405154,63.955796,369,364,22,22,0,311,53.961892,141.360950,159.824821,1,0.118528,0.158587,-1.407627,0.029715,-0.036820,-0.012332,0.998804
122,1785980811097028516,2,605,288,0.476033,0.875000,177,75.164254,63.406831,368,366,19,18,1,324,53.860225,138.571085,158.570016,1,0.129556,0.164461,-1.431308,0.031542,-0.040926,-0.010464,0.998609
123,1785980811187032308,2,604,283,0.468543,0.854167,234,72.321972,62.659781,366,362,15,15,0,328,53.517221,134.981753,153.722878,1,0.142331,0.174957,-1.456949,0.035395,-0.045380,-0.008908,0.998303
124,1785980811277028683,2,604,280,0.463576,0.854167,236,74.583830,63.097494,383,377,28,28,0,326,53.891184,137.681324,157.663839,1,0.157642,0.192430,-1.481812,0.041606,-0.050196,-0.005212,0.997859
125,1785980811367028642,2,604,270,0.447020,0.854167,174,74.361285,62.605655,376,370,11,11,0,334,53.520428,136.966940,156.594449,1,0.172473,0.185629,-1.504432,0.037889,-0.055074,0.003291,0.997758
126,1785980811457033017,2,605,261,0.431405,0.895833,159,71.946467,62.389027,384,373,17,17,0,332,53.660847,134.335494,152.132358,1,0.175439,0.195038,-1.527276,0.041110,-0.055102,0.006849,0.997611
127,1785980811547031267,2,604,273,0.451987,0.854167,215,80.293726,62.875491,360,349,12,12,0,316,52.799795,143.169217,159.810693,1,0.181427,0.207208,-1.551859,0.044961,-0.056709,0.006241,0.997358
128,1785980811637032725,2,604,272,0.450331,0.833333,172,72.122427,62.969409,374,372,21,21,0,326,53.751723,135.091836,155.312560,1,0.187919,0.208732,-1.575038,0.044949,-0.058207,0.010336,0.997239
129,1785980811727033642,2,604,279,0.461921,0.854167,151,74.185283,62.787323,369,359,15,15,0,317,53.398802,136.972606,154.715470,1,0.188950,0.204805,-1.597636,0.042756,-0.057724,0.012997,0.997332
130,1785980811817031350,2,604,266,0.440397,0.854167,229,78.112576,62.896949,365,360,14,14,0,322,53.352051,141.009525,159.309103,1,0.194118,0.188001,-1.618366,0.035511,-0.058205,0.017426,0.997521
131,1785980811907030850,2,604,276,0.456954,0.875000,235,75.062042,62.526236,358,355,18,18,0,312,53.525302,137.588278,156.874617,1,0.192579,0.187665,-1.641659,0.034953,-0.056824,0.019469,0.997582
132,1785980811997032517,2,607,290,0.477759,0.833333,185,73.917529,62.957574,348,343,14,14,0,305,53.364676,136.875103,158.624552,1,0.197478,0.195632,-1.664215,0.037195,-0.057846,0.019267,0.997446
133,1785980812087031309,2,604,271,0.448675,0.875000,236,73.368648,62.460694,364,358,22,22,0,312,53.542678,135.829342,155.999940,1,0.179112,0.205983,-1.688443,0.040662,-0.051363,0.013266,0.997764
134,1785980812177032934,2,604,271,0.448675,0.833333,188,75.280795,62.657946,366,361,17,17,0,316,53.616428,137.938741,159.363644,1,0.179895,0.206123,-1.711352,0.040331,-0.050989,0.012540,0.997806
135,1785980812267034309,2,604,279,0.461921,0.854167,240,74.786247,62.972200,370,362,21,21,0,317,53.838931,137.758447,159.106892,1,0.165079,0.219107,-1.734614,0.044434,-0.045540,0.007247,0.997947
136,1785980812357035684,2,604,271,0.448675,0.875000,178,74.566535,62.155689,354,348,18,18,0,315,53.154881,136.722224,159.061930,1,0.161887,0.220154,-1.758180,0.044501,-0.044153,0.002226,0.998031
137,1785980812447034725,2,604,269,0.445364,0.854167,229,76.110177,62.662028,357,354,13,13,0,314,53.450009,138.772205,158.660842,1,0.162569,0.230621,-1.782373,0.047607,-0.043930,-0.000656,0.997899
138,1785980812537034392,2,604,272,0.450331,0.875000,182,75.663464,62.810279,366,355,25,25,0,302,53.940181,138.473743,161.840586,1,0.153902,0.226218,-1.807453,0.045841,-0.040936,-0.004800,0.998098
139,1785980812627035017,2,604,280,0.463576,0.895833,147,72.025590,63.376994,377,369,20,20,0,324,53.823930,135.402584,153.823705,1,0.144613,0.195413,-1.829508,0.035697,-0.037954,-0.009193,0.998599
140,1785980812717034684,2,603,276,0.457711,0.833333,145,73.313897,62.760487,361,355,16,16,0,315,53.572802,136.074384,153.643453,1,0.148966,0.179333,-1.848742,0.030201,-0.038763,-0.014166,0.998691
141,1785980812807032476,2,603,261,0.432836,0.854167,145,71.629628,63.370910,372,365,13,13,0,327,53.656427,135.000538,152.919444,1,0.138909,0.176654,-1.871069,0.029009,-0.036731,-0.019970,0.998704
142,1785980812897035226,2,603,297,0.492537,0.875000,202,70.739408,64.049834,383,375,18,17,1,335,53.682927,134.789242,152.284269,1,0.154114,0.155107,-1.892752,0.022835,-0.042157,-0.025685,0.998520
143,1785980812987033351,2,605,308,0.509091,0.895833,171,69.166224,63.798665,369,360,21,21,0,313,53.773928,132.964889,152.868567,1,0.172237,0.156421,-1.911754,0.022659,-0.047795,-0.027609,0.998218
144,1785980813077034476,2,605,308,0.509091,0.854167,153,70.196693,64.025376,376,363,20,20,0,316,53.818220,134.222069,151.748889,1,0.198862,0.170498,-1.935609,0.027042,-0.054872,-0.022645,0.997870
145,1785980813167036476,2,608,309,0.508224,0.895833,231,68.753511,63.575037,384,380,25,24,1,334,53.908596,132.328548,149.914492,1,0.225314,0.184060,-1.960098,0.030629,-0.062290,-0.022119,0.997343
146,1785980813257036517,2,605,300,0.495868,0.833333,185,68.243630,63.845332,368,365,16,16,0,322,53.697302,132.088962,154.524210,1,0.238726,0.195436,-1.981379,0.033243,-0.065640,-0.020259,0.997084
147,1785980813347037017,2,602,304,0.504983,0.916667,164,67.706457,63.572577,364,358,16,16,0,320,53.567218,131.279034,152.370892,1,0.233767,0.203313,-2.004116,0.034880,-0.063778,-0.021064,0.997132
148,1785980813437036309,2,602,317,0.526578,0.875000,218,70.061816,64.501296,369,364,16,16,0,318,53.883096,134.563112,152.970691,1,0.253043,0.227873,-2.027441,0.041122,-0.068347,-0.017689,0.996657
149,1785980813527036434,2,604,306,0.506622,0.875000,178,72.554927,63.002946,366,362,25,25,0,317,53.456216,135.557873,157.455823,1,0.256817,0.259303,-2.053439,0.049521,-0.069196,-0.014655,0.996265
150,1785980813617037393,2,603,277,0.459370,0.833333,152,71.299996,62.818236,367,354,13,13,0,318,53.465382,134.118232,152.633145,1,0.266095,0.275813,-2.075857,0.053621,-0.070925,-0.010688,0.995982
151,1785980813707038476,2,605,281,0.464463,0.833333,137,69.473643,62.479774,359,351,18,18,0,311,53.308631,131.953417,149.777322,1,0.277075,0.275567,-2.094527,0.052508,-0.073441,-0.008652,0.995879
152,1785980813797041184,2,603,273,0.452736,0.812500,141,73.312810,63.258032,372,366,22,22,0,319,53.621633,136.570842,153.708239,1,0.257867,0.269031,-2.115098,0.049694,-0.068399,-0.010888,0.996360
153,1785980813887037726,2,604,276,0.456954,0.833333,206,74.842909,63.056779,371,367,22,22,0,330,53.345714,137.899688,155.403882,1,0.265783,0.269155,-2.136342,0.049350,-0.070373,-0.016669,0.996160
154,1785980813977038268,2,602,293,0.486711,0.833333,153,74.100735,63.565493,374,368,16,16,0,327,53.739093,137.666228,157.192902,1,0.273801,0.268878,-2.163807,0.048901,-0.072659,-0.020730,0.995942
155,1785980814067038809,2,604,278,0.460265,0.812500,141,72.858554,63.167614,369,360,19,19,0,312,54.130347,136.026168,154.086659,1,0.298815,0.276535,-2.183791,0.050158,-0.078751,-0.019667,0.995437
156,1785980814157036810,2,604,301,0.498344,0.833333,213,74.727367,62.908028,368,354,18,18,0,317,53.062377,137.635395,158.241330,1,0.308093,0.261133,-2.205368,0.046136,-0.080992,-0.022094,0.995401
157,1785980814247038518,2,605,304,0.502479,0.854167,166,73.004472,63.368741,377,368,17,16,1,328,53.635717,136.373213,157.735283,1,0.322779,0.262233,-2.226365,0.045928,-0.084509,-0.020452,0.995153
158,1785980814337037643,2,607,283,0.466227,0.833333,218,73.691604,62.797900,367,359,17,17,0,321,53.264587,136.489504,155.220252,1,0.334892,0.248193,-2.246937,0.042334,-0.087749,-0.021184,0.995017
159,1785980814427041101,2,607,303,0.499176,0.812500,168,74.450612,63.084737,359,351,14,14,0,317,53.175003,137.535349,157.910907,1,0.341197,0.252044,-2.268969,0.043061,-0.089085,-0.021986,0.994850
160,1785980814517040601,2,606,272,0.448845,0.791667,151,75.816419,62.462730,354,340,18,18,0,300,53.250254,138.279149,156.974105,1,0.365727,0.272037,-2.290042,0.047776,-0.094443,-0.017071,0.994237
161,1785980814607042435,2,606,257,0.424092,0.791667,141,76.178173,62.094726,372,362,16,16,0,326,53.362755,138.272899,157.240108,1,0.379232,0.282020,-2.311364,0.049886,-0.097105,-0.012035,0.993950
162,1785980814697039810,2,607,268,0.441516,0.833333,138,75.120244,61.700055,360,350,18,18,0,315,53.101627,136.820299,152.590140,1,0.393582,0.303947,-2.332929,0.054526,-0.099832,-0.004857,0.993497
163,1785980814787040352,2,606,263,0.433993,0.812500,197,80.453762,62.654107,367,352,20,20,0,317,53.168668,143.107869,158.693498,1,0.404886,0.342946,-2.352751,0.062952,-0.101995,0.003900,0.992783
164,1785980814877041727,2,606,268,0.442244,0.812500,151,75.653874,62.595481,373,356,21,21,0,314,53.733633,138.249355,157.489441,1,0.417779,0.357997,-2.374248,0.065908,-0.104251,0.006175,0.992346
165,1785980814967041185,2,605,272,0.449587,0.770833,215,77.759481,62.783358,369,365,20,19,1,321,53.618673,140.542839,159.127626,1,0.423638,0.357598,-2.396101,0.064881,-0.105187,0.010517,0.992278
166,1785980815057042935,2,607,261,0.429984,0.833333,148,78.501322,62.359978,373,364,11,11,0,333,53.532589,140.861300,160.893854,1,0.434635,0.333890,-2.417741,0.058196,-0.106938,0.015077,0.992447
167,1785980815147046268,2,603,263,0.436153,0.812500,202,75.854877,62.424978,361,351,12,12,0,314,53.456213,138.279855,156.825726,1,0.443389,0.299967,-2.439052,0.049334,-0.108135,0.022758,0.992651
168,1785980815237043810,2,605,281,0.464463,0.875000,162,79.642002,63.299488,362,357,18,18,0,315,53.689882,142.941490,164.104097,1,0.438972,0.285145,-2.461146,0.044761,-0.106394,0.026936,0.992951
169,1785980815327043893,2,604,263,0.435430,0.833333,145,74.770155,62.555062,361,350,23,23,0,300,53.894759,137.325217,157.946319,1,0.432157,0.259256,-2.485689,0.038506,-0.103836,0.029461,0.993412
170,1785980815417043852,2,604,263,0.435430,0.854167,219,75.299661,62.558313,358,345,23,21,2,302,53.601256,137.857974,156.607262,1,0.430923,0.248487,-2.510695,0.036013,-0.102998,0.029598,0.993589
171,1785980815507046644,2,605,235,0.388430,0.875000,155,77.638937,61.384299,350,338,16,16,0,299,53.169000,139.023236,159.591378,1,0.405379,0.239194,-2.542164,0.034299,-0.096831,0.028648,0.994297
172,1785980815597045602,2,602,239,0.397010,0.833333,139,77.357516,61.723136,360,350,15,13,2,309,53.505629,139.080652,156.994059,1,0.405476,0.249319,-2.567805,0.037110,-0.096467,0.025716,0.994312
173,1785980815687045185,2,604,245,0.405629,0.791667,205,74.987032,62.118349,366,353,13,12,1,310,53.692340,137.105381,156.607929,1,0.395840,0.252979,-2.590298,0.037987,-0.094194,0.024184,0.994535
174,1785980815777043477,2,605,232,0.383471,0.854167,161,76.711718,61.032253,351,342,24,23,1,295,53.280002,137.743971,158.191029,1,0.377918,0.261732,-2.614247,0.039894,-0.089878,0.021960,0.994911
175,1785980815867043102,2,604,232,0.384106,0.812500,144,77.892604,60.926918,372,358,20,20,0,320,53.330751,138.819522,157.792106,1,0.357750,0.271474,-2.639825,0.042158,-0.085451,0.016234,0.995318
176,1785980815957044644,2,604,232,0.384106,0.833333,202,80.177880,61.835345,365,350,18,17,1,306,53.834341,142.013225,161.594273,1,0.354738,0.278148,-2.664637,0.043710,-0.084662,0.010684,0.995393
177,1785980816047043894,2,602,237,0.393688,0.854167,148,79.281745,61.265506,373,364,16,16,0,325,53.390961,140.547251,160.486844,1,0.347776,0.295953,-2.688132,0.047465,-0.083119,0.004425,0.995399
178,1785980816137045852,2,603,209,0.346600,0.812500,126,81.630687,60.766625,367,357,16,16,0,324,53.516170,142.397312,160.219258,1,0.352053,0.323121,-2.709780,0.052865,-0.083517,0.001125,0.995102
179,1785980816227047894,2,605,204,0.337190,0.770833,122,79.888168,60.184410,350,342,18,18,0,306,53.238750,140.072578,157.180099,1,0.344775,0.338477,-2.733944,0.055707,-0.081949,-0.002398,0.995076
180,1785980816317046144,2,605,215,0.355372,0.770833,191,79.196409,60.404661,346,333,21,20,1,292,53.164082,139.601070,157.496434,1,0.351658,0.352637,-2.754727,0.058007,-0.083014,-0.004936,0.994846
181,1785980816407048852,2,605,204,0.337190,0.729167,142,81.977773,60.172535,363,351,15,15,0,315,53.088081,142.150308,161.795064,1,0.358922,0.353308,-2.775333,0.057581,-0.084343,-0.009027,0.994731
182,1785980816497046061,2,605,219,0.361983,0.750000,199,81.332516,61.083919,364,355,19,19,0,315,53.554753,142.416435,161.119806,1,0.373388,0.348097,-2.796716,0.056156,-0.087011,-0.010848,0.994564
183,1785980816587047394,2,605,197,0.325620,0.729167,140,83.124327,59.763904,358,343,21,21,0,306,52.895163,142.888231,161.792189,1,0.369150,0.345495,-2.821049,0.055067,-0.085737,-0.009880,0.994746
184,1785980816677045227,2,605,209,0.345455,0.770833,119,79.122075,60.090658,346,334,17,16,1,299,52.904205,139.212733,156.696800,1,0.398198,0.310801,-2.841592,0.048070,-0.091128,-0.008964,0.994638
185,1785980816767045977,2,605,207,0.342149,0.770833,105,80.282421,60.828708,362,343,15,15,0,308,53.333750,141.111129,156.589381,1,0.395417,0.288637,-2.865655,0.043394,-0.090053,-0.003215,0.994986
186,1785980816857048269,2,601,220,0.366057,0.791667,111,77.858560,60.827541,373,359,22,21,1,319,53.262208,138.686101,155.283324,1,0.401275,0.273365,-2.887219,0.040172,-0.090767,-0.001661,0.995060
187,1785980816947048519,2,604,201,0.332781,0.812500,92,77.567724,60.557787,360,352,19,19,0,310,53.423626,138.125511,153.457845,1,0.411991,0.265428,-2.910263,0.038327,-0.092434,0.001572,0.994980
188,1785980817037048269,2,605,215,0.355372,0.833333,176,83.498539,61.175961,363,357,20,20,0,311,53.448626,144.674500,159.566912,1,0.421227,0.242132,-2.930177,0.033565,-0.093502,0.004101,0.995045
189,1785980817127048144,2,604,219,0.362583,0.833333,135,76.712422,60.808957,359,350,17,16,1,312,53.275583,137.521379,157.338929,1,0.438468,0.205661,-2.950659,0.026521,-0.096376,0.006682,0.994969
190,1785980817217049186,2,606,225,0.371287,0.791667,191,75.965998,61.019709,363,354,21,20,1,315,53.626712,136.985707,154.346313,1,0.463361,0.150900,-2.967842,0.016253,-0.100600,0.006633,0.994772
191,1785980817307050978,2,606,232,0.382838,0.833333,149,75.818329,61.007708,356,342,22,22,0,307,53.166248,136.826037,154.845358,1,0.466035,0.119356,-2.988804,0.010205,-0.100771,0.009212,0.994815
192,1785980817397051519,2,603,230,0.381426,0.791667,121,76.420335,61.236002,367,357,23,22,1,315,53.449709,137.656337,155.291363,1,0.477367,0.080061,-3.006536,0.002974,-0.102512,0.010293,0.994674
193,1785980817487047853,2,604,237,0.392384,0.833333,119,74.550231,61.309336,362,358,21,21,0,317,53.709795,135.859567,153.214215,1,0.475605,0.051290,-3.026238,-0.002311,-0.102036,0.011061,0.994717
194,1785980817577050478,2,603,250,0.414594,0.791667,182,74.395021,61.994510,373,358,19,19,0,316,53.538043,136.389531,153.637137,1,0.494746,0.020977,-3.041915,-0.007966,-0.104949,0.013152,0.994359
195,1785980817667050603,2,605,229,0.378512,0.791667,140,74.005100,60.887206,364,356,23,23,0,314,53.272540,134.892306,153.608220,1,0.517667,0.017839,-3.061557,-0.008959,-0.108073,0.019352,0.993914
196,1785980817757052353,2,606,221,0.364686,0.812500,127,73.240425,61.424963,381,369,11,11,0,336,53.668086,134.665388,152.462540,1,0.524613,0.001032,-3.078554,-0.012053,-0.108800,0.021546,0.993757
197,1785980817847049728,2,606,240,0.396040,0.833333,119,75.754034,61.780132,361,352,17,17,0,310,53.738086,137.534166,154.593353,1,0.544470,-0.016608,-3.087656,-0.015437,-0.112025,0.022983,0.993320
198,1785980817937050561,2,606,248,0.409241,0.854167,114,73.470760,61.750591,342,334,22,22,0,290,53.478666,135.221351,151.509278,1,0.551661,-0.017611,-3.094204,-0.015805,-0.112981,0.024109,0.993179
199,1785980818027051436,2,606,250,0.412541,0.812500,198,74.906692,62.112845,356,346,21,21,0,306,53.417541,137.019537,155.279610,1,0.567547,-0.023458,-3.091167,-0.016706,-0.115791,0.023452,0.992856
200,1785980818117049770,2,606,251,0.414191,0.812500,165,73.529969,61.875342,357,343,18,18,0,298,53.409708,135.405311,156.925961,1,0.567936,-0.022610,-3.088702,-0.016553,-0.116148,0.023309,0.992820
201,1785980818207049103,2,605,226,0.373554,0.833333,144,72.886378,61.424712,364,353,19,19,0,308,53.810378,134.311090,151.812614,1,0.623797,-0.024585,-3.077577,-0.017103,-0.126119,0.022780,0.991606
202,1785980818297049312,2,604,227,0.375828,0.770833,138,72.518124,61.039831,351,345,15,14,1,311,53.404415,133.557955,151.480650,1,0.680056,-0.027860,-3.065385,-0.017888,-0.136431,0.022164,0.990240
203,1785980818387052520,2,604,237,0.392384,0.812500,134,73.772887,61.565504,361,346,15,15,0,309,53.418790,135.338391,153.697299,1,0.745556,-0.028361,-3.049454,-0.018239,-0.148554,0.021550,0.988501
204,1785980818477052603,2,605,248,0.409917,0.770833,124,75.372696,62.128010,368,364,19,18,1,319,53.785169,137.500706,154.845145,1,0.815542,-0.030089,-3.031160,-0.018693,-0.161573,0.021093,0.986458
205,1785980818567054603,2,604,244,0.403974,0.833333,113,76.749378,62.001759,359,349,21,20,1,301,53.372873,138.751137,154.860978,1,0.889171,-0.032496,-3.008223,-0.019142,-0.175465,0.020177,0.984093
206,1785980818657053728,2,603,263,0.436153,0.770833,113,77.092714,62.741349,345,333,18,18,0,290,53.551875,139.834063,155.339566,1,0.971218,-0.027603,-2.982275,-0.018383,-0.190890,0.018498,0.981265
207,1785980818747054770,2,608,247,0.406250,0.770833,108,76.937880,62.435805,372,358,19,19,0,315,53.785711,139.373685,154.485724,1,1.051637,-0.021487,-2.952735,-0.017510,-0.206398,0.017123,0.978162
208,1785980818837056228,2,603,257,0.426202,0.791667,169,78.039015,62.620264,363,359,23,23,0,314,53.908461,140.659279,155.940071,1,1.126186,-0.018799,-2.923012,-0.017189,-0.220527,0.016577,0.975088
209,1785980818927052895,2,605,261,0.431405,0.812500,114,73.802927,62.445345,355,346,15,13,2,296,53.794752,136.248272,153.173082,1,1.187899,-0.026638,-2.895116,-0.018759,-0.232359,0.016741,0.972305
210,1785980819017056437,2,602,228,0.378738,0.770833,104,73.311172,60.948329,343,337,16,16,0,296,53.465790,134.259501,149.355749,1,1.261572,-0.031007,-2.860422,-0.019773,-0.246788,0.016478,0.968728
211,1785980819107054479,2,604,239,0.395695,0.770833,95,70.798270,61.407668,366,358,25,24,1,314,53.675958,132.205938,146.248757,1,1.331885,-0.034554,-2.823707,-0.020596,-0.260802,0.015719,0.965045
212,1785980819197055312,2,609,284,0.466338,0.812500,168,76.521207,63.306646,375,365,28,28,0,315,53.750001,139.827853,153.494169,1,1.398443,-0.038824,-2.787658,-0.021752,-0.273679,0.016283,0.961437
213,1785980819287054937,2,607,263,0.433278,0.812500,132,69.964552,62.550263,378,369,22,22,0,326,53.980753,132.514815,151.051349,1,1.468874,-0.044543,-2.747211,-0.023025,-0.287581,0.016321,0.957340
214,1785980819377054270,2,604,244,0.403974,0.854167,127,72.419494,61.555543,361,350,17,17,0,309,53.582957,133.975037,150.848263,1,1.527627,-0.053655,-2.708661,-0.025019,-0.299855,0.015948,0.953523
215,1785980819467056062,2,604,262,0.433775,0.812500,109,72.852332,62.960475,383,373,10,10,0,338,53.671833,135.812807,151.051848,1,1.598830,-0.055878,-2.661111,-0.026153,-0.314325,0.016561,0.948811
216,1785980819557063062,2,604,252,0.417219,0.791667,96,77.080504,63.043726,384,372,19,19,0,323,54.000795,140.124230,154.780847,1,1.662034,-0.060904,-2.616146,-0.027203,-0.327702,0.015646,0.944260
217,1785980819647059812,2,602,248,0.411960,0.791667,93,74.998523,62.422762,371,366,14,14,0,327,53.516707,137.421285,150.537135,1,1.718529,-0.061129,-2.573375,-0.027384,-0.339973,0.015379,0.939911
218,1785980819737060646,2,607,276,0.454695,0.812500,84,76.331246,63.282521,362,353,21,21,0,304,53.594540,139.613767,153.256997,1,1.792431,-0.055145,-2.517210,-0.026234,-0.355967,0.013711,0.934030
219,1785980819827060729,2,605,266,0.439669,0.812500,152,75.946573,62.822390,374,367,12,12,0,329,53.507247,138.768963,152.053315,1,1.853848,-0.052802,-2.463953,-0.025710,-0.369835,0.012417,0.928659
220,1785980819917060937,2,603,252,0.417910,0.812500,111,72.135740,61.356707,350,345,21,20,1,307,53.183660,133.492447,150.943637,1,1.900739,-0.053817,-2.422186,-0.026127,-0.380423,0.012159,0.924363
221,1785980820007060687,2,607,239,0.393740,0.791667,108,72.245575,62.020548,363,353,20,20,0,311,53.799208,134.266123,149.358619,1,1.950305,-0.053492,-2.376460,-0.026689,-0.391589,0.013035,0.919661
222,1785980820097059854,2,605,257,0.424793,0.791667,100,73.987760,62.657638,356,349,13,13,0,308,53.366745,136.645398,151.037804,1,2.011916,-0.050224,-2.315852,-0.026606,-0.406012,0.013526,0.913380
223,1785980820187058687,2,606,245,0.404290,0.833333,93,73.618923,62.786556,368,358,7,7,0,323,53.429787,136.405479,149.754415,1,2.071930,-0.045264,-2.254205,-0.026316,-0.420220,0.013969,0.906933
224,1785980820277058604,2,606,257,0.424092,0.854167,77,73.368295,62.742471,367,361,14,14,0,320,53.527080,136.110766,148.471192,1,2.127859,-0.041207,-2.192435,-0.026133,-0.433858,0.014587,0.900484
225,1785980820367056229,2,606,257,0.424092,0.812500,74,73.896842,62.662928,364,344,18,18,0,301,53.383578,136.559770,148.963445,1,2.186733,-0.030780,-2.122689,-0.024652,-0.448844,0.014457,0.893153
226,1785980820457056604,2,603,237,0.393035,0.791667,141,75.158022,61.661459,350,337,17,17,0,298,53.166951,136.819481,149.822455,1,2.237521,-0.022103,-2.059074,-0.022403,-0.462306,0.012363,0.886351
227,1785980820547055979,2,604,247,0.408940,0.812500,96,73.562838,61.319414,356,349,20,19,1,310,53.274368,134.882252,150.128458,1,2.284852,-0.011009,-1.999997,-0.020739,-0.474483,0.012680,0.879929
228,1785980820637058896,2,606,245,0.404290,0.791667,93,76.614330,62.043463,360,346,15,15,0,308,53.191910,138.657793,152.652570,1,2.333006,0.002458,-1.933357,-0.017895,-0.487998,0.011821,0.872581
229,1785980820727059354,2,603,264,0.437811,0.791667,90,76.312826,62.543052,357,347,15,15,0,309,53.231076,138.855878,152.404483,1,2.390120,0.026492,-1.849898,-0.012482,-0.504676,0.009664,0.863164
230,1785980820817058896,2,603,257,0.426202,0.812500,68,79.184148,62.552718,355,343,16,15,1,306,53.211117,141.736866,153.161614,1,2.440544,0.038735,-1.770020,-0.008080,-0.520205,0.005595,0.853985
231,1785980820907060813,2,606,264,0.435644,0.854167,154,76.528118,62.105713,340,328,16,16,0,291,52.844113,138.633831,151.149759,1,2.487733,0.054666,-1.687336,-0.003768,-0.535092,0.002818,0.844781
232,1785980820997062271,2,608,245,0.402961,0.812500,108,73.787798,61.799709,346,328,14,14,0,292,53.127157,135.587507,151.082800,1,2.522883,0.061362,-1.619123,-0.000890,-0.547043,0.000045,0.837104
233,1785980821087063313,2,603,225,0.373134,0.770833,103,79.280357,61.383081,366,351,13,13,0,318,53.155033,140.663438,155.346846,1,2.552319,0.069030,-1.559733,0.001176,-0.557167,-0.000878,0.830399
234,1785980821177063938,2,605,234,0.386777,0.770833,93,76.920832,61.706958,353,340,17,17,0,299,53.098782,138.627790,151.906809,1,2.581012,0.076051,-1.498145,0.003889,-0.567385,-0.003266,0.823437
235,1785980821267063938,2,605,228,0.376860,0.770833,96,76.232366,61.266120,360,348,14,14,0,318,53.135199,137.498486,150.837588,1,2.608866,0.081828,-1.433847,0.007295,-0.578240,-0.006415,0.815809
236,1785980821357064980,2,607,224,0.369028,0.770833,92,76.729995,60.972283,354,339,17,17,0,301,53.000363,137.702278,150.810169,1,2.637992,0.084849,-1.359449,0.011151,-0.590277,-0.011467,0.807043
237,1785980821447062438,2,606,234,0.386139,0.791667,150,79.309314,61.214577,352,335,23,22,1,294,53.104906,140.523891,153.882161,1,2.664293,0.085631,-1.284470,0.014294,-0.602128,-0.016195,0.798107
238,1785980821537062188,2,604,221,0.365894,0.750000,119,74.831183,60.508570,342,336,6,6,0,303,52.835987,135.339753,151.065380,1,2.688438,0.088299,-1.211822,0.017292,-0.613422,-0.019319,0.789330
239,1785980821627063438,2,606,241,0.397690,0.791667,115,79.716903,62.124421,362,353,21,21,0,305,53.662621,141.841324,157.333490,1,2.710639,0.086503,-1.139182,0.019838,-0.624505,-0.022866,0.780434
240,1785980821717064438,2,604,223,0.369205,0.729167,95,79.983863,61.072075,362,344,15,15,0,310,53.144990,141.055938,155.263717,1,2.726454,0.085686,-1.081678,0.021653,-0.633080,-0.025178,0.773374
241,1785980821807064772,2,604,227,0.375828,0.833333,76,76.840370,61.514955,367,354,15,15,0,313,53.306075,138.355325,150.967253,1,2.739170,0.080733,-1.028462,0.022154,-0.640729,-0.026916,0.766975
242,1785980821897064730,2,604,213,0.352649,0.833333,85,80.137447,61.349787,357,343,24,24,0,286,53.738246,141.487234,154.023993,1,2.754312,0.074022,-0.965175,0.022327,-0.649808,-0.028497,0.759235
243,1785980821987064272,2,606,204,0.336634,0.833333,73,80.406616,60.276483,354,345,23,23,0,303,53.154782,140.683099,153.194192,1,2.763113,0.067968,-0.919399,0.023073,-0.656742,-0.030648,0.753139
244,1785980822077064938,2,607,215,0.354201,0.791667,71,80.935414,61.328953,364,350,19,19,0,302,53.590828,142.264367,154.107869,1,2.778992,0.054111,-0.832611,0.023710,-0.670062,-0.034994,0.741101
245,1785980822167065688,2,604,218,0.360927,0.729167,69,78.927392,60.957032,346,337,17,17,0,297,52.995654,139.884424,151.550092,1,2.792786,0.047375,-0.766567,0.024294,-0.681572,-0.037197,0.730401
246,1785980822257066355,2,604,231,0.382450,0.833333,140,80.432367,61.139201,360,349,22,22,0,308,53.056405,141.571568,151.445549,1,2.792778,0.013641,-0.768989,0.020101,-0.684194,-0.042383,0.727790
247,1785980822347066688,2,606,204,0.336634,0.833333,107,77.292706,60.335316,359,351,19,19,0,312,53.296407,137.628022,151.587215,1,2.796253,-0.003132,-0.747041,0.019640,-0.690150,-0.046960,0.721874
248,1785980822437066647,2,603,205,0.339967,0.812500,89,80.197154,60.556276,356,344,22,22,0,304,53.141822,140.753430,154.061574,1,2.805142,-0.030362,-0.685398,0.015508,-0.701223,-0.049477,0.711055
249,1785980822527065855,2,606,221,0.364686,0.812500,81,80.083820,61.611038,359,342,11,11,0,297,53.451950,141.694858,153.286400,1,2.811306,-0.050703,-0.631648,0.012121,-0.710949,-0.051164,0.701276
250,1785980822617063897,2,603,230,0.381426,0.791667,81,78.715347,61.972876,374,362,16,16,0,314,53.685744,140.688223,152.894353,1,2.815583,-0.050086,-0.595015,0.012200,-0.717943,-0.050762,0.694141
251,1785980822707064814,2,603,244,0.404643,0.791667,145,79.284437,61.865415,375,359,16,16,0,319,53.331574,141.149852,153.546486,1,2.821081,-0.054565,-0.538966,0.008053,-0.726705,-0.047385,0.685266
252,1785980822797067147,2,603,242,0.401327,0.833333,103,75.898399,61.493161,367,358,17,17,0,318,53.451366,137.391560,151.363918,1,2.832710,-0.019513,-0.472865,0.012184,-0.737221,-0.041923,0.674239
253,1785980822887066980,2,604,260,0.430464,0.854167,93,79.075725,63.173595,370,357,20,20,0,306,53.876996,142.249320,154.676120,1,2.837373,-0.007944,-0.426269,0.007455,-0.745099,-0.032104,0.666139
254,1785980822977066647,2,605,240,0.396694,0.812500,89,79.578897,62.068875,369,364,17,17,0,323,53.393699,141.647772,153.011436,1,2.846187,0.062060,-0.396102,0.014581,-0.750815,-0.021165,0.660012
255,1785980823067068355,2,605,257,0.424793,0.854167,151,79.955734,62.606215,371,355,20,20,0,304,53.557284,142.561949,153.188646,1,2.849237,0.067891,-0.386208,0.009011,-0.754058,-0.012473,0.656628
256,1785980823157068064,2,606,261,0.430693,0.812500,125,73.257037,62.171126,356,349,14,13,1,309,53.512866,135.428163,150.353908,1,2.851930,0.078825,-0.399347,0.006325,-0.755041,-0.006036,0.655619
257,1785980823247065272,2,605,247,0.408264,0.833333,97,76.099151,62.297502,366,359,12,12,0,324,53.238321,138.396653,150.855620,1,2.854415,0.073768,-0.420445,0.001354,-0.754960,-0.001170,0.655769
258,1785980823337066939,2,602,253,0.420266,0.833333,171,75.493894,62.519879,372,364,14,14,0,323,53.529575,138.013773,151.129747,1,2.857565,0.088215,-0.456992,-0.000348,-0.752800,0.005027,0.658231
259,1785980823427066522,2,602,250,0.415282,0.854167,114,72.475570,61.553702,362,351,23,23,0,305,53.439407,134.029272,147.333498,1,2.862203,0.098076,-0.493728,-0.002520,-0.750867,0.010532,0.660364
260,1785980823517064981,2,603,268,0.444444,0.854167,108,73.106910,62.836341,359,351,21,21,0,310,53.386823,135.943251,148.895431,1,2.863209,0.109128,-0.542183,-0.006079,-0.747218,0.018732,0.664287
261,1785980823607069606,2,603,264,0.437811,0.833333,94,72.147816,62.737381,384,372,21,21,0,328,53.473365,134.885197,146.835409,1,2.865596,0.134808,-0.583156,-0.005553,-0.744538,0.025345,0.667076
262,1785980823697069189,2,607,297,0.489292,0.875000,159,72.303192,63.464598,368,360,28,27,1,306,53.629909,135.767790,147.906087,1,2.867887,0.151901,-0.619661,-0.006900,-0.742317,0.032196,0.669239
263,1785980823787068772,2,604,271,0.448675,0.833333,139,69.629329,62.779547,367,362,21,21,0,311,53.937828,132.408876,148.034336,1,2.869455,0.165016,-0.657963,-0.003783,-0.740587,0.031564,0.671208
264,1785980823877068273,2,602,243,0.403654,0.770833,128,71.507808,61.655952,369,358,17,17,0,320,53.092027,133.163760,148.476132,1,2.868385,0.149209,-0.711528,-0.005458,-0.737197,0.028941,0.675036
265,1785980823967066523,2,605,294,0.485950,0.833333,210,72.118773,63.179510,355,346,24,24,0,300,53.275863,135.298283,150.879325,1,2.869880,0.140716,-0.738214,-0.007448,-0.736533,0.029075,0.675735
266,1785980824057072356,2,606,276,0.455446,0.854167,167,66.850841,62.617630,353,346,18,18,0,307,53.307612,129.468471,149.079055,1,2.868314,0.121017,-0.781543,-0.007104,-0.734405,0.022095,0.678314
267,1785980824147071564,2,605,268,0.442975,0.854167,140,69.162616,62.984258,370,359,22,22,0,312,53.687742,132.146874,148.577759,1,2.865738,0.108292,-0.825017,-0.008887,-0.731724,0.020530,0.681233
268,1785980824237068648,2,603,276,0.457711,0.812500,127,68.333565,63.402845,374,363,10,10,0,319,53.660032,131.736410,148.903136,1,2.862531,0.088788,-0.869382,-0.008703,-0.729313,0.013491,0.683992
269,1785980824327069481,2,606,272,0.448845,0.812500,194,70.344294,62.865839,374,363,20,20,0,322,53.363154,133.210133,150.944531,1,2.860300,0.071699,-0.913394,-0.011256,-0.726859,0.011879,0.686592
270,1785980824417071023,2,604,278,0.460265,0.833333,156,66.670047,62.163999,357,350,21,21,0,309,53.347820,128.834046,149.189096,1,2.856297,0.059856,-0.951535,-0.013337,-0.724743,0.010946,0.688804
271,1785980824507072648,2,608,283,0.465461,0.770833,151,68.817237,63.731557,376,367,18,17,1,321,53.608491,132.548794,150.902948,1,2.854456,0.049426,-0.984713,-0.014166,-0.723446,0.007516,0.690195
272,1785980824597072523,2,604,275,0.455298,0.750000,138,72.365482,62.778796,367,361,21,21,0,318,53.405488,135.144278,152.487173,1,2.851016,0.025662,-1.023345,-0.018567,-0.721430,0.007141,0.692202
273,1785980824687073815,2,605,282,0.466116,0.812500,133,74.564047,63.906392,378,370,11,11,0,327,53.897118,138.470439,155.565622,1,2.850574,0.011344,-1.050695,-0.019654,-0.720972,0.003500,0.692676
274,1785980824777072398,2,605,272,0.449587,0.812500,122,69.673703,63.161550,367,359,22,22,0,313,53.608198,132.835253,150.679693,1,2.847403,0.014774,-1.093443,-0.019187,-0.718796,0.004069,0.694944
275,1785980824867071648,2,603,268,0.444444,0.812500,188,72.762861,63.345301,381,374,17,17,0,330,53.829283,136.108162,153.463514,1,2.849276,-0.017848,-1.106050,-0.025336,-0.719205,0.002751,0.694331
276,1785980824957072898,2,604,252,0.417219,0.791667,172,70.150625,62.015746,378,369,18,18,0,333,53.484446,132.166371,149.802517,1,2.857621,-0.004285,-1.107444,-0.022681,-0.721791,0.001740,0.691737
277,1785980825047070565,2,605,258,0.426446,0.750000,148,70.111458,63.213258,383,375,12,12,0,340,53.700615,133.324716,150.804194,1,2.860109,0.009019,-1.130318,-0.019410,-0.722174,-0.000630,0.691439
278,1785980825137071231,2,603,266,0.441128,0.750000,135,70.048790,63.006298,369,354,13,13,0,316,53.586239,133.055088,151.704204,1,2.864194,0.024002,-1.149336,-0.017662,-0.722834,0.000806,0.690795
279,1785980825227074231,2,604,249,0.412252,0.770833,128,72.434065,62.566292,358,350,14,14,0,314,53.510612,135.000357,152.236291,1,2.869861,0.033038,-1.160559,-0.016406,-0.724254,0.001075,0.689338
280,1785980825317072357,2,606,264,0.435644,0.812500,136,74.836382,62.642709,374,360,18,18,0,324,53.326277,137.479091,154.524565,1,2.874128,0.046014,-1.181403,-0.014451,-0.724473,0.001126,0.689151
281,1785980825407074023,2,605,263,0.434711,0.812500,199,71.661431,62.878463,361,351,11,10,1,314,53.383736,134.539894,151.955746,1,2.878519,0.052614,-1.195813,-0.013607,-0.725501,0.001362,0.688085
282,1785980825497070940,2,604,245,0.405629,0.812500,160,71.011758,61.657074,366,358,11,11,0,333,53.200776,132.668832,154.003476,1,2.881260,0.063315,-1.219712,-0.010935,-0.725682,-0.000361,0.687943
283,1785980825587075898,2,604,249,0.412252,0.812500,133,72.298687,62.791086,377,367,16,14,2,326,53.745490,135.089773,151.308614,1,2.886124,0.070898,-1.239178,-0.008980,-0.726466,-0.001683,0.687142
284,1785980825677073607,2,606,247,0.407591,0.833333,120,73.580493,61.979952,362,357,18,18,0,315,53.375611,135.560445,152.199373,1,2.889637,0.084851,-1.259295,-0.005716,-0.726952,-0.004027,0.686653
285,1785980825767075440,2,605,267,0.441322,0.833333,198,75.571680,62.968296,358,346,15,15,0,301,53.472528,138.539976,155.807576,1,2.896635,0.094145,-1.269496,-0.004157,-0.728711,-0.004169,0.684796
286,1785980825857076607,2,607,232,0.382208,0.708333,155,71.762514,61.316987,367,359,20,20,0,322,53.587654,133.079501,154.553854,1,2.899586,0.114637,-1.293991,-0.001972,-0.728483,-0.001413,0.685059
287,1785980825947075607,2,604,250,0.413907,0.854167,146,70.181747,62.005744,369,355,14,14,0,325,53.015898,132.187491,151.098693,1,2.901852,0.115895,-1.315357,-0.003384,-0.728482,0.002200,0.685054
288,1785980826037079649,2,603,271,0.449420,0.854167,218,75.707515,62.628334,342,332,13,13,0,300,52.958939,138.335849,153.962432,1,2.902637,0.126530,-1.343564,-0.001451,-0.727880,0.001421,0.685702
289,1785980826127076440,2,605,233,0.385124,0.729167,159,73.445199,61.462113,345,335,13,12,1,292,53.592029,134.907312,155.203153,1,2.899536,0.126109,-1.379974,0.000760,-0.726410,-0.004940,0.687243
290,1785980826217075274,2,604,229,0.379139,0.812500,133,73.660450,61.037316,349,341,22,21,1,299,53.263525,134.697766,152.466997,1,2.897506,0.115378,-1.412620,-0.000204,-0.725291,-0.008061,0.688395
291,1785980826307079065,2,603,210,0.348259,0.729167,133,76.965235,60.851855,354,343,10,10,0,310,53.080606,137.817090,155.049774,1,2.895871,0.102809,-1.441287,-0.002976,-0.724413,-0.007623,0.689317
292,1785980826397080899,2,607,220,0.362438,0.750000,194,78.215082,61.315944,375,360,16,16,0,322,53.357942,139.531026,157.504342,1,2.893080,0.090937,-1.478332,-0.005979,-0.722589,-0.006028,0.691226
293,1785980826487079607,2,603,236,0.391376,0.854167,132,77.270030,68.263601,365,352,12,12,0,309,59.947263,145.533631,165.385633,1,2.891031,0.055092,-1.503449,-0.013218,-0.722022,-0.003429,0.691736
294,1785980826577083274,2,604,230,0.380795,0.791667,130,78.829672,61.219818,351,346,15,15,0,306,53.520319,140.049490,157.058837,1,2.888632,0.036064,-1.534233,-0.016832,-0.720532,-0.004327,0.693204
295,1785980826667083316,2,603,206,0.341625,0.791667,113,74.929631,60.809480,362,350,18,17,1,312,53.198274,135.739111,152.668915,1,2.876518,-0.005952,-1.573356,-0.024606,-0.717845,-0.003450,0.695759
296,1785980826757078441,2,606,222,0.366337,0.812500,184,76.060474,61.906866,381,370,9,9,0,333,53.683196,137.967340,154.866061,1,2.875871,-0.036639,-1.598256,-0.030731,-0.717370,-0.000848,0.696014
297,1785980826847077816,2,606,250,0.412541,0.833333,143,77.811951,61.918033,360,348,17,17,0,311,53.416567,139.729984,158.978647,1,2.867993,-0.063225,-1.634982,-0.034502,-0.715229,-0.003739,0.698028
298,1785980826937079816,2,606,236,0.389439,0.791667,142,74.157830,61.323110,346,337,11,11,0,308,53.184065,135.480940,155.059855,1,2.862622,-0.091970,-1.664771,-0.039587,-0.713946,-0.003621,0.699071
299,1785980827027081232,2,608,244,0.401316,0.812500,129,76.774774,62.095535,349,334,15,15,0,296,53.273108,138.870309,156.802457,1,2.858878,-0.123153,-1.690993,-0.045023,-0.713083,-0.002156,0.699629
300,1785980827117078982,2,606,254,0.419142,0.791667,203,72.484603,62.855959,371,351,11,11,0,313,53.675278,135.340562,154.905395,1,2.849564,-0.150244,-1.726175,-0.048638,-0.711097,-0.005375,0.701389
301,1785980827207080441,2,608,232,0.381579,0.770833,155,70.711041,61.513860,353,342,14,14,0,295,53.746445,132.224901,154.475555,1,2.846921,-0.160175,-1.752973,-0.050446,-0.710310,-0.005366,0.702058
302,1785980827297079732,2,604,240,0.397351,0.791667,146,71.580926,61.796155,359,346,19,19,0,305,53.700361,133.377081,153.430918,1,2.849028,-0.150209,-1.778874,-0.048244,-0.710273,-0.006708,0.702239
303,1785980827387080399,2,605,242,0.400000,0.833333,131,73.957326,61.820614,349,339,15,15,0,301,53.268857,135.777940,154.019883,1,2.856249,-0.121313,-1.801809,-0.043327,-0.710746,-0.008177,0.702065
304,1785980827477079941,2,606,248,0.409241,0.833333,129,73.580697,62.356495,369,355,17,17,0,316,53.578276,135.937192,153.145665,1,2.853795,-0.107072,-1.836018,-0.040363,-0.709914,-0.010730,0.703049
305,1785980827567079941,2,607,267,0.439868,0.833333,123,80.026766,62.951959,364,347,18,18,0,301,53.478692,142.978725,161.122667,1,2.857091,-0.106309,-1.855946,-0.039943,-0.710105,-0.012980,0.702842
306,1785980827657080983,2,604,254,0.420530,0.875000,183,78.711835,62.336328,348,336,19,18,1,290,53.384566,141.048163,158.338179,1,2.849373,-0.096451,-1.893049,-0.037539,-0.708543,-0.017208,0.704458
307,1785980827747080441,2,604,219,0.362583,0.833333,136,72.582060,60.620350,359,349,18,18,0,312,53.184855,133.202410,152.240112,1,2.842384,-0.098632,-1.927630,-0.035536,-0.707378,-0.028008,0.705386
308,1785980827837084483,2,604,228,0.377483,0.770833,119,75.853679,60.599892,345,331,12,12,0,305,52.941978,136.453571,154.723264,1,2.844609,-0.098932,-1.951237,-0.036031,-0.707334,-0.027481,0.705426
309,1785980827927082983,2,604,222,0.367550,0.854167,109,72.309974,60.982812,353,344,15,15,0,309,53.104312,133.292786,148.161194,1,2.842393,-0.102492,-1.977532,-0.036925,-0.706803,-0.027506,0.705911
310,1785980828017083774,2,604,248,0.410596,0.833333,109,72.963106,61.736820,344,337,17,17,0,300,52.798309,134.699926,150.310633,1,2.835190,-0.109343,-2.011178,-0.036989,-0.705603,-0.033210,0.706862
311,1785980828107083608,2,609,242,0.397373,0.833333,106,73.026690,61.850530,356,343,9,9,0,316,53.093479,134.877220,150.205507,1,2.843413,-0.090948,-2.030168,-0.034057,-0.706305,-0.034738,0.706235
312,1785980828197084941,2,605,217,0.358678,0.812500,163,72.987939,61.017937,350,342,12,12,0,310,52.945559,134.005876,148.275860,1,2.843930,-0.083834,-2.055789,-0.033158,-0.706014,-0.035114,0.706550
313,1785980828287084816,2,606,226,0.372937,0.770833,139,71.860093,61.026270,355,342,13,13,0,308,53.189145,132.886363,151.144473,1,2.847277,-0.081682,-2.077688,-0.032961,-0.706107,-0.035897,0.706426
314,1785980828377083941,2,604,221,0.365894,0.854167,126,73.116731,61.048353,358,346,16,15,1,312,53.521899,134.165084,151.401226,1,2.852556,-0.108017,-2.090451,-0.037178,-0.707311,-0.034674,0.705072
315,1785980828467084108,2,607,233,0.383855,0.875000,107,73.947824,61.861862,373,364,17,17,0,323,53.456732,135.809686,149.533748,1,2.850829,-0.094700,-2.120894,-0.035015,-0.706492,-0.035952,0.705940
316,1785980828557087441,2,605,233,0.385124,0.833333,110,74.808874,61.618277,338,329,12,12,0,295,52.974018,136.427151,150.170546,1,2.852486,-0.093995,-2.141321,-0.034310,-0.706815,-0.039758,0.705446
317,1785980828647083858,2,605,241,0.398347,0.854167,182,78.572873,61.390898,343,333,17,17,0,296,52.975768,139.963771,154.911554,1,2.864408,-0.079633,-2.154609,-0.032076,-0.708349,-0.040129,0.703990
318,1785980828737085566,2,606,238,0.392739,0.812500,140,74.463119,61.072312,358,340,15,15,0,305,53.189687,135.535431,153.715165,1,2.869345,-0.082464,-2.169048,-0.033211,-0.709052,-0.038061,0.703344
319,1785980828827086442,2,604,227,0.375828,0.791667,117,74.297576,61.007686,358,346,18,18,0,304,53.512732,135.305262,150.253628,1,2.867123,-0.026994,-2.208776,-0.023804,-0.707547,-0.044531,0.704860
320,1785980828917086483,2,608,234,0.384868,0.812500,177,76.695143,62.009446,353,342,7,7,0,312,53.426731,138.704589,154.921094,1,2.880104,-0.010901,-2.218166,-0.020833,-0.709471,-0.050108,0.702642
321,1785980829007088442,2,605,237,0.391736,0.854167,132,74.725581,61.001769,341,329,19,19,0,289,53.040060,135.727350,152.455026,1,2.868865,-0.010544,-2.253208,-0.021951,-0.707565,-0.046867,0.704751
322,1785980829097086233,2,605,245,0.404959,0.875000,120,71.537963,61.701402,356,340,21,21,0,296,53.596941,133.239365,150.391421,1,2.872393,-0.010205,-2.273653,-0.023167,-0.707424,-0.042856,0.705109
323,1785980829187089400,2,607,219,0.360791,0.791667,119,74.452202,61.071353,350,341,14,13,1,313,52.878599,135.523555,152.450816,1,2.876562,-0.014322,-2.293147,-0.023715,-0.708137,-0.043812,0.704315
324,1785980829277088400,2,606,237,0.391089,0.770833,196,74.484869,61.580774,336,322,8,7,1,301,52.565763,136.065643,155.176844,1,2.894305,-0.005108,-2.294580,-0.022576,-0.710714,-0.044872,0.701685
325,1785980829367085525,2,606,246,0.405941,0.812500,227,73.927488,61.715359,362,348,20,20,0,310,53.368105,135.642847,156.862654,1,2.905784,0.032883,-2.306978,-0.017895,-0.712047,-0.040903,0.700711
326,1785980829457086734,2,605,196,0.323967,0.854167,161,73.798195,60.190009,355,342,10,10,0,311,53.201269,133.988204,157.924540,1,2.905065,0.052164,-2.335248,-0.015541,-0.711423,-0.039580,0.701476
327,1785980829547091400,2,605,212,0.350413,0.812500,152,72.610682,60.665639,362,343,14,14,0,310,53.339229,133.276321,154.570713,1,2.909086,0.076055,-2.357099,-0.012157,-0.711660,-0.040705,0.701239
328,1785980829637089234,2,607,220,0.362438,0.833333,140,77.838737,61.545648,366,353,5,5,0,325,53.290562,139.384385,158.875174,1,2.906879,0.063438,-2.388417,-0.013698,-0.711273,-0.041658,0.701547
329,1785980829727091192,2,607,225,0.370675,0.812500,194,77.445815,61.773233,369,356,12,12,0,318,53.479688,139.219048,159.129550,1,2.916807,0.060455,-2.397083,-0.013858,-0.712826,-0.044391,0.699797
330,1785980829817090400,2,607,214,0.352554,0.750000,139,71.888340,61.187311,362,352,17,17,0,314,53.536897,133.075651,153.283030,1,2.917093,0.069036,-2.424027,-0.012737,-0.712400,-0.045579,0.700176
331,1785980829907091150,2,607,217,0.357496,0.770833,124,72.280427,61.091851,359,342,13,13,0,312,53.305894,133.372278,153.411657,1,2.911556,0.017535,-2.446162,-0.019886,-0.712103,-0.048413,0.700122
332,1785980829997090900,2,604,201,0.332781,0.812500,109,73.895611,60.309093,346,326,12,12,0,299,52.917390,134.204704,148.942526,1,2.920446,0.039095,-2.462067,-0.016672,-0.713071,-0.050864,0.699046
333,1785980830087093859,2,607,232,0.382208,0.812500,112,74.931247,61.383688,344,335,22,22,0,291,53.153185,136.314935,153.973913,1,2.923964,0.031135,-2.477977,-0.017748,-0.713647,-0.052293,0.698325
334,1785980830177091234,2,609,229,0.376026,0.770833,181,75.156749,61.344353,353,343,11,11,0,317,52.945056,136.501102,152.716022,1,2.926392,0.027759,-2.487844,-0.018197,-0.714081,-0.054288,0.697718
335,1785980830267088859,2,607,242,0.398682,0.854167,157,72.911599,61.024891,352,338,20,20,0,303,53.076558,133.936490,154.120578,1,2.926264,0.022383,-2.488312,-0.018953,-0.714017,-0.053702,0.697808
336,1785980830357090901,2,606,211,0.348185,0.833333,136,77.033977,60.349676,354,344,9,9,0,316,53.088391,137.383653,154.456373,1,2.897047,0.032624,-2.525492,-0.018114,-0.709306,-0.051099,0.702813
337,1785980830447090859,2,605,215,0.355372,0.812500,142,73.713359,60.929682,340,322,14,14,0,288,52.818055,134.643041,150.064619,1,2.870763,0.043644,-2.560303,-0.016985,-0.705048,-0.049364,0.707236
338,1785980830537092151,2,606,203,0.334983,0.812500,131,73.168811,60.245008,336,319,11,11,0,288,52.610220,133.413819,152.476144,1,2.845417,0.051763,-2.592326,-0.016187,-0.701071,-0.048237,0.711274
339,1785980830627092817,2,606,217,0.358086,0.812500,132,80.971101,60.721472,335,324,7,7,0,297,52.509927,141.692573,157.999744,1,2.799978,0.056176,-2.646717,-0.016267,-0.693892,-0.047580,0.718321
340,1785980830717093651,2,605,205,0.338843,0.750000,111,74.324363,60.555094,348,337,11,11,0,307,52.944389,134.879457,151.161253,1,2.747619,0.059652,-2.708733,-0.016414,-0.685730,-0.046352,0.726193
341,1785980830807093359,2,605,245,0.404959,0.854167,106,80.978391,62.412821,358,347,7,7,0,315,53.285101,143.391212,159.912970,1,2.679363,0.069278,-2.785447,-0.015851,-0.675179,-0.044971,0.736111
342,1785980830897092484,2,603,221,0.366501,0.854167,174,76.837181,61.042224,347,338,9,9,0,311,52.800388,137.879405,155.865594,1,2.601975,0.084318,-2.868756,-0.014528,-0.663274,-0.043545,0.746967
343,1785980830987092359,2,604,231,0.382450,0.791667,130,71.243039,61.366269,350,339,14,14,0,296,53.202975,132.609308,153.046565,1,2.527567,0.101447,-2.943423,-0.012860,-0.652082,-0.042287,0.756859
344,1785980831077091734,2,605,216,0.357025,0.833333,110,76.436177,60.946598,353,342,10,10,0,308,53.156933,137.382775,154.952459,1,2.444220,0.112597,-3.021244,-0.011973,-0.639975,-0.042160,0.767144
345,1785980831167094818,2,603,214,0.354892,0.812500,111,72.364467,60.983139,372,358,21,21,0,323,53.125682,133.347606,149.900530,1,2.374415,0.127694,-3.084548,-0.010495,-0.629522,-0.041037,0.775827
346,1785980831257097109,2,604,233,0.385762,0.770833,175,76.461968,61.632063,353,336,16,16,0,302,53.157182,138.094031,155.865050,1,2.306686,0.141182,-3.142537,-0.009106,-0.619828,-0.039383,0.783696
347,1785980831347094984,2,603,223,0.369818,0.812500,120,76.288758,60.894971,327,315,10,10,0,285,52.831387,137.183729,156.607641,1,2.218805,0.153165,-3.211094,-0.008051,-0.607572,-0.037650,0.793331
348,1785980831437095276,2,605,228,0.376860,0.812500,112,71.862462,61.608646,358,343,9,8,1,315,53.331434,133.471108,150.617912,1,2.144258,0.166082,-3.267612,-0.006809,-0.597080,-0.035999,0.801345
349,1785980831527096068,2,606,226,0.372937,0.812500,93,74.691033,61.933482,357,348,12,12,0,316,53.450268,136.624515,152.736476,1,2.054788,0.170877,-3.329468,-0.006546,-0.584919,-0.034829,0.810317
350,1785980831617097026,2,604,213,0.352649,0.812500,97,75.005703,61.088431,361,345,15,15,0,313,53.196974,136.094134,151.163334,1,1.980252,0.184931,-3.379152,-0.005002,-0.574629,-0.032650,0.817747
351,1785980831707096985,2,608,226,0.371711,0.812500,88,75.344122,61.515060,352,342,15,15,0,312,53.117306,136.859182,151.452585,1,1.902577,0.190552,-3.428379,-0.004561,-0.564104,-0.030380,0.825132
352,1785980831797097360,2,603,205,0.339967,0.812500,86,80.688970,60.655093,369,349,20,19,1,312,53.121722,141.344063,155.964215,1,1.806404,0.191158,-3.484377,-0.004682,-0.551129,-0.028277,0.833928
353,1785980831887099568,2,603,206,0.341625,0.791667,150,76.628427,60.438716,334,326,17,17,0,298,52.744968,137.067143,152.273468,1,1.688115,0.205977,-3.547964,-0.003020,-0.535411,-0.026604,0.844167
354,1785980831977096985,2,606,244,0.402640,0.812500,175,73.514811,61.093431,333,314,14,13,1,277,52.894345,134.608242,153.332855,1,1.603088,0.212161,-3.591321,-0.002199,-0.524056,-0.024791,0.851320
355,1785980832067097151,2,607,217,0.357496,0.833333,121,74.524030,60.968597,351,342,10,10,0,313,53.409726,135.492627,155.708463,1,1.526572,0.212714,-3.626501,-0.002183,-0.513879,-0.023309,0.857543
356,1785980832157097568,2,608,211,0.347039,0.770833,103,73.832439,60.738010,366,351,10,10,0,322,53.215598,134.570449,151.861297,1,1.437931,0.221960,-3.664829,-0.001086,-0.502190,-0.021828,0.864481
357,1785980832247098943,2,605,237,0.391736,0.833333,101,74.727156,61.137723,337,322,15,15,0,293,52.550299,135.864879,151.901212,1,1.346018,0.230072,-3.702163,-0.000165,-0.490006,-0.020778,0.871472
358,1785980832337097568,2,604,228,0.377483,0.770833,153,77.411183,61.034846,339,322,17,17,0,285,52.854553,138.446029,154.345404,1,1.238947,0.238916,-3.741689,0.000829,-0.476104,-0.020770,0.879143
359,1785980832427098818,2,604,209,0.346026,0.770833,104,78.263276,60.229088,351,332,18,18,0,299,52.955345,138.492364,156.873931,1,1.150647,0.242122,-3.772483,0.001123,-0.464535,-0.020511,0.885316
360,1785980832517098693,2,603,207,0.343284,0.791667,91,76.364423,60.590258,343,331,12,12,0,305,52.690259,136.954681,153.026724,1,1.055645,0.252401,-3.801991,0.002421,-0.452018,-0.019749,0.891787
361,1785980832607099818,2,603,203,0.336650,0.791667,80,79.791042,59.885084,338,325,16,16,0,301,52.412715,139.676126,154.798743,1,0.966641,0.255522,-3.826395,0.002851,-0.440530,-0.018551,0.897542
362,1785980832697098693,2,605,215,0.355372,0.770833,144,74.890614,60.554465,345,329,14,14,0,305,52.466339,135.445079,150.852241,1,0.873371,0.261568,-3.850322,0.003520,-0.428341,-0.017660,0.903438
363,1785980832787101110,2,603,227,0.376451,0.812500,108,77.747769,61.075929,347,339,14,14,0,310,53.089470,138.823698,155.681666,1,0.782502,0.261550,-3.872145,0.003543,-0.416436,-0.016971,0.909000
364,1785980832877097860,2,604,241,0.399007,0.812500,100,72.526465,61.466808,344,331,16,16,0,296,52.850260,133.993273,150.000524,1,0.697373,0.259095,-3.888504,0.003207,-0.405468,-0.016224,0.913960
365,1785980832967099777,2,605,229,0.378512,0.812500,93,73.993355,61.354057,346,333,14,14,0,302,52.746342,135.347412,150.783448,1,0.607848,0.260486,-3.905354,0.003704,-0.393756,-0.014640,0.919091
366,1785980833057102235,2,604,228,0.377483,0.770833,86,73.874104,61.125179,344,332,18,18,0,297,52.722634,134.999283,150.511237,1,0.515451,0.263924,-3.917047,0.004133,-0.381748,-0.013580,0.924157
367,1785980833147100027,2,605,246,0.406612,0.791667,151,73.712103,62.109147,349,337,14,14,0,305,52.993969,135.821250,152.048586,1,0.424546,0.262619,-3.927961,0.004094,-0.369943,-0.012191,0.928966
368,1785980833237101902,2,605,243,0.401653,0.791667,111,70.544943,61.448307,358,352,25,25,0,310,53.313097,131.993250,151.066991,1,0.330298,0.257127,-3.935954,0.003258,-0.357517,-0.011531,0.933830
369,1785980833327100110,2,606,246,0.405941,0.812500,92,72.105835,62.293524,348,341,20,20,0,298,53.545350,134.399359,150.111647,1,0.222467,0.253951,-3.942366,0.002823,-0.343330,-0.010703,0.939150
370,1785980833417100360,2,605,242,0.400000,0.833333,85,72.923010,61.840644,353,345,14,14,0,312,52.876676,134.763654,149.509099,1,0.113684,0.252392,-3.946016,0.002144,-0.328918,-0.011271,0.944289
371,1785980833507100527,2,605,240,0.396694,0.770833,82,73.280722,62.145064,348,341,11,11,0,312,53.128720,135.425786,150.774446,1,0.023818,0.243606,-3.947016,0.001060,-0.317153,-0.010713,0.948313
372,1785980833597100944,2,607,238,0.392092,0.750000,71,73.150012,61.649642,339,326,17,17,0,286,52.779175,134.799654,148.820718,1,-0.066189,0.242402,-3.944841,0.000795,-0.305113,-0.010173,0.952261
373,1785980833687100111,2,603,248,0.411277,0.791667,149,73.417597,61.918228,343,338,21,21,0,297,52.957093,135.335825,150.368648,1,-0.165140,0.239148,-3.941244,0.000885,-0.292010,-0.008448,0.956378
374,1785980833777100736,2,603,234,0.388060,0.812500,97,72.113458,61.738975,357,346,20,19,1,300,53.608142,133.852433,151.617244,1,-0.264761,0.234727,-3.933559,0.000662,-0.278678,-0.007019,0.960359
375,1785980833867101569,2,603,239,0.396352,0.833333,89,71.702955,61.596516,344,340,21,21,0,297,53.240221,133.299471,148.767590,1,-0.360592,0.230564,-3.923764,0.000384,-0.265510,-0.005374,0.964093
376,1785980833957102736,2,605,269,0.444628,0.791667,85,74.915362,62.880362,353,339,12,12,0,305,52.997551,137.795724,153.133469,1,-0.450663,0.216834,-3.912140,-0.000801,-0.253260,-0.003071,0.967393
377,1785980834047101361,2,606,254,0.419142,0.791667,85,73.764434,62.050563,335,324,14,14,0,288,52.802674,135.814997,151.607786,1,-0.555846,0.207995,-3.895475,-0.001410,-0.238881,-0.001222,0.971047
378,1785980834137100819,2,603,233,0.386401,0.750000,76,73.123803,61.607640,350,348,12,12,0,316,53.104552,134.731443,149.299885,1,-0.660594,0.195633,-3.876553,-0.002908,-0.224365,-0.000536,0.974501
379,1785980834227101486,2,607,248,0.408567,0.791667,151,73.095176,61.856809,350,338,17,17,0,300,52.935342,134.951985,151.181862,1,-0.755940,0.186249,-3.856240,-0.004427,-0.211234,-0.000636,0.977425
380,1785980834317102986,2,604,263,0.435430,0.791667,104,71.989248,62.393982,342,336,21,21,0,296,53.503098,134.383230,153.056549,1,-0.859049,0.184817,-3.830296,-0.004504,-0.196477,-0.000326,0.980498
381,1785980834407101903,2,608,264,0.434211,0.791667,102,73.432013,62.776485,374,364,21,21,0,316,54.038103,136.208498,152.698294,1,-0.971027,0.195378,-3.798959,-0.002955,-0.180510,-0.000289,0.983569
382,1785980834497104486,2,604,245,0.405629,0.770833,91,74.746443,61.938144,342,332,20,20,0,289,53.107343,136.684587,152.985714,1,-1.070696,0.203594,-3.768117,-0.001164,-0.166010,0.000659,0.986123
383,1785980834587103236,2,606,237,0.391089,0.750000,71,76.236167,61.966185,338,332,19,18,1,293,53.362138,138.202352,153.171341,1,-1.177992,0.217650,-3.730926,0.001358,-0.150325,0.001449,0.988635
384,1785980834677103778,2,608,232,0.381579,0.812500,67,76.312417,61.364554,350,339,21,21,0,309,52.910882,137.676971,152.094495,1,-1.284797,0.228911,-3.690112,0.003705,-0.134413,0.002168,0.990916
385,1785980834767104944,2,608,245,0.402961,0.791667,154,75.720160,62.043018,341,332,20,20,0,293,53.176343,137.763178,153.610927,1,-1.376440,0.230903,-3.651916,0.004484,-0.120765,0.002865,0.992667
386,1785980834857105569,2,607,235,0.387150,0.812500,98,72.799088,61.103301,349,339,16,15,1,305,53.173885,133.902389,151.687365,1,-1.456969,0.215595,-3.616871,0.003387,-0.108360,0.004485,0.994096
387,1785980834947104278,2,603,239,0.396352,0.791667,99,75.513450,62.414147,357,346,18,17,1,308,53.402720,137.927597,154.983733,1,-1.556696,0.213865,-3.568859,0.003186,-0.093034,0.004432,0.995648
388,1785980835037105778,2,604,239,0.395695,0.791667,81,73.673056,61.940434,359,350,18,18,0,317,53.004549,135.613490,151.609031,1,-1.638760,0.213309,-3.527324,0.003475,-0.080157,0.004701,0.996765
389,1785980835127108903,2,602,242,0.401993,0.791667,89,75.948913,62.322146,347,336,12,12,0,298,53.325469,138.271059,154.029556,1,-1.715610,0.212162,-3.483658,0.003834,-0.067925,0.005605,0.997667
390,1785980835217105903,2,602,260,0.431894,0.812500,77,74.746441,63.027903,351,337,10,10,0,297,53.416220,137.774344,153.515340,1,-1.804299,0.204552,-3.433457,0.003846,-0.053537,0.006997,0.998534
391,1785980835307107903,2,606,243,0.400990,0.812500,69,75.955579,62.192561,352,345,24,23,1,297,53.685597,138.148140,152.951709,1,-1.893070,0.205494,-3.374334,0.004624,-0.038829,0.008152,0.999202
392,1785980835397108070,2,602,271,0.450166,0.854167,65,76.223706,62.725858,354,346,18,18,0,309,53.108050,138.949564,152.322411,1,-1.978437,0.186416,-3.318330,0.003679,-0.024272,0.010899,0.999639
393,1785980835487107486,2,604,253,0.418874,0.791667,71,78.308102,62.477981,358,354,24,24,0,307,53.425720,140.786083,154.771811,1,-2.056358,0.167794,-3.263238,0.002307,-0.010887,0.013038,0.999853
394,1785980835577109361,2,605,247,0.408264,0.833333,57,77.372468,62.775192,339,329,12,11,1,289,53.416387,140.147660,154.505267,1,-2.152725,0.155292,-3.195073,0.001814,0.005920,0.014865,0.999870
395,1785980835667108445,2,603,257,0.426202,0.833333,147,79.952952,62.948817,353,344,14,14,0,305,53.285801,142.901769,157.039625,1,-2.289216,0.139742,-3.092589,0.001662,0.030928,0.017767,0.999362
396,1785980835757107445,2,601,244,0.405990,0.875000,97,76.429040,61.467261,361,353,11,11,0,323,52.991381,137.896301,155.171147,1,-2.366779,0.127895,-3.039377,-0.001590,0.045777,0.016035,0.998822
397,1785980835847107903,2,604,259,0.428808,0.854167,49,75.475197,61.898224,354,347,19,18,1,307,53.314509,137.373421,151.644152,1,-2.341420,0.153250,-3.039146,-0.000093,0.044326,0.014746,0.998908
398,1785980835937109320,2,604,246,0.407285,0.854167,69,77.472510,61.811973,349,342,13,13,0,306,53.179633,139.284483,154.977770,1,-2.344702,0.142132,-3.098182,0.001190,0.042478,0.017079,0.998951
399,1785980836027109320,2,602,248,0.411960,0.854167,71,75.393238,62.273602,364,358,17,15,2,321,53.293676,137.666840,151.988822,1,-2.371811,0.161010,-3.084247,0.002365,0.048881,0.015465,0.998682
400,1785980836117110695,2,608,241,0.396382,0.875000,73,78.443853,62.071559,373,367,19,18,1,333,53.170966,140.515412,154.737558,1,-2.381227,0.168498,-3.094751,0.001963,0.051040,0.013680,0.998601
401,1785980836207110820,2,605,260,0.429752,0.875000,74,78.118599,62.849358,364,360,19,18,1,321,53.448760,140.967957,155.455856,1,-2.400740,0.161443,-3.101766,-0.000653,0.054743,0.011923,0.998429
402,1785980836297111278,2,604,251,0.415563,0.854167,68,78.500394,62.690689,368,356,19,18,1,316,53.342551,141.191083,155.352938,1,-2.394140,0.186679,-3.127188,0.004458,0.053692,0.013496,0.998456
403,1785980836387110237,2,604,246,0.407285,0.854167,63,78.879856,62.165017,381,371,21,20,1,328,53.328926,141.044873,155.222478,1,-2.391509,0.192593,-3.151859,0.007463,0.053217,0.016338,0.998421
404,1785980836477111404,2,605,263,0.434711,0.875000,141,79.278277,62.463937,366,356,17,17,0,317,53.076382,141.742214,156.637743,1,-2.374436,0.183172,-3.202774,0.012420,0.050457,0.023242,0.998379
405,1785980836567110987,2,604,232,0.384106,0.854167,110,74.568437,61.306050,359,348,17,17,0,316,53.241050,135.874487,153.116540,1,-2.372551,0.209043,-3.227042,0.015121,0.050356,0.021611,0.998383
406,1785980836657111612,2,605,229,0.378512,0.875000,99,78.007930,60.998921,353,346,18,18,0,316,52.705335,139.006851,156.576907,1,-2.351338,0.221977,-3.265951,0.019840,0.047136,0.025412,0.998368
407,1785980836747112570,2,603,234,0.388060,0.854167,88,79.198733,61.590177,372,359,16,16,0,326,52.895254,140.788910,156.868910,1,-2.334190,0.227358,-3.301655,0.023955,0.044719,0.030245,0.998254
408,1785980836837111737,2,605,216,0.357025,0.875000,74,81.386547,60.756085,373,364,17,17,0,333,52.686126,142.142632,157.331331,1,-2.329813,0.238406,-3.325938,0.026264,0.044220,0.031614,0.998176
409,1785980836927116154,2,606,244,0.402640,0.854167,76,81.339798,62.115432,370,365,19,19,0,329,53.305299,143.455230,158.407175,1,-2.323532,0.256155,-3.352073,0.027147,0.043431,0.029447,0.998253
410,1785980837017112695,2,603,241,0.399668,0.854167,72,80.845833,61.956097,384,374,12,12,0,344,53.244341,142.801930,157.011203,1,-2.313528,0.270166,-3.381941,0.027573,0.041936,0.027655,0.998357
411,1785980837107112279,2,608,246,0.404605,0.854167,63,79.363444,62.418185,360,353,16,16,0,310,53.396634,141.781629,156.129735,1,-2.293012,0.299958,-3.415579,0.033556,0.038644,0.029859,0.998243
412,1785980837197113654,2,604,241,0.399007,0.854167,69,80.860416,61.498216,363,355,19,19,0,321,53.022671,142.358632,155.952106,1,-2.280399,0.316397,-3.451226,0.037895,0.037067,0.033214,0.998041
413,1785980837287112279,2,606,229,0.377888,0.895833,54,81.532506,61.538175,367,356,22,22,0,315,53.134256,143.070681,157.052075,1,-2.267638,0.358066,-3.482503,0.046269,0.035306,0.036881,0.997623
414,1785980837377114571,2,607,238,0.392092,0.833333,60,80.807540,61.851262,365,356,27,27,0,302,53.523759,142.658802,156.648905,1,-2.286798,0.381567,-3.482177,0.046141,0.036636,0.032321,0.997740
415,1785980837467111487,2,606,234,0.386139,0.916667,146,79.665904,61.320173,364,353,24,24,0,309,53.154589,140.986077,155.163182,1,-2.270614,0.411453,-3.517648,0.050297,0.034287,0.031425,0.997651
416,1785980837557114321,2,606,221,0.364686,0.854167,109,80.140158,60.368497,347,337,13,13,0,305,52.706959,140.508655,158.356422,1,-2.241221,0.388558,-3.562339,0.052067,0.030152,0.040029,0.997385
417,1785980837647118654,2,608,218,0.358553,0.791667,87,79.598986,60.362537,349,338,21,21,0,298,52.845543,139.961523,158.218086,1,-2.230914,0.422185,-3.588986,0.059974,0.030118,0.045485,0.996708
418,1785980837737116237,2,609,227,0.372742,0.812500,84,82.914103,61.551633,358,353,19,19,0,311,53.232464,144.465736,159.123094,1,-2.244043,0.433082,-3.600483,0.059433,0.032618,0.042549,0.996792
419,1785980837827118654,2,606,229,0.377888,0.833333,79,82.842727,61.042586,365,355,22,22,0,318,53.016337,143.885313,158.379254,1,-2.215312,0.411684,-3.637198,0.055533,0.028714,0.042295,0.997147
420,1785980837917115529,2,606,237,0.391089,0.833333,81,82.961270,61.778260,371,360,27,26,1,317,53.399382,144.739530,159.329555,1,-2.250192,0.363156,-3.633679,0.052071,0.034326,0.047919,0.996902
421,1785980838007116113,2,606,231,0.381188,0.854167,72,78.442723,61.755635,364,354,16,16,0,311,53.317298,140.198358,154.662674,1,-2.222624,0.294506,-3.676556,0.043807,0.031217,0.051552,0.997221
422,1785980838097118113,2,603,227,0.376451,0.875000,68,81.013000,61.457923,359,354,19,19,0,315,53.209297,142.470923,157.044907,1,-2.224712,0.208917,-3.692368,0.035187,0.032653,0.058157,0.997153
423,1785980838187113404,2,606,249,0.410891,0.854167,162,78.181761,62.470558,374,363,16,16,0,327,53.463549,140.652319,155.719140,1,-2.247805,0.195645,-3.698363,0.032358,0.036544,0.055870,0.997244
424,1785980838277116446,2,606,243,0.400990,0.833333,113,81.647047,61.234213,361,356,16,16,0,316,53.168171,142.881260,162.750754,1,-2.251957,0.161805,-3.716800,0.028421,0.037740,0.057438,0.997231
425,1785980838367117488,2,604,229,0.379139,0.916667,116,76.069739,60.920250,363,358,17,17,0,322,53.221255,136.989989,155.142051,1,-2.265176,0.117975,-3.727430,0.021612,0.040460,0.056095,0.997371
426,1785980838457117988,2,606,248,0.409241,0.854167,101,77.282460,61.624091,370,361,21,21,0,323,53.253631,138.906551,156.025311,1,-2.278250,0.118457,-3.739921,0.018619,0.042571,0.051314,0.997601
427,1785980838547117613,2,604,252,0.417219,0.875000,86,80.083989,61.825552,369,356,21,21,0,318,53.042961,141.909541,157.464950,1,-2.296390,0.157595,-3.751801,0.021387,0.045025,0.046705,0.997664
428,1785980838637118196,2,606,240,0.396040,0.854167,89,81.820174,61.798134,372,363,24,23,1,319,53.387506,143.618308,158.549294,1,-2.307293,0.181939,-3.767138,0.022487,0.046615,0.042856,0.997740
429,1785980838727118863,2,604,232,0.384106,0.833333,84,81.501211,61.253128,363,351,20,20,0,317,52.857292,142.754339,157.684075,1,-2.323550,0.215730,-3.778242,0.024091,0.048987,0.037598,0.997801
430,1785980838817117363,2,603,244,0.404643,0.854167,77,79.906027,61.534422,352,344,16,16,0,316,52.720207,141.440449,157.023193,1,-2.347084,0.196080,-3.783386,0.018330,0.052448,0.032538,0.997925
431,1785980838907118905,2,607,237,0.390445,0.895833,165,80.012196,61.330046,358,349,13,13,0,318,52.746624,141.342242,157.254404,1,-2.340659,0.189595,-3.802067,0.015420,0.051984,0.030009,0.998078
432,1785980838997119446,2,605,243,0.401653,0.854167,117,78.375554,61.476880,360,351,14,14,0,317,53.272505,139.852434,159.229424,1,-2.344542,0.206814,-3.820392,0.015186,0.052614,0.026151,0.998157
433,1785980839087118946,2,604,247,0.408940,0.895833,104,75.928737,61.873051,366,352,21,21,0,312,53.615883,137.801788,154.744295,1,-2.350446,0.219053,-3.842278,0.015857,0.053812,0.024802,0.998117
434,1785980839177119530,2,605,269,0.444628,0.854167,188,81.043080,62.318263,345,338,22,22,0,300,53.082252,143.361343,160.930940,1,-2.351545,0.218522,-3.863376,0.014771,0.054273,0.023245,0.998146
435,1785980839267120988,2,605,243,0.401653,0.854167,154,75.571941,61.910550,376,368,18,18,0,331,53.626882,137.482491,160.753062,1,-2.342102,0.236528,-3.890008,0.015509,0.053202,0.020769,0.998247
436,1785980839357119988,2,605,262,0.433058,0.854167,138,78.512762,61.894550,365,352,23,23,0,309,53.185086,140.407312,162.372829,1,-2.352938,0.255344,-3.903688,0.016110,0.054852,0.017674,0.998208
437,1785980839447121488,2,603,239,0.396352,0.854167,129,78.551179,61.688132,361,353,12,12,0,323,53.073376,140.239311,160.444351,1,-2.346496,0.233918,-3.937823,0.012900,0.053855,0.017380,0.998314
438,1785980839537123197,2,607,258,0.425041,0.895833,126,81.540210,62.063803,357,351,16,16,0,310,52.956584,143.604013,162.846584,1,-2.328674,0.154731,-3.967106,0.005923,0.052105,0.023624,0.998345
439,1785980839627122197,2,605,263,0.434711,0.916667,127,81.186790,63.017853,376,371,22,22,0,324,53.799301,144.204643,165.081022,1,-2.337530,0.109153,-3.980011,0.002270,0.053827,0.028099,0.998152
440,1785980839717121072,2,603,250,0.414594,0.895833,182,79.164935,62.135551,374,366,20,19,1,324,53.372503,141.300486,159.640966,1,-2.338281,0.075425,-3.999177,-0.000568,0.054527,0.031086,0.998028
441,1785980839807119155,2,606,257,0.424092,0.812500,129,77.634503,62.074635,364,355,12,12,0,320,53.472005,139.709138,161.324149,1,-2.348757,0.038256,-4.012396,-0.005447,0.056261,0.030959,0.997921
442,1785980839897125238,2,604,264,0.437086,0.812500,137,75.365896,62.755141,384,377,30,30,0,326,53.889551,138.121037,158.326160,1,-2.367844,0.091359,-4.031666,-0.001265,0.058497,0.026088,0.997946
443,1785980839987120947,2,606,232,0.382838,0.833333,118,80.068111,61.999342,377,368,21,21,0,326,53.767717,142.067453,161.811446,1,-2.369220,0.111827,-4.055719,-0.000978,0.058691,0.022099,0.998031
444,1785980840077121989,2,604,248,0.410596,0.854167,122,80.121111,62.488264,383,373,17,17,0,336,53.678049,142.609375,162.142866,1,-2.358459,0.098491,-4.080389,-0.003436,0.057696,0.021205,0.998103
445,1785980840167122822,2,606,254,0.419142,0.875000,119,77.999797,62.497346,384,376,20,20,0,338,53.595214,140.497143,159.637255,1,-2.373667,0.105343,-4.099907,-0.003084,0.059428,0.019991,0.998028
446,1785980840257122739,2,606,231,0.381188,0.854167,112,80.479697,61.704255,356,348,16,16,0,301,53.577005,142.183952,160.752391,1,-2.355939,0.138313,-4.129379,0.000185,0.057561,0.019363,0.998154
447,1785980840347123655,2,603,242,0.401327,0.812500,179,80.196528,62.181926,365,354,13,13,0,315,53.367086,142.378454,160.549305,1,-2.367298,0.165028,-4.142849,0.001682,0.059241,0.015969,0.998115
448,1785980840437122655,2,605,256,0.423140,0.916667,135,79.531771,61.790297,357,347,18,18,0,308,53.215793,141.322068,162.854037,1,-2.345362,0.236767,-4.178692,0.010700,0.056500,0.016388,0.998211
449,1785980840527124947,2,605,244,0.403306,0.833333,133,78.626011,61.544128,369,361,15,15,0,318,53.563964,140.170139,160.443346,1,-2.340472,0.245739,-4.207417,0.011273,0.056373,0.015473,0.998226
450,1785980840617123364,2,606,230,0.379538,0.791667,123,82.136629,61.680296,367,363,17,16,1,322,53.278876,143.816925,162.120362,1,-2.345374,0.294712,-4.226791,0.015708,0.057088,0.012753,0.998164
451,1785980840707124531,2,606,242,0.399340,0.833333,111,79.955273,61.469877,360,348,16,16,0,318,52.777205,141.425150,160.610054,1,-2.349940,0.311585,-4.246046,0.017017,0.057777,0.011521,0.998118
452,1785980840797127947,2,606,238,0.392739,0.833333,100,81.511998,61.132415,349,334,16,16,0,301,52.624537,142.644413,159.324624,1,-2.330429,0.337441,-4.278366,0.019251,0.055652,0.010270,0.998212
453,1785980840887123072,2,608,252,0.414474,0.875000,178,84.696447,62.146967,349,340,11,11,0,304,53.015666,146.843414,165.686480,1,-2.337976,0.420173,-4.293248,0.027366,0.056864,0.006871,0.997983
454,1785980840977125114,2,608,231,0.379934,0.854167,121,80.891658,60.917455,368,365,23,23,0,316,53.561421,141.809113,162.917036,1,-2.347905,0.542463,-4.303767,0.039616,0.058119,0.002508,0.997520
455,1785980841067125364,2,608,211,0.347039,0.875000,116,81.299329,60.750119,370,361,21,21,0,316,53.613046,142.049448,160.759929,1,-2.351903,0.561194,-4.323504,0.041322,0.058958,0.002051,0.997403
456,1785980841157125864,2,608,216,0.355263,0.895833,110,81.633790,61.529751,384,370,14,14,0,334,53.515462,143.163541,161.434601,1,-2.360709,0.599387,-4.336446,0.044227,0.060280,-0.000588,0.997201
457,1785980841247125489,2,608,215,0.353618,0.791667,102,82.658300,61.168872,364,352,14,14,0,319,53.209792,143.827172,160.615885,1,-2.369985,0.635389,-4.349779,0.045254,0.061824,-0.006572,0.997039
458,1785980841337127448,2,608,215,0.353618,0.854167,105,83.939854,61.512793,367,355,17,17,0,316,53.543503,145.452647,163.459122,1,-2.339374,0.629492,-4.391385,0.045888,0.058211,-0.003326,0.997244
459,1785980841427127198,2,608,239,0.393092,0.875000,99,84.919364,62.018756,366,357,19,18,1,318,53.220958,146.938120,164.491382,1,-2.332254,0.639226,-4.416221,0.043806,0.057666,-0.009187,0.997332
460,1785980841517125614,2,605,209,0.345455,0.833333,100,86.442671,60.603158,366,356,13,13,0,327,52.871705,147.045829,164.408924,1,-2.304546,0.614316,-4.456094,0.041526,0.054356,-0.007294,0.997631
461,1785980841607127406,2,607,237,0.390445,0.875000,98,83.408973,62.195049,382,377,12,12,0,341,53.433877,145.604022,162.531902,1,-2.234670,0.594517,-4.513974,0.038467,0.046272,-0.008165,0.998155
462,1785980841697127573,2,606,216,0.356436,0.833333,98,81.825290,61.773253,373,366,20,20,0,322,53.676338,143.598543,161.692643,1,-2.234810,0.606796,-4.520885,0.039412,0.046254,-0.008619,0.998115
463,1785980841787129114,2,606,232,0.382838,0.812500,98,80.966490,61.565709,353,343,19,19,0,300,53.079582,142.532199,160.763592,1,-2.282383,0.587121,-4.498579,0.037412,0.051657,-0.008728,0.997926
464,1785980841877127114,2,607,207,0.341021,0.854167,163,83.834852,61.175788,369,360,15,15,0,318,53.448626,145.010640,162.083397,1,-2.360721,0.576960,-4.452018,0.038532,0.060873,-0.004071,0.997393
465,1785980841967130364,2,608,215,0.353618,0.854167,135,80.032897,61.157747,378,367,12,12,0,335,53.682296,141.190644,163.587454,1,-2.405367,0.571789,-4.426199,0.038278,0.066222,-0.003507,0.997064
466,1785980842057130490,2,604,234,0.387417,0.833333,125,78.597174,62.125630,358,347,14,14,0,302,53.677544,140.722804,161.438723,1,-2.482746,0.565811,-4.381127,0.038391,0.075508,-0.002370,0.996403
467,1785980842147128240,2,606,210,0.346535,0.770833,110,82.666881,61.238497,364,350,15,15,0,312,53.239915,143.905378,161.705683,1,-2.586010,0.559656,-4.316493,0.039212,0.088235,-0.000101,0.995328
468,1785980842237130656,2,603,216,0.358209,0.833333,109,84.506775,60.495614,355,343,11,11,0,313,52.680327,145.002389,163.261573,1,-2.653967,0.553761,-4.269872,0.039264,0.096824,0.000924,0.994526
469,1785980842327131448,2,605,223,0.368595,0.770833,108,86.788756,61.216121,374,363,15,15,0,328,53.147915,148.004877,165.818225,1,-2.703973,0.553616,-4.233771,0.039205,0.103110,0.000417,0.993897
470,1785980842417131865,2,605,228,0.376860,0.895833,106,84.641317,60.716783,352,335,19,19,0,297,52.668243,145.358100,162.932237,1,-2.776536,0.558366,-4.179356,0.039485,0.112427,-0.000175,0.992875
471,1785980842507133823,2,605,239,0.395041,0.895833,96,84.387773,61.703501,384,373,21,21,0,334,53.245748,146.091274,162.526900,1,-2.867882,0.564576,-4.109108,0.039796,0.124478,-0.001264,0.991423
472,1785980842597130156,2,603,205,0.339967,0.854167,159,87.256385,60.468322,374,367,19,19,0,331,53.213748,147.724707,163.850453,1,-2.975573,0.568752,-4.023365,0.040640,0.138843,-0.001132,0.989480
473,1785980842687127240,2,601,234,0.389351,0.916667,114,87.899349,61.145662,379,364,20,20,0,320,53.373207,149.045011,167.502865,1,-3.071121,0.571677,-3.941696,0.041443,0.151827,-0.000920,0.987538
474,1785980842777130073,2,602,199,0.330565,0.895833,104,82.551004,60.500322,376,371,26,25,1,324,53.598460,143.051326,159.659285,1,-3.167396,0.579897,-3.856659,0.042340,0.164934,-0.001414,0.985394
475,1785980842867131990,2,603,253,0.419569,0.875000,98,88.029101,62.539425,380,365,13,13,0,331,53.327790,150.568526,166.440604,1,-3.278232,0.592066,-3.747769,0.043641,0.180964,-0.002277,0.982518
476,1785980842957131532,2,604,243,0.402318,0.937500,95,88.896818,62.448133,384,376,18,18,0,332,53.685585,151.344951,167.260362,1,-3.405660,0.602786,-3.618967,0.045050,0.199721,-0.003274,0.978811
477,1785980843047132032,2,605,238,0.393388,0.854167,87,88.557981,61.935294,374,364,18,18,0,313,53.597751,150.493275,166.006556,1,-3.524995,0.614888,-3.483803,0.048124,0.217996,-0.001755,0.974761
478,1785980843137131490,2,604,224,0.370861,0.916667,83,87.738638,61.534248,369,353,18,18,0,308,53.417332,149.272886,161.904597,1,-3.626591,0.621767,-3.361381,0.050005,0.234336,-0.001469,0.970868
479,1785980843227131907,2,604,235,0.389073,0.875000,145,89.082443,61.885001,354,346,11,9,2,309,53.170080,150.967444,162.066349,1,-3.721401,0.623602,-3.243633,0.052541,0.249600,0.000712,0.966922
480,1785980843317133198,2,604,225,0.372517,0.875000,109,84.421271,61.249245,379,369,15,15,0,329,53.465707,145.670516,161.755012,1,-3.771607,0.619382,-3.178670,0.053181,0.257842,0.001729,0.964721
481,1785980843407130115,2,605,234,0.386777,0.916667,113,89.422947,61.947543,381,369,16,16,0,328,53.372790,151.370490,168.764666,1,-3.815552,0.614612,-3.117550,0.053530,0.265528,0.002549,0.962613
482,1785980843497133115,2,605,219,0.361983,0.916667,93,90.183580,61.566665,384,378,15,15,0,344,53.384748,151.750245,167.804490,1,-3.891452,0.615235,-3.006072,0.054229,0.279041,0.002710,0.958743
483,1785980843587131990,2,605,233,0.385124,0.854167,85,95.046543,62.120627,380,368,17,17,0,326,53.651542,157.167170,172.848414,1,-3.990979,0.604131,-2.854614,0.055176,0.297473,0.004278,0.953125
484,1785980843677133574,2,605,216,0.357025,0.875000,69,95.624217,61.386412,364,353,15,15,0,313,53.186204,157.010629,168.672079,1,-4.073693,0.592784,-2.719601,0.055671,0.313843,0.005515,0.947825
485,1785980843767133449,2,605,238,0.393388,0.833333,75,88.647979,61.563289,367,359,19,19,0,327,52.970827,150.211268,161.465006,1,-4.144657,0.596902,-2.599256,0.054164,0.328582,0.002496,0.942918
486,1785980843857133699,2,605,229,0.378512,0.895833,73,89.788616,61.160951,350,333,17,17,0,297,52.797325,150.949567,161.414673,1,-4.203362,0.548504,-2.502203,0.052697,0.341544,0.007800,0.938355
487,1785980843947133240,2,605,256,0.423140,0.875000,65,88.589354,62.009085,381,371,23,23,0,330,53.192788,150.598439,161.456882,1,-4.246913,0.553691,-2.437158,0.053236,0.351172,0.007130,0.934769
488,1785980844037135657,2,605,222,0.366942,0.916667,59,87.940264,60.841406,353,342,20,20,0,308,52.874575,148.781670,159.670654,1,-4.242841,0.517684,-2.461929,0.052485,0.350911,0.012376,0.934855
489,1785980844127138740,2,605,232,0.383471,0.875000,59,90.251411,61.298910,367,351,17,17,0,316,53.027368,151.550321,161.204627,1,-4.233465,0.500058,-2.503244,0.048045,0.349164,0.010641,0.935768
490,1785980844217138782,2,604,238,0.394040,0.937500,64,89.277442,61.975583,364,350,15,15,0,309,53.328996,151.253025,162.614183,1,-4.224495,0.509653,-2.531634,0.046715,0.348222,0.008445,0.936209
491,1785980844307134699,2,606,245,0.404290,0.937500,61,90.448454,62.219087,375,368,19,19,0,328,53.363663,152.667541,162.594558,1,-4.207555,0.471877,-2.594701,0.040471,0.344599,0.007487,0.937847
492,1785980844397138574,2,605,220,0.363636,0.937500,64,89.773364,61.270868,371,364,15,15,0,333,53.136870,151.044232,160.926832,1,-4.197255,0.471501,-2.635776,0.038827,0.342774,0.005578,0.938599
493,1785980844487134616,2,605,241,0.398347,0.916667,61,95.064376,61.720540,361,350,18,18,0,318,52.910076,156.784916,168.685202,1,-4.159050,0.434539,-2.721947,0.037556,0.336357,0.010713,0.940925
494,1785980844577137866,2,605,233,0.385124,0.916667,62,88.810770,61.670288,377,365,15,15,0,330,53.169869,150.481058,162.142717,1,-4.130958,0.397407,-2.800313,0.034438,0.329970,0.013872,0.943261
495,1785980844667139949,2,604,244,0.403974,0.916667,60,91.234086,62.002041,376,364,19,19,0,329,53.151536,153.236127,165.844754,1,-4.104622,0.348003,-2.854887,0.029334,0.325718,0.015903,0.944878
496,1785980844757140866,2,605,235,0.388430,0.916667,140,95.164959,62.137501,380,373,17,17,0,335,53.541623,157.302460,170.236382,1,-4.110674,0.341680,-2.873437,0.024729,0.326749,0.011583,0.944717
497,1785980844847137949,2,604,259,0.428808,0.916667,109,87.938261,62.157418,380,371,17,17,0,331,53.430955,150.095679,166.830432,1,-4.089756,0.347548,-2.928257,0.024076,0.323222,0.009959,0.945965
498,1785980844937139324,2,604,219,0.362583,0.895833,95,87.121044,61.464078,382,369,20,18,2,325,53.466539,148.585122,162.894516,1,-4.052002,0.318046,-3.014276,0.022546,0.316813,0.012760,0.948134
499,1785980845027139658,2,605,228,0.376860,0.916667,89,95.130541,61.522203,375,364,18,18,0,324,53.334620,156.652744,172.381319,1,-4.049131,0.265713,-3.037806,0.019325,0.316713,0.017450,0.948164
500,1785980845117140158,2,604,219,0.362583,0.791667,74,96.132884,60.973030,362,352,14,14,0,318,53.096867,157.105914,170.375423,1,-4.057602,0.271985,-3.042462,0.021668,0.318198,0.019710,0.947572
501,1785980845207139658,2,605,233,0.385124,0.875000,65,88.780518,61.608120,366,350,17,17,0,310,53.283786,150.388638,160.809076,1,-4.044250,0.252803,-3.079180,0.020335,0.316222,0.021572,0.948222
502,1785980845297142033,2,605,226,0.373554,0.937500,63,93.136396,61.111032,352,343,19,18,1,304,53.061575,154.247428,167.777980,1,-4.028935,0.236163,-3.124320,0.023788,0.313812,0.029317,0.948734
503,1785980845387142074,2,605,241,0.398347,0.958333,63,90.106198,61.476952,364,355,23,22,1,320,53.229243,151.583150,162.206091,1,-4.023345,0.205728,-3.147943,0.021687,0.313687,0.031853,0.948744
504,1785980845477142283,2,604,240,0.397351,0.937500,66,90.978915,61.862497,355,347,13,12,1,317,53.239785,152.841412,164.797366,1,-4.016926,0.220803,-3.176430,0.024958,0.312792,0.034213,0.948877
505,1785980845567140991,2,605,228,0.376860,0.937500,57,90.566868,61.501952,367,361,21,20,1,319,53.478454,152.068820,165.713290,1,-4.006983,0.233818,-3.213035,0.025809,0.311177,0.033706,0.949403
506,1785980845657142783,2,604,225,0.372517,0.895833,60,90.617827,60.986113,353,342,15,15,0,313,52.863573,151.603940,164.920699,1,-3.991063,0.236388,-3.254346,0.025799,0.308876,0.033821,0.950151
507,1785980845747142325,2,605,239,0.395041,0.937500,143,92.880849,61.333116,373,368,23,23,0,335,53.034783,154.213965,167.620101,1,-3.993526,0.247647,-3.276850,0.026733,0.309169,0.033229,0.950050
508,1785980845837141700,2,604,236,0.390728,0.958333,100,86.212533,60.829653,355,347,25,24,1,305,53.142451,147.042186,162.500341,1,-3.979494,0.257748,-3.318123,0.028780,0.307106,0.034630,0.950610
509,1785980845927141741,2,606,213,0.351485,0.895833,95,88.658641,60.968154,375,369,16,15,1,334,53.313452,149.626795,163.220057,1,-3.972695,0.283521,-3.350487,0.031903,0.306596,0.034636,0.950674
510,1785980846017144366,2,604,231,0.382450,0.895833,75,89.820194,61.376783,361,357,22,22,0,316,53.245576,151.196977,166.337795,1,-3.952693,0.309523,-3.398146,0.036986,0.303649,0.037897,0.951311
511,1785980846107140200,2,604,228,0.377483,0.875000,59,94.922369,60.770318,346,336,17,17,0,300,52.640987,155.692687,169.727578,1,-3.951128,0.348042,-3.419579,0.042883,0.303489,0.040070,0.951026
512,1785980846197142491,2,604,226,0.374172,0.979167,53,90.968705,61.063946,379,366,26,26,0,323,53.216159,152.032651,165.016114,1,-3.944726,0.380054,-3.448115,0.046510,0.302492,0.040543,0.951153
513,1785980846287140867,2,604,236,0.390728,0.916667,62,90.790494,61.476159,348,337,17,17,0,299,53.123742,152.266653,165.319409,1,-3.956923,0.360283,-3.455404,0.043325,0.304536,0.039061,0.950713
514,1785980846377144783,2,604,209,0.346026,0.833333,128,91.098331,60.515065,353,346,15,15,0,314,52.890114,151.613396,165.347617,1,-3.955108,0.424509,-3.472625,0.050452,0.304398,0.039022,0.950407
515,1785980846467144325,2,605,210,0.347107,0.916667,97,86.923498,60.737359,356,342,18,18,0,302,53.199575,147.660857,164.015270,1,-3.928160,0.409610,-3.526803,0.050747,0.300774,0.042779,0.951383
516,1785980846557145533,2,605,227,0.375207,0.895833,101,95.772459,61.113279,354,347,15,14,1,313,52.992031,156.885738,173.253777,1,-3.933438,0.378152,-3.541468,0.049306,0.301816,0.046564,0.950951
517,1785980846647144908,2,605,213,0.352066,0.854167,84,91.383624,60.698316,347,331,14,14,0,303,52.773029,152.081940,167.000549,1,-3.923247,0.349985,-3.574816,0.047963,0.300672,0.049976,0.951209
518,1785980846737146408,2,606,222,0.366337,0.916667,72,90.505407,60.905569,350,338,18,18,0,296,53.189866,151.410976,166.165831,1,-3.906911,0.303887,-3.618282,0.045930,0.298901,0.055422,0.951566
519,1785980846827147408,2,605,230,0.380165,0.854167,70,90.551907,61.421407,363,347,14,14,0,312,53.285075,151.973314,166.818129,1,-3.920075,0.317868,-3.618978,0.047272,0.300968,0.055116,0.950866
520,1785980846917147533,2,604,232,0.384106,0.854167,62,91.439957,61.272156,369,363,25,24,1,322,53.283617,152.712113,166.878880,1,-3.924308,0.343831,-3.639781,0.049075,0.301724,0.052845,0.950664
521,1785980847007146117,2,605,215,0.355372,0.937500,60,91.787669,60.749733,362,348,21,21,0,308,53.116989,152.537402,165.957828,1,-3.922351,0.420314,-3.658185,0.055997,0.301260,0.051234,0.950517
522,1785980847097143659,2,604,216,0.357616,0.895833,58,90.660907,60.696608,351,336,7,7,0,310,52.857195,151.357515,164.887983,1,-3.914455,0.423718,-3.690312,0.053897,0.300532,0.047608,0.951057
523,1785980847187145742,2,605,225,0.371901,0.895833,52,90.773908,61.126028,369,348,21,20,1,312,53.131199,151.899936,164.901691,1,-3.928610,0.425925,-3.696624,0.052434,0.302569,0.044711,0.950633
524,1785980847277146784,2,604,229,0.379139,0.937500,134,90.203402,61.406323,364,353,16,16,0,320,53.214283,151.609725,164.974358,1,-3.911245,0.399416,-3.736513,0.048797,0.301116,0.044000,0.951321
525,1785980847367146492,2,604,215,0.355960,0.895833,82,84.890058,60.423521,357,347,18,18,0,311,52.835737,145.313579,160.573064,1,-3.914583,0.383601,-3.753271,0.045496,0.301692,0.041994,0.951393
526,1785980847457148325,2,605,217,0.358678,0.812500,86,91.195454,60.335353,356,350,25,25,0,312,53.028572,151.530807,166.409164,1,-3.902765,0.372536,-3.785365,0.044120,0.300483,0.042370,0.951824
527,1785980847547146534,2,605,217,0.358678,0.854167,76,91.173077,61.032068,376,361,13,12,1,336,53.216657,152.205145,166.899375,1,-3.896955,0.384728,-3.814633,0.046550,0.299777,0.044551,0.951831
528,1785980847637147784,2,605,222,0.366942,0.854167,72,91.389871,61.049235,355,342,14,14,0,310,52.914404,152.439106,166.395787,1,-3.891853,0.377288,-3.842067,0.048325,0.299367,0.049381,0.951633
529,1785980847727149201,2,605,218,0.360331,0.895833,71,92.620175,60.176809,353,340,14,13,1,312,52.491899,152.796984,166.613123,1,-3.890332,0.390134,-3.863113,0.048722,0.299297,0.048090,0.951701
530,1785980847817149034,2,605,213,0.352066,0.916667,64,90.668489,60.452729,355,342,16,16,0,315,52.797069,151.121218,164.239057,1,-3.879107,0.407955,-3.894500,0.049573,0.298078,0.047032,0.952092
531,1785980847907149992,2,605,233,0.385124,0.854167,59,92.079628,61.088861,339,330,20,20,0,291,52.859819,153.168489,166.339912,1,-3.842034,0.391208,-3.953904,0.048599,0.293709,0.049296,0.953385
532,1785980847997148742,2,605,216,0.357025,0.916667,52,91.028617,60.962025,363,356,19,19,0,314,53.357865,151.990642,164.389433,1,-3.813482,0.363752,-4.009288,0.047852,0.290167,0.054227,0.954239
533,1785980848087146367,2,605,234,0.386777,0.854167,56,90.891990,61.461613,369,357,21,21,0,313,53.462242,152.353603,166.077199,1,-3.806315,0.336479,-4.039693,0.043126,0.289502,0.051444,0.954821
534,1785980848177154451,2,605,230,0.380165,0.854167,54,90.887948,61.487697,360,347,12,12,0,312,53.088405,152.375645,165.450651,1,-3.800955,0.344714,-4.065759,0.042399,0.289147,0.048429,0.955118
535,1785980848267147492,2,605,231,0.381818,0.937500,48,90.655613,61.349404,357,349,22,22,0,309,53.195531,152.005017,162.155409,1,-3.819258,0.319632,-4.063467,0.040925,0.291656,0.050922,0.954290
536,1785980848357150743,2,604,243,0.402318,0.833333,56,91.315661,62.223371,372,362,16,16,0,324,53.365783,153.539032,164.943103,1,-3.796339,0.306694,-4.109560,0.040225,0.289395,0.053229,0.954882
537,1785980848447148576,2,604,239,0.395695,0.937500,51,92.823093,61.711532,370,362,16,16,0,325,53.330991,154.534625,167.532921,1,-3.795351,0.244158,-4.127832,0.034333,0.290167,0.054543,0.954803
538,1785980848537153159,2,605,231,0.381818,0.875000,52,90.359775,61.326361,367,353,15,15,0,319,53.013445,151.686136,164.371304,1,-3.824008,0.252707,-4.116822,0.035136,0.293737,0.054694,0.953673
539,1785980848627152034,2,605,232,0.383471,0.895833,45,91.286243,61.246652,358,350,18,18,0,316,53.100237,152.532895,165.100144,1,-3.836109,0.277545,-4.130268,0.035126,0.295094,0.050017,0.953512
540,1785980848717153159,2,605,247,0.408264,0.875000,141,93.322013,62.136827,361,349,19,19,0,304,53.250030,155.458840,169.662899,1,-3.849585,0.269599,-4.131977,0.033769,0.297048,0.050059,0.952951
541,1785980848807153784,2,605,263,0.434711,0.875000,104,86.917365,61.883616,358,352,18,18,0,321,53.275281,148.800981,167.665254,1,-3.851791,0.271905,-4.152023,0.033601,0.297564,0.049564,0.952822
542,1785980848897151451,2,605,266,0.439669,0.895833,93,88.503840,62.375163,358,350,18,18,0,313,53.247488,150.879003,167.022497,1,-3.859610,0.286586,-4.174947,0.035489,0.299053,0.048919,0.952321
543,1785980848987154493,2,605,264,0.436364,0.937500,83,96.586503,62.739082,370,360,10,10,0,327,53.321030,159.325585,175.032409,1,-3.881066,0.207785,-4.172469,0.028171,0.302526,0.049920,0.951416
544,1785980849077152285,2,605,250,0.413223,0.937500,81,88.342795,62.476330,384,376,19,19,0,340,53.598325,150.819125,165.665023,1,-3.873650,0.162618,-4.200990,0.022647,0.301933,0.048628,0.951819
545,1785980849167152660,2,605,247,0.408264,0.916667,149,89.598183,62.658331,378,372,16,16,0,336,53.835953,152.256514,167.071828,1,-3.881374,0.125751,-4.210030,0.018258,0.303530,0.047546,0.951460
546,1785980849257151535,2,605,251,0.414876,0.916667,117,90.195022,61.841032,348,340,22,22,0,302,53.272739,152.036054,170.990117,1,-3.916814,0.156878,-4.195166,0.019251,0.307868,0.043141,0.950256
547,1785980849347155868,2,605,268,0.442975,0.895833,94,89.455764,62.760333,360,352,16,16,0,313,53.252446,152.216097,168.846180,1,-3.920985,0.168423,-4.212242,0.017603,0.308505,0.037948,0.950302
548,1785980849437152285,2,605,262,0.433058,0.937500,88,91.314700,62.935584,373,365,25,25,0,315,53.796493,154.250284,169.916107,1,-3.934321,0.167589,-4.215902,0.014659,0.310240,0.032648,0.949984
549,1785980849527157243,2,605,267,0.441322,0.979167,91,87.558245,63.297087,381,372,28,28,0,316,54.203705,150.855332,166.773198,1,-3.927648,0.151865,-4.242213,0.012331,0.310044,0.031135,0.950132
550,1785980849617156326,2,605,287,0.474380,0.937500,90,87.917331,63.612049,379,373,25,25,0,320,53.969995,151.529380,165.119515,1,-3.961830,0.175232,-4.229480,0.013104,0.314305,0.027681,0.948828
551,1785980849707156826,2,604,279,0.461921,0.937500,72,87.818164,63.300670,379,373,25,25,0,315,53.849784,151.118834,163.285955,1,-3.951334,0.188795,-4.261942,0.013855,0.313367,0.026874,0.949151
552,1785980849797157577,2,605,258,0.426446,0.958333,70,88.312961,62.892583,367,359,11,10,1,323,53.542740,151.205544,163.344330,1,-3.948194,0.224278,-4.286656,0.015422,0.312705,0.023063,0.949445
553,1785980849887156577,2,604,273,0.451987,0.958333,145,87.774622,63.248420,363,354,12,12,0,314,53.477073,151.023042,163.705584,1,-3.950838,0.179422,-4.305840,0.011260,0.313353,0.023843,0.949271
554,1785980849977156243,2,605,261,0.431405,0.979167,118,83.784999,62.192825,368,362,17,17,0,322,53.609157,145.977824,162.414071,1,-3.914741,0.135909,-4.358584,0.008902,0.309957,0.027465,0.950312
555,1785980850067157243,2,605,300,0.495868,0.979167,101,89.290844,63.785216,384,378,29,29,0,323,53.943868,153.076060,168.960718,1,-3.891772,0.118007,-4.392464,0.008438,0.307633,0.030278,0.950986
556,1785980850157158035,2,605,262,0.433058,0.937500,106,89.394637,62.905416,374,363,19,19,0,312,53.890826,152.300053,169.157928,1,-3.888743,0.123091,-4.400571,0.008883,0.307266,0.030221,0.951102
557,1785980850247157118,2,605,283,0.467769,0.958333,96,87.892830,63.606672,384,374,26,25,1,316,54.020202,151.499502,167.090282,1,-3.934357,0.108509,-4.354250,0.008008,0.312506,0.030920,0.949379
558,1785980850337156035,2,605,279,0.461157,0.937500,107,87.929413,63.338795,376,367,30,29,1,305,54.191038,151.268208,167.259909,1,-4.003953,0.101308,-4.280279,0.008007,0.320936,0.031968,0.946527
559,1785980850427156619,2,605,273,0.451240,0.916667,111,87.607286,63.227127,384,370,22,22,0,315,54.003869,150.834413,167.573287,1,-4.071763,0.093902,-4.210179,0.008198,0.329136,0.032981,0.943671
560,1785980850517158660,2,605,249,0.411570,0.916667,102,89.003715,62.210200,377,364,17,17,0,322,53.461404,151.213915,167.632244,1,-4.151501,0.099316,-4.121636,0.009784,0.339128,0.034245,0.940066
561,1785980850607161285,2,605,246,0.406612,0.937500,87,95.021816,62.267867,367,363,18,18,0,321,53.636448,157.289683,172.253373,1,-4.250240,0.100557,-4.010901,0.010844,0.351516,0.034900,0.935468
562,1785980850697158994,2,605,264,0.436364,0.937500,158,89.193841,63.132542,378,364,20,20,0,313,53.955701,152.326383,165.329554,1,-4.351622,0.105328,-3.884752,0.012277,0.364856,0.035631,0.930301
563,1785980850787156660,2,605,263,0.434711,0.958333,118,91.463114,62.378910,369,362,25,24,1,308,54.005868,153.842024,169.458095,1,-4.448391,0.097750,-3.758012,0.012815,0.377978,0.036790,0.924995
564,1785980850877158744,2,605,256,0.423140,0.895833,93,90.105518,62.865872,384,374,20,19,1,334,53.835366,152.971390,168.722130,1,-4.549787,0.099069,-3.618889,0.012922,0.392020,0.035669,0.919174
565,1785980850967159077,2,605,261,0.431405,0.958333,83,90.456354,62.280825,363,350,19,19,0,312,53.373236,152.737179,165.937268,1,-4.662226,0.102351,-3.451612,0.013882,0.408445,0.035407,0.911990
566,1785980851057161160,2,605,267,0.441322,0.895833,85,96.662914,62.463409,351,341,15,15,0,301,53.222026,159.126323,172.326037,1,-4.751804,0.097380,-3.311240,0.014467,0.421929,0.035902,0.905802
567,1785980851147160077,2,605,263,0.434711,0.895833,144,88.879462,62.412743,362,348,20,19,1,310,53.342736,151.292205,163.487158,1,-4.827994,0.099253,-3.183451,0.015244,0.433920,0.035724,0.900114
568,1785980851237162994,2,605,253,0.418182,0.979167,111,90.851773,62.480701,374,364,18,17,1,324,53.770990,153.332474,168.679960,1,-4.905641,0.101759,-3.043378,0.016661,0.446673,0.036756,0.893787
569,1785980851327162077,2,605,227,0.375207,0.958333,96,90.418269,61.587734,369,359,15,15,0,328,53.500987,152.006003,164.835047,1,-4.982783,0.106547,-2.893347,0.018244,0.460000,0.037294,0.886948
570,1785980851417164244,2,605,252,0.416529,0.895833,89,88.189372,62.060489,360,352,16,16,0,316,53.185318,150.249861,162.886319,1,-5.044828,0.103739,-2.766972,0.018529,0.471064,0.037083,0.881124
571,1785980851507163577,2,605,266,0.439669,0.916667,84,93.723343,62.420367,365,351,14,13,1,316,53.101607,156.143710,170.726645,1,-5.104100,0.104761,-2.635469,0.018450,0.482176,0.036022,0.875139
572,1785980851597164411,2,605,273,0.451240,0.916667,76,95.147898,62.750578,349,340,16,16,0,302,53.304610,157.898476,172.405785,1,-5.176021,0.101971,-2.462916,0.017467,0.496532,0.034155,0.867170
573,1785980851687162786,2,605,282,0.466116,0.875000,152,90.176099,63.384835,374,363,21,21,0,319,53.785698,153.560934,168.284870,1,-5.258770,0.095501,-2.241841,0.016955,0.514428,0.033075,0.856728
574,1785980851777163744,2,605,247,0.408264,0.958333,82,90.725854,61.867653,372,358,19,19,0,319,53.669239,152.593507,166.207017,1,-5.339081,0.094814,-1.990164,0.019397,0.534271,0.034934,0.844368
575,1785980851867165369,2,605,248,0.409917,0.937500,67,88.800836,62.108488,366,354,18,17,1,309,53.493028,150.909324,163.438989,1,-5.395959,0.097345,-1.782478,0.022068,0.550263,0.036460,0.833903
576,1785980851957167703,2,605,238,0.393388,0.916667,134,91.307652,61.682108,369,355,19,18,1,314,53.281443,152.989760,164.849794,1,-5.416345,0.093165,-1.696802,0.021933,0.556782,0.036307,0.829575
577,1785980852047167786,2,605,263,0.434711,0.958333,115,90.597518,61.919027,374,367,17,17,0,331,53.391860,152.516545,168.966624,1,-5.433290,0.090467,-1.621725,0.022910,0.562452,0.037579,0.825657
578,1785980852137164828,2,605,262,0.433058,0.979167,91,91.295442,62.520325,369,362,21,21,0,321,53.558486,153.815767,169.667340,1,-5.464876,0.076892,-1.474038,0.022636,0.573597,0.038021,0.817942
579,1785980852227168119,2,605,280,0.462810,0.854167,90,91.487444,63.164164,363,347,18,18,0,299,53.566903,154.651608,169.689049,1,-5.496693,0.060735,-1.294153,0.022653,0.586781,0.039108,0.808483
580,1785980852317162244,2,605,260,0.429752,0.875000,73,92.150784,62.779994,384,377,23,23,0,329,53.866698,154.930778,165.864385,1,-5.522171,0.054407,-1.123833,0.023403,0.599135,0.039717,0.799320
581,1785980852407164786,2,605,260,0.429752,0.916667,71,91.185191,62.915746,374,361,13,13,0,317,53.705946,154.100937,165.407215,1,-5.535395,0.043881,-1.000935,0.023089,0.607851,0.040208,0.792696
582,1785980852497164494,2,605,267,0.441322,0.979167,138,96.916205,62.656784,374,360,28,28,0,311,53.680195,159.572989,170.999310,1,-5.548625,0.068721,-0.888694,0.024345,0.615737,0.037830,0.786666
583,1785980852587166953,2,605,275,0.454545,0.979167,96,89.679717,62.252196,380,371,27,27,0,325,53.678529,151.931913,163.496068,1,-5.559247,0.072952,-0.736846,0.024516,0.626253,0.036731,0.778368
584,1785980852677166078,2,605,281,0.464463,0.916667,82,93.440254,63.514542,378,368,22,21,1,318,53.830238,156.954796,168.780953,1,-5.566491,0.057268,-0.563023,0.024441,0.638289,0.037586,0.768490
585,1785980852767165161,2,605,277,0.457851,0.979167,147,96.580992,63.399791,371,358,22,19,3,311,53.674487,159.980783,171.423521,1,-5.568453,0.040586,-0.379215,0.024990,0.650718,0.039202,0.757895
586,1785980852857166828,2,605,266,0.439669,0.916667,97,92.626121,62.110820,370,359,17,17,0,327,53.372984,154.736941,166.662933,1,-5.563870,0.017375,-0.186137,0.025668,0.663662,0.041560,0.746436
587,1785980852947167536,2,605,273,0.451240,0.937500,92,93.419003,62.695826,368,356,18,17,1,318,53.159940,156.114829,168.111072,1,-5.555178,0.001593,-0.008397,0.025850,0.675536,0.042413,0.735652
588,1785980853037167578,2,605,245,0.404959,0.916667,69,92.865580,62.680825,378,369,12,12,0,329,53.545651,155.546405,166.348427,1,-5.538515,-0.023930,0.152101,0.025858,0.686017,0.044630,0.725755
589,1785980853127167078,2,605,255,0.421488,0.916667,127,93.224833,62.223903,377,367,22,21,1,320,53.429733,155.448736,165.982424,1,-5.520496,-0.031759,0.330405,0.026262,0.697632,0.044720,0.714577
590,1785980853217167703,2,605,258,0.426446,0.916667,95,91.345815,62.235196,384,371,28,26,2,318,53.568527,153.581011,165.900382,1,-5.497213,-0.053398,0.483005,0.025164,0.707400,0.045408,0.704904
591,1785980853307169037,2,605,300,0.495868,0.916667,95,92.936372,63.403957,370,362,27,27,0,313,53.380734,156.340329,168.927995,1,-5.476251,-0.062197,0.607982,0.024515,0.715374,0.045206,0.696847
592,1785980853397168995,2,605,280,0.462810,0.875000,96,93.883257,63.474165,371,365,17,17,0,318,53.705445,157.357422,169.249456,1,-5.447075,-0.078200,0.751863,0.023329,0.724477,0.045266,0.687416
593,1785980853487170537,2,605,237,0.391736,0.854167,71,94.113926,61.664148,364,351,15,15,0,312,53.097772,155.778074,166.244467,1,-5.410874,-0.095296,0.914335,0.022787,0.734680,0.045955,0.676472
594,1785980853577169828,2,605,261,0.431405,0.958333,68,92.449324,62.659365,382,372,17,16,1,330,53.472567,155.108689,164.479698,1,-5.371524,-0.121323,1.064926,0.021283,0.744000,0.047018,0.666184
595,1785980853667169245,2,605,262,0.433058,0.937500,124,94.201800,62.425530,374,362,23,22,1,314,53.233481,156.627330,166.136964,1,-5.318957,-0.156549,1.235962,0.020007,0.754753,0.049211,0.653855
596,1785980853757171037,2,605,265,0.438017,0.854167,97,92.577951,62.070318,374,351,22,22,0,307,53.065605,154.648269,166.172631,1,-5.242823,-0.218786,1.443276,0.016056,0.767835,0.052515,0.638290
597,1785980853847171953,2,605,272,0.449587,0.875000,85,96.100735,62.648448,363,353,15,15,0,309,53.259856,158.749183,170.160087,1,-5.176765,-0.260300,1.590634,0.017338,0.777842,0.057114,0.625620
598,1785980853937172745,2,605,245,0.404959,0.916667,76,95.650314,61.956817,367,353,13,13,0,313,53.278398,157.607131,167.870523,1,-5.131433,-0.286576,1.672337,0.019639,0.783970,0.061064,0.617476
599,1785980854027173079,2,605,271,0.447934,0.895833,65,95.330018,62.199818,359,348,18,18,0,315,52.826643,157.529836,168.051397,1,-5.080452,-0.344617,1.756580,0.015254,0.790240,0.064292,0.609224
600,1785980854117173704,2,605,262,0.433058,0.937500,126,97.503248,62.500030,366,354,15,15,0,321,53.207730,160.003278,168.583153,1,-5.015739,-0.331986,1.878328,0.014551,0.798821,0.062057,0.598182
601,1785980854207171329,2,605,247,0.408264,0.812500,89,93.002954,62.131526,384,373,18,18,0,332,53.317607,155.134480,165.551915,1,-4.958348,-0.359638,1.967279,0.013380,0.805541,0.063825,0.588941
602,1785980854297174412,2,605,251,0.414876,0.895833,88,102.052126,61.467977,367,353,20,20,0,315,52.928269,163.520103,173.898038,1,-4.924695,-0.345469,2.014372,0.014429,0.809599,0.062625,0.583454
603,1785980854387171954,2,605,246,0.406612,0.937500,73,94.257050,61.793731,360,354,17,17,0,318,53.039520,156.050781,166.001753,1,-4.911876,-0.315448,2.025914,0.015069,0.811446,0.059927,0.581151
604,1785980854477176454,2,605,251,0.414876,0.916667,75,100.274358,61.996232,362,353,16,16,0,315,53.106561,162.270590,172.237604,1,-4.916859,-0.249084,1.997593,0.014844,0.811026,0.052875,0.582426
605,1785980854567172745,2,605,239,0.395041,0.895833,70,94.982805,61.928523,379,365,19,19,0,326,53.444940,156.911328,165.731997,1,-4.938597,-0.206886,1.934678,0.015714,0.808516,0.049486,0.586180
606,1785980854657177704,2,605,277,0.457851,0.937500,72,100.323774,62.727739,383,374,19,19,0,340,53.315730,163.051513,173.375281,1,-4.931024,-0.172853,1.933904,0.016415,0.809842,0.046211,0.584594
607,1785980854747174871,2,605,273,0.451240,0.958333,148,93.777127,62.289152,354,347,22,22,0,309,52.952560,156.066279,166.521464,1,-4.915118,-0.181447,1.939868,0.018431,0.811463,0.048503,0.582096
608,1785980854837173287,2,605,264,0.436364,0.937500,121,96.058940,62.138192,363,349,20,20,0,309,52.982560,158.197132,170.440669,1,-4.902739,-0.094780,1.953379,0.018123,0.813475,0.039085,0.580003
609,1785980854927175621,2,605,277,0.457851,0.875000,121,100.651653,63.180119,374,367,15,15,0,331,53.147395,163.831772,177.218027,1,-4.926178,-0.044560,1.883817,0.018630,0.810429,0.034598,0.584518
610,1785980855017177037,2,605,283,0.467769,0.958333,111,92.779283,63.472829,384,374,29,29,0,324,53.800318,156.252112,169.762452,1,-4.924657,-0.045098,1.859624,0.015045,0.810316,0.032579,0.584893
611,1785980855107175787,2,605,277,0.457851,0.937500,107,93.958543,63.112825,380,370,17,16,1,333,53.218729,157.071368,168.782942,1,-4.929639,-0.064613,1.818249,0.011972,0.809337,0.032965,0.586296
612,1785980855197176246,2,605,267,0.441322,0.854167,97,93.144952,63.026033,376,364,19,19,0,323,53.519982,156.170985,169.374448,1,-4.931533,-0.100310,1.782667,0.012050,0.808551,0.036987,0.587139
613,1785980855287175287,2,605,268,0.442975,0.958333,165,94.852385,62.672780,373,368,18,18,0,330,53.157769,157.525165,170.005079,1,-4.930143,-0.188268,1.737604,0.010740,0.807533,0.045740,0.587949
614,1785980855377175621,2,605,275,0.454545,0.937500,162,90.036422,63.104367,384,372,15,15,0,329,53.784651,153.140789,170.213247,1,-4.937169,-0.185397,1.689247,0.011135,0.806154,0.045582,0.589843
615,1785980855467176038,2,605,283,0.467769,0.875000,137,94.477549,63.334619,379,367,11,11,0,334,53.148144,157.812168,173.892241,1,-4.942569,-0.205948,1.645509,0.011642,0.804930,0.048213,0.591294
616,1785980855557180871,2,605,265,0.438017,0.895833,132,95.961770,62.488652,384,371,18,18,0,330,53.147060,158.450422,173.351650,1,-4.932444,-0.215121,1.639919,0.013358,0.805970,0.050140,0.589677
617,1785980855647176163,2,605,277,0.457851,0.916667,127,102.210790,63.003282,382,368,21,21,0,321,53.459314,165.214072,180.018050,1,-4.933828,-0.233583,1.608683,0.016614,0.805229,0.054568,0.590214
618,1785980855737177746,2,605,271,0.447934,1.000000,202,96.733986,63.031949,378,368,18,18,0,324,53.553148,159.765935,174.851791,1,-4.928584,-0.276310,1.580449,0.018176,0.805018,0.060483,0.589879
619,1785980855827180079,2,605,266,0.439669,0.958333,156,92.621196,61.978646,365,355,13,13,0,319,53.187269,154.599842,171.657718,1,-4.924932,-0.307842,1.549819,0.018902,0.804625,0.064808,0.589933
620,1785980855917177496,2,605,276,0.456198,0.854167,136,97.386909,62.691946,382,369,24,24,0,321,53.535772,160.078855,175.910425,1,-4.923361,-0.326073,1.520465,0.021962,0.804210,0.069351,0.589877
621,1785980856007176038,2,605,266,0.439669,0.895833,129,99.606638,63.024156,381,373,21,21,0,324,54.024276,162.630794,176.350762,1,-4.910715,-0.337429,1.521830,0.017738,0.805622,0.067961,0.588252
622,1785980856097177663,2,605,290,0.479339,0.937500,195,97.757953,63.820206,380,374,23,23,0,318,54.023610,161.578159,174.811954,1,-4.909386,-0.368743,1.483436,0.024022,0.804757,0.076086,0.588218
623,1785980856187179788,2,605,280,0.462810,0.895833,159,100.088059,62.259149,369,360,31,31,0,303,53.561564,162.347208,180.561135,1,-4.904448,-0.356140,1.475629,0.031361,0.805514,0.080048,0.586307
624,1785980856277181288,2,605,278,0.459504,0.854167,142,98.203665,63.160658,369,362,29,29,0,307,53.675315,161.364323,177.439438,1,-4.897772,-0.314857,1.478146,0.034535,0.806883,0.077470,0.584590
625,1785980856367181413,2,605,264,0.436364,0.854167,129,98.283000,62.904946,376,369,20,20,0,321,53.657648,161.187946,176.063174,1,-4.901430,-0.306676,1.439471,0.038498,0.805891,0.079555,0.585430
626,1785980856457183621,2,605,269,0.444628,0.916667,129,97.924746,63.210282,366,357,15,15,0,303,53.936650,161.135028,174.819661,1,-4.883307,-0.274049,1.467171,0.040323,0.808956,0.076608,0.581459
627,1785980856547182330,2,605,257,0.424793,0.875000,118,99.272800,62.476608,370,362,19,18,1,317,53.514729,161.749408,175.110663,1,-4.890475,-0.263263,1.420312,0.043801,0.807481,0.078256,0.583036
628,1785980856637181996,2,605,275,0.454545,0.916667,180,102.637624,62.993738,371,361,20,20,0,314,53.748231,165.631362,179.997169,1,-4.881650,-0.267120,1.413895,0.043287,0.808513,0.078252,0.581643
629,1785980856727183580,2,605,259,0.428099,0.875000,151,96.482731,62.664610,380,376,24,24,0,324,54.452071,159.147341,174.910952,1,-4.871778,-0.265694,1.415232,0.043022,0.809874,0.077777,0.579832
630,1785980856817184997,2,605,240,0.396694,0.916667,131,103.371923,61.931478,363,352,20,20,0,311,53.617355,165.303401,180.506632,1,-4.862027,-0.247489,1.419925,0.042239,0.811474,0.074985,0.578016
631,1785980856907185122,2,605,239,0.395041,0.895833,108,101.107401,62.129438,358,345,21,21,0,298,53.803274,163.236839,176.276674,1,-4.859960,-0.213523,1.405212,0.046084,0.811776,0.073967,0.577430
632,1785980856997182997,2,605,257,0.424793,0.916667,111,102.204702,62.706651,375,370,16,15,1,325,53.614855,164.911353,178.965074,1,-4.850635,-0.171866,1.413133,0.044267,0.813684,0.067348,0.575694
633,1785980857087183080,2,605,257,0.424793,0.916667,119,101.788490,62.304939,367,356,28,28,0,301,53.665396,164.093429,178.979198,1,-4.850525,-0.123606,1.398145,0.048511,0.813774,0.064947,0.575501
634,1785980857177182205,2,605,263,0.434711,0.895833,179,101.736280,62.392523,360,351,21,21,0,306,53.351393,164.128803,177.666102,1,-4.845119,-0.067265,1.393673,0.050801,0.814732,0.059916,0.574493
635,1785980857267184788,2,605,272,0.449587,0.916667,156,96.462855,62.318230,378,367,29,29,0,316,53.783731,158.781085,176.475132,1,-4.843048,-0.022546,1.384078,0.053712,0.815312,0.056602,0.573740
636,1785980857357188122,2,605,275,0.454545,0.875000,153,103.397297,62.949570,371,362,20,20,0,312,53.493228,166.346867,183.343783,1,-4.844193,0.012519,1.359419,0.056446,0.815000,0.054406,0.574133
637,1785980857447183455,2,605,265,0.438017,0.895833,148,104.318931,62.661817,375,369,18,18,0,321,53.496103,166.980748,183.678410,1,-4.844451,0.023587,1.331628,0.055346,0.814681,0.052544,0.574866
638,1785980857537183664,2,605,267,0.441322,0.875000,203,102.840165,62.590357,373,361,27,26,1,304,53.561395,165.430522,181.364969,1,-4.841760,0.037362,1.312822,0.054303,0.814896,0.050342,0.574858
639,1785980857627186747,2,605,257,0.424793,0.916667,146,97.744615,61.781016,355,348,27,27,0,292,53.667605,159.525631,175.802664,1,-4.832439,0.067967,1.319238,0.055877,0.816388,0.047887,0.572796
640,1785980857717187664,2,605,270,0.446281,0.916667,140,101.755988,62.859902,377,371,24,24,0,319,53.550311,164.615890,180.899089,1,-4.832153,0.088632,1.291273,0.059851,0.815874,0.048669,0.573061
641,1785980857807186497,2,605,265,0.438017,0.916667,191,102.818956,62.855610,381,369,14,14,0,321,53.693605,165.674566,181.220301,1,-4.825849,0.084254,1.276521,0.056206,0.816662,0.046368,0.572498
642,1785980857897188247,2,605,240,0.396694,0.895833,163,99.334840,61.200469,378,375,29,29,0,328,53.564478,160.535309,178.684901,1,-4.816844,0.084317,1.272659,0.052843,0.817927,0.043769,0.571216
643,1785980857987185497,2,605,267,0.441322,0.937500,161,102.394702,62.396313,365,353,18,18,0,307,53.153098,164.791015,181.932181,1,-4.814087,0.076792,1.255283,0.048724,0.818363,0.041813,0.571104
644,1785980858077187580,2,605,261,0.431405,0.937500,138,105.066268,62.266479,377,365,24,24,0,315,53.441185,167.332747,183.799073,1,-4.811479,0.066157,1.232344,0.045376,0.818373,0.040524,0.571458
645,1785980858167190872,2,605,264,0.436364,1.000000,211,103.698713,62.585856,376,371,30,30,0,322,53.733146,166.284569,183.612530,1,-4.807925,0.074725,1.217824,0.050556,0.818723,0.043447,0.570306
646,1785980858257188164,2,605,278,0.459504,0.958333,186,100.699351,63.175820,384,376,28,28,0,315,54.380819,163.875171,183.300985,1,-4.801443,0.079101,1.208766,0.053924,0.819495,0.045457,0.568730
647,1785980858347188206,2,605,280,0.462810,1.000000,162,99.545715,63.071528,384,376,33,33,0,323,53.695354,162.617243,182.126224,1,-4.803400,0.063313,1.175418,0.056112,0.818614,0.049655,0.569436
648,1785980858437197622,2,605,271,0.447934,0.937500,152,104.654681,62.878442,384,376,27,27,0,318,54.123900,167.533123,185.618215,1,-4.805855,0.054024,1.139741,0.056618,0.817835,0.051601,0.570331
649,1785980858527187956,2,605,276,0.456198,0.916667,213,103.948923,62.333479,384,375,25,25,0,325,53.512601,166.282402,184.268825,1,-4.806476,0.093065,1.114503,0.058643,0.817486,0.048729,0.570880
650,1785980858617187914,2,605,282,0.466116,0.916667,178,100.626266,62.850775,384,376,18,18,0,335,53.619478,163.477041,183.963614,1,-4.810025,0.080193,1.073432,0.058825,0.816474,0.050770,0.572129
651,1785980858707189997,2,605,279,0.461157,0.916667,157,97.622945,62.485064,380,374,28,28,0,322,53.700645,160.108009,178.178141,1,-4.808497,0.112060,1.055555,0.060123,0.816659,0.047926,0.571975
652,1785980858797189081,2,605,271,0.447934,0.916667,139,103.979590,62.358687,384,375,26,26,0,327,53.622310,166.338277,182.752394,1,-4.811187,0.123851,1.018834,0.061658,0.815695,0.048052,0.573176
653,1785980858887190206,2,605,290,0.479339,0.937500,209,104.273635,62.767858,378,371,27,27,0,328,53.296391,167.041493,182.457058,1,-4.814127,0.144074,0.978676,0.062847,0.814590,0.046839,0.574717
654,1785980858977191456,2,605,281,0.464463,0.916667,174,99.485587,62.533896,384,377,26,26,0,320,53.795479,162.019483,181.720173,1,-4.814382,0.169411,0.951490,0.063233,0.814272,0.044058,0.575345
655,1785980859067191331,2,605,269,0.444628,0.916667,228,100.534055,62.126642,384,369,24,24,0,324,53.604102,162.660697,181.206668,1,-4.812131,0.201036,0.933946,0.066101,0.814337,0.042748,0.575030
656,1785980859157191539,2,605,275,0.454545,0.958333,181,101.358772,62.444020,384,375,33,33,0,315,53.678228,163.802792,186.631637,1,-4.814213,0.198898,0.893754,0.061800,0.813604,0.039729,0.576760
657,1785980859247191789,2,605,252,0.416529,0.854167,158,98.735579,61.774514,384,370,17,17,0,329,53.265139,160.510093,179.068522,1,-4.812057,0.170593,0.870992,0.058838,0.813821,0.041086,0.576667
658,1785980859337190831,2,605,275,0.454545,0.916667,143,103.629669,63.310821,384,373,20,20,0,326,53.775770,166.940490,184.524576,1,-4.820509,0.120645,0.796284,0.052112,0.811202,0.042412,0.580894
659,1785980859427190373,2,605,261,0.431405,0.916667,203,103.753212,62.758940,384,377,24,24,0,326,53.779810,166.512152,182.768849,1,-4.808204,0.093531,0.811272,0.046504,0.813957,0.040643,0.577633
660,1785980859517192123,2,605,268,0.442975,0.937500,168,99.639045,61.840847,384,372,29,29,0,322,53.524266,161.479892,180.809537,1,-4.815118,0.084393,0.746719,0.046560,0.811414,0.042333,0.581075
661,1785980859607191331,2,605,278,0.459504,0.979167,156,99.207374,62.461853,384,375,30,30,0,324,53.773602,161.669227,180.550284,1,-4.811028,0.068445,0.731896,0.047340,0.811872,0.045225,0.580153
662,1785980859697190373,2,605,282,0.466116,0.979167,125,104.354341,62.743022,369,356,27,27,0,301,53.339931,167.097363,183.405145,1,-4.817556,0.061833,0.670925,0.044049,0.809767,0.043447,0.583481
663,1785980859787193123,2,605,274,0.452893,0.958333,197,104.343716,63.068692,383,378,30,30,0,321,53.893061,167.412408,184.069110,1,-4.816773,0.063257,0.649156,0.043776,0.809680,0.043216,0.583639
664,1785980859877194123,2,605,248,0.409917,0.875000,167,102.850410,62.151474,384,378,20,20,0,327,54.089272,165.001884,185.149746,1,-4.814270,0.076746,0.640209,0.044857,0.810336,0.042575,0.582693
665,1785980859967194748,2,605,270,0.446281,0.937500,157,99.633294,62.161974,384,380,29,29,0,318,53.837519,161.795268,181.037328,1,-4.811778,0.106608,0.615787,0.046574,0.810241,0.040381,0.582846
666,1785980860057194081,2,605,270,0.446281,0.895833,138,104.228129,63.050566,384,372,25,25,0,314,53.765810,167.278695,184.278026,1,-4.815313,0.156436,0.578339,0.048691,0.809136,0.035616,0.584516
667,1785980860147192540,2,605,247,0.408264,0.895833,116,103.403455,61.898264,377,365,25,25,0,313,53.458516,165.301719,180.375447,1,-4.815024,0.253917,0.562717,0.055238,0.809081,0.028695,0.584391
668,1785980860237194165,2,605,266,0.439669,0.916667,115,103.500080,62.259392,373,358,28,28,0,307,53.391515,165.759472,180.332363,1,-4.822539,0.208724,0.486230,0.054682,0.805941,0.035053,0.588422
669,1785980860327193082,2,605,253,0.418182,0.958333,107,110.728901,61.953556,383,372,20,20,0,329,53.257847,172.682457,187.420889,1,-4.821755,0.210721,0.447322,0.056826,0.804836,0.037376,0.589588
670,1785980860417194707,2,605,240,0.396694,0.958333,182,111.384781,61.523134,368,361,21,21,0,320,53.192929,172.907915,187.166427,1,-4.818348,0.190342,0.437788,0.063630,0.805348,0.047227,0.587482
671,1785980860507192665,2,605,246,0.406612,0.916667,140,101.682645,61.462508,369,355,23,23,0,306,53.439639,163.145153,180.799282,1,-4.824127,0.180312,0.347248,0.062757,0.801355,0.049042,0.592864
672,1785980860597193457,2,605,252,0.416529,0.958333,120,100.325424,61.750386,378,369,26,25,1,322,53.476432,162.075810,177.069246,1,-4.821083,0.070862,0.324982,0.055201,0.801794,0.057329,0.592278
673,1785980860687193748,2,605,228,0.376860,0.916667,110,107.354658,60.999295,372,360,24,24,0,321,53.161553,168.353953,182.526423,1,-4.819246,0.026464,0.287089,0.049290,0.801275,0.058078,0.593428
674,1785980860777196207,2,605,236,0.390083,0.937500,97,105.112595,61.765636,384,379,20,20,0,338,53.363347,166.878231,179.830648,1,-4.819031,0.002437,0.234204,0.046439,0.799552,0.059345,0.595851
675,1785980860867196040,2,605,233,0.385124,0.937500,94,108.083666,61.292590,383,375,21,21,0,335,53.343222,169.376256,182.592758,1,-4.815939,-0.025332,0.202763,0.042912,0.799012,0.060473,0.596726
676,1785980860957196415,2,605,242,0.400000,0.937500,162,104.749466,61.861512,376,367,27,27,0,316,53.536098,166.610978,180.400443,1,-4.816047,-0.042956,0.174546,0.041678,0.797867,0.062198,0.598166
677,1785980861047198332,2,605,235,0.388430,0.937500,149,100.093504,60.709292,376,363,19,19,0,324,53.015926,160.802796,179.033304,1,-4.817185,-0.022712,0.191171,0.043337,0.798325,0.060756,0.597584
678,1785980861137196540,2,605,222,0.366942,0.916667,145,99.445289,60.361872,384,377,25,25,0,330,53.383305,159.807161,179.553976,1,-4.816277,-0.012944,0.208763,0.042901,0.799220,0.058324,0.596662
679,1785980861227198874,2,605,246,0.406612,0.895833,129,104.988050,61.745218,384,377,27,27,0,332,53.503223,166.733268,183.810433,1,-4.816113,-0.022113,0.205818,0.042648,0.799116,0.059529,0.596700
680,1785980861317199332,2,605,215,0.355372,0.895833,140,103.218950,60.590749,384,372,25,25,0,331,53.158386,163.809699,179.787728,1,-4.816037,-0.021097,0.188382,0.042112,0.798544,0.059034,0.597553
681,1785980861407199915,2,605,237,0.391736,0.979167,130,104.501421,61.486090,380,377,31,30,1,328,53.333595,165.987511,182.534045,1,-4.814955,-0.035917,0.157284,0.038142,0.797771,0.057441,0.599006
682,1785980861497198790,2,605,255,0.421488,0.958333,193,103.132407,62.179139,384,373,31,31,0,318,53.706516,165.311546,181.818661,1,-4.808356,-0.096689,0.124107,0.029936,0.797504,0.057941,0.599779
683,1785980861587199374,2,605,238,0.393388,0.937500,134,99.304911,61.321130,382,375,32,32,0,316,53.704807,160.626041,179.538057,1,-4.801982,-0.177229,0.050747,0.022865,0.795148,0.063116,0.602688
684,1785980861677199416,2,605,259,0.428099,0.895833,173,99.162369,61.820635,384,379,31,31,0,320,53.905017,160.983004,174.697385,1,-4.811601,-0.291245,0.041461,0.006328,0.797164,0.051023,0.601569
685,1785980861767198166,2,605,267,0.441322,0.895833,136,103.698495,62.270931,384,374,30,30,0,319,53.871309,165.969426,183.510636,1,-4.804101,-0.293143,0.054470,0.001837,0.799755,0.046011,0.598558
686,1785980861857200624,2,605,268,0.442975,0.958333,126,103.564785,62.029804,384,373,32,32,0,316,53.808808,165.594589,182.209707,1,-4.805851,-0.185488,0.090635,0.008154,0.804157,0.035778,0.593284
687,1785980862037199666,2,605,288,0.476033,0.916667,198,99.939958,63.422274,384,376,23,23,0,325,53.804390,163.362232,179.549346,1,-4.808825,-0.095395,0.045218,0.013774,0.805529,0.027320,0.591766
688,1785980862127202541,2,605,268,0.442975,0.979167,154,98.011564,62.161805,384,377,22,22,0,327,53.575763,160.173369,178.541294,1,-4.804551,-0.100555,0.019340,0.018091,0.806035,0.033397,0.590648
689,1785980862217201332,2,605,264,0.436364,0.916667,145,99.312743,62.023219,384,379,22,22,0,331,53.633930,161.335962,181.943369,1,-4.799995,-0.107267,-0.001806,0.020219,0.806971,0.037172,0.589074
690,1785980862307202791,2,605,245,0.404959,0.937500,150,99.499120,62.230179,384,377,27,27,0,309,53.932725,161.729299,181.086527,1,-4.792789,-0.053724,-0.037083,0.026745,0.807514,0.037465,0.588050
691,1785980862397202958,2,605,245,0.404959,0.916667,123,104.634919,61.881009,378,368,20,19,1,323,53.472387,166.515928,183.731594,1,-4.795487,0.073513,-0.037126,0.036538,0.809046,0.029089,0.585886
692,1785980862487202041,2,605,260,0.429752,0.958333,107,110.513476,61.740674,384,372,26,26,0,327,53.093300,172.254150,187.742674,1,-4.795650,0.116049,-0.086211,0.042356,0.807931,0.029682,0.587002
693,1785980862577203458,2,605,259,0.428099,0.937500,180,104.468708,61.654174,365,358,24,24,0,318,52.965173,166.122882,181.547195,1,-4.792446,0.129076,-0.111273,0.047346,0.808170,0.034485,0.586030
694,1785980862667201541,2,605,250,0.413223,0.979167,120,105.029796,61.672382,372,362,24,22,2,311,53.768806,166.702178,184.636100,1,-4.788784,0.128172,-0.141259,0.051399,0.808186,0.040756,0.585262
695,1785980862757203833,2,605,256,0.423140,0.937500,119,98.965573,62.400139,383,373,29,28,1,316,54.463438,161.365712,177.581200,1,-4.787688,0.147537,-0.172074,0.050075,0.808564,0.036168,0.585157
696,1785980862847201874,2,605,254,0.419835,0.958333,177,103.299572,62.455514,381,373,31,31,0,320,54.073143,165.755086,181.679447,1,-4.785527,0.147314,-0.206544,0.048514,0.807922,0.036907,0.586128
697,1785980862937203499,2,605,253,0.418182,0.958333,138,100.361419,61.945676,384,376,28,28,0,320,53.900765,162.307095,180.590603,1,-4.783033,0.138052,-0.255297,0.047297,0.807058,0.037541,0.587376
698,1785980863027205125,2,605,260,0.429752,0.979167,125,97.723184,62.432763,384,378,30,30,0,325,54.280643,160.155947,177.139151,1,-4.780627,0.110524,-0.292898,0.044798,0.807081,0.039501,0.587413
699,1785980863117207250,2,605,261,0.431405,0.979167,196,98.441066,61.880008,384,373,29,28,1,327,53.622720,160.321074,176.183101,1,-4.778447,0.131902,-0.348056,0.042830,0.805638,0.034451,0.589853
700,1785980863207205166,2,605,261,0.431405,0.958333,137,101.677138,62.149011,384,377,24,24,0,329,53.895807,163.826149,183.311835,1,-4.776893,0.141389,-0.386548,0.039748,0.805372,0.028790,0.590734
701,1785980863297205750,2,605,267,0.441322,0.958333,109,102.794899,62.403554,373,362,28,28,0,310,53.833348,165.198453,181.869155,1,-4.773685,0.159889,-0.444756,0.037893,0.803959,0.023401,0.593015
702,1785980863387204958,2,605,281,0.464463,0.958333,193,102.716856,63.631983,381,373,26,26,0,316,54.664939,166.348839,182.689579,1,-4.770246,0.117295,-0.488874,0.030497,0.803387,0.020686,0.594317
703,1785980863477207708,2,605,267,0.441322,0.958333,146,97.401056,62.349470,384,378,22,22,0,325,53.962224,159.750526,180.120970,1,-4.767883,0.161387,-0.520189,0.032979,0.803403,0.016320,0.594298
704,1785980863567206875,2,605,256,0.423140,0.958333,122,99.262989,62.300886,384,376,22,22,0,330,54.178308,161.563875,178.360452,1,-4.765302,0.182961,-0.569806,0.033375,0.802414,0.013351,0.595684
705,1785980863657205666,2,605,251,0.414876,0.937500,125,99.955496,62.175177,384,377,20,20,0,325,54.037932,162.130673,178.468619,1,-4.761100,0.171979,-0.612955,0.033597,0.801665,0.015989,0.596614
706,1785980863747207375,2,605,265,0.438017,1.000000,189,109.741214,62.798766,384,379,21,21,0,331,53.840473,172.539980,188.495632,1,-4.755246,0.162447,-0.662472,0.037627,0.800786,0.024778,0.597254
707,1785980863837206458,2,605,275,0.454545,0.937500,208,101.691637,62.996892,384,375,27,27,0,312,54.500312,164.688529,185.795065,1,-4.751943,0.172164,-0.693144,0.040484,0.800917,0.028067,0.596745
708,1785980863927209125,2,605,248,0.409917,0.958333,152,97.134844,61.900382,374,362,19,19,0,306,53.790264,159.035226,178.962916,1,-4.752084,0.177831,-0.719710,0.038196,0.801385,0.023843,0.596451
709,1785980864017208417,2,605,282,0.466116,1.000000,206,102.898689,62.537971,384,378,29,29,0,321,54.011098,165.436660,183.823627,1,-4.746922,0.167277,-0.771831,0.035922,0.800236,0.023017,0.598166
710,1785980864107210292,2,605,272,0.449587,0.958333,150,98.067602,62.223635,384,381,21,21,0,332,53.515677,160.291237,181.166560,1,-4.737443,0.068604,-0.826275,0.024444,0.799224,0.024577,0.600032
711,1785980864197209250,2,605,264,0.436364,0.958333,134,98.471605,62.809057,381,378,24,24,0,319,54.436727,161.280662,179.518919,1,-4.734220,0.058666,-0.848409,0.024705,0.800020,0.027349,0.598841
712,1785980864287210417,2,605,257,0.424793,0.937500,114,100.606208,61.390126,368,354,20,20,0,316,53.178923,161.996334,178.509951,1,-4.735753,0.136202,-0.877447,0.038283,0.800185,0.034568,0.597531
713,1785980864377210875,2,605,246,0.406612,0.958333,177,99.071402,61.746838,364,343,20,20,0,305,53.297799,160.818240,176.658017,1,-4.733449,0.195673,-0.883950,0.045448,0.801532,0.035249,0.595180
714,1785980864467209875,2,605,263,0.434711,0.958333,137,99.799409,62.212925,381,371,24,24,0,322,53.783887,162.012334,181.634604,1,-4.729136,0.189483,-0.925349,0.044917,0.801052,0.036113,0.595814
715,1785980864557210459,2,605,257,0.424793,0.979167,206,98.295310,61.919465,384,373,23,21,2,325,53.611885,160.214775,179.250414,1,-4.728488,0.217949,-0.943551,0.051539,0.801672,0.042472,0.594021
716,1785980864647210167,2,605,251,0.414876,0.979167,151,104.930873,61.798963,384,373,26,26,0,317,53.932138,166.729836,187.300949,1,-4.729590,0.275749,-0.951699,0.057757,0.802779,0.042136,0.591975
717,1785980864737212792,2,605,250,0.413223,0.958333,202,101.582717,61.440085,384,375,25,25,0,323,53.577843,163.022802,182.878824,1,-4.726948,0.268629,-0.987345,0.055837,0.802866,0.040666,0.592144
718,1785980864827211084,2,605,250,0.413223,0.958333,148,104.085282,61.351584,376,370,28,28,0,318,53.569427,165.436866,184.878884,1,-4.728494,0.327796,-1.000069,0.060493,0.803782,0.037090,0.590678
719,1785980864917213709,2,605,247,0.408264,1.000000,131,101.581925,61.858797,384,374,29,28,1,319,53.931972,163.440722,181.075098,1,-4.720453,0.372888,-1.063244,0.058521,0.802057,0.023818,0.593896
720,1785980865007213750,2,605,260,0.429752,0.979167,119,98.743147,62.339259,384,377,33,33,0,307,54.294475,161.082406,178.667781,1,-4.713564,0.366640,-1.125164,0.054583,0.800491,0.018560,0.596565
721,1785980865097213292,2,605,303,0.500826,0.979167,201,102.921062,63.596438,384,376,25,25,0,319,54.209682,166.517500,183.911372,1,-4.710883,0.351187,-1.164520,0.049214,0.800506,0.011863,0.597183
722,1785980865187215251,2,605,290,0.479339,0.958333,164,103.938863,62.843764,384,380,31,31,0,323,54.013138,166.782627,189.193422,1,-4.704180,0.296343,-1.225502,0.043571,0.799047,0.013772,0.599530
723,1785980865277214084,2,605,296,0.489256,0.979167,149,103.557234,63.385978,384,379,34,33,1,312,54.273474,166.943212,187.537532,1,-4.689706,0.224834,-1.309199,0.037355,0.796207,0.018337,0.603592
724,1785980865367213584,2,605,267,0.441322,0.937500,193,97.307758,62.629179,384,377,25,25,0,318,54.405475,159.936937,178.868158,1,-4.696755,0.214578,-1.305820,0.038896,0.798745,0.023647,0.599945
725,1785980865457214417,2,605,267,0.441322,0.937500,140,100.608456,62.566636,371,357,27,26,1,291,54.122846,163.175092,182.698943,1,-4.697275,0.311747,-1.325665,0.049994,0.799101,0.024218,0.598625
726,1785980865547219334,2,605,250,0.413223,0.979167,190,98.600227,61.722835,383,376,23,22,1,323,53.726676,160.323062,179.655621,1,-4.687436,0.324916,-1.385860,0.055931,0.797252,0.034892,0.600037
727,1785980865637217709,2,605,228,0.376860,0.916667,147,97.517467,60.960995,384,373,21,20,1,329,53.490007,158.478462,180.504004,1,-4.681016,0.320113,-1.431460,0.057486,0.796513,0.040453,0.600521
728,1785980865727215584,2,605,233,0.385124,0.916667,131,99.298733,61.440625,383,377,23,22,1,325,53.858594,160.739358,180.008125,1,-4.684543,0.378950,-1.438660,0.063004,0.797803,0.038203,0.598399
729,1785980865817215668,2,605,253,0.418182,0.958333,193,97.699427,61.551251,378,366,24,23,1,323,53.348673,159.250678,177.142056,1,-4.678143,0.361991,-1.492857,0.062449,0.796489,0.042794,0.599896
730,1785980865907214209,2,605,217,0.358678,0.916667,132,104.818161,60.584700,363,354,20,19,1,309,53.311631,165.402861,185.715887,1,-4.671917,0.335004,-1.540858,0.059128,0.795904,0.043025,0.600991
731,1785980865997215501,2,605,240,0.396694,0.958333,112,101.187750,61.266955,370,360,25,25,0,311,53.631133,162.454705,180.189916,1,-4.666383,0.320046,-1.585534,0.056368,0.795385,0.041067,0.602079
732,1785980866087217168,2,605,248,0.409917,0.958333,182,98.698685,61.637709,376,365,28,28,0,311,53.811427,160.336394,176.650049,1,-4.655607,0.325239,-1.645312,0.053675,0.793863,0.034032,0.604767
733,1785980866177217959,2,605,257,0.424793,0.937500,214,98.931979,62.004754,376,370,28,28,0,317,53.905927,160.936733,182.330561,1,-4.647182,0.279409,-1.698997,0.048659,0.792888,0.034497,0.606441
734,1785980866267218959,2,605,272,0.449587,0.958333,164,100.697579,62.122339,384,372,26,25,1,324,53.714634,162.819918,186.062180,1,-4.632855,0.228050,-1.768673,0.041916,0.791032,0.031997,0.609498
735,1785980866357217793,2,605,269,0.444628,0.979167,129,98.601518,62.540218,384,378,24,22,2,322,53.825469,161.141736,179.034946,1,-4.628156,0.223360,-1.808105,0.041282,0.790816,0.031639,0.609840
736,1785980866447216834,2,605,257,0.424793,0.937500,187,98.092638,62.691427,376,368,26,26,0,299,54.343181,160.784065,178.734193,1,-4.626706,0.238372,-1.842800,0.041318,0.790793,0.027441,0.610071
737,1785980866537218793,2,605,285,0.471074,0.958333,135,100.254241,62.914678,384,379,30,30,0,312,54.108970,163.168919,182.698895,1,-4.620333,0.235160,-1.888373,0.039486,0.790047,0.023490,0.611323
738,1785980866627220376,2,605,280,0.462810,0.937500,113,95.881074,62.558258,384,373,30,29,1,321,53.798592,158.439332,177.869308,1,-4.610194,0.217814,-1.944282,0.037311,0.788439,0.024008,0.613511
739,1785980866717221876,2,605,257,0.424793,0.979167,117,102.710847,62.215381,377,370,19,19,0,330,53.596299,164.926228,181.932013,1,-4.598615,0.227212,-1.995864,0.038155,0.786684,0.024978,0.615669
740,1785980866807223960,2,605,257,0.424793,1.000000,195,104.743533,62.508133,381,372,17,17,0,333,53.571631,167.251666,184.759540,1,-4.623928,0.224244,-1.922775,0.038125,0.791486,0.024955,0.609487
741,1785980866897219876,2,605,276,0.456198,0.979167,168,97.020376,62.391007,378,370,25,25,0,312,53.872218,159.411383,181.677886,1,-4.629791,0.235443,-1.903022,0.038210,0.792184,0.021118,0.608718
742,1785980866987221585,2,605,277,0.457851,1.000000,144,97.097543,63.022304,384,377,22,22,0,320,54.208637,160.119847,180.019076,1,-4.661572,0.213356,-1.800918,0.036848,0.798723,0.022682,0.600141
743,1785980867077222335,2,605,276,0.456198,1.000000,140,97.664798,63.569517,384,368,22,22,0,315,53.938510,161.234315,181.008918,1,-4.679688,0.206900,-1.740493,0.036729,0.802629,0.023587,0.594879
744,1785980867167222376,2,605,267,0.441322,0.958333,133,105.041660,62.711676,384,368,25,25,0,316,53.566131,167.753336,186.799681,1,-4.708009,0.200528,-1.639023,0.036459,0.808967,0.023579,0.586248
745,1785980867257229335,2,605,250,0.413223,0.916667,125,102.605719,62.441673,384,370,21,21,0,320,53.716799,165.047392,183.757444,1,-4.743345,0.195086,-1.497083,0.036832,0.817575,0.024964,0.574101
746,1785980867347224168,2,605,264,0.436364,0.937500,119,102.234591,62.886511,384,377,20,20,0,330,53.764717,165.121102,183.161481,1,-4.775235,0.188081,-1.346628,0.037730,0.826526,0.027473,0.560961
747,1785980867437223668,2,605,259,0.428099,1.000000,183,104.067024,62.696549,384,371,24,24,0,314,53.892759,166.763573,184.894121,1,-4.800408,0.171485,-1.213898,0.037675,0.834240,0.029901,0.549299
748,1785980867527225002,2,605,272,0.449587,0.937500,136,99.957944,62.301546,369,363,22,22,0,313,53.638298,162.259490,183.035477,1,-4.822751,0.157680,-1.071383,0.038257,0.842218,0.033256,0.536748
749,1785980867617224752,2,605,265,0.438017,0.937500,129,97.463044,62.020626,377,368,26,25,1,321,53.746840,159.483670,178.223265,1,-4.842597,0.141160,-0.904806,0.038855,0.851261,0.036665,0.522016
750,1785980867707226168,2,605,264,0.436364,0.979167,117,96.828206,62.200712,377,367,26,26,0,315,53.793674,159.028918,176.125328,1,-4.855543,0.114245,-0.756317,0.038087,0.859186,0.039468,0.508716
751,1785980867797227002,2,605,254,0.419835,0.958333,106,102.264757,62.303838,381,368,27,26,1,309,53.767841,164.568595,181.418712,1,-4.862916,0.099388,-0.628932,0.037945,0.865772,0.041173,0.497297
752,1785980867887226293,2,604,259,0.428808,0.958333,95,108.031269,62.228837,384,368,37,37,0,305,53.827425,170.260106,186.070506,1,-4.867674,0.085577,-0.519167,0.037535,0.871394,0.041947,0.487344
753,1785980867977227544,2,605,265,0.438017,0.958333,166,101.240329,62.779675,383,373,25,25,0,315,53.793049,164.020004,180.970955,1,-4.869637,0.079793,-0.388676,0.038057,0.877791,0.042697,0.475617
754,1785980868067228835,2,605,280,0.462810,0.958333,125,99.567772,62.534339,384,373,30,29,1,314,53.788923,162.102111,182.456135,1,-4.866406,0.048467,-0.236893,0.036997,0.885072,0.045605,0.461734
755,1785980868157227835,2,605,263,0.434711,0.958333,118,99.280602,62.457422,381,371,18,18,0,311,53.953091,161.738024,180.195739,1,-4.859924,0.025704,-0.097103,0.035946,0.891648,0.046648,0.448883
756,1785980868247227169,2,605,254,0.419835,0.958333,171,98.870807,62.620965,384,374,21,21,0,322,53.781548,161.491772,177.775925,1,-4.848309,0.010666,0.039989,0.035286,0.897818,0.047214,0.436405
757,1785980868337228127,2,605,259,0.428099,0.958333,127,102.738551,61.901459,382,373,24,23,1,326,53.540963,164.640010,184.268070,1,-4.833560,-0.001877,0.185139,0.035275,0.904226,0.048165,0.422860
758,1785980868427227252,2,605,283,0.467769,0.958333,122,98.507470,62.833883,384,375,28,26,2,325,53.265002,161.341353,178.880393,1,-4.813519,-0.016519,0.326326,0.035339,0.910278,0.049490,0.409507
759,1785980868517226002,2,605,261,0.431405,0.958333,100,100.836449,62.503922,376,367,29,29,0,314,53.641505,163.340371,179.463980,1,-4.788549,-0.034396,0.469535,0.035194,0.916270,0.050902,0.395751
760,1785980868607228461,2,605,271,0.447934,0.958333,90,100.024649,62.413754,384,374,32,31,1,318,53.667380,162.438403,177.134750,1,-4.758740,-0.043941,0.618162,0.036072,0.922211,0.052482,0.381407
761,1785980868697226627,2,604,253,0.418874,0.916667,94,104.477650,62.436546,384,372,22,22,0,322,53.751839,166.914196,182.347132,1,-4.725739,-0.059004,0.766441,0.036472,0.927957,0.054045,0.366940
762,1785980868787227669,2,605,269,0.444628,0.958333,147,103.851727,63.159427,384,375,19,19,0,329,53.844506,167.011154,182.089463,1,-4.689221,-0.076247,0.900458,0.036074,0.933126,0.054603,0.353543
763,1785980868967229877,2,605,258,0.426446,0.916667,106,102.352838,62.447546,384,374,20,20,0,326,53.971508,164.800384,182.893679,1,-4.603561,-0.117364,1.175810,0.034025,0.943200,0.055695,0.325752
764,1785980869057229377,2,605,282,0.466116,0.916667,110,96.612700,62.525963,371,361,16,16,0,314,53.647671,159.138663,177.704003,1,-4.557638,-0.141419,1.299709,0.033007,0.947502,0.057029,0.312887
765,1785980869147225461,2,604,257,0.425497,0.895833,97,96.649574,62.285460,381,367,20,20,0,321,53.437543,158.935034,174.063302,1,-4.512372,-0.152597,1.419899,0.033261,0.951473,0.058015,0.300378
766,1785980869237229919,2,605,247,0.408264,0.937500,86,102.268961,62.067500,384,371,22,21,1,319,53.504378,164.336461,179.757939,1,-4.457077,-0.157022,1.551234,0.034186,0.955690,0.058461,0.286480
767,1785980869327232044,2,607,260,0.428336,0.916667,158,100.863031,62.599171,380,374,31,30,1,308,53.863423,163.462202,179.003599,1,-4.392972,-0.175032,1.691546,0.034076,0.960100,0.059312,0.271161
768,1785980869417232336,2,605,256,0.423140,0.916667,129,95.553856,61.896498,380,371,21,20,1,324,53.744672,157.450354,175.722776,1,-4.323424,-0.200797,1.831061,0.033364,0.964273,0.060972,0.255629
769,1785980869507228836,2,605,249,0.411570,0.937500,113,95.675899,62.112833,380,373,30,30,0,314,53.844130,157.788732,175.247145,1,-4.262892,-0.210872,1.944145,0.033313,0.967533,0.061091,0.242976
770,1785980869597230378,2,605,253,0.418182,0.916667,113,99.138389,63.026549,384,379,20,19,1,328,54.092924,162.164938,178.540508,1,-4.191711,-0.229396,2.069954,0.032336,0.971008,0.061494,0.228729
771,1785980869687227169,2,605,262,0.433058,0.916667,108,99.293890,62.240542,384,372,26,26,0,322,53.340293,161.534432,178.241047,1,-4.135689,-0.241124,2.161194,0.031357,0.973514,0.061118,0.218066
772,1785980869777234211,2,605,253,0.418182,0.895833,93,100.129898,62.395669,382,379,26,26,0,324,53.672670,162.525567,178.520091,1,-4.073515,-0.244413,2.259929,0.031254,0.976080,0.060432,0.206491
773,1785980869867233294,2,607,263,0.433278,0.916667,162,100.159232,62.775631,384,377,22,21,1,328,53.724338,162.934863,178.744678,1,-3.990540,-0.241412,2.385734,0.032031,0.979174,0.059379,0.191485
774,1785980869957228211,2,605,279,0.461157,0.958333,128,96.390696,62.540878,384,374,33,33,0,309,53.926006,158.931574,177.812502,1,-3.885990,-0.242593,2.531911,0.033227,0.982497,0.059097,0.173504
775,1785980870047229461,2,605,248,0.409917,0.937500,100,95.087016,62.219124,384,376,29,29,0,318,53.686961,157.306140,173.526626,1,-3.793324,-0.259324,2.651247,0.032801,0.985038,0.059759,0.158280
776,1785980870137231336,2,605,249,0.411570,0.958333,107,94.997640,62.294209,384,378,29,29,0,323,53.723420,157.291849,173.167414,1,-3.729826,-0.257850,2.731329,0.033671,0.986653,0.059394,0.147831
777,1785980870227233170,2,605,265,0.438017,0.979167,174,97.011909,62.716546,384,379,34,33,1,317,53.830296,159.728455,177.981584,1,-3.656388,-0.267390,2.816876,0.032664,0.988340,0.058868,0.136568
778,1785980870317233170,2,604,267,0.442053,0.895833,124,89.623507,62.388835,384,376,18,17,1,329,53.556669,152.012342,171.136311,1,-3.564760,-0.271116,2.920063,0.032471,0.990206,0.058114,0.122719
779,1785980870407233003,2,607,285,0.469522,0.916667,123,96.744698,63.608096,384,373,16,14,2,324,53.604377,160.352794,176.727365,1,-3.461424,-0.280175,3.026721,0.032185,0.991951,0.058019,0.107844
780,1785980870497232503,2,606,270,0.445545,0.937500,103,90.247303,63.095216,384,374,26,25,1,320,53.830712,153.342519,169.356170,1,-3.352634,-0.282675,3.135406,0.032847,0.993524,0.057649,0.092242
781,1785980870587237836,2,604,246,0.407285,0.854167,83,95.740520,62.542210,380,366,19,18,1,319,53.781004,158.282730,173.428664,1,-3.237473,-0.292805,3.240802,0.033263,0.994834,0.058106,0.076310
782,1785980870677235795,2,606,257,0.424092,0.937500,161,89.285627,62.693212,384,375,25,25,0,326,53.721503,151.978839,166.025804,1,-3.117825,-0.304560,3.345445,0.033842,0.995905,0.058669,0.059891
783,1785980870767235628,2,604,252,0.417219,0.895833,121,90.931601,61.944121,384,366,24,24,0,320,53.718794,152.875722,170.643638,1,-3.018505,-0.321947,3.425519,0.033432,0.996565,0.059582,0.046796
784,1785980870857236295,2,605,256,0.423140,0.916667,103,88.054199,62.374042,384,371,23,23,0,326,53.582251,150.428241,166.727144,1,-2.903363,-0.350052,3.510669,0.032700,0.997042,0.061640,0.032220
785,1785980870947238420,2,606,256,0.422442,0.895833,104,91.753608,62.656878,384,371,18,17,1,324,53.701002,154.410486,170.405761,1,-2.783747,-0.375460,3.594397,0.032325,0.997313,0.063499,0.017037
786,1785980871037237378,2,605,267,0.441322,0.937500,169,86.830270,63.144798,384,373,20,19,1,318,53.847045,149.975068,166.191262,1,-2.675616,-0.377460,3.668231,0.033114,0.997449,0.063142,0.003569
787,1785980871127237337,2,604,279,0.461921,0.937500,121,83.336612,62.782253,380,364,21,20,1,310,53.745294,146.118865,163.412610,1,-2.553266,-0.381031,3.748094,0.033593,0.997393,0.062845,-0.011335
788,1785980871217236337,2,604,277,0.458609,0.937500,183,85.952886,62.820920,379,371,20,20,0,327,53.338582,148.773806,165.520422,1,-2.434816,-0.377442,3.820683,0.033757,0.997216,0.061441,-0.025416
789,1785980871307237337,2,603,236,0.391376,0.895833,120,82.217809,61.744827,384,373,19,19,0,320,53.723294,143.962636,161.396549,1,-2.306233,-0.379332,3.894447,0.033552,0.996787,0.060452,-0.040443
790,1785980871397239462,2,608,245,0.402961,0.812500,114,83.991618,62.117830,379,370,19,19,0,328,53.377207,146.109448,162.718562,1,-2.186953,-0.382726,3.958051,0.032557,0.996241,0.059384,-0.054016
791,1785980871487240795,2,603,229,0.379768,0.916667,115,86.680685,61.514824,378,369,26,26,0,320,53.515125,148.195509,165.939966,1,-2.090599,-0.383909,4.006190,0.031990,0.995662,0.058392,-0.064999
792,1785980871577239129,2,603,241,0.399668,0.895833,159,88.757411,61.932703,371,363,13,13,0,329,53.131329,150.690114,166.992224,1,-1.960853,-0.394942,4.065004,0.031108,0.994641,0.058341,-0.079485
793,1785980871667238587,2,605,233,0.385124,0.854167,112,85.297754,61.555532,377,371,20,18,2,328,53.803418,146.853286,163.157230,1,-1.804956,-0.417298,4.128911,0.029573,0.993125,0.059099,-0.096624
794,1785980871757240129,2,604,246,0.407285,0.833333,111,86.743601,62.458458,384,378,12,12,0,343,53.618333,149.202059,165.118333,1,-1.672431,-0.419069,4.178454,0.028750,0.991714,0.057961,-0.110985
795,1785980871847239420,2,606,274,0.452145,0.958333,168,87.940278,63.006337,384,377,24,24,0,330,53.681917,150.946615,165.701046,1,-1.492138,-0.422784,4.233005,0.029147,0.989380,0.057515,-0.130267
796,1785980871937240337,2,607,232,0.382208,0.854167,90,84.564789,61.195946,384,376,24,24,0,332,53.790627,145.760735,161.806385,1,-1.275051,-0.434270,4.283043,0.027104,0.986233,0.056795,-0.152920
797,1785980872027242545,2,603,229,0.379768,0.895833,76,91.091225,61.819159,384,373,27,27,0,324,53.837877,152.910384,164.757161,1,-1.074371,-0.465941,4.307346,0.027221,0.982551,0.059853,-0.173982
798,1785980872117243004,2,605,256,0.423140,0.916667,150,88.144196,62.651542,367,353,19,19,0,306,53.639166,150.795738,163.069144,1,-0.902190,-0.403868,4.321819,0.029425,0.979642,0.053094,-0.191355
799,1785980872207241671,2,604,251,0.415563,0.958333,97,85.678965,62.283747,384,377,27,27,0,323,54.318298,147.962712,160.752581,1,-0.789988,-0.391467,4.307798,0.031409,0.977331,0.052011,-0.202809
800,1785980872297244796,2,605,257,0.424793,0.958333,164,87.012060,62.544791,370,367,30,30,0,318,53.676042,149.556851,162.258762,1,-0.747360,-0.357204,4.285009,0.028017,0.976950,0.046751,-0.206391
801,1785980872387241754,2,604,227,0.375828,0.937500,123,83.766364,61.512989,376,370,19,19,0,321,53.836544,145.279353,162.787641,1,-0.739715,-0.300066,4.258245,0.029415,0.977106,0.040699,-0.206741
802,1785980872477242087,2,604,263,0.435430,0.958333,183,83.838198,62.921045,373,366,22,22,0,316,53.898127,146.759243,161.525339,1,-0.792280,-0.228833,4.223835,0.032698,0.978495,0.034173,-0.200776
803,1785980872567240837,2,603,251,0.416252,0.895833,123,82.611894,61.930410,382,368,21,21,0,323,53.655541,144.542304,162.317135,1,-0.843733,-0.190993,4.186383,0.033909,0.979738,0.030690,-0.194990
804,1785980872657243921,2,601,279,0.464226,0.937500,201,81.682593,63.308005,384,377,30,29,1,315,53.998211,144.990598,160.531910,1,-0.888681,-0.208433,4.141854,0.036491,0.980429,0.034468,-0.190364
805,1785980872747245712,2,602,255,0.423588,0.937500,147,80.613000,62.088786,380,373,21,20,1,329,53.617207,142.701786,161.466669,1,-0.913338,-0.241023,4.097593,0.036688,0.980766,0.039222,-0.187654
806,1785980872837243754,2,603,228,0.378109,0.916667,182,84.481495,61.703949,371,359,21,21,0,316,53.479955,146.185444,162.643305,1,-0.967573,-0.295146,4.042845,0.034294,0.981726,0.045353,-0.181609
807,1785980872927243004,2,603,239,0.396352,0.916667,143,81.806512,61.480030,374,365,19,19,0,324,53.515582,143.286542,162.989599,1,-1.009511,-0.374657,3.984210,0.030071,0.982328,0.053768,-0.176741
808,1785980873017243254,2,605,242,0.400000,0.937500,175,82.513143,61.964659,367,355,25,25,0,309,53.339745,144.477802,161.091706,1,-1.104130,-0.395071,3.915740,0.025799,0.984411,0.055494,-0.164894
809,1785980873107242088,2,604,233,0.385762,0.895833,133,81.510633,61.227735,370,363,25,25,0,320,53.449288,142.738368,158.442555,1,-1.099124,-0.372881,3.886794,0.016078,0.985133,0.048797,-0.163931
810,1785980873197243504,2,603,248,0.411277,0.875000,210,78.755065,62.307662,383,369,21,20,1,324,53.604998,141.062727,159.127645,1,-1.078810,-0.343184,3.864692,0.008417,0.985354,0.041994,-0.165055
811,1785980873287243796,2,604,243,0.402318,0.895833,132,81.379256,62.029743,380,367,14,14,0,324,53.683791,143.408999,162.843471,1,-1.075373,-0.338897,3.832743,0.003690,0.985548,0.039759,-0.164623
812,1785980873377242921,2,602,248,0.411960,0.895833,203,78.518771,61.647573,379,367,14,14,0,333,53.389538,140.166344,157.477838,1,-1.053046,-0.347224,3.803090,0.006998,0.984972,0.042557,-0.167244
813,1785980873467245171,2,603,231,0.383085,0.875000,127,81.847468,61.402154,379,371,18,18,0,325,53.555706,143.249622,161.210915,1,-1.018462,-0.322553,3.777561,0.013185,0.984158,0.042243,-0.171682
814,1785980873557246005,2,601,252,0.419301,0.937500,218,82.215180,61.939325,376,365,22,22,0,317,53.524705,144.154505,161.512915,1,-0.991221,-0.330298,3.748842,0.020711,0.983148,0.046636,-0.175544
815,1785980873647243463,2,602,231,0.383721,0.875000,141,81.150003,61.412819,377,366,15,15,0,330,53.378162,142.562822,161.824002,1,-0.977213,-0.338311,3.715182,0.028363,0.982336,0.051299,-0.177705
816,1785980873737247546,2,602,228,0.378738,0.854167,178,80.145661,61.249568,371,360,18,18,0,323,53.502997,141.395229,157.349626,1,-0.937917,-0.349806,3.684257,0.036395,0.980817,0.056018,-0.183129
817,1785980873827248255,2,603,217,0.359867,0.875000,136,81.836843,60.532937,359,349,18,18,0,305,53.041825,142.369780,159.337728,1,-0.922292,-0.310252,3.659120,0.043574,0.980246,0.053990,-0.185212
818,1785980873917251171,2,602,236,0.392027,0.895833,182,81.384880,61.456237,384,379,19,19,0,337,53.539956,142.841117,158.133300,1,-0.895676,-0.242225,3.641639,0.045985,0.980054,0.045761,-0.187847
819,1785980874007248421,2,602,243,0.403654,0.895833,208,81.078544,61.898115,366,357,29,29,0,298,54.146377,142.976659,160.821615,1,-0.907038,-0.179807,3.615364,0.044054,0.980963,0.036962,-0.185486
820,1785980874097246963,2,602,218,0.362126,0.833333,144,83.122020,61.039649,377,369,20,19,1,326,53.611997,144.161669,165.435075,1,-0.887883,-0.158229,3.590776,0.039965,0.981002,0.032460,-0.187042
821,1785980874187246755,2,602,243,0.403654,0.937500,192,77.888471,61.158359,369,360,16,15,1,323,53.200618,139.046830,155.618858,1,-0.862981,-0.152542,3.561014,0.041345,0.980371,0.032763,-0.189975
822,1785980874277249380,2,608,227,0.373355,0.916667,135,81.107126,61.475027,356,348,11,11,0,308,53.546538,142.582153,160.457112,1,-0.866758,-0.105695,3.531034,0.040370,0.980865,0.026273,-0.188638
823,1785980874367250005,2,605,236,0.390083,0.916667,115,81.659673,60.810188,365,352,20,20,0,313,53.098992,142.469861,157.782045,1,-0.869396,-0.025381,3.503142,0.043988,0.981075,0.017010,-0.187795
824,1785980874457252172,2,606,236,0.389439,0.937500,180,85.817253,61.650446,374,362,17,17,0,334,53.091992,147.467699,162.265337,1,-0.887205,0.003789,3.465602,0.042217,0.981761,0.012310,-0.184965
825,1785980874547250255,2,604,257,0.425497,0.937500,125,77.961222,61.441819,356,345,17,17,0,315,52.801614,139.403041,156.724033,1,-0.911785,0.005845,3.424008,0.037859,0.982683,0.010422,-0.181084
826,1785980874637250463,2,603,234,0.388060,0.937500,120,80.386910,60.916314,384,369,17,17,0,339,53.093992,141.303224,156.321821,1,-0.907870,0.008273,3.389246,0.039351,0.982552,0.011050,-0.181440
827,1785980874727250922,2,606,239,0.394389,0.895833,113,81.680672,61.803322,373,367,14,14,0,336,53.079241,143.483994,157.990212,1,-0.913263,0.010286,3.356694,0.045905,0.982292,0.014474,-0.181069
828,1785980874817253130,2,605,235,0.388430,0.875000,175,80.956249,61.871240,377,365,14,14,0,338,53.167909,142.827489,158.128421,1,-0.932289,0.028160,3.315317,0.050902,0.982521,0.014074,-0.178506
829,1785980874907251172,2,604,242,0.400662,0.854167,186,78.954689,61.244067,371,362,16,15,1,327,53.289034,140.198756,155.045976,1,-0.960749,-0.099316,3.260259,0.039277,0.983549,0.027754,-0.174122
830,1785980874997252339,2,604,220,0.364238,0.833333,135,76.768543,60.902730,373,360,20,20,0,317,53.346660,137.671273,156.530572,1,-0.947594,-0.232642,3.211167,0.032400,0.982864,0.045278,-0.175723
831,1785980875087251089,2,603,213,0.353234,0.854167,113,80.336367,60.700019,375,364,22,21,1,320,53.608787,141.036386,157.775833,1,-0.988610,-0.227913,3.162926,0.028418,0.984211,0.043570,-0.169182
832,1785980875177253672,2,605,237,0.391736,0.875000,104,82.042175,61.321650,379,371,16,16,0,336,53.503453,143.363825,156.934533,1,-0.970333,-0.226573,3.135410,0.021414,0.984258,0.040367,-0.170726
833,1785980875267254172,2,605,246,0.406612,0.854167,171,81.112749,62.029364,379,369,21,21,0,331,53.312160,143.142113,156.836491,1,-0.946788,-0.221655,3.109455,0.018724,0.983935,0.038714,-0.173273
834,1785980875357252547,2,605,233,0.385124,0.916667,113,79.973197,61.384608,374,363,12,11,1,333,53.526453,141.357805,156.909366,1,-0.923932,-0.274014,3.073478,0.017108,0.983061,0.047029,-0.176311
835,1785980875447253589,2,605,200,0.330579,0.854167,86,79.763112,59.946804,372,359,19,19,0,327,53.142533,139.709916,153.352292,1,-0.896382,-0.258688,3.046183,0.019784,0.982352,0.046319,-0.180134
836,1785980875537254297,2,605,204,0.337190,0.875000,174,82.463177,60.488224,355,349,19,19,0,316,53.189908,142.951401,156.304983,1,-0.882158,-0.258699,3.013733,0.023291,0.981821,0.048496,-0.182024
837,1785980875627252631,2,605,216,0.357025,0.833333,107,80.048613,60.765061,370,360,12,12,0,328,53.347742,140.813674,156.406318,1,-0.860897,-0.207848,2.989129,0.027489,0.981451,0.042379,-0.184939
838,1785980875717255756,2,604,231,0.382450,0.854167,96,78.807102,60.941729,354,341,17,17,0,300,53.209033,139.748831,153.591834,1,-0.845716,-0.132934,2.969534,0.039265,0.980788,0.036073,-0.187649
839,1785980875807256006,2,603,241,0.399668,0.937500,177,81.331000,61.941322,375,366,19,19,0,325,53.418993,143.272322,157.277784,1,-0.842939,-0.072836,2.944230,0.053239,0.980015,0.033491,-0.188720
840,1785980875897254839,2,604,239,0.395695,0.895833,116,78.772685,61.755945,375,365,17,17,0,321,53.517786,140.528630,156.603820,1,-0.880280,-0.083425,2.898560,0.047274,0.981504,0.032590,-0.182629
841,1785980875987254381,2,605,242,0.400000,0.895833,105,76.422580,61.710736,369,366,19,19,0,321,53.660286,138.133316,153.231787,1,-0.903242,-0.078567,2.856322,0.040052,0.982808,0.028820,-0.177915
842,1785980876077255422,2,604,236,0.390728,0.875000,178,76.641623,61.534692,365,353,18,18,0,318,53.136031,138.176315,152.793991,1,-0.930317,-0.083136,2.810445,0.034804,0.983926,0.027261,-0.173020
843,1785980876167254339,2,604,250,0.413907,0.916667,128,77.383171,61.395274,348,335,22,22,0,295,52.916405,138.778445,155.876061,1,-0.946092,-0.131300,2.763425,0.025551,0.984712,0.031108,-0.169473
844,1785980876257256547,2,608,240,0.394737,0.895833,198,78.839935,61.185522,354,340,17,17,0,302,53.172240,140.025457,157.068238,1,-0.968350,-0.132364,2.719312,0.024005,0.985506,0.030680,-0.165110
845,1785980876347255381,2,605,216,0.357025,0.875000,134,77.120211,60.751601,363,355,20,20,0,318,53.335866,137.871812,156.242481,1,-0.961476,-0.170982,2.680427,0.019871,0.985332,0.036120,-0.165593
846,1785980876437260256,2,606,268,0.442244,0.854167,190,75.580905,62.427867,376,367,17,17,0,327,53.590869,138.008772,153.910084,1,-0.974594,-0.107429,2.649595,0.026119,0.985859,0.028340,-0.163085
847,1785980876527257048,2,603,241,0.399668,0.916667,132,76.372578,61.064937,352,341,18,18,0,303,52.975737,137.437515,154.431838,1,-0.954162,-0.131424,2.620940,0.017963,0.985650,0.028665,-0.165376
848,1785980876617255798,2,605,243,0.401653,0.875000,132,74.904148,61.723277,384,375,12,12,0,349,53.426075,136.627425,154.915842,1,-0.943269,-0.136156,2.590027,0.017647,0.985398,0.029842,-0.166701
849,1785980876707256214,2,605,261,0.431405,0.854167,124,78.019718,62.319657,371,357,16,16,0,314,53.443491,140.339375,162.308702,1,-0.933518,-0.118825,2.559687,0.017432,0.985336,0.026973,-0.167578
850,1785980876797261548,2,605,253,0.418182,0.854167,184,79.735900,62.617326,384,374,19,18,1,327,53.713577,142.353226,158.086163,1,-0.919276,-0.121775,2.529481,0.016700,0.985024,0.027732,-0.169349
851,1785980876887259923,2,605,261,0.431405,0.875000,135,74.509519,62.157905,375,366,21,20,1,320,53.686952,136.667424,155.478930,1,-0.908044,-0.147826,2.492911,0.010859,0.984900,0.029790,-0.170194
852,1785980876977260589,2,604,252,0.417219,0.895833,116,78.892725,61.745984,367,363,23,23,0,310,53.685409,140.638709,156.352145,1,-0.889955,-0.121489,2.467920,0.010725,0.984638,0.025176,-0.172450
853,1785980877067261631,2,606,267,0.440594,0.895833,201,76.664996,62.424156,376,366,16,16,0,324,53.642576,139.089152,155.684639,1,-0.873875,-0.082184,2.444348,0.015273,0.984274,0.020303,-0.174812
854,1785980877157263923,2,606,266,0.438944,0.916667,133,73.942804,62.570950,384,373,19,18,1,327,53.877286,136.513754,155.359719,1,-0.859777,-0.018449,2.423256,0.023003,0.983824,0.012303,-0.177229
855,1785980877247260923,2,604,259,0.428808,0.812500,126,72.984878,62.131279,384,377,22,22,0,332,53.616660,135.116157,152.252107,1,-0.864588,0.009866,2.389269,0.021377,0.984236,0.006140,-0.175455
856,1785980877337261173,2,606,256,0.422442,0.937500,179,72.079287,61.755234,384,378,22,21,1,339,53.391199,133.834521,149.353122,1,-0.835217,0.028379,2.365529,0.026493,0.983162,0.005300,-0.180728
857,1785980877427261881,2,607,244,0.401977,0.916667,142,71.646283,61.938653,384,377,15,15,0,334,53.804119,133.584936,152.505818,1,-0.813107,0.029963,2.346112,0.029642,0.982262,0.006879,-0.185030
858,1785980877517261381,2,605,249,0.411570,0.916667,117,73.412674,62.327155,384,377,18,18,0,332,53.884411,135.739829,153.859203,1,-0.814063,0.028997,2.330253,0.029452,0.982388,0.007429,-0.184365
859,1785980877607261798,2,603,260,0.431177,0.895833,113,73.116879,62.445490,384,378,17,17,0,331,53.581283,135.562369,150.849509,1,-0.805181,0.032623,2.324684,0.030036,0.982087,0.007051,-0.185884
860,1785980877697262632,2,604,246,0.407285,0.916667,119,73.009504,62.069153,372,364,11,11,0,332,53.052487,135.078657,150.635549,1,-0.830528,0.040444,2.315690,0.031688,0.982929,0.006584,-0.181119
861,1785980877787261923,2,606,222,0.366337,0.895833,112,76.814121,61.299938,365,347,10,10,0,318,52.995986,138.114059,152.911278,1,-0.865033,0.038337,2.302572,0.032291,0.984020,0.007492,-0.174945
862,1785980877877261298,2,605,230,0.380165,0.875000,101,76.441701,62.065986,381,377,10,10,0,341,53.714452,138.507687,151.766351,1,-0.944110,0.041223,2.274927,0.033482,0.986472,0.008223,-0.160262
863,1785980877967262632,2,607,237,0.390445,0.875000,95,77.522044,61.697940,384,378,20,19,1,335,53.564324,139.219984,153.385031,1,-1.043742,0.042802,2.235292,0.034962,0.989241,0.009692,-0.141723
864,1785980878057263840,2,603,246,0.407960,0.854167,103,78.433760,62.317446,384,377,17,15,2,341,53.539408,140.751206,155.418632,1,-1.111233,0.048099,2.204486,0.036719,0.990911,0.009774,-0.129045
865,1785980878147262173,2,602,248,0.411960,0.875000,99,76.572993,61.768816,384,375,17,16,1,343,53.155237,138.341809,153.093569,1,-1.174635,0.050629,2.177072,0.038248,0.992369,0.011282,-0.116675
866,1785980878237264090,2,607,254,0.418451,0.854167,102,73.945178,62.204904,384,376,11,11,0,346,53.231988,136.150082,152.338396,1,-1.211383,0.054361,2.158922,0.038492,0.993155,0.010752,-0.109751
867,1785980878327262923,2,605,246,0.406612,0.854167,108,77.188082,62.509114,384,377,13,13,0,341,53.522115,139.697196,154.853669,1,-1.195996,0.052091,2.165313,0.038179,0.992831,0.010686,-0.112757
868,1785980878417263090,2,603,246,0.407960,0.854167,94,80.197735,62.078819,383,376,18,18,0,344,53.418906,142.276554,157.348607,1,-1.161122,0.047934,2.181254,0.036946,0.992095,0.010340,-0.119482
869,1785980878507261840,2,602,250,0.415282,0.854167,163,76.376491,61.916650,384,375,14,13,1,344,53.146777,138.293141,154.048867,1,-1.134547,0.047084,2.198740,0.036224,0.991467,0.010325,-0.124800
870,1785980878597264424,2,603,239,0.396352,0.812500,134,72.744874,61.781732,384,379,12,11,1,348,53.548740,134.526606,153.377028,1,-1.093331,0.044758,2.216997,0.035539,0.990461,0.009979,-0.132757
871,1785980878687266715,2,604,243,0.402318,0.895833,131,74.959102,61.827023,383,378,13,13,0,342,53.587324,136.786125,154.628789,1,-1.048143,0.041312,2.235373,0.033255,0.989384,0.008814,-0.141191
872,1785980878777266757,2,606,238,0.392739,0.875000,126,74.265262,61.357978,384,379,16,16,0,342,53.643532,135.623240,151.787930,1,-0.976618,0.036681,2.264221,0.031217,0.987468,0.008342,-0.154476
873,1785980878867263340,2,609,251,0.412151,0.916667,128,77.535835,62.678366,379,369,12,12,0,335,53.477281,140.214201,156.581807,1,-0.912865,0.037238,2.286553,0.030461,0.985581,0.007227,-0.166285
874,1785980878957264382,2,604,249,0.412252,0.916667,133,75.229104,62.656864,384,376,18,18,0,331,53.716491,137.885968,153.433402,1,-0.843709,0.038271,2.309148,0.029951,0.983360,0.005986,-0.179080
875,1785980879047266465,2,605,236,0.390083,0.875000,124,78.079047,61.779857,384,379,18,18,0,343,53.308529,139.858904,156.010301,1,-0.754650,0.040289,2.337729,0.029430,0.980319,0.004914,-0.195153
876,1785980879137266549,2,606,237,0.391089,0.833333,116,78.736302,62.331527,382,371,17,16,1,331,53.606990,141.067829,156.278845,1,-0.676918,0.041034,2.358516,0.028831,0.977489,0.003669,-0.208975
877,1785980879227266841,2,603,235,0.389718,0.916667,102,76.081236,61.747856,379,368,18,18,0,330,53.348654,137.829092,151.835429,1,-0.602245,0.035079,2.375113,0.027293,0.974546,0.003154,-0.222497
878,1785980879317267632,2,604,258,0.427152,0.895833,103,79.777396,62.732156,384,375,15,15,0,338,53.607448,142.509552,156.283261,1,-0.514095,0.029286,2.395826,0.025478,0.971034,0.003432,-0.237556
879,1785980879407267091,2,605,239,0.395041,0.895833,171,77.557375,62.295486,384,373,14,14,0,329,53.823242,139.852861,154.088783,1,-0.424181,0.025409,2.411625,0.024453,0.967094,0.003316,-0.253220
880,1785980879497266299,2,606,213,0.351485,0.895833,124,75.064935,61.145933,384,373,16,16,0,340,53.580613,136.210868,153.515693,1,-0.335093,0.023095,2.424921,0.022821,0.963030,0.002745,-0.268412
881,1785980879587269007,2,602,231,0.383721,0.854167,100,72.658579,60.698803,378,367,7,7,0,345,52.912441,133.357382,148.669481,1,-0.251358,0.027293,2.435552,0.022002,0.958976,0.001153,-0.282629
882,1785980879677267257,2,607,250,0.411862,0.937500,90,76.235028,61.807230,358,351,13,13,0,319,52.976941,138.042258,149.960951,1,-0.162110,0.027655,2.444850,0.021480,0.954405,0.000639,-0.297739
883,1785980879767269257,2,606,219,0.361386,0.895833,84,78.642300,61.842189,366,354,12,11,1,317,53.125485,140.484489,153.378358,1,-0.079772,0.026441,2.451272,0.019161,0.950059,-0.000112,-0.311480
884,1785980879857267549,2,606,242,0.399340,0.854167,90,76.617074,62.067774,372,364,14,14,0,323,53.557655,138.684848,151.556966,1,0.000233,0.029855,2.451899,0.017333,0.945659,-0.001900,-0.324691
885,1785980879947269091,2,606,262,0.432343,0.937500,149,80.665028,62.221942,372,365,14,14,0,331,53.056108,142.886970,155.527209,1,0.138403,0.041920,2.447948,0.016396,0.937534,-0.004407,-0.347478
886,1785980880037268716,2,602,259,0.430233,0.958333,103,72.934581,62.334360,384,373,11,10,1,337,53.723990,135.268941,150.683415,1,0.246254,0.050803,2.425755,0.019400,0.930678,-0.005205,-0.365287
887,1785980880127272966,2,605,262,0.433058,0.875000,91,74.957392,62.191941,368,364,11,11,0,331,53.263443,137.149333,152.465556,1,0.331835,0.037964,2.392049,0.020912,0.925008,-0.002168,-0.379366
888,1785980880217272799,2,604,240,0.397351,0.854167,78,75.016184,61.553936,384,371,12,12,0,347,53.209693,136.570120,149.620905,1,0.398352,0.034848,2.350591,0.020568,0.920753,-0.001931,-0.389599
889,1785980880307270591,2,605,228,0.376860,0.875000,68,82.558835,61.364559,364,355,10,9,1,328,53.017691,143.923394,154.743785,1,0.425094,-0.025712,2.310517,0.009352,0.919369,0.007878,-0.393206
890,1785980880397272549,2,605,265,0.438017,0.937500,67,80.844403,62.563861,364,352,10,9,1,314,53.251986,143.408264,155.076454,1,0.447053,-0.055245,2.264123,0.005525,0.917642,0.012684,-0.397167
891,1785980880487269716,2,602,253,0.420266,0.895833,152,80.221896,62.071607,368,361,11,11,0,330,53.107566,142.293503,154.821575,1,0.461288,-0.095142,2.227989,0.001276,0.917302,0.020011,-0.397687
892,1785980880577273800,2,608,243,0.399671,0.895833,107,76.846074,61.852396,374,366,12,12,0,330,53.580071,138.698470,154.909535,1,0.483553,-0.098289,2.187898,0.001835,0.915714,0.021148,-0.401270
893,1785980880667275258,2,604,235,0.389073,0.916667,86,78.346922,60.939179,361,349,16,16,0,314,53.074566,139.286101,153.613564,1,0.496744,-0.119083,2.147509,-0.000575,0.914905,0.025418,-0.402867
894,1785980880757275175,2,604,239,0.395695,0.916667,77,78.915343,62.335109,384,375,12,12,0,334,53.629530,141.250452,153.907275,1,0.486276,-0.150907,2.110305,-0.007137,0.916080,0.031223,-0.399715
895,1785980880847272883,2,604,251,0.415563,0.937500,162,80.780360,62.013939,372,362,18,18,0,322,53.191984,142.794299,155.513124,1,0.505459,-0.174499,2.067769,-0.015209,0.915063,0.034619,-0.401534
896,1785980880937277258,2,602,215,0.357143,0.937500,102,77.693040,60.715094,373,357,21,21,0,322,53.303360,138.408134,153.862857,1,0.516673,-0.233478,2.018986,-0.019752,0.913833,0.047161,-0.402858
897,1785980881027278883,2,604,203,0.336093,0.916667,79,77.586330,60.661343,369,357,17,17,0,320,53.329151,138.247673,150.333240,1,0.530113,-0.243877,1.975459,-0.020161,0.912638,0.050025,-0.405194
898,1785980881117276841,2,606,212,0.349835,0.937500,155,82.887712,60.594301,358,342,11,11,0,311,52.876855,143.482013,156.626839,1,0.541911,-0.219707,1.942902,-0.022633,0.912371,0.045167,-0.406235
899,1785980881207274133,2,607,206,0.339374,0.875000,95,76.543696,60.598675,374,363,14,14,0,327,53.343568,137.142371,153.126350,1,0.540921,-0.188317,1.917932,-0.015214,0.912664,0.040750,-0.406388
900,1785980881297273258,2,606,212,0.349835,0.916667,95,78.697840,61.596393,383,378,15,15,0,339,53.471028,140.294233,154.171484,1,0.550270,-0.160460,1.883969,-0.006701,0.911857,0.036808,-0.408800
901,1785980881387274633,2,603,215,0.356551,0.895833,79,79.631182,61.109013,370,361,14,14,0,325,52.887230,140.740195,153.199808,1,0.550392,-0.121512,1.856408,0.004474,0.911889,0.030491,-0.409277
902,1785980881477276383,2,604,218,0.360927,0.916667,159,78.952466,61.432057,369,363,12,12,0,333,53.200607,140.384523,153.821604,1,0.537905,-0.094570,1.834429,0.013891,0.912933,0.026759,-0.406994
903,1785980881567276175,2,606,206,0.339934,0.895833,103,76.606612,60.952887,358,352,23,22,1,312,53.756363,137.559499,152.957221,1,0.536216,-0.094240,1.799604,0.013126,0.913237,0.026850,-0.406331
904,1785980881657274675,2,605,227,0.375207,0.875000,104,76.332609,61.366390,372,365,14,14,0,329,53.684487,137.698999,151.454791,1,0.540322,-0.068155,1.767359,0.010954,0.913783,0.019908,-0.405567
905,1785980881747275300,2,605,247,0.408264,0.937500,181,75.718978,61.886811,368,360,12,11,1,332,53.046732,137.605789,152.112005,1,0.538385,-0.033518,1.740961,0.009695,0.914802,0.011225,-0.403629
906,1785980881837279717,2,605,234,0.386777,0.916667,134,78.640422,60.733926,379,362,16,16,0,329,53.034439,139.374348,158.910525,1,0.534521,-0.024599,1.710978,0.005831,0.915821,0.008912,-0.401446
907,1785980881927279550,2,604,246,0.407285,0.916667,118,73.349083,61.863852,381,370,17,17,0,332,53.512110,135.212935,152.721093,1,0.541888,-0.011770,1.677958,-0.002706,0.915950,0.004713,-0.401256
908,1785980882017274717,2,604,226,0.374172,0.937500,187,76.105356,60.511881,373,364,19,18,1,330,53.085106,136.617237,152.718342,1,0.551438,-0.010370,1.641351,0.001317,0.914924,0.005102,-0.403592
909,1785980882107275509,2,604,248,0.410596,0.916667,137,71.727692,61.539183,367,362,21,20,1,321,53.355775,133.266875,151.620124,1,0.547237,-0.018892,1.609946,0.005642,0.915328,0.008923,-0.402571
910,1785980882197280759,2,602,225,0.373754,0.937500,193,70.849392,60.804509,379,371,14,14,0,338,53.362276,131.653901,148.330510,1,0.555712,-0.029839,1.572210,0.007650,0.914523,0.012407,-0.404272
911,1785980882287280967,2,603,211,0.349917,0.937500,147,71.329938,60.571132,368,359,14,14,0,324,53.171856,131.901070,150.857575,1,0.559106,-0.043536,1.537018,0.008926,0.914231,0.017288,-0.404725
912,1785980882377277884,2,604,228,0.377483,0.895833,197,73.760252,60.497590,352,346,13,13,0,314,52.836271,134.257842,152.790801,1,0.562938,-0.034092,1.505746,0.010410,0.914016,0.016472,-0.405209
913,1785980882467282759,2,603,252,0.417910,0.937500,220,71.887776,61.659058,384,373,20,20,0,329,53.449150,133.546834,154.186228,1,0.567809,-0.031289,1.472595,0.009504,0.913943,0.016749,-0.405385
914,1785980882557280259,2,603,223,0.369818,0.958333,151,74.002628,60.756383,367,356,21,21,0,316,53.067147,134.759011,156.092037,1,0.575091,-0.020992,1.439071,0.005904,0.913906,0.014082,-0.405639
915,1785980882647281676,2,606,233,0.384488,0.916667,136,70.290552,61.630974,375,365,15,15,0,325,53.570110,131.921526,150.269610,1,0.581901,-0.025931,1.401566,-0.001547,0.913767,0.014958,-0.405961
916,1785980882737281092,2,603,232,0.384743,0.895833,181,70.986767,62.457857,383,378,15,15,0,337,53.827612,133.444624,150.658405,1,0.597155,-0.044502,1.358676,-0.003560,0.912369,0.020641,-0.408832
917,1785980882827281134,2,604,254,0.420530,0.916667,207,74.022753,62.089395,380,372,27,27,0,326,53.692902,136.112148,156.547166,1,0.603610,-0.066165,1.318175,0.000290,0.911378,0.027927,-0.410623
918,1785980882917284634,2,604,237,0.392384,0.895833,136,73.820043,61.586473,384,371,13,13,0,335,53.367066,135.406516,154.163103,1,0.612805,-0.089722,1.276259,0.002718,0.909810,0.036289,-0.413426
919,1785980883007284426,2,602,235,0.390365,0.937500,122,71.471479,61.262928,383,374,20,19,1,329,53.184647,132.734407,150.043397,1,0.619871,-0.100201,1.235418,0.004315,0.908607,0.040597,-0.415652
920,1785980883097284676,2,606,237,0.391089,0.916667,178,69.800548,61.711849,384,376,20,20,0,332,53.591443,131.512397,148.199756,1,0.624960,-0.109023,1.198404,0.012570,0.907248,0.045918,-0.417892
921,1785980883187282926,2,607,259,0.426689,0.958333,225,69.778297,62.329813,368,357,23,23,0,312,53.481858,132.108110,149.984730,1,0.603781,-0.110451,1.172592,0.010081,0.910507,0.047027,-0.410688
922,1785980883277281967,2,607,253,0.416804,0.937500,229,76.144938,61.846684,382,370,20,20,0,321,53.570484,137.991622,159.133230,1,0.599523,-0.097145,1.142994,0.004216,0.912349,0.043885,-0.407032
923,1785980883367283884,2,604,240,0.397351,0.875000,217,75.054094,61.730557,372,369,15,15,0,331,53.560442,136.784651,158.464723,1,0.591960,-0.105546,1.108865,-0.006568,0.914304,0.047101,-0.402226
924,1785980883457285384,2,604,237,0.392384,0.833333,230,70.302885,61.892475,377,369,16,16,0,331,53.396774,132.195360,154.307809,1,0.579971,-0.114072,1.074934,-0.008857,0.916420,0.050985,-0.396857
925,1785980883547284593,2,600,203,0.338333,0.875000,150,70.022340,60.260585,365,359,11,10,1,330,53.074395,130.282925,151.076363,1,0.567950,-0.103016,1.048061,-0.010822,0.918828,0.048551,-0.391510
926,1785980883637284634,2,603,205,0.339967,0.875000,140,69.700171,60.095793,356,346,12,12,0,318,52.721226,129.795964,148.394964,1,0.567174,-0.094055,1.019428,-0.001122,0.918376,0.047240,-0.392877
927,1785980883727287509,2,606,239,0.394389,0.916667,195,71.841648,61.419012,376,363,17,17,0,325,53.214896,133.260660,150.327273,1,0.548769,-0.071741,1.002662,0.008529,0.921268,0.040319,-0.386739
928,1785980883817287259,2,607,234,0.385502,0.958333,213,74.512714,61.190094,384,375,22,22,0,334,53.552234,135.702808,154.527519,1,0.541344,-0.062024,0.971575,-0.001629,0.923778,0.037326,-0.381102
929,1785980883907283718,2,604,211,0.349338,0.895833,131,73.656914,60.709131,384,376,17,17,0,340,53.468566,134.366045,153.594052,1,0.539782,-0.047781,0.941727,-0.017648,0.926050,0.032380,-0.375596
930,1785980883997286051,2,603,202,0.334992,0.833333,196,71.342976,60.188876,363,351,17,16,1,317,53.204229,131.531852,150.684983,1,0.544336,-0.028496,0.914311,-0.017084,0.926280,0.025830,-0.375561
931,1785980884087285510,2,605,219,0.361983,0.875000,202,68.323157,61.337303,383,375,19,19,0,334,53.474191,129.660460,150.294271,1,0.553310,0.002374,0.883621,-0.011220,0.925578,0.014167,-0.378125
932,1785980884177287843,2,605,252,0.416529,0.895833,237,69.415001,61.983142,379,366,18,18,0,322,53.366606,131.398143,153.154463,1,0.569475,0.038117,0.854413,-0.008406,0.923860,0.000850,-0.382636
933,1785980884267286343,2,605,247,0.408264,0.895833,225,68.273448,61.800890,377,372,20,19,1,326,53.466565,130.074338,151.013236,1,0.587409,0.044207,0.818106,-0.008247,0.921711,-0.000262,-0.387791
934,1785980884357286260,2,602,276,0.458472,0.895833,240,70.995431,62.474438,374,370,13,13,0,332,53.216521,133.469869,156.461410,1,0.600836,0.054449,0.780519,-0.006223,0.920033,-0.004092,-0.391770
935,1785980884447285635,2,606,259,0.427393,0.895833,260,66.560433,62.213810,373,362,16,16,0,315,53.418356,128.774243,153.096169,1,0.613945,0.050415,0.739664,-0.008363,0.918360,-0.001331,-0.395656
936,1785980884537288926,2,606,250,0.412541,0.895833,177,70.447301,61.619680,377,368,16,16,0,332,53.246396,132.066981,157.211498,1,0.630342,0.038112,0.694658,-0.008731,0.916114,0.004719,-0.400795
937,1785980884627288301,2,607,253,0.416804,0.916667,262,70.327882,62.196185,369,358,17,17,0,317,53.652024,132.524067,155.520066,1,0.644191,0.025248,0.648668,-0.008999,0.913902,0.010265,-0.405705
938,1785980884717289010,2,604,229,0.379139,0.854167,180,70.321758,61.434094,383,372,23,22,1,318,53.763359,131.755852,156.375074,1,0.651978,-0.000211,0.604110,-0.009110,0.912407,0.022692,-0.408554
939,1785980884807290843,2,607,235,0.387150,0.854167,228,71.609520,61.789473,362,353,16,16,0,309,53.451606,133.398993,155.819694,1,0.660013,-0.012099,0.561218,-0.013157,0.910928,0.031640,-0.411141
940,1785980884897289927,2,605,243,0.401653,0.875000,236,66.064219,61.517178,369,353,14,14,0,311,53.225353,127.581397,150.822149,1,0.663627,-0.008898,0.528774,-0.012111,0.910953,0.032062,-0.411085
941,1785980884987289635,2,603,237,0.393035,0.854167,229,66.528306,61.431552,369,361,12,12,0,321,53.361646,127.959858,150.266308,1,0.672301,-0.008651,0.488110,-0.014464,0.909481,0.034731,-0.414041
942,1785980885077288593,2,602,218,0.362126,0.812500,228,68.259863,60.497711,373,363,17,17,0,331,52.914600,128.757574,153.335252,1,0.676637,-0.017211,0.448953,-0.016731,0.908907,0.041860,-0.414556
943,1785980885167287677,2,604,202,0.334437,0.875000,146,74.070207,60.346542,361,347,21,20,1,303,53.367646,134.416749,155.131602,1,0.682714,-0.022124,0.409690,-0.021904,0.908490,0.048292,-0.414529
944,1785980885257292427,2,605,223,0.368595,0.812500,204,73.328409,60.578711,337,328,16,16,0,294,52.597472,133.907120,154.275845,1,0.688547,-0.014055,0.373952,-0.026851,0.908547,0.047588,-0.414195
945,1785980885347291135,2,602,215,0.357143,0.854167,194,72.280608,60.773588,338,323,18,17,1,289,53.154186,133.054196,151.878990,1,0.689101,-0.008202,0.343531,-0.025055,0.909122,0.045180,-0.413314
946,1785980885437293260,2,602,231,0.383721,0.812500,214,69.204538,60.910088,365,357,23,23,0,316,53.076476,130.114626,152.297493,1,0.690715,-0.007465,0.311737,-0.022285,0.909540,0.045336,-0.412535
947,1785980885527293219,2,602,237,0.393688,0.833333,212,72.676694,61.213508,345,340,18,18,0,295,53.071893,133.890202,156.896450,1,0.695576,0.005075,0.279026,-0.028267,0.910859,0.039669,-0.409833
948,1785980885617291885,2,601,254,0.422629,0.812500,238,70.895428,61.718137,348,343,24,24,0,298,53.271020,132.613565,154.340718,1,0.696071,0.016888,0.251271,-0.022567,0.912278,0.030336,-0.407822
949,1785980885707290135,2,606,268,0.442244,0.833333,263,70.389132,61.924264,336,327,26,25,1,272,53.239895,132.313396,156.407862,1,0.698615,0.017683,0.219346,-0.020411,0.911935,0.029825,-0.408741
950,1785980885797290344,2,604,244,0.403974,0.770833,147,70.144713,61.240633,345,337,21,21,0,291,52.869141,131.385346,151.360733,1,0.717255,0.024687,0.183662,-0.023773,0.904650,0.027590,-0.424596
951,1785980885887291719,2,603,253,0.419569,0.812500,221,66.225761,61.582511,342,327,21,21,0,278,52.861141,127.808272,149.748135,1,0.715291,0.021765,0.189244,-0.018955,0.905436,0.026314,-0.423242
952,1785980885977291260,2,604,252,0.417219,0.833333,190,68.770658,61.535219,344,333,14,14,0,294,52.868640,130.305877,155.039681,1,0.713488,0.022021,0.195337,-0.018642,0.906188,0.026248,-0.421648
953,1785980886067292135,2,603,237,0.393035,0.791667,187,66.130301,61.220299,355,342,18,18,0,296,53.235810,127.350600,152.517575,1,0.715140,0.022482,0.193494,-0.018678,0.905453,0.026482,-0.423207
954,1785980886157294219,2,603,256,0.424544,0.812500,197,66.257469,62.340391,358,348,18,18,0,299,53.659106,128.597860,155.051222,1,0.714929,0.022056,0.192927,-0.018595,0.905521,0.026231,-0.423082
955,1785980886247294427,2,602,255,0.423588,0.791667,195,67.909692,61.795637,354,345,17,17,0,305,53.327144,129.705329,154.075755,1,0.715333,0.023504,0.190342,-0.019372,0.905316,0.026556,-0.423465
956,1785980886337293927,2,604,249,0.412252,0.812500,190,71.067261,61.862888,336,328,21,21,0,277,53.109059,132.930149,157.787581,1,0.715264,0.023007,0.190471,-0.019214,0.905376,0.026495,-0.423348
957,1785980886427294636,2,604,246,0.407285,0.791667,192,72.901278,62.004846,348,339,18,18,0,297,53.147434,134.906124,159.442303,1,0.715241,0.023056,0.190125,-0.019257,0.905329,0.026766,-0.423428
958,1785980886517294011,2,601,255,0.424293,0.833333,191,73.587492,62.000847,343,329,23,23,0,279,53.078850,135.588339,160.837023,1,0.715097,0.022912,0.190066,-0.019253,0.905391,0.026706,-0.423300
959,1785980886607292844,2,604,244,0.403974,0.812500,194,73.416907,62.002304,336,327,17,17,0,283,53.051516,135.419211,159.648845,1,0.714893,0.022681,0.190274,-0.018966,0.905391,0.026766,-0.423310
960,1785980886697294427,2,602,253,0.420266,0.812500,198,71.067177,62.127889,350,342,24,24,0,294,53.227935,133.195066,158.377792,1,0.715217,0.023015,0.190364,-0.019153,0.905386,0.026732,-0.423314
961,1785980886787295219,2,604,253,0.418874,0.854167,196,70.169212,62.180973,339,336,21,21,0,286,53.055475,132.350185,158.499835,1,0.715070,0.022762,0.190485,-0.018942,0.905402,0.026785,-0.423285
962,1785980886877295261,2,602,247,0.410299,0.812500,186,73.135779,61.550217,336,329,22,22,0,284,52.811806,134.685996,159.236425,1,0.714917,0.022630,0.190039,-0.018947,0.905332,0.026880,-0.423429
963,1785980886967295303,2,601,253,0.420965,0.833333,191,72.995860,62.268181,349,341,19,19,0,295,53.108474,135.264041,159.573718,1,0.715157,0.022339,0.190299,-0.018690,0.905403,0.026704,-0.423300
964,1785980887057297719,2,602,246,0.408638,0.812500,189,73.400072,62.504559,347,342,16,16,0,296,53.308143,135.904631,159.110130,1,0.715117,0.022060,0.190552,-0.018610,0.905438,0.026573,-0.423236
965,1785980887147298969,2,602,249,0.413621,0.770833,179,72.939444,62.537100,346,336,20,20,0,285,53.325351,135.476544,159.882595,1,0.715066,0.022679,0.190751,-0.018864,0.905470,0.026694,-0.423149
966,1785980887237297844,2,604,253,0.418874,0.833333,184,70.789966,61.965553,341,329,19,19,0,282,52.949473,132.755519,157.356573,1,0.714780,0.021949,0.190092,-0.018435,0.905341,0.026793,-0.423438
967,1785980887327299261,2,602,238,0.395349,0.833333,186,72.748567,61.564800,350,335,20,20,0,287,53.032641,134.313367,158.551084,1,0.714760,0.022052,0.190526,-0.018433,0.905383,0.026584,-0.423362
968,1785980887417297886,2,604,246,0.407285,0.791667,188,72.184687,62.064179,353,346,18,18,0,303,53.197933,134.248866,159.114671,1,0.715171,0.022207,0.190353,-0.018638,0.905385,0.026282,-0.423367
969,1785980887507297303,2,603,263,0.436153,0.791667,177,72.990901,62.759393,358,350,25,25,0,296,53.472644,135.750294,158.319079,1,0.714918,0.022050,0.190596,-0.018434,0.905399,0.026469,-0.423335
970,1785980887597299095,2,602,248,0.411960,0.812500,176,73.326363,62.025804,352,347,25,25,0,292,53.354977,135.352167,157.384988,1,0.715041,0.022533,0.190518,-0.018787,0.905391,0.026431,-0.423339
971,1785980887687299136,2,605,259,0.428099,0.812500,180,73.205111,62.150554,352,343,21,21,0,296,53.050765,135.355665,159.178045,1,0.715048,0.022505,0.190690,-0.018670,0.905344,0.026496,-0.423441
972,1785980887777301386,2,605,252,0.416529,0.854167,173,73.277820,62.027928,346,338,24,24,0,282,53.281475,135.305748,157.644657,1,0.715248,0.023032,0.191182,-0.018908,0.905434,0.026286,-0.423250
973,1785980887867301136,2,604,234,0.387417,0.812500,185,73.247612,61.821927,346,335,18,18,0,290,53.274892,135.069539,159.994011,1,0.714924,0.022582,0.190603,-0.018732,0.905359,0.026367,-0.423412
974,1785980887957300720,2,604,245,0.405629,0.812500,182,73.187569,61.659966,351,341,22,22,0,292,52.985097,134.847535,157.972825,1,0.714873,0.022419,0.190457,-0.018619,0.905351,0.026609,-0.423420
975,1785980888047299886,2,606,264,0.435644,0.854167,181,73.387779,62.408431,346,335,25,25,0,284,53.145224,135.796210,159.700132,1,0.714817,0.022102,0.190737,-0.018457,0.905459,0.026705,-0.423190
976,1785980888137301678,2,604,261,0.432119,0.854167,185,73.197277,62.192221,336,325,22,20,2,278,52.814720,135.389498,158.349911,1,0.715105,0.022194,0.190576,-0.018614,0.905395,0.026301,-0.423346
977,1785980888227303262,2,604,262,0.433775,0.854167,186,72.264435,62.536223,354,344,20,18,2,295,53.239474,134.800658,159.293169,1,0.715012,0.022053,0.190608,-0.018475,0.905450,0.026577,-0.423216
978,1785980888317301470,2,604,259,0.428808,0.854167,182,72.343269,62.171387,340,335,26,25,1,287,53.095265,134.514656,157.036233,1,0.715126,0.022793,0.190945,-0.018770,0.905465,0.026682,-0.423166
979,1785980888407301220,2,604,265,0.438742,0.833333,187,71.401011,62.362180,357,343,21,21,0,294,53.095056,133.763191,159.144667,1,0.715067,0.022427,0.190767,-0.018559,0.905407,0.026467,-0.423312
980,1785980888497301428,2,604,260,0.430464,0.854167,188,68.457442,62.404680,346,337,20,20,0,290,53.229890,130.862122,155.556593,1,0.715071,0.022648,0.190588,-0.018769,0.905400,0.026604,-0.423310
981,1785980888587302387,2,604,263,0.435430,0.833333,180,75.647131,62.348888,352,339,22,22,0,290,53.148389,137.996019,161.764189,1,0.714908,0.022838,0.190543,-0.018811,0.905348,0.026614,-0.423418
982,1785980888677302512,2,604,258,0.427152,0.833333,187,73.603155,62.239887,354,346,22,22,0,298,53.192599,135.843042,159.645338,1,0.714979,0.022657,0.190698,-0.018698,0.905396,0.026657,-0.423317
983,1785980888767303762,2,604,261,0.432119,0.833333,188,73.452029,62.032719,339,330,19,19,0,284,52.809220,135.484748,158.890872,1,0.714850,0.022634,0.190798,-0.018689,0.905422,0.026655,-0.423262
984,1785980888857303220,2,604,249,0.412252,0.854167,187,73.374153,61.927343,349,335,23,23,0,283,53.290891,135.301496,160.202550,1,0.714762,0.022243,0.190475,-0.018467,0.905355,0.026574,-0.423421
985,1785980888947302762,2,604,252,0.417219,0.854167,183,73.730822,62.330679,347,342,24,24,0,291,53.601476,136.061501,160.269424,1,0.715046,0.022449,0.190634,-0.018772,0.905454,0.026890,-0.423176
986,1785980889037303512,2,606,249,0.410891,0.833333,184,73.212276,62.225344,349,337,18,18,0,288,53.332765,135.437620,159.921130,1,0.715014,0.022594,0.190622,-0.018773,0.905438,0.026736,-0.423220
987,1785980889127304179,2,606,244,0.402640,0.812500,181,73.446319,61.886758,349,339,17,17,0,293,53.181681,135.333077,160.055881,1,0.714997,0.022441,0.190672,-0.018658,0.905461,0.026434,-0.423194
988,1785980889217304137,2,604,240,0.397351,0.812500,183,72.760521,61.665923,345,334,20,20,0,290,53.181764,134.426444,159.364624,1,0.714940,0.022428,0.190777,-0.018651,0.905472,0.026576,-0.423163
989,1785980889307305762,2,604,240,0.397351,0.833333,186,71.524136,61.981676,353,346,18,18,0,303,53.283182,133.505812,158.346824,1,0.715068,0.022555,0.190500,-0.018884,0.905500,0.026712,-0.423083
990,1785980889397304220,2,604,228,0.377483,0.812500,184,73.343193,61.186543,344,331,19,19,0,286,52.965553,134.529736,159.076413,1,0.714826,0.022121,0.190340,-0.018586,0.905444,0.026527,-0.423229
991,1785980889487305429,2,602,250,0.415282,0.791667,182,72.436851,61.962758,343,332,21,21,0,288,53.147471,134.399609,157.545690,1,0.714984,0.022896,0.190619,-0.018918,0.905471,0.026974,-0.423128
992,1785980889577308221,2,604,251,0.415563,0.833333,177,73.246733,62.227718,354,346,19,19,0,298,53.343182,135.474451,157.672525,1,0.714934,0.022514,0.190525,-0.018830,0.905472,0.026638,-0.423150
993,1785980889667308137,2,602,263,0.436877,0.854167,185,73.278526,62.307970,342,330,21,21,0,287,52.984511,135.586496,159.176996,1,0.715074,0.022355,0.190457,-0.018878,0.905534,0.026593,-0.423019
