frame_id,stamp_ns,tracking_state,keypoints,valid_depths,valid_depth_ratio,depth_grid_coverage,tracked_inliers,feature_extract_ms,stereo_match_ms,hybrid_candidates,hybrid_fine_matches,hybrid_accepted,hybrid_added,hybrid_replaced,hybrid_rejected,hybrid_ms,frontend_ms,track_total_ms,pose_valid,tcw_tx,tcw_ty,tcw_tz,tcw_qx,tcw_qy,tcw_qz,tcw_qw
0,1785981014857825780,2,604,180,0.298013,0.770833,180,88.581546,7.989296,0,0,0,0,0,0,0.000000,96.570842,100.540657,1,0.000000,0.000000,0.000000,0.000000,0.000000,0.000000,1.000000
1,1785981014947829822,2,606,171,0.282178,0.791667,154,85.495946,7.028207,0,0,0,0,0,0,0.000000,92.524153,116.733665,1,0.000064,0.000126,0.000117,0.000054,-0.000051,0.000080,1.000000
2,1785981015037831697,2,605,180,0.297521,0.750000,147,80.713793,7.280916,0,0,0,0,0,0,0.000000,87.994709,110.760964,1,-0.000039,0.000034,-0.000001,0.000073,0.000054,0.000051,1.000000
3,1785981015127832739,2,606,184,0.303630,0.770833,148,79.377202,7.541835,0,0,0,0,0,0,0.000000,86.919037,108.919453,1,-0.000042,0.000042,0.000079,0.000017,0.000040,-0.000233,1.000000
4,1785981015217828864,2,602,192,0.318937,0.812500,144,79.601078,7.566335,0,0,0,0,0,0,0.000000,87.167413,109.878876,1,-0.000057,0.000002,0.000022,-0.000050,0.000010,-0.000164,1.000000
5,1785981015307830572,2,602,181,0.300664,0.812500,140,80.355832,7.167124,0,0,0,0,0,0,0.000000,87.522956,110.640838,1,-0.000013,0.000026,-0.000149,0.000094,-0.000053,-0.000108,1.000000
6,1785981015397832489,2,602,186,0.308970,0.791667,151,79.335368,7.423167,0,0,0,0,0,0,0.000000,86.758535,108.663119,1,-0.000011,0.000061,-0.000012,0.000122,-0.000043,-0.000052,1.000000
7,1785981015487831447,2,606,182,0.300330,0.791667,141,79.477995,7.367209,0,0,0,0,0,0,0.000000,86.845204,102.727502,1,-0.000013,0.000033,-0.000000,0.000140,0.000040,-0.000042,1.000000
8,1785981015577832281,2,604,198,0.327815,0.812500,149,78.322696,7.787878,0,0,0,0,0,0,0.000000,86.110574,100.559323,1,-0.000080,0.000047,0.000028,0.000014,0.000010,-0.000347,1.000000
9,1785981015667832281,2,602,190,0.315615,0.770833,141,79.403785,7.730002,0,0,0,0,0,0,0.000000,87.133787,98.906771,1,-0.000086,0.000032,-0.000022,0.000069,0.000106,-0.000034,1.000000
10,1785981015757832447,2,606,185,0.305281,0.812500,149,80.015205,7.339458,0,0,0,0,0,0,0.000000,87.354663,102.153581,1,-0.000085,-0.000008,0.000166,-0.000127,0.000051,-0.000111,1.000000
11,1785981015847833989,2,604,187,0.309603,0.833333,147,79.320285,7.461209,0,0,0,0,0,0,0.000000,86.781494,101.324785,1,-0.000092,-0.000029,0.000183,-0.000149,0.000192,0.000141,1.000000
12,1785981015937834364,2,604,197,0.326159,0.770833,145,79.514369,7.738710,0,0,0,0,0,0,0.000000,87.253079,99.957443,1,-0.000100,0.000039,0.000100,-0.000057,0.000154,-0.000077,1.000000
13,1785981016027836406,2,604,196,0.324503,0.791667,143,79.485244,7.815794,0,0,0,0,0,0,0.000000,87.301038,100.382570,1,-0.000504,0.000321,0.000307,0.000068,0.000296,-0.000355,1.000000
14,1785981016117834823,2,604,191,0.316225,0.812500,138,79.460410,7.550584,0,0,0,0,0,0,0.000000,87.010994,102.234081,1,-0.000088,0.000037,0.000061,0.000003,0.000047,-0.000173,1.000000
15,1785981016207836114,2,602,181,0.300664,0.729167,135,79.402868,7.496876,0,0,0,0,0,0,0.000000,86.899744,100.269612,1,-0.000016,-0.000000,0.000056,-0.000031,0.000004,-0.000197,1.000000
16,1785981016297835906,2,602,190,0.315615,0.812500,140,79.112200,7.560293,0,0,0,0,0,0,0.000000,86.672493,98.943187,1,-0.000083,0.000007,0.000141,-0.000115,0.000054,-0.000129,1.000000
17,1785981016387838156,2,606,188,0.310231,0.770833,133,79.706870,7.624919,0,0,0,0,0,0,0.000000,87.331789,101.090574,1,-0.000017,0.000020,0.000026,0.000028,0.000100,0.000283,1.000000
18,1785981016477833073,2,602,193,0.320598,0.812500,136,80.039997,7.657294,0,0,0,0,0,0,0.000000,87.697291,99.534690,1,0.000003,0.000006,0.000033,0.000014,0.000071,0.000227,1.000000
19,1785981016567833864,2,602,185,0.307309,0.812500,140,79.443576,7.426834,0,0,0,0,0,0,0.000000,86.870410,102.595542,1,0.000060,-0.000008,0.000238,-0.000074,0.000094,0.000308,1.000000
20,1785981016657833948,2,604,179,0.296358,0.770833,139,79.609451,7.320584,0,0,0,0,0,0,0.000000,86.930035,100.360444,1,-0.000121,0.000038,-0.000059,-0.000005,0.000177,0.000065,1.000000
21,1785981016747835531,2,604,193,0.319536,0.770833,141,79.436201,7.666627,0,0,0,0,0,0,0.000000,87.102828,101.359284,1,-0.000153,0.000114,0.000067,0.000125,0.000260,0.000307,1.000000
22,1785981016837836073,2,604,189,0.312914,0.812500,130,80.063705,7.532918,0,0,0,0,0,0,0.000000,87.596623,100.306069,1,0.000054,-0.000043,0.000350,-0.000170,0.000150,0.000249,1.000000
23,1785981016927837781,2,602,184,0.305648,0.812500,137,79.271283,7.443459,0,0,0,0,0,0,0.000000,86.714742,100.747905,1,-0.000066,0.000003,0.000031,-0.000002,0.000139,0.000136,1.000000
24,1785981017017838698,2,604,188,0.311258,0.791667,141,79.019073,7.432376,0,0,0,0,0,0,0.000000,86.451449,100.617904,1,0.000013,-0.000016,0.000227,-0.000112,0.000121,0.000192,1.000000
25,1785981017107836531,2,604,198,0.327815,0.791667,139,78.607612,7.829669,0,0,0,0,0,0,0.000000,86.437281,100.389902,1,-0.000042,-0.000033,0.000106,-0.000090,0.000149,0.000174,1.000000
26,1785981017197836115,2,604,188,0.311258,0.812500,140,77.805275,7.742210,0,0,0,0,0,0,0.000000,85.547485,99.723315,1,-0.000060,0.000017,0.000072,-0.000027,0.000245,0.000368,1.000000
27,1785981017287838531,2,609,181,0.297209,0.812500,105,79.318075,7.369834,0,0,0,0,0,0,0.000000,86.687909,98.538559,1,0.000096,0.000113,-0.001331,-0.001182,-0.000265,0.001283,0.999998
28,1785981017377837781,2,607,185,0.304778,0.791667,100,78.158568,7.504667,0,0,0,0,0,0,0.000000,85.663235,95.628042,1,-0.001764,0.001511,-0.012354,-0.003374,-0.003893,0.001705,0.999985
29,1785981017467838781,2,606,177,0.292079,0.750000,99,79.033906,7.325542,0,0,0,0,0,0,0.000000,86.359448,96.649548,1,0.000179,-0.001498,-0.036331,0.001215,-0.003385,0.000447,0.999993
30,1785981017557841865,2,605,182,0.300826,0.750000,80,80.166454,7.106082,0,0,0,0,0,0,0.000000,87.272536,96.265712,1,-0.001320,-0.004271,-0.069495,0.007774,-0.004921,-0.004318,0.999948
31,1785981017647841782,2,604,181,0.299669,0.729167,142,81.390711,7.284583,0,0,0,0,0,0,0.000000,88.675294,97.987930,1,-0.005147,-0.005052,-0.107195,0.013650,-0.004936,-0.011084,0.999833
32,1785981017737845490,2,605,194,0.320661,0.770833,162,84.959939,7.721127,0,0,0,0,0,0,0.000000,92.681066,103.154376,1,-0.005796,0.001016,-0.136916,0.005009,-0.008366,-0.013414,0.999862
33,1785981017827844198,2,609,220,0.361248,0.791667,179,82.226674,8.423881,0,0,0,0,0,0,0.000000,90.650555,103.893964,1,-0.002661,0.005295,-0.167585,0.002942,-0.007886,-0.015219,0.999849
34,1785981017917843573,2,606,190,0.313531,0.833333,127,83.326514,7.707085,0,0,0,0,0,0,0.000000,91.033599,102.538455,1,-0.002043,0.006994,-0.207599,0.014715,-0.008900,-0.018549,0.999680
35,1785981018007842407,2,604,199,0.329470,0.791667,170,82.621092,7.927461,0,0,0,0,0,0,0.000000,90.548553,102.263412,1,-0.002653,0.009917,-0.247997,0.024902,-0.008388,-0.020559,0.999443
36,1785981018097845657,2,604,179,0.296358,0.729167,99,81.419169,7.246125,0,0,0,0,0,0,0.000000,88.665294,99.516314,1,-0.003585,0.014229,-0.281246,0.025304,-0.007734,-0.023535,0.999373
37,1785981018187844573,2,603,184,0.305141,0.812500,92,81.797588,7.316666,0,0,0,0,0,0,0.000000,89.114254,100.117275,1,-0.001442,0.018144,-0.314125,0.023408,-0.010234,-0.023933,0.999387
38,1785981018277843740,2,602,175,0.290698,0.770833,142,80.914666,7.305750,0,0,0,0,0,0,0.000000,88.220416,98.467516,1,0.002722,0.018938,-0.344295,0.012792,-0.017269,-0.022944,0.999506
39,1785981018367843240,2,603,185,0.306799,0.750000,100,80.509581,7.499834,0,0,0,0,0,0,0.000000,88.009415,99.387771,1,0.007213,0.020937,-0.376484,0.011149,-0.015637,-0.019580,0.999624
40,1785981018457847449,2,607,168,0.276771,0.708333,92,82.967761,7.220083,0,0,0,0,0,0,0.000000,90.187844,100.862987,1,0.008271,0.021127,-0.411911,0.011994,-0.016362,-0.020245,0.999589
41,1785981018547847907,2,604,186,0.307947,0.750000,87,80.585914,7.498793,0,0,0,0,0,0,0.000000,88.084707,98.554890,1,0.014946,0.025975,-0.445975,0.015764,-0.022766,-0.014958,0.999505
42,1785981018637847032,2,606,172,0.283828,0.708333,74,79.250781,7.383292,0,0,0,0,0,0,0.000000,86.634073,95.946501,1,0.016280,0.030158,-0.467669,0.008961,-0.026821,-0.017920,0.999439
43,1785981018727848990,2,607,205,0.337727,0.750000,72,79.633033,8.509173,0,0,0,0,0,0,0.000000,88.142206,97.119048,1,0.022805,0.030831,-0.505255,0.003845,-0.031173,-0.015343,0.999389
44,1785981018817851657,2,605,198,0.327273,0.791667,139,78.322568,8.227463,0,0,0,0,0,0,0.000000,86.550031,96.424086,1,0.023973,0.029539,-0.528754,-0.008353,-0.036716,-0.017432,0.999139
45,1785981018907847407,2,606,196,0.323432,0.729167,91,76.850351,8.030712,0,0,0,0,0,0,0.000000,84.881063,96.539462,1,0.031900,0.027854,-0.558164,-0.013967,-0.042441,-0.012929,0.998918
46,1785981018997851074,2,602,203,0.337209,0.750000,89,77.851273,8.110545,0,0,0,0,0,0,0.000000,85.961818,95.920000,1,0.037572,0.028245,-0.593480,-0.010737,-0.044809,-0.006148,0.998919
47,1785981019087845532,2,606,208,0.343234,0.750000,88,77.393354,8.026837,0,0,0,0,0,0,0.000000,85.420191,95.783583,1,0.046890,0.031100,-0.630656,-0.006196,-0.049741,-0.001202,0.998742
48,1785981019177847449,2,605,204,0.337190,0.729167,67,77.262019,8.169797,0,0,0,0,0,0,0.000000,85.431816,94.060572,1,0.056286,0.032202,-0.670263,-0.005343,-0.056375,0.002562,0.998392
49,1785981019267849366,2,606,219,0.361386,0.791667,143,79.293490,8.453381,0,0,0,0,0,0,0.000000,87.746871,96.514836,1,0.070357,0.040517,-0.708974,0.004271,-0.063083,0.016779,0.997858
50,1785981019357850407,2,606,192,0.316832,0.770833,97,75.054632,7.757085,0,0,0,0,0,0,0.000000,82.811717,93.515570,1,0.084018,0.041729,-0.741009,0.003414,-0.067928,0.028313,0.997283
51,1785981019447847824,2,604,196,0.324503,0.750000,91,78.967404,7.788253,0,0,0,0,0,0,0.000000,86.755657,96.897089,1,0.084580,0.044213,-0.769566,0.003481,-0.062544,0.034661,0.997434
52,1785981019537847491,2,604,207,0.342715,0.812500,78,77.703814,7.973087,0,0,0,0,0,0,0.000000,85.676901,94.825452,1,0.083353,0.053022,-0.804429,0.008842,-0.057954,0.034451,0.997685
53,1785981019627848741,2,603,198,0.328358,0.791667,82,76.788933,7.858836,0,0,0,0,0,0,0.000000,84.647769,94.460158,1,0.087377,0.058013,-0.843729,0.012989,-0.055895,0.036471,0.997686
54,1785981019717850283,2,601,189,0.314476,0.770833,75,78.165024,7.691502,0,0,0,0,0,0,0.000000,85.856526,94.762076,1,0.088637,0.055300,-0.875052,0.007848,-0.051527,0.043007,0.997714
55,1785981019807853033,2,605,215,0.355372,0.750000,71,77.568270,8.477048,0,0,0,0,0,0,0.000000,86.045318,95.382496,1,0.092091,0.048719,-0.904179,0.000701,-0.051103,0.040433,0.997874
56,1785981019897852616,2,606,226,0.372937,0.770833,73,76.791516,8.761425,0,0,0,0,0,0,0.000000,85.552941,94.008946,1,0.088358,0.041101,-0.932302,-0.005658,-0.048855,0.032432,0.998263
57,1785981019987854658,2,604,194,0.321192,0.750000,74,77.415770,7.763710,0,0,0,0,0,0,0.000000,85.179480,93.692236,1,0.082599,0.055629,-0.967954,0.002270,-0.046950,0.025029,0.998581
58,1785981020077853324,2,607,193,0.317957,0.791667,71,79.097237,7.730377,0,0,0,0,0,0,0.000000,86.827614,96.020541,1,0.082002,0.058535,-1.015261,0.009518,-0.046420,0.022522,0.998623
59,1785981020167852616,2,607,203,0.334432,0.791667,146,80.888956,8.051129,0,0,0,0,0,0,0.000000,88.940085,98.498305,1,0.072779,0.087948,-1.003525,0.012805,-0.050283,0.023691,0.998372
60,1785981020257855408,2,604,221,0.365894,0.812500,107,78.358400,8.487298,0,0,0,0,0,0,0.000000,86.845698,98.639931,1,0.077387,0.083325,-1.042088,0.008757,-0.052800,0.020410,0.998358
61,1785981020347854950,2,605,193,0.319008,0.729167,102,78.445525,7.654377,0,0,0,0,0,0,0.000000,86.099902,97.674425,1,0.082782,0.085966,-1.074657,0.008230,-0.053561,0.021032,0.998309
62,1785981020437855283,2,607,202,0.332784,0.750000,77,77.688396,7.905587,0,0,0,0,0,0,0.000000,85.593983,95.180828,1,0.104706,0.096456,-1.107084,0.012305,-0.061329,0.038305,0.997306
63,1785981020527853950,2,606,204,0.336634,0.791667,75,78.985612,8.150338,0,0,0,0,0,0,0.000000,87.135950,96.509002,1,0.112932,0.108499,-1.146019,0.018308,-0.062841,0.046236,0.996784
64,1785981020617854616,2,606,191,0.315182,0.708333,69,81.100082,7.677585,0,0,0,0,0,0,0.000000,88.777667,97.941510,1,0.121832,0.124334,-1.180500,0.025033,-0.065566,0.047271,0.996413
65,1785981020707854116,2,605,185,0.305785,0.750000,57,81.115248,7.346875,0,0,0,0,0,0,0.000000,88.462123,96.935462,1,0.120280,0.124616,-1.211774,0.023262,-0.064013,0.045275,0.996650
66,1785981020797856908,2,607,190,0.313015,0.645833,59,77.338602,8.004086,0,0,0,0,0,0,0.000000,85.342688,93.659402,1,0.121361,0.115974,-1.247607,0.017965,-0.064411,0.040213,0.996951
67,1785981020887853908,2,603,211,0.349917,0.770833,61,80.205910,8.367214,0,0,0,0,0,0,0.000000,88.573124,96.546418,1,0.129366,0.118496,-1.282667,0.018700,-0.068010,0.039132,0.996742
68,1785981020977854200,2,606,194,0.320132,0.729167,60,78.039189,7.787544,0,0,0,0,0,0,0.000000,85.826733,94.136488,1,0.100839,0.147732,-1.263517,0.011624,-0.063207,0.042415,0.997031
69,1785981021067858325,2,605,216,0.357025,0.770833,69,77.714937,8.344130,0,0,0,0,0,0,0.000000,86.059067,94.747533,1,0.151685,0.100018,-1.325155,0.002788,-0.060224,0.041540,0.997316
70,1785981021157858533,2,604,220,0.364238,0.729167,151,78.631984,8.396547,0,0,0,0,0,0,0.000000,87.028531,96.382459,1,0.118878,0.097460,-1.371269,0.003134,-0.055987,0.037812,0.997710
71,1785981021247859158,2,603,214,0.354892,0.833333,107,74.527211,8.368339,0,0,0,0,0,0,0.000000,82.895550,94.996409,1,0.150101,0.102080,-1.428593,0.002764,-0.055559,0.040223,0.997641
72,1785981021337860492,2,604,216,0.357616,0.770833,99,75.799885,8.283505,0,0,0,0,0,0,0.000000,84.083390,94.567698,1,0.144670,0.078500,-1.457327,-0.008489,-0.052246,0.034668,0.997996
73,1785981021427859658,2,606,246,0.405941,0.770833,91,73.701498,9.142677,0,0,0,0,0,0,0.000000,82.844175,92.784813,1,0.151426,0.065238,-1.487690,-0.015044,-0.053680,0.035646,0.997808
74,1785981021517860325,2,602,241,0.400332,0.812500,74,75.884176,9.073718,0,0,0,0,0,0,0.000000,84.957894,94.843366,1,0.156531,0.070282,-1.520187,-0.014133,-0.053588,0.034835,0.997855
75,1785981021607859908,2,604,230,0.380795,0.812500,76,76.092136,8.895425,0,0,0,0,0,0,0.000000,84.987561,94.452781,1,0.162695,0.074653,-1.557780,-0.011797,-0.054887,0.038494,0.997681
76,1785981021697859992,2,604,225,0.372517,0.770833,82,75.479757,8.876258,0,0,0,0,0,0,0.000000,84.356015,94.175279,1,0.164976,0.080534,-1.588098,-0.010271,-0.054330,0.038439,0.997730
77,1785981021787859117,2,604,226,0.374172,0.791667,73,75.019130,8.543840,0,0,0,0,0,0,0.000000,83.562970,92.924564,1,0.146332,0.069941,-1.622910,-0.014044,-0.052678,0.026751,0.998154
78,1785981021877859992,2,605,235,0.388430,0.729167,61,74.500627,9.008884,0,0,0,0,0,0,0.000000,83.509511,92.389852,1,0.153976,0.058252,-1.648188,-0.016964,-0.056355,0.022013,0.998024
79,1785981021967859909,2,608,215,0.353618,0.791667,72,76.314595,8.489090,0,0,0,0,0,0,0.000000,84.803685,94.119446,1,0.222869,0.085146,-1.726269,-0.006733,-0.061385,0.036926,0.997408
80,1785981022057861159,2,604,204,0.337748,0.687500,56,75.272214,7.795585,0,0,0,0,0,0,0.000000,83.067799,91.356305,1,0.240044,0.137123,-1.770313,0.004992,-0.065690,0.047626,0.996690
81,1785981022147861700,2,605,221,0.365289,0.833333,141,76.336470,8.441256,0,0,0,0,0,0,0.000000,84.777726,93.346107,1,0.210193,0.129899,-1.750294,0.007834,-0.064920,0.049036,0.996654
82,1785981022237860075,2,604,224,0.370861,0.812500,164,74.086416,8.588048,0,0,0,0,0,0,0.000000,82.674464,93.346899,1,0.177344,0.098134,-1.764885,0.005456,-0.060733,0.046930,0.997035
83,1785981022327864909,2,603,221,0.366501,0.770833,123,75.190381,8.323422,0,0,0,0,0,0,0.000000,83.513803,97.236337,1,0.219532,0.124998,-1.833059,0.009076,-0.059282,0.044301,0.997217
84,1785981022417863742,2,604,239,0.395695,0.791667,117,76.087094,9.206218,0,0,0,0,0,0,0.000000,85.293312,97.615089,1,0.219543,0.134609,-1.868394,0.010867,-0.058097,0.043853,0.997288
85,1785981022507865867,2,604,233,0.385762,0.791667,88,77.267975,8.909842,0,0,0,0,0,0,0.000000,86.177817,96.767543,1,0.220031,0.133952,-1.905521,0.010645,-0.056715,0.045190,0.997310
86,1785981022597865284,2,605,223,0.368595,0.812500,82,76.666306,8.517256,0,0,0,0,0,0,0.000000,85.183562,96.725793,1,0.225414,0.141448,-1.939941,0.012264,-0.057032,0.047290,0.997176
87,1785981022687865659,2,603,226,0.374793,0.812500,92,75.888259,8.555298,0,0,0,0,0,0,0.000000,84.443557,95.067825,1,0.207495,0.125567,-1.972947,0.007278,-0.051030,0.042689,0.997758
88,1785981022777866117,2,604,202,0.334437,0.708333,81,75.274964,8.175129,0,0,0,0,0,0,0.000000,83.450093,94.437946,1,0.200703,0.108005,-1.999859,0.001783,-0.047576,0.035312,0.998242
89,1785981022867865034,2,604,212,0.350993,0.770833,78,75.298672,8.161837,0,0,0,0,0,0,0.000000,83.460509,93.266607,1,0.195548,0.111669,-2.035086,0.002568,-0.047084,0.031271,0.998398
90,1785981022957868701,2,604,235,0.389073,0.729167,81,75.838133,8.929133,0,0,0,0,0,0,0.000000,84.767266,94.854032,1,0.196489,0.125900,-2.075218,0.006726,-0.045657,0.034962,0.998322
91,1785981023047868492,2,603,224,0.371476,0.770833,78,74.671169,8.787175,0,0,0,0,0,0,0.000000,83.458344,93.725609,1,0.188118,0.142329,-2.117191,0.010979,-0.042948,0.030997,0.998536
92,1785981023137869951,2,606,236,0.389439,0.791667,72,76.482178,9.083092,0,0,0,0,0,0,0.000000,85.565270,96.061788,1,0.186911,0.134033,-2.150140,0.008530,-0.041499,0.027117,0.998734
93,1785981023227868951,2,605,230,0.380165,0.708333,70,76.465303,8.851424,0,0,0,0,0,0,0.000000,85.316727,95.130074,1,0.189896,0.126798,-2.176389,0.005708,-0.041320,0.024669,0.998825
94,1785981023317870284,2,606,253,0.417492,0.791667,160,74.893794,9.440470,0,0,0,0,0,0,0.000000,84.334264,94.865448,1,0.181409,0.132733,-2.197888,0.005876,-0.039528,0.025176,0.998884
95,1785981023407868868,2,606,246,0.405941,0.750000,119,73.275160,9.633721,0,0,0,0,0,0,0.000000,82.908881,95.775828,1,0.211254,0.150221,-2.267958,0.004607,-0.039744,0.027406,0.998823
96,1785981023497866326,2,607,238,0.392092,0.812500,100,76.995015,9.188593,0,0,0,0,0,0,0.000000,86.183608,98.225508,1,0.203449,0.171974,-2.304549,0.010434,-0.037331,0.024673,0.998944
97,1785981023587867701,2,605,244,0.403306,0.729167,102,77.332016,9.391553,0,0,0,0,0,0,0.000000,86.723569,98.220050,1,0.194282,0.177804,-2.342974,0.011494,-0.035063,0.017268,0.999170
98,1785981023677868451,2,604,227,0.375828,0.729167,104,77.062223,8.740007,0,0,0,0,0,0,0.000000,85.802230,98.315925,1,0.203118,0.166437,-2.373599,0.007928,-0.036221,0.019059,0.999131
99,1785981023767868576,2,605,260,0.429752,0.791667,181,74.927211,10.045473,0,0,0,0,0,0,0.000000,84.972684,97.815964,1,0.205114,0.162623,-2.406269,0.006637,-0.035852,0.021459,0.999105
100,1785981023857867285,2,602,208,0.345515,0.791667,117,76.758721,7.950794,0,0,0,0,0,0,0.000000,84.709515,97.700588,1,0.227143,0.213722,-2.443864,0.017794,-0.037445,0.024017,0.998852
101,1785981023947864951,2,603,211,0.349917,0.812500,102,79.767155,8.408631,0,0,0,0,0,0,0.000000,88.175786,99.944393,1,0.211768,0.264763,-2.482686,0.029167,-0.033458,0.024338,0.998718
102,1785981024037867618,2,607,210,0.345964,0.770833,87,79.531153,8.382630,0,0,0,0,0,0,0.000000,87.913783,98.818261,1,0.220307,0.295886,-2.517461,0.035489,-0.034705,0.025104,0.998452
103,1785981024127867701,2,606,230,0.379538,0.791667,164,79.350818,8.932550,0,0,0,0,0,0,0.000000,88.283368,99.862600,1,0.214692,0.312132,-2.551406,0.038498,-0.033089,0.023406,0.998436
104,1785981024217871035,2,606,208,0.343234,0.770833,115,77.577808,7.614085,0,0,0,0,0,0,0.000000,85.191893,99.313305,1,0.215948,0.326221,-2.585051,0.040673,-0.032731,0.023183,0.998367
105,1785981024307872035,2,607,223,0.367381,0.791667,114,79.141234,8.606423,0,0,0,0,0,0,0.000000,87.747657,99.899141,1,0.214414,0.283759,-2.619629,0.033521,-0.032211,0.016565,0.998781
106,1785981024397870576,2,605,216,0.357025,0.750000,103,79.914738,8.313255,0,0,0,0,0,0,0.000000,88.227993,99.910474,1,0.232298,0.289803,-2.649543,0.033591,-0.035302,0.016247,0.998680
107,1785981024487872077,2,606,199,0.328383,0.770833,96,80.409282,8.041753,0,0,0,0,0,0,0.000000,88.451035,99.526515,1,0.255564,0.292721,-2.682164,0.033179,-0.039602,0.019649,0.998471
108,1785981024577870493,2,605,194,0.320661,0.729167,167,79.366652,7.636667,0,0,0,0,0,0,0.000000,87.003319,98.215757,1,0.266475,0.312037,-2.712759,0.036576,-0.041434,0.019850,0.998274
109,1785981024667872452,2,608,191,0.314145,0.770833,122,77.089389,7.277207,0,0,0,0,0,0,0.000000,84.366596,99.121928,1,0.296171,0.342957,-2.734914,0.041626,-0.046807,0.026515,0.997684
110,1785981024757874202,2,607,213,0.350906,0.812500,110,80.261781,8.361839,0,0,0,0,0,0,0.000000,88.623620,102.118779,1,0.278128,0.349416,-2.730578,0.043849,-0.044856,0.032398,0.997505
111,1785981024847873202,2,608,205,0.337171,0.812500,108,78.855940,8.101253,0,0,0,0,0,0,0.000000,86.957193,99.005511,1,0.294420,0.330453,-2.735433,0.040355,-0.047921,0.029710,0.997593
112,1785981024937874702,2,607,217,0.357496,0.812500,109,81.505705,8.407671,0,0,0,0,0,0,0.000000,89.913376,103.388868,1,0.295508,0.327797,-2.734755,0.039963,-0.048119,0.030038,0.997590
113,1785981025027873285,2,607,227,0.373970,0.812500,110,79.592903,8.746632,0,0,0,0,0,0,0.000000,88.339535,100.894313,1,0.298058,0.325205,-2.734323,0.039445,-0.048725,0.029023,0.997611
114,1785981025117875743,2,607,208,0.342669,0.791667,103,77.801184,7.881377,0,0,0,0,0,0,0.000000,85.682561,97.626129,1,0.297823,0.327111,-2.734796,0.039840,-0.048732,0.029138,0.997591
115,1785981025837878619,2,608,207,0.340461,0.770833,102,80.243530,7.932211,0,0,0,0,0,0,0.000000,88.175741,100.261142,1,0.304647,0.326459,-2.735328,0.039841,-0.050046,0.029151,0.997526
116,1785981025927879994,2,606,207,0.341584,0.833333,104,80.408490,7.915211,0,0,0,0,0,0,0.000000,88.323701,100.802395,1,0.320990,0.326894,-2.730568,0.039560,-0.053514,0.028315,0.997381
117,1785981026017880286,2,607,193,0.317957,0.708333,98,80.623575,7.324333,0,0,0,0,0,0,0.000000,87.947908,100.227892,1,0.368869,0.324316,-2.726295,0.038976,-0.063336,0.028939,0.996811
118,1785981026107878494,2,605,205,0.338843,0.791667,99,80.248489,7.914544,0,0,0,0,0,0,0.000000,88.163033,100.528311,1,0.416107,0.321272,-2.721007,0.038156,-0.073180,0.028298,0.996187
119,1785981026197879244,2,603,215,0.356551,0.812500,166,78.900689,8.259630,0,0,0,0,0,0,0.000000,87.160319,99.233637,1,0.451794,0.315802,-2.717385,0.036937,-0.080525,0.027557,0.995687
120,1785981026287885952,2,603,198,0.328358,0.791667,126,76.113675,7.328249,0,0,0,0,0,0,0.000000,83.441924,98.431174,1,0.468316,0.309924,-2.717215,0.035627,-0.083894,0.026800,0.995477
121,1785981026377880577,2,602,221,0.367110,0.770833,127,79.225858,8.492589,0,0,0,0,0,0,0.000000,87.718447,100.579893,1,0.491408,0.302313,-2.715868,0.034753,-0.088285,0.026125,0.995146
122,1785981026467878702,2,602,203,0.337209,0.770833,101,79.272942,8.001544,0,0,0,0,0,0,0.000000,87.274486,99.254387,1,0.520433,0.298407,-2.712228,0.033812,-0.094119,0.025086,0.994670
123,1785981026557879619,2,602,192,0.318937,0.770833,106,78.007352,7.539459,0,0,0,0,0,0,0.000000,85.546811,97.155542,1,0.544098,0.300475,-2.710142,0.033938,-0.098904,0.025403,0.994194
124,1785981026647881994,2,605,199,0.328926,0.812500,104,78.357853,7.624376,0,0,0,0,0,0,0.000000,85.982229,98.427173,1,0.578604,0.299141,-2.704294,0.033465,-0.105807,0.026366,0.993474
125,1785981026737880828,2,606,202,0.333333,0.770833,111,80.021112,8.273963,0,0,0,0,0,0,0.000000,88.295075,100.645061,1,0.617615,0.296385,-2.696938,0.032804,-0.113864,0.026755,0.992594
126,1785981026827882286,2,608,192,0.315789,0.708333,99,77.817975,7.537459,0,0,0,0,0,0,0.000000,85.355434,98.264339,1,0.654630,0.293730,-2.689277,0.032057,-0.121551,0.026597,0.991711
127,1785981026917884328,2,605,196,0.323967,0.729167,101,76.061631,7.649418,0,0,0,0,0,0,0.000000,83.711049,96.313452,1,0.677041,0.287000,-2.686227,0.030596,-0.126091,0.026450,0.991194
128,1785981027007883078,2,607,198,0.326194,0.708333,88,78.208643,7.814627,0,0,0,0,0,0,0.000000,86.023270,97.651044,1,0.697332,0.278264,-2.683318,0.028818,-0.130228,0.025850,0.990728
129,1785981027097883994,2,606,188,0.310231,0.729167,152,77.388847,7.555792,0,0,0,0,0,0,0.000000,84.944639,95.605824,1,0.723303,0.269730,-2.678316,0.027193,-0.135613,0.024580,0.990084
130,1785981027187888494,2,603,177,0.293532,0.708333,109,72.869238,6.809080,0,0,0,0,0,0,0.000000,79.678318,93.485311,1,0.753377,0.264678,-2.671998,0.026096,-0.141855,0.024016,0.989252
131,1785981027277886036,2,605,200,0.330579,0.729167,100,76.378383,7.773626,0,0,0,0,0,0,0.000000,84.152009,95.494989,1,0.775195,0.265762,-2.657507,0.026061,-0.148195,0.025328,0.988290
132,1785981027367884578,2,604,183,0.302980,0.770833,86,77.782099,7.108456,0,0,0,0,0,0,0.000000,84.890555,95.872324,1,0.826058,0.263615,-2.641782,0.025417,-0.158983,0.025823,0.986616
133,1785981027457883995,2,604,192,0.317881,0.729167,80,76.678093,7.673584,0,0,0,0,0,0,0.000000,84.351677,94.682527,1,0.889910,0.258114,-2.620419,0.024264,-0.172907,0.024674,0.984330
134,1785981027547884661,2,603,202,0.334992,0.729167,155,76.203631,8.076337,0,0,0,0,0,0,0.000000,84.279968,94.663860,1,0.953354,0.248315,-2.595809,0.022067,-0.186814,0.024948,0.981831
135,1785981027637886286,2,605,209,0.345455,0.750000,105,70.735351,7.704543,0,0,0,0,0,0,0.000000,78.439894,91.899969,1,1.018080,0.241557,-2.569271,0.020349,-0.201103,0.024927,0.979041
136,1785981027727889995,2,604,195,0.322848,0.687500,81,74.874833,7.736751,0,0,0,0,0,0,0.000000,82.611584,93.166560,1,1.078509,0.234268,-2.543542,0.018422,-0.214718,0.025842,0.976160
137,1785981027817886578,2,604,197,0.326159,0.750000,79,73.329949,7.583792,0,0,0,0,0,0,0.000000,80.913741,91.207632,1,1.128612,0.226545,-2.518559,0.016538,-0.226031,0.025893,0.973635
138,1785981027907886453,2,602,215,0.357143,0.708333,78,70.987144,8.251420,0,0,0,0,0,0,0.000000,79.238564,89.839498,1,1.174623,0.220863,-2.497652,0.014864,-0.236232,0.027780,0.971186
139,1785981027997887370,2,604,214,0.354305,0.750000,78,72.616862,8.315130,0,0,0,0,0,0,0.000000,80.931992,90.946630,1,1.222666,0.216073,-2.472295,0.013551,-0.247364,0.028079,0.968421
140,1785981028087889370,2,605,195,0.322314,0.750000,65,71.554397,7.691293,0,0,0,0,0,0,0.000000,79.245690,88.286990,1,1.276447,0.213028,-2.442112,0.012364,-0.259717,0.028695,0.965179
141,1785981028177890537,2,606,216,0.356436,0.708333,142,71.016311,8.577756,0,0,0,0,0,0,0.000000,79.594067,88.897702,1,1.328867,0.203009,-2.411215,0.010087,-0.271991,0.029680,0.961789
142,1785981028267890787,2,605,196,0.323967,0.708333,96,69.070717,7.921794,0,0,0,0,0,0,0.000000,76.992511,88.344782,1,1.385023,0.199142,-2.376889,0.008926,-0.285068,0.029475,0.958012
143,1785981028357891745,2,605,207,0.342149,0.729167,93,68.955383,8.030544,0,0,0,0,0,0,0.000000,76.985927,87.266026,1,1.440226,0.189674,-2.338838,0.007112,-0.298478,0.028605,0.953961
144,1785981028447888203,2,606,200,0.330033,0.687500,78,68.927090,7.912336,0,0,0,0,0,0,0.000000,76.839426,86.960441,1,1.496739,0.189971,-2.295052,0.006860,-0.312464,0.027503,0.949506
145,1785981028537887953,2,603,193,0.320066,0.687500,68,70.479932,7.646709,0,0,0,0,0,0,0.000000,78.126641,87.120858,1,1.550559,0.192477,-2.256075,0.007615,-0.325748,0.026797,0.945046
146,1785981028627889370,2,604,193,0.319536,0.687500,144,68.683797,7.750168,0,0,0,0,0,0,0.000000,76.433965,86.265854,1,1.596020,0.194761,-2.220163,0.008140,-0.337151,0.026734,0.941036
147,1785981028717887954,2,602,187,0.310631,0.708333,99,65.592697,7.502959,0,0,0,0,0,0,0.000000,73.095656,85.531850,1,1.646183,0.206448,-2.172972,0.010264,-0.350684,0.026279,0.936069
148,1785981028807890162,2,610,196,0.321311,0.729167,88,66.404743,7.976836,0,0,0,0,0,0,0.000000,74.381579,85.345599,1,1.700710,0.198288,-2.122931,0.008824,-0.365095,0.024939,0.930595
149,1785981028897889329,2,604,196,0.324503,0.708333,78,66.427618,7.855377,0,0,0,0,0,0,0.000000,74.282995,84.542968,1,1.743739,0.190992,-2.080379,0.007822,-0.376914,0.022648,0.925938
150,1785981028987889120,2,601,189,0.314476,0.666667,66,68.128836,7.521417,0,0,0,0,0,0,0.000000,75.650253,84.930013,1,1.793882,0.187810,-2.029190,0.006999,-0.390639,0.022138,0.920251
151,1785981029077890537,2,602,194,0.322259,0.687500,61,69.771345,7.794460,0,0,0,0,0,0,0.000000,77.565805,86.514021,1,1.844015,0.183738,-1.971381,0.006187,-0.405223,0.020835,0.913959
152,1785981029167890870,2,603,174,0.288557,0.625000,61,66.204158,7.200498,0,0,0,0,0,0,0.000000,73.404656,82.317956,1,1.883113,0.174379,-1.927094,0.004658,-0.416325,0.019706,0.908991
153,1785981029257890745,2,607,193,0.317957,0.687500,54,66.481243,7.939169,0,0,0,0,0,0,0.000000,74.420412,82.644083,1,1.919472,0.171328,-1.887331,0.003256,-0.426961,0.021293,0.904013
154,1785981029347890870,2,607,200,0.329489,0.708333,146,66.391701,8.123379,0,0,0,0,0,0,0.000000,74.515080,83.794714,1,1.959252,0.159297,-1.837750,0.000826,-0.439542,0.019225,0.898016
155,1785981029437890621,2,607,175,0.288303,0.687500,73,66.351325,7.168956,0,0,0,0,0,0,0.000000,73.520281,83.906840,1,2.024684,0.156809,-1.766719,-0.000130,-0.459804,0.019347,0.887810
156,1785981029527894204,2,603,202,0.334992,0.666667,60,65.503737,7.954252,0,0,0,0,0,0,0.000000,73.457989,81.894453,1,2.070129,0.154165,-1.729443,-0.000774,-0.473835,0.018122,0.880427
157,1785981029617895496,2,606,205,0.338284,0.687500,55,64.961277,8.348129,0,0,0,0,0,0,0.000000,73.309406,81.822119,1,2.103999,0.159727,-1.710666,-0.000819,-0.484082,0.018577,0.874825
158,1785981029707892746,2,604,212,0.350993,0.687500,133,65.890073,8.275296,0,0,0,0,0,0,0.000000,74.165369,83.053584,1,2.124093,0.201983,-1.726523,0.008499,-0.489159,0.019377,0.871938
159,1785981029797891829,2,607,191,0.314662,0.666667,62,66.846454,7.727002,0,0,0,0,0,0,0.000000,74.573456,83.745089,1,2.133740,0.210255,-1.750987,0.006925,-0.491445,0.024432,0.870538
160,1785981029887895412,2,605,177,0.292562,0.708333,68,65.986156,7.406374,0,0,0,0,0,0,0.000000,73.392530,82.646249,1,2.136895,0.210811,-1.785351,0.008501,-0.491345,0.020161,0.870690
161,1785981029977896662,2,604,209,0.346026,0.645833,137,68.237669,8.337546,0,0,0,0,0,0,0.000000,76.575215,86.415186,1,2.137642,0.218251,-1.822048,0.011426,-0.490980,0.016276,0.870944
162,1785981030067895246,2,608,196,0.322368,0.729167,108,66.801036,7.974711,0,0,0,0,0,0,0.000000,74.775747,87.367025,1,2.128359,0.202866,-1.871027,0.009466,-0.487880,0.011302,0.872786
163,1785981030157894496,2,605,194,0.320661,0.666667,175,66.603076,7.817710,0,0,0,0,0,0,0.000000,74.420786,87.085023,1,2.130976,0.200820,-1.906911,0.009274,-0.487284,0.009648,0.873141
164,1785981030247894996,2,605,204,0.337190,0.666667,107,70.514515,7.893627,0,0,0,0,0,0,0.000000,78.408142,91.641923,1,2.121327,0.208092,-1.956890,0.010624,-0.483917,0.008458,0.875008
165,1785981030337896204,2,608,180,0.296053,0.666667,97,68.316628,7.253457,0,0,0,0,0,0,0.000000,75.570085,87.763985,1,2.120273,0.226157,-1.998792,0.012036,-0.482554,0.013529,0.875679
166,1785981030427901413,2,604,189,0.312914,0.687500,161,66.714077,7.444249,0,0,0,0,0,0,0.000000,74.158326,86.432977,1,2.109013,0.220637,-2.050220,0.012150,-0.478925,0.009802,0.877717
167,1785981030517896746,2,603,175,0.290216,0.645833,89,66.450159,7.177456,0,0,0,0,0,0,0.000000,73.627615,85.338388,1,2.100346,0.215549,-2.099346,0.014111,-0.476208,0.000612,0.879219
168,1785981030607898413,2,606,171,0.282178,0.687500,161,67.926375,6.855413,0,0,0,0,0,0,0.000000,74.781788,86.441935,1,2.096550,0.204512,-2.140784,0.012349,-0.474686,-0.001776,0.880067
169,1785981030697898746,2,602,183,0.303987,0.666667,107,65.004192,7.640750,0,0,0,0,0,0,0.000000,72.644942,86.050600,1,2.094654,0.202135,-2.179527,0.011540,-0.473307,-0.002349,0.880819
170,1785981030787898871,2,604,165,0.273179,0.625000,94,67.913125,6.941663,0,0,0,0,0,0,0.000000,74.854788,86.630312,1,2.104722,0.213678,-2.206255,0.011944,-0.474544,0.001469,0.880149
171,1785981030877900746,2,606,169,0.278878,0.708333,86,68.358503,7.014872,0,0,0,0,0,0,0.000000,75.373375,86.877438,1,2.107391,0.252048,-2.243731,0.018710,-0.474000,0.000971,0.880325
172,1785981030967901038,2,605,177,0.292562,0.687500,152,71.250143,7.186665,0,0,0,0,0,0,0.000000,78.436808,89.483660,1,2.098170,0.277309,-2.288244,0.023243,-0.471592,-0.001265,0.881509
173,1785981031057900163,2,607,183,0.301483,0.687500,175,68.320252,7.401791,0,0,0,0,0,0,0.000000,75.722043,89.277701,1,2.096320,0.264264,-2.327253,0.021050,-0.470751,-0.003159,0.882009
174,1785981031147903955,2,607,163,0.268534,0.645833,105,66.320575,6.901455,0,0,0,0,0,0,0.000000,73.222030,86.931854,1,2.090328,0.287291,-2.371518,0.025678,-0.468910,-0.006844,0.882846
175,1785981031237902413,2,602,140,0.232558,0.666667,78,71.805355,6.134075,0,0,0,0,0,0,0.000000,77.939430,89.201950,1,2.087084,0.309043,-2.413480,0.031666,-0.467561,-0.015347,0.883260
176,1785981031327901746,2,603,127,0.210614,0.625000,132,71.980689,5.585156,0,0,0,0,0,0,0.000000,77.565845,87.567275,1,2.080724,0.315104,-2.456669,0.036241,-0.465728,-0.028680,0.883720
177,1785981031417902163,2,603,141,0.233831,0.687500,84,70.068428,6.073450,0,0,0,0,0,0,0.000000,76.141878,87.707609,1,2.087278,0.313306,-2.490500,0.035557,-0.466654,-0.030017,0.883215
178,1785981031507904038,2,603,162,0.268657,0.666667,158,71.388644,6.576619,0,0,0,0,0,0,0.000000,77.965263,89.544702,1,2.089951,0.251257,-2.523108,0.024059,-0.466969,-0.029353,0.883459
179,1785981031597905288,2,606,175,0.288779,0.687500,173,75.253540,6.958205,0,0,0,0,0,0,0.000000,82.211745,96.043113,1,2.103571,0.206465,-2.540467,0.016390,-0.470102,-0.029935,0.881952
180,1785981031687905747,2,604,181,0.299669,0.708333,183,74.687704,6.790829,0,0,0,0,0,0,0.000000,81.478533,95.992529,1,2.134307,0.232638,-2.551507,0.018073,-0.475156,-0.020159,0.879485
181,1785981031777902830,2,608,169,0.277961,0.687500,184,69.422216,6.519369,0,0,0,0,0,0,0.000000,75.941585,92.160674,1,2.165042,0.222927,-2.561675,0.015765,-0.480429,-0.018264,0.876702
182,1785981031867904663,2,610,195,0.319672,0.729167,198,68.573586,7.760542,0,0,0,0,0,0,0.000000,76.334128,90.813208,1,2.190003,0.146791,-2.571397,0.001769,-0.485196,-0.013655,0.874297
183,1785981031957905038,2,607,176,0.289951,0.708333,120,73.127861,6.838788,0,0,0,0,0,0,0.000000,79.966649,95.000523,1,2.206452,0.148299,-2.590925,0.000502,-0.487742,-0.007617,0.872954
184,1785981032047903497,2,607,177,0.291598,0.729167,175,75.135289,7.073372,0,0,0,0,0,0,0.000000,82.208661,95.682860,1,2.202856,0.153058,-2.628838,0.001151,-0.486964,-0.007712,0.873387
185,1785981032137903997,2,609,183,0.300493,0.687500,114,73.247404,7.185165,0,0,0,0,0,0,0.000000,80.432569,96.714908,1,2.221410,0.171560,-2.646798,0.002884,-0.489951,-0.004038,0.871736
186,1785981032227904414,2,602,208,0.345515,0.729167,179,70.572430,8.321337,0,0,0,0,0,0,0.000000,78.893767,92.131049,1,2.263863,0.179712,-2.647627,0.001786,-0.496541,0.005493,0.867994
187,1785981032317905955,2,605,170,0.280992,0.687500,108,67.316704,6.622453,0,0,0,0,0,0,0.000000,73.939157,88.560363,1,2.267513,0.215836,-2.683071,0.006604,-0.496382,0.008750,0.868035
188,1785981032407907080,2,604,168,0.278146,0.708333,96,69.752676,6.954372,0,0,0,0,0,0,0.000000,76.707048,89.489034,1,2.262417,0.247960,-2.725855,0.010716,-0.494683,0.011631,0.868929
189,1785981032497906622,2,603,187,0.310116,0.666667,167,66.804576,7.563083,0,0,0,0,0,0,0.000000,74.367659,87.862025,1,2.266151,0.213797,-2.761203,0.004901,-0.494486,0.015309,0.869037
190,1785981032587906539,2,609,183,0.300493,0.687500,104,70.666680,6.987830,0,0,0,0,0,0,0.000000,77.654510,93.160470,1,2.261423,0.233224,-2.801124,0.006448,-0.492681,0.020290,0.869950
191,1785981032677908580,2,608,181,0.297697,0.645833,96,66.485532,7.249582,0,0,0,0,0,0,0.000000,73.735114,87.341105,1,2.227854,0.237302,-2.864758,0.007147,-0.486435,0.018208,0.873498
192,1785981032767906914,2,606,186,0.306931,0.645833,159,68.634878,7.452999,0,0,0,0,0,0,0.000000,76.087877,88.601071,1,2.209029,0.246750,-2.918785,0.009500,-0.482605,0.011256,0.875714
193,1785981032857907872,2,603,165,0.273632,0.604167,105,67.765789,6.430077,0,0,0,0,0,0,0.000000,74.195866,89.510075,1,2.184237,0.239879,-2.975018,0.009125,-0.478238,0.005492,0.878166
194,1785981032947911039,2,605,168,0.277686,0.666667,100,71.222474,6.906913,0,0,0,0,0,0,0.000000,78.129387,91.467753,1,2.175424,0.265382,-3.018662,0.013156,-0.476330,0.001364,0.879167
195,1785981033037910081,2,605,172,0.284298,0.708333,165,72.168897,6.974330,0,0,0,0,0,0,0.000000,79.143227,92.288966,1,2.187187,0.345444,-3.046817,0.024563,-0.477422,0.001149,0.878330
196,1785981033127911497,2,603,169,0.280265,0.666667,103,67.174411,6.402202,0,0,0,0,0,0,0.000000,73.576613,87.852566,1,2.177048,0.432563,-3.089407,0.037354,-0.475148,-0.003607,0.879105
197,1785981033217913206,2,607,189,0.311367,0.729167,164,71.344767,7.446374,0,0,0,0,0,0,0.000000,78.791141,91.534545,1,2.145122,0.433173,-3.154136,0.037226,-0.469740,-0.004568,0.882008
198,1785981033307905581,2,603,165,0.273632,0.750000,113,69.202214,6.620411,0,0,0,0,0,0,0.000000,75.822625,91.978506,1,2.142544,0.421586,-3.193115,0.036093,-0.468681,-0.010985,0.882561
199,1785981033397908122,2,603,173,0.286899,0.645833,165,74.752911,6.910330,0,0,0,0,0,0,0.000000,81.663241,95.260731,1,2.159672,0.426596,-3.213704,0.036524,-0.470929,-0.012606,0.881325
200,1785981033487911956,2,604,168,0.278146,0.750000,105,69.414090,6.613787,0,0,0,0,0,0,0.000000,76.027877,90.866916,1,2.141927,0.432713,-3.260513,0.037061,-0.467727,-0.015671,0.882956
201,1785981033577911414,2,602,187,0.310631,0.750000,166,71.246433,7.606292,0,0,0,0,0,0,0.000000,78.852725,92.703217,1,2.136565,0.466934,-3.297638,0.041323,-0.466378,-0.019606,0.883402
202,1785981033667910414,2,605,173,0.285950,0.666667,103,67.870164,6.554952,0,0,0,0,0,0,0.000000,74.425116,87.330771,1,2.138450,0.406948,-3.337014,0.032178,-0.466291,-0.014578,0.883926
203,1785981033757910706,2,607,159,0.261944,0.625000,92,71.076057,6.826121,0,0,0,0,0,0,0.000000,77.902178,90.822123,1,2.137745,0.352018,-3.375264,0.023958,-0.465876,-0.011819,0.884447
204,1785981033847909164,2,606,173,0.285479,0.645833,158,69.066213,7.215456,0,0,0,0,0,0,0.000000,76.281669,88.532361,1,2.146431,0.287959,-3.404545,0.014242,-0.466922,-0.004425,0.884173
205,1785981033937913081,2,606,200,0.330033,0.625000,106,62.947220,7.736459,0,0,0,0,0,0,0.000000,70.683679,86.534849,1,2.174301,0.183081,-3.417203,-0.000778,-0.470495,0.003292,0.882396
206,1785981034027910331,2,607,182,0.299835,0.625000,90,60.781667,7.070580,0,0,0,0,0,0,0.000000,67.852247,81.786699,1,2.189147,0.122187,-3.435101,-0.010302,-0.472194,0.012601,0.881344
207,1785981034117913581,2,603,202,0.334992,0.666667,86,59.056490,8.217879,0,0,0,0,0,0,0.000000,67.274369,80.250273,1,2.188137,0.038136,-3.465770,-0.021539,-0.471621,0.013043,0.881442
208,1785981034207913581,2,605,213,0.352066,0.625000,74,60.290331,8.587005,0,0,0,0,0,0,0.000000,68.877336,81.362030,1,2.195777,0.008243,-3.498851,-0.024748,-0.472325,0.010210,0.881018
209,1785981034297913498,2,604,186,0.307947,0.625000,65,60.128871,7.534583,0,0,0,0,0,0,0.000000,67.663454,78.607264,1,2.193072,0.044354,-3.542329,-0.019394,-0.471761,0.006608,0.881489
210,1785981034387911665,2,605,193,0.319008,0.687500,66,64.092559,7.763043,0,0,0,0,0,0,0.000000,71.855602,82.558411,1,2.196314,0.156878,-3.583577,-0.003796,-0.471765,-0.002263,0.881714
211,1785981034477915540,2,606,193,0.318482,0.687500,158,63.484640,7.755668,0,0,0,0,0,0,0.000000,71.240308,82.999371,1,2.194386,0.272860,-3.618682,0.010526,-0.471493,-0.007264,0.881777
212,1785981034567914540,2,602,178,0.295681,0.645833,92,66.291946,6.931746,0,0,0,0,0,0,0.000000,73.223692,87.730273,1,2.226512,0.377697,-3.632431,0.023503,-0.475163,-0.007296,0.879554
213,1785981034657915498,2,606,173,0.285479,0.729167,89,65.045398,6.753245,0,0,0,0,0,0,0.000000,71.798643,85.153050,1,2.243751,0.452037,-3.653548,0.031888,-0.477126,-0.004638,0.878244
214,1785981034747916706,2,601,169,0.281198,0.687500,72,65.649818,6.856746,0,0,0,0,0,0,0.000000,72.506564,83.809917,1,2.288189,0.491004,-3.663374,0.035697,-0.482339,0.007405,0.875226
215,1785981034837916748,2,603,165,0.273632,0.645833,146,66.983575,6.927788,0,0,0,0,0,0,0.000000,73.911363,85.401468,1,2.280434,0.514371,-3.699245,0.037608,-0.481391,0.009727,0.875645
216,1785981034927915748,2,607,178,0.293245,0.687500,102,62.289425,6.863037,0,0,0,0,0,0,0.000000,69.152462,85.154007,1,2.289490,0.487745,-3.731937,0.033555,-0.482009,0.015375,0.875389
217,1785981035017917832,2,604,191,0.316225,0.666667,166,68.711501,7.315748,0,0,0,0,0,0,0.000000,76.027249,89.170071,1,2.266214,0.485528,-3.781825,0.033545,-0.478659,0.007827,0.877325
218,1785981035107917748,2,603,206,0.341625,0.687500,116,62.930886,7.691126,0,0,0,0,0,0,0.000000,70.622012,85.699594,1,2.224343,0.383297,-3.850779,0.021577,-0.472931,0.001810,0.880833
219,1785981035197915957,2,601,199,0.331115,0.687500,97,62.532926,7.260456,0,0,0,0,0,0,0.000000,69.793382,84.387628,1,2.202298,0.346687,-3.901753,0.017150,-0.469945,0.000015,0.882529
220,1785981035287916290,2,604,200,0.331126,0.666667,163,64.074184,8.115711,0,0,0,0,0,0,0.000000,72.189895,85.609177,1,2.201577,0.290653,-3.939880,0.010266,-0.469469,0.004607,0.882877
221,1785981035377917165,2,601,188,0.312812,0.666667,106,65.045939,7.259540,0,0,0,0,0,0,0.000000,72.305479,86.832975,1,2.192214,0.320860,-3.978580,0.013510,-0.467972,0.002666,0.883636
222,1785981035467916082,2,605,193,0.319008,0.687500,109,67.371077,7.279165,0,0,0,0,0,0,0.000000,74.650242,89.779449,1,2.193074,0.283649,-4.014268,0.008990,-0.467620,0.001976,0.883882
223,1785981035557917790,2,606,191,0.315182,0.687500,162,64.473978,7.784543,0,0,0,0,0,0,0.000000,72.258521,86.021304,1,2.195471,0.317360,-4.044217,0.012573,-0.467465,0.001127,0.883921
224,1785981035647918082,2,603,188,0.311774,0.666667,116,61.466337,7.236998,0,0,0,0,0,0,0.000000,68.703335,85.113674,1,2.176952,0.339384,-4.089858,0.014843,-0.464889,0.000319,0.885245
225,1785981035737919124,2,606,185,0.305281,0.687500,101,65.836151,7.043414,0,0,0,0,0,0,0.000000,72.879565,87.092977,1,2.131114,0.366080,-4.153577,0.017804,-0.459258,-0.004268,0.888114
226,1785981035827920040,2,604,184,0.304636,0.645833,173,64.916980,7.580917,0,0,0,0,0,0,0.000000,72.497897,85.375967,1,2.113499,0.412011,-4.197512,0.022785,-0.456946,-0.012282,0.889118
227,1785981035917919582,2,608,169,0.277961,0.666667,94,63.308638,6.546869,0,0,0,0,0,0,0.000000,69.855507,83.456081,1,2.128848,0.422490,-4.224575,0.023634,-0.458316,-0.009469,0.888425
228,1785981036007919540,2,606,191,0.315182,0.708333,171,63.131304,7.377332,0,0,0,0,0,0,0.000000,70.508636,85.250549,1,2.159207,0.454125,-4.241714,0.026834,-0.461353,-0.009507,0.886760
229,1785981036097920749,2,607,172,0.283361,0.645833,99,69.629797,6.724953,0,0,0,0,0,0,0.000000,76.354750,91.928294,1,2.156126,0.493015,-4.277768,0.030637,-0.460597,-0.013466,0.886978
230,1785981036187918124,2,605,182,0.300826,0.750000,166,72.092311,7.540874,0,0,0,0,0,0,0.000000,79.633185,93.252884,1,2.177093,0.483898,-4.303698,0.029074,-0.462479,-0.020849,0.885908
231,1785981036277921540,2,607,185,0.304778,0.750000,102,69.359129,7.248081,0,0,0,0,0,0,0.000000,76.607210,91.995836,1,2.201015,0.563358,-4.322665,0.037467,-0.464697,-0.019673,0.884458
232,1785981036367924374,2,606,158,0.260726,0.708333,76,70.764303,6.354451,0,0,0,0,0,0,0.000000,77.118754,89.809157,1,2.223280,0.530212,-4.352530,0.033669,-0.466841,-0.020359,0.883465
233,1785981036457923707,2,606,163,0.268977,0.708333,76,67.309951,7.045330,0,0,0,0,0,0,0.000000,74.355281,86.136804,1,2.288812,0.519533,-4.344937,0.032310,-0.473753,-0.015722,0.879925
234,1785981036547922999,2,605,179,0.295868,0.708333,159,67.272075,7.417499,0,0,0,0,0,0,0.000000,74.689574,87.945855,1,2.293205,0.511400,-4.357229,0.031512,-0.474111,-0.012261,0.879816
235,1785981036637924457,2,602,193,0.320598,0.729167,114,64.210308,7.170164,0,0,0,0,0,0,0.000000,71.380472,87.721479,1,2.299683,0.514910,-4.357100,0.031844,-0.474733,-0.011615,0.879477
236,1785981036727923874,2,603,188,0.311774,0.708333,98,70.106383,7.581708,0,0,0,0,0,0,0.000000,77.688091,92.643880,1,2.320239,0.507933,-4.341658,0.031165,-0.477060,-0.012075,0.878235
237,1785981036817924416,2,603,147,0.243781,0.666667,90,67.136824,6.314659,0,0,0,0,0,0,0.000000,73.451483,86.886724,1,2.363326,0.495146,-4.316732,0.029918,-0.481778,-0.013465,0.875679
238,1785981036907925624,2,605,180,0.297521,0.708333,94,67.416409,7.567249,0,0,0,0,0,0,0.000000,74.983658,88.574316,1,2.427147,0.500289,-4.279720,0.030452,-0.488788,-0.014266,0.871754
239,1785981036997927541,2,604,177,0.293046,0.729167,164,67.739953,7.112080,0,0,0,0,0,0,0.000000,74.852033,89.204027,1,2.496994,0.492798,-4.238721,0.029870,-0.496517,-0.014996,0.867383
240,1785981037087926333,2,604,177,0.293046,0.666667,127,70.417092,6.895204,0,0,0,0,0,0,0.000000,77.312296,94.059763,1,2.574073,0.490971,-4.190121,0.029846,-0.505154,-0.015848,0.862368
241,1785981037177924708,2,606,167,0.275578,0.666667,112,72.634229,6.955538,0,0,0,0,0,0,0.000000,79.589767,94.579224,1,2.664355,0.485846,-4.133399,0.029444,-0.515174,-0.015251,0.856444
242,1785981037267926458,2,606,171,0.282178,0.708333,115,66.719489,7.082956,0,0,0,0,0,0,0.000000,73.802445,88.581316,1,2.740232,0.474832,-4.081751,0.028495,-0.523887,-0.014673,0.851185
243,1785981037357925916,2,605,183,0.302479,0.708333,176,66.890114,7.284206,0,0,0,0,0,0,0.000000,74.174320,88.500523,1,2.802464,0.469927,-4.040783,0.028032,-0.530872,-0.014764,0.846860
244,1785981037447926583,2,604,162,0.268212,0.687500,116,65.895108,6.478077,0,0,0,0,0,0,0.000000,72.373185,89.420029,1,2.857162,0.461496,-4.001498,0.027260,-0.537166,-0.014791,0.842906
245,1785981037537929666,2,603,162,0.268657,0.666667,103,71.366805,6.551619,0,0,0,0,0,0,0.000000,77.918424,91.947959,1,2.928988,0.453875,-3.946504,0.026588,-0.545555,-0.015124,0.837516
246,1785981037627929249,2,604,162,0.268212,0.729167,105,67.653994,6.864370,0,0,0,0,0,0,0.000000,74.518364,88.059480,1,3.002680,0.448939,-3.889154,0.026166,-0.554104,-0.014695,0.831906
247,1785981037717927791,2,604,171,0.283113,0.666667,95,71.500848,6.902621,0,0,0,0,0,0,0.000000,78.403469,91.009079,1,3.078228,0.438641,-3.827087,0.025252,-0.562967,-0.014161,0.825972
248,1785981037807928166,2,603,181,0.300166,0.708333,100,68.852416,7.477707,0,0,0,0,0,0,0.000000,76.330123,90.604660,1,3.160607,0.431843,-3.754288,0.024601,-0.572972,-0.013661,0.819092
249,1785981037897930125,2,603,187,0.310116,0.687500,80,69.456128,7.552083,0,0,0,0,0,0,0.000000,77.008211,89.830738,1,3.265945,0.417921,-3.656528,0.023357,-0.585774,-0.012822,0.810036
250,1785981037987930291,2,605,193,0.319008,0.666667,155,71.181720,7.573707,0,0,0,0,0,0,0.000000,78.755427,91.470039,1,3.361107,0.418145,-3.561694,0.023203,-0.597573,-0.011152,0.801401
251,1785981038077932916,2,604,203,0.336093,0.708333,104,68.454373,7.534041,0,0,0,0,0,0,0.000000,75.988414,91.489789,1,3.442351,0.409078,-3.476404,0.022249,-0.607926,-0.009963,0.793619
252,1785981038167929958,2,605,199,0.328926,0.687500,98,73.182149,7.123580,0,0,0,0,0,0,0.000000,80.305729,95.115226,1,3.508701,0.404317,-3.403554,0.021618,-0.616415,-0.008259,0.787081
253,1785981038257930458,2,603,205,0.339967,0.708333,88,69.598503,7.963085,0,0,0,0,0,0,0.000000,77.561588,90.455075,1,3.581775,0.392531,-3.317390,0.020477,-0.626183,-0.008211,0.779364
254,1785981038347932791,2,606,193,0.318482,0.687500,84,69.540045,7.568082,0,0,0,0,0,0,0.000000,77.108127,89.427070,1,3.655598,0.383245,-3.224935,0.019366,-0.636204,-0.007211,0.771244
255,1785981038437932541,2,605,197,0.325620,0.666667,80,68.874124,7.648541,0,0,0,0,0,0,0.000000,76.522665,88.810857,1,3.728455,0.380966,-3.133021,0.018869,-0.646077,-0.005002,0.763023
256,1785981038527933333,2,604,192,0.317881,0.687500,73,72.125225,7.791126,0,0,0,0,0,0,0.000000,79.916351,91.560122,1,3.796934,0.371187,-3.039096,0.017658,-0.655694,-0.004472,0.754807
257,1785981038617931875,2,606,190,0.313531,0.687500,63,70.157423,7.301706,0,0,0,0,0,0,0.000000,77.459129,88.666399,1,3.873690,0.358893,-2.928043,0.016502,-0.666846,-0.004289,0.745000
258,1785981038707931292,2,605,179,0.295868,0.708333,137,69.614920,7.311998,0,0,0,0,0,0,0.000000,76.926918,89.158734,1,3.948577,0.358479,-2.814974,0.016470,-0.677723,-0.004177,0.735121
259,1785981038797932917,2,605,224,0.370248,0.708333,97,67.923786,7.781417,0,0,0,0,0,0,0.000000,75.705203,90.015156,1,4.008068,0.355121,-2.717803,0.016090,-0.686778,-0.003348,0.726682
260,1785981038887933625,2,605,226,0.373554,0.687500,95,68.561914,8.861715,0,0,0,0,0,0,0.000000,77.423629,90.164948,1,4.061359,0.341447,-2.625971,0.014719,-0.695251,-0.003432,0.718608
261,1785981038977935500,2,605,233,0.385124,0.708333,84,70.416632,8.805464,0,0,0,0,0,0,0.000000,79.222096,92.080125,1,4.128346,0.348583,-2.503299,0.015466,-0.706110,-0.002933,0.707927
262,1785981039067935417,2,605,203,0.335537,0.729167,86,72.567936,7.873334,0,0,0,0,0,0,0.000000,80.441270,92.932838,1,4.177484,0.339297,-2.404453,0.014472,-0.714563,-0.002918,0.699415
263,1785981039157937125,2,605,204,0.337190,0.708333,72,71.521597,7.865501,0,0,0,0,0,0,0.000000,79.387098,91.446122,1,4.220723,0.333741,-2.316480,0.013758,-0.721934,-0.002712,0.691819
264,1785981039247938209,2,606,216,0.356436,0.708333,66,69.610378,8.369171,0,0,0,0,0,0,0.000000,77.979549,88.927858,1,4.258473,0.315901,-2.237554,0.011883,-0.728520,-0.002837,0.684915
265,1785981039337939750,2,602,202,0.335548,0.708333,72,74.661238,7.792126,0,0,0,0,0,0,0.000000,82.453364,93.562466,1,4.293946,0.305935,-2.157794,0.010570,-0.734996,-0.002456,0.677985
266,1785981039427940667,2,605,227,0.375207,0.770833,67,69.929129,8.629256,0,0,0,0,0,0,0.000000,78.558385,89.990446,1,4.347965,0.290906,-2.021317,0.008682,-0.745658,-0.002300,0.666268
267,1785981039517937459,2,604,198,0.327815,0.729167,62,70.530257,7.717541,0,0,0,0,0,0,0.000000,78.247798,88.786981,1,4.398661,0.269601,-1.881581,0.006853,-0.756530,-0.003066,0.653916
268,1785981039607939667,2,603,222,0.368159,0.750000,145,74.922573,8.545379,0,0,0,0,0,0,0.000000,83.467952,95.053724,1,4.442124,0.266956,-1.750828,0.006574,-0.766052,-0.003304,0.642737
269,1785981039697938375,2,605,205,0.338843,0.729167,88,71.001260,8.232419,0,0,0,0,0,0,0.000000,79.233679,92.386085,1,4.473871,0.256223,-1.648961,0.005598,-0.773714,-0.003075,0.633503
270,1785981039787937875,2,607,211,0.347611,0.729167,70,72.539018,8.149669,0,0,0,0,0,0,0.000000,80.688687,92.054166,1,4.508415,0.250073,-1.520768,0.004925,-0.782660,-0.003416,0.622420
271,1785981039877937376,2,607,188,0.309720,0.708333,71,75.922078,7.355081,0,0,0,0,0,0,0.000000,83.277159,93.994259,1,4.545154,0.236565,-1.381240,0.004206,-0.792640,-0.005309,0.609653
272,1785981039967937959,2,605,226,0.373554,0.791667,79,75.012865,8.416004,0,0,0,0,0,0,0.000000,83.428869,94.623971,1,4.586316,0.217553,-1.190031,0.001448,-0.805991,-0.003871,0.591914
273,1785981040057937542,2,603,205,0.339967,0.791667,56,70.929593,7.921292,0,0,0,0,0,0,0.000000,78.850885,88.887649,1,4.623214,0.253187,-0.982594,0.003767,-0.820542,0.000466,0.571573
274,1785981040147937417,2,605,223,0.368595,0.750000,59,72.726144,8.439171,0,0,0,0,0,0,0.000000,81.165315,91.064243,1,4.643246,0.267988,-0.859722,0.005184,-0.829682,0.000818,0.558211
275,1785981040237938834,2,602,210,0.348837,0.770833,51,72.065557,7.981377,0,0,0,0,0,0,0.000000,80.046934,89.835904,1,4.656837,0.291879,-0.765288,0.008104,-0.837359,0.000797,0.546592
276,1785981040327939001,2,604,213,0.352649,0.770833,53,70.700091,8.438545,0,0,0,0,0,0,0.000000,79.138636,89.156983,1,4.667396,0.308843,-0.717698,0.010108,-0.842026,0.000418,0.539343
277,1785981040417938251,2,606,199,0.328383,0.770833,49,72.906311,7.811584,0,0,0,0,0,0,0.000000,80.717895,90.521115,1,4.672316,0.358661,-0.705589,0.019149,-0.844703,-0.005533,0.534864
278,1785981040507941501,2,606,213,0.351485,0.770833,49,73.603732,8.199877,0,0,0,0,0,0,0.000000,81.803609,91.406162,1,4.673517,0.365875,-0.763073,0.023315,-0.843126,-0.012771,0.537059
279,1785981040597939418,2,603,221,0.366501,0.729167,50,76.263829,8.593380,0,0,0,0,0,0,0.000000,84.857209,94.728179,1,4.679277,0.391508,-0.784824,0.026673,-0.843172,-0.014889,0.536776
280,1785981040687940084,2,604,199,0.329470,0.708333,133,74.442320,7.794417,0,0,0,0,0,0,0.000000,82.236737,92.529709,1,4.677323,0.384240,-0.857569,0.025333,-0.841466,-0.015242,0.539500
281,1785981040777942834,2,607,207,0.341021,0.791667,63,77.750796,8.118169,0,0,0,0,0,0,0.000000,85.868965,97.018858,1,4.679466,0.392044,-0.899378,0.029723,-0.839758,-0.024639,0.541586
282,1785981040867944376,2,603,225,0.373134,0.812500,71,73.595523,8.446962,0,0,0,0,0,0,0.000000,82.042485,92.975336,1,4.679965,0.407665,-0.948197,0.026107,-0.839307,-0.013763,0.542856
283,1785981040957942084,2,604,212,0.350993,0.854167,148,74.972739,8.289420,0,0,0,0,0,0,0.000000,83.262159,94.330386,1,4.684731,0.417137,-1.016328,0.028787,-0.837361,-0.017259,0.545620
284,1785981041047945126,2,603,228,0.378109,0.854167,93,79.045927,8.540047,0,0,0,0,0,0,0.000000,87.585974,101.017588,1,4.681429,0.419965,-1.076633,0.034343,-0.835200,-0.030338,0.548034
285,1785981041137942126,2,606,220,0.363036,0.833333,76,75.176906,8.375462,0,0,0,0,0,0,0.000000,83.552368,95.971519,1,4.674356,0.378340,-1.185207,0.026163,-0.831549,-0.023753,0.554326
286,1785981041227944959,2,604,213,0.352649,0.854167,67,75.508575,8.291795,0,0,0,0,0,0,0.000000,83.800370,95.110723,1,4.674301,0.359342,-1.234968,0.023415,-0.830520,-0.023855,0.555985
287,1785981041317943793,2,606,206,0.339934,0.833333,66,73.243855,7.964460,0,0,0,0,0,0,0.000000,81.208315,92.192749,1,4.675242,0.346069,-1.277754,0.018645,-0.830299,-0.016417,0.556764
288,1785981041407943085,2,603,208,0.344942,0.750000,69,76.431747,7.997335,0,0,0,0,0,0,0.000000,84.429082,95.643808,1,4.671228,0.320289,-1.353491,0.015651,-0.827738,-0.017141,0.560635
289,1785981041497948168,2,604,204,0.337748,0.791667,149,73.663690,7.973043,0,0,0,0,0,0,0.000000,81.636733,93.308671,1,4.661857,0.270577,-1.438998,0.008271,-0.824810,-0.013257,0.565194
290,1785981041587944876,2,607,228,0.375618,0.791667,102,72.347140,8.544046,0,0,0,0,0,0,0.000000,80.891186,95.113180,1,4.662015,0.208942,-1.490705,0.000535,-0.823551,-0.011601,0.567123
291,1785981041677947585,2,602,219,0.363787,0.750000,85,74.863071,8.324086,0,0,0,0,0,0,0.000000,83.187157,95.618559,1,4.668879,0.232881,-1.517219,0.002223,-0.823908,-0.009824,0.566634
292,1785981041767946376,2,605,215,0.355372,0.791667,78,75.831243,8.203836,0,0,0,0,0,0,0.000000,84.035079,96.079477,1,4.671027,0.239615,-1.553741,0.001773,-0.823662,-0.007189,0.567033
293,1785981041857946001,2,602,210,0.348837,0.791667,71,76.092244,8.049085,0,0,0,0,0,0,0.000000,84.141329,95.994351,1,4.673715,0.215402,-1.590259,-0.003851,-0.823507,0.001059,0.567292
294,1785981041947948876,2,607,213,0.350906,0.791667,77,72.142140,8.323503,0,0,0,0,0,0,0.000000,80.465643,92.347957,1,4.681849,0.187178,-1.604265,-0.007278,-0.824704,0.001681,0.565515
295,1785981042037949668,2,604,207,0.342715,0.770833,62,73.952690,8.129460,0,0,0,0,0,0,0.000000,82.082150,92.295456,1,4.690359,0.238103,-1.613615,-0.001240,-0.826186,-0.000350,0.563396
296,1785981042127949752,2,605,231,0.381818,0.770833,67,75.864326,8.906089,0,0,0,0,0,0,0.000000,84.770415,95.587058,1,4.696932,0.262342,-1.640989,0.000351,-0.826444,0.001793,0.563016
297,1785981042217951460,2,605,199,0.328926,0.770833,142,75.403240,7.771542,0,0,0,0,0,0,0.000000,83.174782,94.196967,1,4.699308,0.290491,-1.671237,0.006574,-0.826583,-0.008394,0.562714
298,1785981042307950877,2,603,212,0.351575,0.833333,92,71.361468,8.114293,0,0,0,0,0,0,0.000000,79.475761,92.661917,1,4.691157,0.285451,-1.728764,0.008271,-0.824906,-0.014974,0.565012
299,1785981042397949627,2,603,194,0.321725,0.833333,70,75.861076,7.638708,0,0,0,0,0,0,0.000000,83.499784,95.417931,1,4.692346,0.237726,-1.769553,0.006130,-0.824379,-0.026421,0.565388
300,1785981042487951210,2,604,194,0.321192,0.791667,70,76.548871,7.683000,0,0,0,0,0,0,0.000000,84.231871,95.060637,1,4.711613,0.328472,-1.757681,0.015404,-0.827075,-0.024310,0.561354
301,1785981042577951210,2,607,174,0.286656,0.729167,63,76.111536,7.099413,0,0,0,0,0,0,0.000000,83.210949,94.669677,1,4.716413,0.390636,-1.784030,0.020068,-0.827404,-0.019250,0.560918
302,1785981042667952044,2,605,236,0.390083,0.833333,64,74.440693,8.840048,0,0,0,0,0,0,0.000000,83.280741,94.802886,1,4.722419,0.387462,-1.800663,0.016483,-0.828170,-0.010079,0.560144
303,1785981042757950794,2,606,217,0.358086,0.770833,71,73.488354,8.346045,0,0,0,0,0,0,0.000000,81.834399,93.869798,1,4.719278,0.406127,-1.837804,0.017767,-0.827503,-0.007983,0.561123
304,1785981042847951335,2,607,226,0.372323,0.770833,71,74.118357,8.433337,0,0,0,0,0,0,0.000000,82.551694,94.435634,1,4.705538,0.421629,-1.896375,0.018007,-0.826049,-0.006063,0.563278
305,1785981042937950419,2,602,195,0.323920,0.812500,146,72.587974,7.390248,0,0,0,0,0,0,0.000000,79.978222,92.005246,1,4.717448,0.386691,-1.962480,0.015228,-0.824965,-0.007954,0.564923
306,1785981043027955085,2,604,225,0.372517,0.812500,94,75.281239,8.427754,0,0,0,0,0,0,0.000000,83.708993,97.234691,1,4.714464,0.317458,-1.993020,0.008462,-0.824303,-0.010099,0.565996
307,1785981043117951960,2,605,217,0.358678,0.770833,88,72.497515,8.362587,0,0,0,0,0,0,0.000000,80.860102,93.602879,1,4.718382,0.176929,-2.019631,-0.007365,-0.824808,-0.005365,0.565339
308,1785981043207949252,2,604,206,0.341060,0.770833,82,74.158691,7.886668,0,0,0,0,0,0,0.000000,82.045359,94.377258,1,4.719604,0.127764,-2.059421,-0.012140,-0.824498,-0.006401,0.565698
309,1785981043297952252,2,606,187,0.308581,0.750000,81,71.477468,7.805543,0,0,0,0,0,0,0.000000,79.283011,90.861531,1,4.725282,0.135504,-2.086663,-0.010870,-0.824887,-0.008958,0.565123
310,1785981043387952752,2,604,225,0.372517,0.791667,161,71.388884,8.467879,0,0,0,0,0,0,0.000000,79.856763,93.008959,1,4.739926,0.222570,-2.101558,-0.002758,-0.826201,-0.005799,0.563339
311,1785981043477956502,2,605,205,0.338843,0.750000,117,68.601911,7.419456,0,0,0,0,0,0,0.000000,76.021367,91.457951,1,4.753265,0.272691,-2.113102,0.001962,-0.827850,-0.004513,0.560928
312,1785981043567955461,2,606,225,0.371287,0.812500,96,74.073815,8.673713,0,0,0,0,0,0,0.000000,82.747528,97.252898,1,4.756102,0.313796,-2.149699,0.005116,-0.827763,-0.001146,0.561054
313,1785981043657950877,2,602,216,0.358804,0.812500,100,70.782089,8.240502,0,0,0,0,0,0,0.000000,79.022591,92.523165,1,4.762496,0.297083,-2.172766,0.003363,-0.828345,-0.002663,0.560202
314,1785981043747956461,2,604,216,0.357616,0.770833,96,72.517557,8.282503,0,0,0,0,0,0,0.000000,80.800060,94.276674,1,4.752508,0.226183,-2.237879,-0.003620,-0.826464,-0.004065,0.562963
315,1785981043837956002,2,604,212,0.350993,0.770833,158,71.113924,8.144293,0,0,0,0,0,0,0.000000,79.258217,92.218913,1,4.762402,0.226079,-2.259356,-0.004501,-0.827326,-0.000278,0.561704
316,1785981043927957502,2,604,240,0.397351,0.812500,116,68.928496,8.598130,0,0,0,0,0,0,0.000000,77.526626,92.659289,1,4.760432,0.277550,-2.301510,0.000776,-0.827066,-0.001910,0.562101
317,1785981044017957711,2,605,220,0.363636,0.812500,103,75.009820,8.190127,0,0,0,0,0,0,0.000000,83.199947,97.482732,1,4.758385,0.277846,-2.344082,0.001112,-0.826600,-0.004334,0.562772
318,1785981044107957503,2,604,236,0.390728,0.791667,92,74.548567,9.001340,0,0,0,0,0,0,0.000000,83.549907,96.898104,1,4.771019,0.300402,-2.360210,0.004222,-0.827538,-0.010214,0.561302
319,1785981044197959336,2,606,232,0.382838,0.833333,166,74.554818,8.679046,0,0,0,0,0,0,0.000000,83.233864,96.269559,1,4.776694,0.377476,-2.383846,0.012639,-0.827815,-0.018206,0.560563
320,1785981044287957586,2,608,216,0.355263,0.854167,110,78.205962,7.753042,0,0,0,0,0,0,0.000000,85.959004,100.784500,1,4.775821,0.401658,-2.430084,0.016248,-0.826859,-0.027415,0.561505
321,1785981044377956628,2,605,217,0.358678,0.854167,96,76.105408,8.253544,0,0,0,0,0,0,0.000000,84.358952,97.658816,1,4.779445,0.425016,-2.461487,0.018193,-0.827097,-0.026270,0.561151
322,1785981044467958753,2,603,207,0.343284,0.812500,76,77.192165,7.894376,0,0,0,0,0,0,0.000000,85.086541,96.556977,1,4.774441,0.474138,-2.512663,0.024134,-0.825627,-0.034768,0.562627
323,1785981044557961253,2,607,210,0.345964,0.812500,157,77.425499,8.028835,0,0,0,0,0,0,0.000000,85.454334,98.023234,1,4.779268,0.484042,-2.554437,0.024926,-0.825551,-0.033617,0.562773
324,1785981044647959794,2,601,226,0.376040,0.854167,103,79.787595,8.004501,0,0,0,0,0,0,0.000000,87.792096,103.953433,1,4.778252,0.472741,-2.597826,0.023151,-0.825272,-0.029399,0.563494
325,1785981044737960586,2,606,184,0.303630,0.812500,97,75.676198,7.139746,0,0,0,0,0,0,0.000000,82.815944,95.606930,1,4.777237,0.385319,-2.641261,0.014803,-0.824778,-0.031627,0.564378
326,1785981044827962211,2,604,198,0.327815,0.854167,68,75.450364,7.521165,0,0,0,0,0,0,0.000000,82.971529,94.391632,1,4.788675,0.306881,-2.656553,0.007147,-0.825814,-0.032104,0.562983
327,1785981044917960086,2,604,176,0.291391,0.833333,70,75.176404,7.016996,0,0,0,0,0,0,0.000000,82.193400,93.848837,1,4.796923,0.301853,-2.683097,0.006455,-0.826296,-0.032217,0.562277
328,1785981045007963545,2,604,190,0.314570,0.895833,149,77.206831,7.552457,0,0,0,0,0,0,0.000000,84.759288,96.727477,1,4.798899,0.376239,-2.724025,0.014028,-0.825740,-0.035535,0.562755
329,1785981045097961878,2,608,182,0.299342,0.916667,99,73.363060,7.041496,0,0,0,0,0,0,0.000000,80.404556,94.542924,1,4.808344,0.373328,-2.740330,0.013162,-0.826658,-0.034203,0.561510
330,1785981045187965461,2,605,168,0.277686,0.895833,101,79.966595,6.693703,0,0,0,0,0,0,0.000000,86.660298,100.982750,1,4.802617,0.391407,-2.788053,0.014713,-0.825855,-0.033678,0.562684
331,1785981045277962711,2,608,197,0.324013,0.854167,97,75.972408,7.814459,0,0,0,0,0,0,0.000000,83.786867,97.435189,1,4.815563,0.416697,-2.805799,0.016562,-0.826952,-0.030282,0.561212
332,1785981045367963628,2,605,188,0.310744,0.875000,80,75.539571,7.337081,0,0,0,0,0,0,0.000000,82.876652,95.882889,1,4.819947,0.458119,-2.842024,0.019844,-0.826908,-0.026385,0.561367
333,1785981045457962295,2,604,200,0.331126,0.791667,80,76.681452,8.004376,0,0,0,0,0,0,0.000000,84.685828,96.731977,1,4.806053,0.480023,-2.894290,0.021023,-0.825553,-0.024721,0.563390
334,1785981045547964378,2,604,208,0.344371,0.854167,79,76.951412,8.079502,0,0,0,0,0,0,0.000000,85.030914,97.399022,1,4.813084,0.436976,-2.943553,0.016915,-0.825320,-0.019243,0.564084
335,1785981045637963170,2,603,198,0.328358,0.875000,164,76.311409,7.864500,0,0,0,0,0,0,0.000000,84.175909,97.327188,1,4.806053,0.394374,-2.995012,0.012749,-0.824177,-0.021156,0.565793
336,1785981045727963920,2,605,204,0.337190,0.875000,123,73.171643,7.418040,0,0,0,0,0,0,0.000000,80.589683,98.347818,1,4.803259,0.423766,-3.040478,0.015160,-0.823619,-0.020537,0.566569
337,1785981045817967462,2,604,184,0.304636,0.854167,97,76.086658,7.338456,0,0,0,0,0,0,0.000000,83.425114,97.812358,1,4.796855,0.356828,-3.094607,0.008216,-0.822763,-0.020425,0.567959
338,1785981045907965378,2,604,198,0.327815,0.833333,102,74.196105,7.704999,0,0,0,0,0,0,0.000000,81.901104,95.790388,1,4.798920,0.304411,-3.129807,0.002916,-0.822901,-0.015468,0.567967
339,1785981045997967087,2,605,214,0.353719,0.854167,91,74.813609,8.171586,0,0,0,0,0,0,0.000000,82.985195,96.721059,1,4.796520,0.213172,-3.179005,-0.005772,-0.822303,-0.004585,0.569002
340,1785981046087966420,2,607,194,0.319605,0.833333,74,74.057063,7.709624,0,0,0,0,0,0,0.000000,81.766687,93.468084,1,4.799143,0.299812,-3.203989,0.000443,-0.822906,-0.000595,0.568178
341,1785981046177968170,2,607,213,0.350906,0.875000,147,75.504737,8.108960,0,0,0,0,0,0,0.000000,83.613697,96.120306,1,4.821417,0.274179,-3.242033,-0.000624,-0.823104,0.004342,0.567874
342,1785981046267965545,2,606,213,0.351485,0.833333,111,73.652103,7.622999,0,0,0,0,0,0,0.000000,81.275102,97.307479,1,4.819910,0.240205,-3.295159,-0.003754,-0.822388,0.005995,0.568884
343,1785981046357966920,2,603,225,0.373134,0.854167,96,74.442732,8.598212,0,0,0,0,0,0,0.000000,83.040944,97.427937,1,4.824944,0.277490,-3.326819,-0.000387,-0.822614,0.003011,0.568593
344,1785981046447969629,2,609,219,0.359606,0.812500,102,75.582238,8.268128,0,0,0,0,0,0,0.000000,83.850366,97.701981,1,4.830157,0.283379,-3.360168,0.000135,-0.822760,0.003217,0.568380
345,1785981046537969045,2,605,209,0.345455,0.729167,80,74.367981,7.967751,0,0,0,0,0,0,0.000000,82.335732,94.521256,1,4.813770,0.292984,-3.422743,0.001077,-0.820986,-0.003121,0.570938
346,1785981046627969212,2,604,209,0.346026,0.812500,74,75.476278,7.892918,0,0,0,0,0,0,0.000000,83.369196,96.076305,1,4.813961,0.260536,-3.464808,-0.001700,-0.820585,-0.009281,0.571447
347,1785981046717971795,2,606,219,0.361386,0.833333,81,75.536945,8.320670,0,0,0,0,0,0,0.000000,83.857615,96.272056,1,4.809410,0.314600,-3.501770,0.002518,-0.820035,-0.013925,0.572138
348,1785981046807970504,2,606,218,0.359736,0.854167,74,76.322325,8.288795,0,0,0,0,0,0,0.000000,84.611120,96.205639,1,4.801539,0.316533,-3.551112,0.002187,-0.819029,-0.016847,0.573501
349,1785981046897969462,2,605,226,0.373554,0.875000,69,75.934031,8.455045,0,0,0,0,0,0,0.000000,84.389076,96.101264,1,4.791705,0.259163,-3.604825,-0.002841,-0.818020,-0.015718,0.574968
350,1785981046987970254,2,605,197,0.325620,0.854167,67,76.905161,7.600915,0,0,0,0,0,0,0.000000,84.506076,96.469766,1,4.797174,0.291583,-3.633770,-0.000561,-0.818310,-0.009015,0.574706
351,1785981047077969879,2,603,227,0.376451,0.833333,166,73.027806,8.452587,0,0,0,0,0,0,0.000000,81.480393,94.435588,1,4.804191,0.270901,-3.664358,-0.002710,-0.818604,0.004140,0.574337
352,1785981047167971087,2,604,230,0.380795,0.812500,103,70.294333,8.074335,0,0,0,0,0,0,0.000000,78.368668,93.759667,1,4.797014,0.306162,-3.715522,0.000354,-0.817714,0.006714,0.575585
353,1785981047257971129,2,602,231,0.383721,0.875000,89,75.620862,8.667088,0,0,0,0,0,0,0.000000,84.287950,97.778189,1,4.764583,0.229691,-3.809720,-0.006689,-0.814483,0.002607,0.580143
354,1785981047347972546,2,603,216,0.358209,0.770833,83,75.438777,8.119168,0,0,0,0,0,0,0.000000,83.557945,96.825267,1,4.756389,0.181442,-3.855343,-0.010728,-0.813686,0.001541,0.581203
355,1785981047437971337,2,607,230,0.378913,0.833333,85,72.868139,8.497170,0,0,0,0,0,0,0.000000,81.365309,94.560546,1,4.760348,0.171562,-3.884554,-0.011516,-0.813729,0.007964,0.581076
356,1785981047527971337,2,606,229,0.377888,0.854167,67,70.778794,8.499587,0,0,0,0,0,0,0.000000,79.278381,90.551775,1,4.733045,0.201918,-3.967115,-0.009219,-0.811165,-0.004971,0.584724
357,1785981047617973754,2,604,183,0.302980,0.812500,143,77.283079,7.090288,0,0,0,0,0,0,0.000000,84.373367,96.298348,1,4.727176,0.222244,-4.006710,-0.008506,-0.810381,-0.017603,0.585577
358,1785981047707973254,2,606,207,0.341584,0.854167,100,76.448825,7.603832,0,0,0,0,0,0,0.000000,84.052657,100.474661,1,4.715467,0.223497,-4.068915,-0.009193,-0.808806,-0.024872,0.587477
359,1785981047797974004,2,607,206,0.339374,0.875000,90,75.911697,8.031043,0,0,0,0,0,0,0.000000,83.942740,97.991856,1,4.684109,0.268089,-4.139268,-0.006268,-0.806036,-0.030660,0.591039
360,1785981047887971963,2,606,201,0.331683,0.854167,94,76.341157,7.814500,0,0,0,0,0,0,0.000000,84.155657,97.301393,1,4.676247,0.247157,-4.168389,-0.008811,-0.805108,-0.040611,0.591671
361,1785981047977974046,2,606,227,0.374587,0.916667,92,75.508527,8.889172,0,0,0,0,0,0,0.000000,84.397699,98.256774,1,4.696585,0.232666,-4.159605,-0.010118,-0.806361,-0.043116,0.589764
362,1785981048067974254,2,606,205,0.338284,0.833333,77,75.685279,8.024085,0,0,0,0,0,0,0.000000,83.709364,96.165846,1,4.715008,0.236692,-4.138808,-0.009554,-0.807741,-0.042379,0.587935
363,1785981048157976713,2,607,216,0.355848,0.854167,80,76.692784,8.313502,0,0,0,0,0,0,0.000000,85.006286,96.635641,1,4.729154,0.232134,-4.122674,-0.009615,-0.808873,-0.041784,0.586418
364,1785981048247976004,2,608,216,0.355263,0.833333,90,76.721284,8.198960,0,0,0,0,0,0,0.000000,84.920244,97.531395,1,4.807005,0.220741,-4.017477,-0.010170,-0.815158,-0.040381,0.577740
365,1785981048337976838,2,602,212,0.352159,0.854167,88,76.850077,8.155210,0,0,0,0,0,0,0.000000,85.005287,97.074684,1,4.892302,0.216824,-3.903017,-0.010038,-0.822025,-0.039740,0.567974
366,1785981048427977338,2,606,193,0.318482,0.833333,79,76.865076,7.436373,0,0,0,0,0,0,0.000000,84.301449,96.483973,1,4.979231,0.212779,-3.779678,-0.009854,-0.829022,-0.040586,0.557655
367,1785981048517977963,2,605,201,0.332231,0.854167,82,75.482152,7.760333,0,0,0,0,0,0,0.000000,83.242485,94.804255,1,5.043257,0.212410,-3.679463,-0.009763,-0.834398,-0.041719,0.549494
368,1785981048607978671,2,604,210,0.347682,0.812500,86,76.800992,8.128460,0,0,0,0,0,0,0.000000,84.929452,97.715228,1,5.100654,0.190474,-3.592793,-0.010978,-0.839230,-0.042320,0.542016
369,1785981048697978921,2,602,205,0.340532,0.875000,79,81.337225,7.871084,0,0,0,0,0,0,0.000000,89.208309,102.048710,1,5.183518,0.174231,-3.461289,-0.011785,-0.846222,-0.041489,0.531081
370,1785981048787979463,2,609,211,0.346470,0.854167,73,78.530626,8.098377,0,0,0,0,0,0,0.000000,86.629003,98.709276,1,5.295171,0.156226,-3.263848,-0.012746,-0.856165,-0.040177,0.514980
371,1785981048877978380,2,603,217,0.359867,0.812500,86,77.573746,8.267627,0,0,0,0,0,0,0.000000,85.841373,97.453686,1,5.430124,0.142063,-2.999940,0.013045,0.868689,0.038756,-0.493668
372,1785981048967981047,2,607,216,0.355848,0.875000,70,78.102291,8.146168,0,0,0,0,0,0,0.000000,86.248459,97.910854,1,5.567752,0.128728,-2.698111,0.012754,0.882012,0.041811,-0.469195
373,1785981049057979005,2,605,206,0.340496,0.854167,65,78.033290,7.886500,0,0,0,0,0,0,0.000000,85.919790,97.388185,1,5.669069,0.092370,-2.428712,0.014528,0.892893,0.046300,-0.447646
374,1785981049147980838,2,604,202,0.334437,0.916667,137,81.490601,7.632624,0,0,0,0,0,0,0.000000,89.123225,100.681536,1,5.727641,0.086316,-2.274908,0.013614,0.899227,0.048379,-0.434586
375,1785981049237978005,2,604,206,0.341060,0.916667,97,77.656955,7.287331,0,0,0,0,0,0,0.000000,84.944286,99.585072,1,5.759052,0.076799,-2.163427,0.013566,0.903358,0.051042,-0.425624
376,1785981049327978297,2,605,231,0.381818,0.916667,78,80.812055,8.526754,0,0,0,0,0,0,0.000000,89.338809,101.427289,1,5.797421,0.065967,-2.034590,0.013679,0.908020,0.052638,-0.415382
377,1785981049417979588,2,609,207,0.339901,0.916667,67,83.170317,7.872375,0,0,0,0,0,0,0.000000,91.042692,102.154126,1,5.839129,0.062861,-1.884704,0.012943,0.913256,0.054917,-0.403461
378,1785981049507980005,2,607,217,0.357496,0.916667,55,83.084400,8.084584,0,0,0,0,0,0,0.000000,91.168984,101.292914,1,5.875948,0.044625,-1.729174,0.013299,0.918538,0.057171,-0.390950
379,1785981049597981630,2,608,202,0.332237,0.812500,57,83.712153,7.641957,0,0,0,0,0,0,0.000000,91.354110,101.478998,1,5.914148,0.026399,-1.549418,0.013575,0.924202,0.060603,-0.376821
380,1785981049687980672,2,602,191,0.317276,0.875000,53,84.537491,7.527332,0,0,0,0,0,0,0.000000,92.064823,102.446503,1,5.943958,0.003448,-1.389005,0.014399,0.929392,0.060490,-0.363819
381,1785981049777981464,2,608,205,0.337171,0.875000,56,86.352292,7.711499,0,0,0,0,0,0,0.000000,94.063791,103.534509,1,5.963235,-0.011682,-1.252604,0.015025,0.933333,0.062030,-0.353293
382,1785981049867983380,2,608,205,0.337171,0.895833,53,83.859363,7.769917,0,0,0,0,0,0,0.000000,91.629280,100.412659,1,5.984029,-0.030111,-1.104207,0.015542,0.937712,0.062797,-0.341337
383,1785981049957981964,2,606,210,0.346535,0.895833,120,84.534407,7.884084,0,0,0,0,0,0,0.000000,92.418491,102.704420,1,6.005090,-0.039185,-0.900069,0.015033,0.943391,0.064024,-0.325098
384,1785981050047981755,2,606,197,0.325083,0.875000,66,86.732085,7.615040,0,0,0,0,0,0,0.000000,94.347125,103.715801,1,6.016991,-0.075044,-0.708776,0.015591,0.948360,0.068983,-0.309212
385,1785981050137983630,2,606,204,0.336634,0.854167,62,85.060118,7.723374,0,0,0,0,0,0,0.000000,92.783492,102.308002,1,6.020610,-0.097160,-0.568692,0.016126,0.951789,0.071384,-0.297896
386,1785981050227985255,2,607,207,0.341021,0.895833,67,84.588116,7.951667,0,0,0,0,0,0,0.000000,92.539783,101.320830,1,6.022206,-0.119312,-0.432658,0.017081,0.955082,0.072194,-0.286906
387,1785981050317985880,2,609,192,0.315271,0.937500,44,82.984691,7.402790,0,0,0,0,0,0,0.000000,90.387481,98.775025,1,6.019206,-0.143796,-0.228141,0.017715,0.959774,0.073666,-0.270358
388,1785981050407985006,2,608,228,0.375000,0.937500,51,84.438240,8.579712,0,0,0,0,0,0,0.000000,93.017952,101.337829,1,6.006795,-0.186967,-0.037770,0.019956,0.963913,0.074993,-0.254657
389,1785981050497986881,2,605,227,0.375207,0.916667,131,83.861112,8.614712,0,0,0,0,0,0,0.000000,92.475824,101.455830,1,5.992265,-0.211335,0.161954,0.020578,0.967986,0.076203,-0.238270
390,1785981050587985256,2,604,222,0.367550,0.937500,99,83.262108,8.373252,0,0,0,0,0,0,0.000000,91.635360,103.295298,1,5.968794,-0.238705,0.342044,0.021556,0.971511,0.077182,-0.223036
391,1785981050677985756,2,608,233,0.383224,0.937500,158,85.862331,8.787421,0,0,0,0,0,0,0.000000,94.649752,106.151605,1,5.948251,-0.248401,0.494533,0.021706,0.974362,0.076585,-0.210431
392,1785981050767986881,2,606,239,0.394389,0.937500,115,83.018982,8.895672,0,0,0,0,0,0,0.000000,91.914654,105.534726,1,5.917866,-0.261167,0.657680,0.022075,0.977217,0.076252,-0.196836
393,1785981050857987047,2,607,198,0.326194,0.833333,86,82.830522,7.724832,0,0,0,0,0,0,0.000000,90.555354,101.893207,1,5.878185,-0.277954,0.858356,0.022738,0.980498,0.075486,-0.180024
394,1785981050947989881,2,606,213,0.351485,0.895833,94,83.035940,8.169794,0,0,0,0,0,0,0.000000,91.205734,102.638377,1,5.840814,-0.292463,1.017180,0.023311,0.982877,0.075194,-0.166597
395,1785981051037988464,2,607,216,0.355848,0.937500,79,81.682975,8.077585,0,0,0,0,0,0,0.000000,89.760560,100.786159,1,5.797620,-0.322016,1.176798,0.025010,0.985085,0.075174,-0.152745
396,1785981051127986923,2,604,213,0.352649,0.916667,70,84.789366,8.252419,0,0,0,0,0,0,0.000000,93.041785,102.322626,1,5.740838,-0.348155,1.365189,0.026426,0.987445,0.075100,-0.136435
397,1785981051217989048,2,607,221,0.364086,0.854167,138,84.471031,8.444086,0,0,0,0,0,0,0.000000,92.915117,103.034171,1,5.673104,-0.382656,1.555061,0.027768,0.989475,0.076869,-0.119411
398,1785981051307987714,2,606,233,0.384488,0.916667,90,84.529282,8.900797,0,0,0,0,0,0,0.000000,93.430079,104.549471,1,5.609700,-0.400965,1.727268,0.028618,0.991258,0.076167,-0.103862
399,1785981051397990131,2,606,236,0.389439,0.937500,86,85.847372,8.700005,0,0,0,0,0,0,0.000000,94.547377,105.444141,1,5.563848,-0.411010,1.843144,0.029284,0.992315,0.075537,-0.093533
400,1785981051487987673,2,605,225,0.371901,0.958333,91,88.525052,8.579962,0,0,0,0,0,0,0.000000,97.105014,108.165281,1,5.516068,-0.416484,1.956511,0.029545,0.993264,0.074894,-0.083335
401,1785981051577990256,2,605,236,0.390083,0.895833,70,84.977158,8.722213,0,0,0,0,0,0,0.000000,93.699371,103.573840,1,5.437008,-0.436054,2.130396,0.030521,0.994446,0.074872,-0.067381
402,1785981051667992589,2,606,208,0.343234,0.854167,141,86.604167,7.957542,0,0,0,0,0,0,0.000000,94.561709,104.496303,1,5.331300,-0.466181,2.336682,0.031630,0.995463,0.076008,-0.047714
403,1785981051757991715,2,605,221,0.365289,0.958333,78,86.734043,8.316669,0,0,0,0,0,0,0.000000,95.050712,106.029520,1,5.254731,-0.485444,2.473888,0.032503,0.995941,0.076521,-0.034506
404,1785981051847986798,2,607,221,0.364086,0.895833,83,86.973502,8.335960,0,0,0,0,0,0,0.000000,95.309462,106.053311,1,5.191130,-0.496449,2.584877,0.032924,0.996236,0.076606,-0.023699
405,1785981051937989965,2,604,217,0.359272,0.875000,68,88.889262,8.205085,0,0,0,0,0,0,0.000000,97.094347,106.581814,1,5.110742,-0.486859,2.723703,0.031573,0.996562,0.075923,-0.010195
406,1785981052027992506,2,606,220,0.363036,0.875000,63,91.884570,8.259169,0,0,0,0,0,0,0.000000,100.143739,108.925326,1,5.013772,-0.502991,2.872153,0.032029,0.996545,0.076489,0.004716
407,1785981052117990590,2,605,227,0.375207,0.916667,52,89.447348,8.605753,0,0,0,0,0,0,0.000000,98.053101,106.629189,1,4.936145,-0.512221,2.984646,0.032910,0.996466,0.075566,0.016177
408,1785981052207992423,2,604,222,0.367550,0.958333,133,90.241561,8.249544,0,0,0,0,0,0,0.000000,98.491105,108.008446,1,4.828936,-0.517757,3.129013,0.032658,0.996093,0.075711,0.031639
409,1785981052297990965,2,604,226,0.374172,0.854167,80,90.069184,8.383127,0,0,0,0,0,0,0.000000,98.452311,108.034197,1,4.642016,-0.519365,3.360870,0.032635,0.995056,0.074230,0.057341
410,1785981052387989090,2,605,224,0.370248,0.916667,64,89.075887,8.513628,0,0,0,0,0,0,0.000000,97.589515,107.169774,1,4.481650,-0.489699,3.534772,0.030396,0.993864,0.071624,0.078618
411,1785981052477991673,2,605,220,0.363636,0.895833,137,89.815016,8.406919,0,0,0,0,0,0,0.000000,98.221935,107.540694,1,4.335149,-0.404095,3.679974,0.019271,0.992310,0.073063,0.098041
412,1785981052567991007,2,606,240,0.396040,0.895833,68,89.838099,8.961964,0,0,0,0,0,0,0.000000,98.800063,109.304952,1,4.144107,-0.407189,3.844693,0.017101,0.989597,0.075262,0.121415
413,1785981052657994382,2,604,233,0.385762,0.875000,59,90.687479,8.632378,0,0,0,0,0,0,0.000000,99.319857,107.974320,1,4.010101,-0.429844,3.937948,0.018720,0.987508,0.075752,0.136894
414,1785981052747995257,2,605,210,0.347107,0.895833,138,90.369520,7.972751,0,0,0,0,0,0,0.000000,98.342271,107.390693,1,3.925554,-0.449073,3.986915,0.015640,0.985581,0.082024,0.147165
415,1785981052837994257,2,605,235,0.388430,0.875000,87,90.860980,8.715379,0,0,0,0,0,0,0.000000,99.576359,110.020831,1,3.839242,-0.379354,4.039609,0.007793,0.984088,0.081290,0.157805
416,1785981052927995090,2,605,221,0.365289,0.895833,72,89.023887,8.380461,0,0,0,0,0,0,0.000000,97.404348,107.448859,1,3.813147,-0.317866,4.038687,0.001509,0.983589,0.080381,0.161524
417,1785981053017995048,2,607,220,0.362438,0.916667,67,90.311227,8.206877,0,0,0,0,0,0,0.000000,98.518104,108.399947,1,3.821656,-0.316580,3.996813,0.001207,0.983645,0.080850,0.160945
418,1785981053107996340,2,607,214,0.352554,0.916667,61,91.330524,8.264960,0,0,0,0,0,0,0.000000,99.595484,109.133410,1,3.813691,-0.325107,3.961201,0.001760,0.983484,0.080952,0.161874
419,1785981053197996299,2,605,218,0.360331,0.895833,145,90.473478,8.486170,0,0,0,0,0,0,0.000000,98.959648,108.720491,1,3.824884,-0.300244,3.928495,0.000767,0.983723,0.079683,0.161057
420,1785981053287996424,2,607,232,0.382208,0.958333,101,89.398639,8.478212,0,0,0,0,0,0,0.000000,97.876851,110.051915,1,3.830945,-0.216248,3.902791,-0.002385,0.984291,0.072248,0.161075
421,1785981053377996590,2,607,231,0.380560,0.916667,86,89.031053,8.804172,0,0,0,0,0,0,0.000000,97.835225,107.826277,1,3.881835,-0.255865,3.823650,0.000151,0.984944,0.075854,0.155342
422,1785981053467996424,2,606,227,0.374587,0.937500,81,90.618937,8.484337,0,0,0,0,0,0,0.000000,99.103274,109.526036,1,3.912671,-0.277593,3.760612,0.005143,0.985699,0.073259,0.151669
423,1785981053558001215,2,605,192,0.317355,0.916667,82,90.572269,7.606041,0,0,0,0,0,0,0.000000,98.178310,108.695282,1,3.933855,-0.239557,3.715456,0.004922,0.986348,0.068512,0.149665
424,1785981053648000007,2,606,240,0.396040,0.916667,72,89.493680,8.944839,0,0,0,0,0,0,0.000000,98.438519,108.113695,1,3.952594,-0.155651,3.675575,-0.000399,0.986936,0.063585,0.148034
425,1785981053738000715,2,607,231,0.380560,0.937500,68,87.928381,8.858130,0,0,0,0,0,0,0.000000,96.786511,106.073601,1,3.979537,-0.104348,3.624801,-0.000536,0.987776,0.056787,0.145169
426,1785981053828001340,2,606,218,0.359736,0.895833,145,91.192106,8.319544,0,0,0,0,0,0,0.000000,99.511650,109.748870,1,3.991716,-0.040814,3.591549,-0.004616,0.988086,0.053090,0.144386
427,1785981053918001382,2,606,199,0.328383,0.958333,79,86.235496,7.835916,0,0,0,0,0,0,0.000000,94.071412,105.610806,1,4.015595,-0.030215,3.528010,-0.001893,0.988768,0.047733,0.141622
428,1785981054008000091,2,606,195,0.321782,0.937500,75,88.478383,7.926917,0,0,0,0,0,0,0.000000,96.405300,105.833099,1,4.034848,-0.011574,3.478899,-0.002417,0.989147,0.046021,0.139515
429,1785981054098000716,2,604,226,0.374172,0.937500,66,87.120543,8.915547,0,0,0,0,0,0,0.000000,96.036090,105.280763,1,4.040475,-0.015269,3.440403,0.001898,0.989490,0.040801,0.138710
430,1785981054188002757,2,607,230,0.378913,0.937500,67,87.073709,8.631170,0,0,0,0,0,0,0.000000,95.704879,104.625718,1,4.015659,-0.058118,3.433877,0.007386,0.989017,0.040466,0.141965
431,1785981054277998841,2,604,240,0.397351,0.979167,141,86.912583,9.049297,0,0,0,0,0,0,0.000000,95.961880,105.833767,1,4.015980,-0.108246,3.394500,0.014247,0.988971,0.038488,0.142307
432,1785981054368004424,2,605,224,0.370248,0.937500,96,88.561050,8.483128,0,0,0,0,0,0,0.000000,97.044178,108.043486,1,3.995785,-0.140214,3.380094,0.012851,0.988195,0.045793,0.145635
433,1785981054458004466,2,606,222,0.366337,0.958333,90,88.465841,8.414961,0,0,0,0,0,0,0.000000,96.880802,108.503405,1,3.985337,-0.095786,3.366411,0.007940,0.987901,0.045885,0.147928
434,1785981054548004258,2,605,234,0.386777,0.937500,78,87.885712,8.885005,0,0,0,0,0,0,0.000000,96.770717,107.514066,1,3.977021,-0.075051,3.345223,0.002633,0.987421,0.050450,0.149824
435,1785981054638002383,2,605,217,0.358678,0.854167,75,88.556091,8.109168,0,0,0,0,0,0,0.000000,96.665259,106.476019,1,3.981017,-0.077198,3.309558,-0.005120,0.986682,0.062751,0.149983
436,1785981054728003258,2,607,223,0.367381,0.916667,155,90.684685,8.333211,0,0,0,0,0,0,0.000000,99.017896,109.296575,1,3.968696,-0.071093,3.295707,-0.007380,0.986108,0.064801,0.152766
437,1785981054818005383,2,607,213,0.350906,0.895833,115,90.729852,8.081876,0,0,0,0,0,0,0.000000,98.811728,111.269585,1,3.963665,-0.007819,3.275432,-0.011839,0.986079,0.060782,0.154317
438,1785981054908002841,2,606,226,0.372937,0.854167,102,87.967462,8.597795,0,0,0,0,0,0,0.000000,96.565257,109.161074,1,3.977531,0.035333,3.234533,-0.016524,0.986195,0.061174,0.152984
439,1785981054998005341,2,607,212,0.349259,0.895833,96,88.540132,8.179043,0,0,0,0,0,0,0.000000,96.719175,108.409570,1,3.991620,0.095136,3.192940,-0.022663,0.986325,0.061142,0.151366
440,1785981055088005924,2,607,203,0.334432,0.833333,76,87.170916,7.912083,0,0,0,0,0,0,0.000000,95.082999,105.234970,1,4.011259,0.078219,3.140966,-0.020908,0.986624,0.062185,0.149226
441,1785981055178005924,2,608,190,0.312500,0.895833,77,88.280506,7.711957,0,0,0,0,0,0,0.000000,95.992463,106.110433,1,4.032275,0.016132,3.078803,-0.014560,0.987015,0.064013,0.146603
442,1785981055268007508,2,605,189,0.312397,0.916667,143,90.819894,7.701165,0,0,0,0,0,0,0.000000,98.521059,108.203486,1,4.072069,0.074544,3.001943,-0.013430,0.988509,0.052385,0.141158
443,1785981055358009383,2,604,205,0.339404,0.937500,98,86.315620,7.849666,0,0,0,0,0,0,0.000000,94.165286,105.117594,1,4.071323,0.036254,2.972423,-0.009559,0.988361,0.053087,0.142243
444,1785981055448009633,2,605,238,0.393388,0.916667,72,87.256125,8.863838,0,0,0,0,0,0,0.000000,96.119963,105.147886,1,4.121642,0.074024,2.880488,-0.007464,0.989888,0.043526,0.134802
445,1785981055538010966,2,605,209,0.345455,0.895833,67,90.529726,8.203502,0,0,0,0,0,0,0.000000,98.733228,108.066068,1,4.136008,0.001386,2.827667,0.001320,0.990217,0.042831,0.132795
446,1785981055628008425,2,606,226,0.372937,0.979167,68,87.279834,8.945589,0,0,0,0,0,0,0.000000,96.225423,105.597013,1,4.164099,-0.028072,2.757754,0.006778,0.990913,0.038873,0.128589
447,1785981055718009466,2,606,220,0.363036,0.937500,64,89.785055,8.340418,0,0,0,0,0,0,0.000000,98.125473,107.651858,1,4.169529,-0.043263,2.721226,0.009133,0.990925,0.038482,0.128463
448,1785981055808010216,2,605,243,0.401653,0.937500,155,89.284344,9.284798,0,0,0,0,0,0,0.000000,98.569142,108.563737,1,4.190679,0.009685,2.667539,0.005483,0.991503,0.034755,0.125234
449,1785981055898006508,2,605,233,0.385124,0.916667,97,83.053186,8.906964,0,0,0,0,0,0,0.000000,91.960150,105.050802,1,4.203933,0.020809,2.624511,0.003101,0.991452,0.037398,0.124960
450,1785981055988009008,2,604,217,0.359272,0.895833,79,89.946764,8.332544,0,0,0,0,0,0,0.000000,98.279308,108.714696,1,4.226342,-0.036958,2.556758,0.006278,0.991563,0.044555,0.121569
451,1785981056078009383,2,608,203,0.333882,0.895833,68,90.196641,7.844541,0,0,0,0,0,0,0.000000,98.041182,107.965233,1,4.253338,-0.097687,2.478840,0.011386,0.991878,0.048534,0.117016
452,1785981056168008675,2,606,206,0.339934,0.958333,64,87.204624,7.922375,0,0,0,0,0,0,0.000000,95.126999,104.548215,1,4.252538,-0.191453,2.432640,0.020403,0.991623,0.051872,0.116522
453,1785981056258009800,2,606,208,0.343234,0.916667,62,87.096958,8.131501,0,0,0,0,0,0,0.000000,95.228459,104.140463,1,4.248358,-0.251000,2.403111,0.026356,0.991297,0.053929,0.117166
454,1785981056348010592,2,605,205,0.338843,0.895833,142,89.882596,7.982209,0,0,0,0,0,0,0.000000,97.864805,107.251938,1,4.270125,-0.140287,2.364897,0.019643,0.992124,0.043402,0.115845
455,1785981056438010883,2,607,220,0.362438,0.791667,104,87.169707,8.239919,0,0,0,0,0,0,0.000000,95.409626,106.906352,1,4.287504,-0.133453,2.310789,0.019374,0.992496,0.043638,0.112568
456,1785981056528012508,2,607,249,0.410214,0.937500,102,85.607824,9.335799,0,0,0,0,0,0,0.000000,94.943623,107.801191,1,4.293946,-0.160420,2.267983,0.023476,0.992585,0.042013,0.111615
457,1785981056618011800,2,608,245,0.402961,0.937500,81,86.911955,9.399758,0,0,0,0,0,0,0.000000,96.311713,107.636356,1,4.304867,-0.118503,2.225367,0.020317,0.992903,0.039140,0.110445
458,1785981056708011259,2,608,234,0.384868,0.916667,157,86.357120,8.793338,0,0,0,0,0,0,0.000000,95.150458,106.045014,1,4.319014,-0.142854,2.173053,0.022156,0.993001,0.041688,0.108263
459,1785981056798011967,2,605,251,0.414876,0.895833,101,88.558465,9.405383,0,0,0,0,0,0,0.000000,97.963848,111.503043,1,4.326605,-0.145073,2.130620,0.021524,0.993043,0.045194,0.106579
460,1785981056888015259,2,605,225,0.371901,0.979167,108,90.026222,8.496837,0,0,0,0,0,0,0.000000,98.523059,110.109285,1,4.337101,-0.187649,2.077525,0.024276,0.992904,0.050793,0.104751
461,1785981056978015425,2,605,247,0.408264,0.895833,171,86.666954,9.325258,0,0,0,0,0,0,0.000000,95.992212,108.439277,1,4.342095,-0.239354,2.025889,0.030165,0.992868,0.051281,0.103315
462,1785981057068014925,2,607,248,0.408567,0.916667,124,88.734298,9.035922,0,0,0,0,0,0,0.000000,97.770220,112.488215,1,4.334720,-0.268206,2.012594,0.035277,0.992632,0.047662,0.105665
463,1785981057158015092,2,605,233,0.385124,0.979167,99,87.113082,8.781921,0,0,0,0,0,0,0.000000,95.895003,109.073780,1,4.334476,-0.245271,1.986609,0.031366,0.992463,0.051667,0.106606
464,1785981057248015175,2,608,255,0.419408,0.937500,93,88.961841,9.552133,0,0,0,0,0,0,0.000000,98.513974,110.251619,1,4.313267,-0.234677,2.001102,0.031896,0.992072,0.047629,0.111833
465,1785981057338017300,2,604,256,0.423841,0.979167,153,88.295379,9.692759,0,0,0,0,0,0,0.000000,97.988138,109.373447,1,4.302611,-0.185187,2.005377,0.029116,0.992014,0.041564,0.115467
466,1785981057428016551,2,606,250,0.412541,0.958333,122,80.331546,8.829172,0,0,0,0,0,0,0.000000,89.160718,103.635250,1,4.299283,-0.154192,1.988173,0.027133,0.992064,0.038743,0.116499
467,1785981057518015759,2,607,222,0.365733,0.916667,101,83.812522,8.627128,0,0,0,0,0,0,0.000000,92.439650,105.277343,1,4.287144,-0.103405,1.989823,0.021480,0.991722,0.038967,0.120447
468,1785981057608014801,2,606,269,0.443894,0.916667,160,81.725261,10.013761,0,0,0,0,0,0,0.000000,91.739022,103.065956,1,4.271204,-0.037857,2.002716,0.020718,0.991742,0.022561,0.124535
469,1785981057698019301,2,607,304,0.500824,0.958333,188,84.233108,10.209095,0,0,0,0,0,0,0.000000,94.442203,107.526562,1,4.267945,-0.039580,1.974509,0.020691,0.991615,0.022905,0.125487
470,1785981057788016884,2,610,256,0.419672,0.895833,131,81.361343,9.029256,0,0,0,0,0,0,0.000000,90.390599,107.644814,1,4.250108,-0.000362,1.986110,0.014881,0.990892,0.027186,0.131048
471,1785981057878018051,2,603,262,0.434494,0.895833,130,80.436837,9.765468,0,0,0,0,0,0,0.000000,90.202305,104.951382,1,4.252286,-0.000320,1.953309,0.016863,0.991078,0.023925,0.130029
472,1785981057968018842,2,608,277,0.455592,0.875000,109,83.438978,10.467721,0,0,0,0,0,0,0.000000,93.906699,108.411984,1,4.237523,0.007912,1.953116,0.014968,0.990511,0.026163,0.134089
473,1785981058058021884,2,605,234,0.386777,0.916667,173,84.046856,9.137465,0,0,0,0,0,0,0.000000,93.184321,106.022471,1,4.244589,-0.007274,1.907634,0.011645,0.990175,0.040664,0.133284
474,1785981058148019384,2,608,264,0.434211,0.875000,123,84.899194,9.242382,0,0,0,0,0,0,0.000000,94.141576,110.552244,1,4.256713,-0.081293,1.844365,0.015076,0.989729,0.055395,0.130925
475,1785981058238020259,2,606,256,0.422442,0.916667,99,85.108528,9.678218,0,0,0,0,0,0,0.000000,94.786746,105.604760,1,4.246431,-0.058835,1.834418,0.012402,0.989346,0.053923,0.134657
476,1785981058328019843,2,605,264,0.436364,0.895833,178,85.057819,9.724051,0,0,0,0,0,0,0.000000,94.781870,107.382436,1,4.248917,0.016697,1.816472,0.001404,0.988751,0.062013,0.136105
477,1785981058418019718,2,607,262,0.431631,0.916667,129,79.754542,9.383591,0,0,0,0,0,0,0.000000,89.138133,105.657718,1,4.253613,0.085903,1.785666,-0.009005,0.988105,0.070821,0.136206
478,1785981058508020218,2,605,281,0.464463,0.895833,196,82.000428,10.592389,0,0,0,0,0,0,0.000000,92.592817,107.633771,1,4.236030,0.124541,1.794359,-0.013718,0.987385,0.071665,0.140526
479,1785981058598017634,2,606,259,0.427393,0.916667,132,85.114028,9.353632,0,0,0,0,0,0,0.000000,94.467660,111.160623,1,4.247955,0.127494,1.742827,-0.015355,0.987237,0.077363,0.138353
480,1785981058688019926,2,604,245,0.405629,0.916667,125,82.020512,9.674717,0,0,0,0,0,0,0.000000,91.695229,106.500765,1,4.239890,0.127127,1.737194,-0.013797,0.987093,0.073270,0.141733
481,1785981058778020593,2,606,276,0.455446,0.895833,125,79.234747,10.291512,0,0,0,0,0,0,0.000000,89.526259,104.529879,1,4.233047,0.155233,1.723888,-0.014665,0.987301,0.065808,0.143845
482,1785981058868020801,2,606,266,0.438944,0.895833,185,77.599155,10.046303,0,0,0,0,0,0,0.000000,87.645458,102.340284,1,4.234925,0.109142,1.686104,-0.008143,0.987617,0.062077,0.143854
483,1785981058958021468,2,607,292,0.481054,0.937500,141,75.585686,9.958927,0,0,0,0,0,0,0.000000,85.544613,103.272539,1,4.239081,0.107125,1.649536,-0.008340,0.987425,0.065453,0.143659
484,1785981059048022385,2,606,314,0.518152,0.916667,117,75.001558,11.213392,0,0,0,0,0,0,0.000000,86.214950,101.917324,1,4.240996,0.129726,1.618185,-0.009751,0.987582,0.062151,0.143958
485,1785981059138021260,2,606,318,0.524752,0.937500,176,76.361315,11.472352,0,0,0,0,0,0,0.000000,87.833667,100.742442,1,4.260698,0.213724,1.552624,-0.014067,0.989035,0.046669,0.139403
486,1785981059228021260,2,605,292,0.482645,0.937500,137,72.163876,10.062969,0,0,0,0,0,0,0.000000,82.226845,97.867885,1,4.274983,0.182292,1.492344,-0.009218,0.989684,0.043306,0.136254
487,1785981059318022968,2,605,307,0.507438,0.875000,116,72.859464,11.353767,0,0,0,0,0,0,0.000000,84.213231,99.411144,1,4.281918,0.166232,1.441981,-0.007904,0.989773,0.045925,0.134826
488,1785981059408022260,2,606,327,0.539604,0.916667,102,75.936562,11.780519,0,0,0,0,0,0,0.000000,87.717081,101.021527,1,4.284816,0.282869,1.416436,-0.017895,0.990137,0.033343,0.134895
489,1785981059498022385,2,607,308,0.507414,0.875000,104,72.603420,11.259434,0,0,0,0,0,0,0.000000,83.862854,97.442550,1,4.289564,0.267716,1.367277,-0.014921,0.990689,0.030946,0.131742
490,1785981059588021093,2,604,303,0.501656,0.875000,176,73.636134,11.164433,0,0,0,0,0,0,0.000000,84.800567,98.633597,1,4.317563,0.334775,1.293601,-0.020619,0.991228,0.021669,0.128737
491,1785981059678024427,2,605,309,0.510744,0.895833,135,70.361450,10.538763,0,0,0,0,0,0,0.000000,80.900213,96.664670,1,4.327606,0.305863,1.241189,-0.018086,0.991477,0.025327,0.126514
492,1785981059768023843,2,605,294,0.485950,0.854167,128,70.261866,11.060474,0,0,0,0,0,0,0.000000,81.322340,96.426544,1,4.340228,0.335842,1.178769,-0.020226,0.991975,0.021588,0.122923
493,1785981059858025593,2,606,331,0.546205,0.875000,119,73.293465,12.033480,0,0,0,0,0,0,0.000000,85.326945,101.250235,1,4.350228,0.335918,1.124271,-0.019973,0.992286,0.020236,0.120667
494,1785981059948029968,2,606,302,0.498350,0.875000,99,73.712384,11.017974,0,0,0,0,0,0,0.000000,84.730358,98.371595,1,4.374719,0.244263,1.023350,-0.011255,0.993105,0.028121,0.113248
495,1785981060038026802,2,607,322,0.530478,0.812500,175,73.480549,11.917603,0,0,0,0,0,0,0.000000,85.398152,98.953931,1,4.398094,0.163841,0.928448,-0.002488,0.993731,0.033728,0.106561
496,1785981060128027468,2,604,332,0.549669,0.916667,148,69.830155,11.385226,0,0,0,0,0,0,0.000000,81.215381,99.035265,1,4.415780,0.167215,0.843318,-0.003356,0.994157,0.038435,0.100812
497,1785981060218027594,2,607,324,0.533773,0.875000,128,72.133876,11.698061,0,0,0,0,0,0,0.000000,83.831937,100.278647,1,4.429446,0.128797,0.775179,0.000992,0.994397,0.041380,0.097270
498,1785981060308030552,2,606,331,0.546205,0.895833,113,78.572366,12.035187,0,0,0,0,0,0,0.000000,90.607553,105.432924,1,4.431649,0.141073,0.745337,-0.001632,0.993895,0.050582,0.098044
499,1785981060398030094,2,605,298,0.492562,0.895833,106,76.063687,11.124225,0,0,0,0,0,0,0.000000,87.187912,101.357026,1,4.436727,0.223715,0.718675,-0.011475,0.993310,0.059789,0.098128
500,1785981060488027677,2,608,300,0.493421,0.895833,105,77.315777,11.236267,0,0,0,0,0,0,0.000000,88.552044,101.798779,1,4.442348,0.200130,0.676307,-0.008447,0.993540,0.057274,0.097605
501,1785981060578028802,2,606,313,0.516502,0.895833,100,76.458106,11.211767,0,0,0,0,0,0,0.000000,87.669873,102.319615,1,4.435859,0.260783,0.696965,-0.015368,0.992870,0.058192,0.102894
502,1785981060668027385,2,606,303,0.500000,0.916667,105,75.160099,11.310934,0,0,0,0,0,0,0.000000,86.471033,100.907524,1,4.430490,0.311636,0.699364,-0.020769,0.992481,0.055519,0.107091
503,1785981060758029760,2,604,314,0.519868,0.895833,97,76.158104,11.437393,0,0,0,0,0,0,0.000000,87.595497,101.708945,1,4.435085,0.322447,0.649967,-0.021595,0.992810,0.052595,0.105334
504,1785981060848042677,2,608,303,0.498355,0.895833,96,79.201036,11.188808,0,0,0,0,0,0,0.000000,90.389844,103.430412,1,4.436232,0.376291,0.633510,-0.027781,0.992077,0.060083,0.106774
505,1785981060938031136,2,606,290,0.478548,0.895833,174,80.031416,10.802181,0,0,0,0,0,0,0.000000,90.833597,104.681335,1,4.446339,0.295493,0.552339,-0.018110,0.992989,0.056140,0.102437
506,1785981061028032552,2,608,286,0.470395,0.895833,133,74.930514,9.775925,0,0,0,0,0,0,0.000000,84.706439,101.280443,1,4.448424,0.293328,0.531318,-0.018047,0.992570,0.060729,0.103879
507,1785981061118034969,2,604,297,0.491722,0.979167,126,77.299193,10.877848,0,0,0,0,0,0,0.000000,88.177041,104.022457,1,4.460033,0.297627,0.456185,-0.018450,0.992616,0.065401,0.100482
508,1785981061208029886,2,604,291,0.481788,0.916667,108,82.195302,10.753222,0,0,0,0,0,0,0.000000,92.948524,107.852519,1,4.464720,0.278780,0.419795,-0.016085,0.992128,0.073372,0.100194
509,1785981061298029136,2,604,301,0.498344,0.895833,189,81.342506,11.138266,0,0,0,0,0,0,0.000000,92.480772,106.991180,1,4.470889,0.321738,0.367984,-0.020410,0.992581,0.068864,0.098104
510,1785981061388034761,2,604,286,0.473510,0.958333,131,79.919623,9.880468,0,0,0,0,0,0,0.000000,89.800091,107.479515,1,4.475673,0.369700,0.326369,-0.025116,0.992831,0.065589,0.096716
511,1785981061478033344,2,604,284,0.470199,0.895833,118,75.669393,10.284053,0,0,0,0,0,0,0.000000,85.953446,102.053071,1,4.482255,0.355074,0.268546,-0.022861,0.993417,0.062216,0.093428
512,1785981061568035969,2,607,301,0.495881,0.895833,114,79.998498,11.136974,0,0,0,0,0,0,0.000000,91.135472,106.581219,1,4.493705,0.286589,0.184536,-0.014264,0.994206,0.059898,0.088109
513,1785981061658033386,2,604,276,0.456954,0.937500,114,78.796659,10.370637,0,0,0,0,0,0,0.000000,89.167296,103.675871,1,4.497248,0.281208,0.133996,-0.013147,0.994724,0.054079,0.086174
514,1785981061748031261,2,608,296,0.486842,0.937500,197,79.066077,11.030974,0,0,0,0,0,0,0.000000,90.097051,105.687131,1,4.506641,0.239437,0.047911,-0.008067,0.995447,0.049946,0.080779
515,1785981061838034428,2,606,298,0.491749,0.937500,139,77.515569,10.631805,0,0,0,0,0,0,0.000000,88.147374,105.716256,1,4.512518,0.249898,-0.008227,-0.008878,0.995463,0.053037,0.078498
516,1785981061928037594,2,607,299,0.492586,0.895833,124,74.545137,10.316720,0,0,0,0,0,0,0.000000,84.861857,100.796814,1,4.519712,0.229344,-0.096919,-0.006284,0.996305,0.045985,0.072261
517,1785981062018035969,2,605,297,0.490909,0.854167,117,77.401318,11.189642,0,0,0,0,0,0,0.000000,88.590960,104.195707,1,4.525638,0.194290,-0.149011,-0.002092,0.996571,0.043779,0.070183
518,1785981062108036803,2,608,289,0.475329,0.895833,112,75.865185,10.771140,0,0,0,0,0,0,0.000000,86.636325,101.792694,1,4.530062,0.185591,-0.219729,-0.001027,0.997024,0.040135,0.065808
519,1785981062198040386,2,605,296,0.489256,0.895833,123,75.424474,11.028474,0,0,0,0,0,0,0.000000,86.452948,101.544568,1,4.534704,0.208995,-0.268782,-0.002987,0.997285,0.036973,0.063608
520,1785981062288038136,2,605,288,0.476033,0.791667,180,74.250384,10.680680,0,0,0,0,0,0,0.000000,84.931064,101.275316,1,4.541026,0.222979,-0.334637,-0.003918,0.997531,0.036408,0.059920
521,1785981062378039261,2,604,288,0.476821,0.833333,132,73.989342,10.000718,0,0,0,0,0,0,0.000000,83.990060,101.616484,1,4.543346,0.220606,-0.428604,-0.003196,0.997930,0.035834,0.053306
522,1785981062468038178,2,606,288,0.475248,0.812500,126,84.160686,10.595930,0,0,0,0,0,0,0.000000,94.756616,110.951408,1,4.547960,0.180310,-0.498672,0.001628,0.997972,0.039189,0.050138
523,1785981062558036928,2,607,292,0.481054,0.812500,110,75.771475,10.662764,0,0,0,0,0,0,0.000000,86.434239,101.145482,1,4.554448,0.179526,-0.550048,0.002324,0.997952,0.042534,0.047720
524,1785981062648037886,2,605,284,0.469421,0.854167,103,78.023112,10.557221,0,0,0,0,0,0,0.000000,88.580333,103.333368,1,4.554512,0.141008,-0.602178,0.006464,0.998048,0.042074,0.045688
525,1785981062738040470,2,605,281,0.464463,0.833333,103,78.577907,10.559513,0,0,0,0,0,0,0.000000,89.137420,103.123951,1,4.557506,0.134979,-0.648269,0.007871,0.998107,0.041377,0.044807
526,1785981062828038636,2,602,301,0.500000,0.791667,168,76.085685,11.074599,0,0,0,0,0,0,0.000000,87.160284,102.095653,1,4.553670,0.099550,-0.745800,0.012117,0.998465,0.038702,0.037735
527,1785981062918041803,2,603,299,0.495854,0.833333,152,74.737678,10.198761,0,0,0,0,0,0,0.000000,84.936439,102.521114,1,4.550646,0.034571,-0.806605,0.018702,0.998679,0.033117,0.034560
528,1785981063008041928,2,604,305,0.504967,0.833333,138,72.066873,10.245511,0,0,0,0,0,0,0.000000,82.312384,101.870944,1,4.547091,-0.031482,-0.892321,0.026604,0.998591,0.035460,0.029178
529,1785981063098037845,2,604,328,0.543046,0.895833,109,75.510516,11.771478,0,0,0,0,0,0,0.000000,87.281994,102.615031,1,4.550406,-0.026241,-0.945987,0.024746,0.999003,0.025953,0.026587
530,1785981063188039595,2,606,327,0.539604,0.895833,185,73.716756,12.131729,0,0,0,0,0,0,0.000000,85.848485,101.586026,1,4.546001,-0.046179,-1.005451,0.026744,0.999085,0.023536,0.023658
531,1785981063278039553,2,602,311,0.516611,0.895833,158,76.557312,10.712181,0,0,0,0,0,0,0.000000,87.269493,107.588265,1,4.542584,-0.076070,-1.063226,0.030027,0.999083,0.022190,0.020947
532,1785981063368036970,2,606,326,0.537954,0.895833,138,71.502911,11.880895,0,0,0,0,0,0,0.000000,83.383806,100.387103,1,4.537688,-0.092854,-1.123156,0.033598,0.998822,0.029710,0.018500
533,1785981063458038137,2,602,308,0.511628,0.833333,134,75.752558,11.237558,0,0,0,0,0,0,0.000000,86.990116,104.937709,1,4.544603,-0.063378,-1.148461,0.031817,0.998653,0.035977,0.019616
534,1785981063548040887,2,603,308,0.510779,0.875000,124,75.417182,11.178808,0,0,0,0,0,0,0.000000,86.595990,104.055746,1,4.544094,-0.049526,-1.211182,0.030641,0.998796,0.034757,0.016101
535,1785981063638040054,2,606,312,0.514852,0.854167,123,73.968299,11.542185,0,0,0,0,0,0,0.000000,85.510484,101.586566,1,4.548015,-0.022713,-1.241259,0.029284,0.998576,0.041302,0.016818
536,1785981063728041095,2,602,293,0.486711,0.895833,105,75.212388,11.092849,0,0,0,0,0,0,0.000000,86.305237,101.215648,1,4.552602,0.008655,-1.278597,0.027531,0.998462,0.045389,0.015965
537,1785981063818041679,2,602,308,0.511628,0.875000,175,79.392702,11.372351,0,0,0,0,0,0,0.000000,90.765053,105.691254,1,4.540978,-0.026664,-1.372347,0.030833,0.998630,0.041218,0.009418
538,1785981063908042345,2,604,303,0.501656,0.791667,130,77.010481,10.333886,0,0,0,0,0,0,0.000000,87.344367,103.434826,1,4.537537,-0.067030,-1.419611,0.037976,0.997921,0.051320,0.008812
539,1785981063998043637,2,603,289,0.479270,0.854167,121,77.484858,9.805301,0,0,0,0,0,0,0.000000,87.290159,103.630076,1,4.530710,-0.096516,-1.487968,0.042914,0.997545,0.055083,0.005350
540,1785981064088043012,2,600,294,0.490000,0.854167,114,80.591666,10.725097,0,0,0,0,0,0,0.000000,91.316763,107.501306,1,4.522581,-0.132647,-1.550374,0.047174,0.997441,0.053676,0.002083
541,1785981064178044304,2,606,304,0.501650,0.916667,114,76.184518,11.041015,0,0,0,0,0,0,0.000000,87.225533,102.273112,1,4.522668,-0.114992,-1.604227,0.048401,0.996810,0.063454,0.000043
542,1785981064268043554,2,608,301,0.495066,0.875000,190,75.780975,10.859806,0,0,0,0,0,0,0.000000,86.640781,102.611322,1,4.530636,-0.083412,-1.621406,0.045051,0.997024,0.062542,0.001045
543,1785981064358044804,2,605,297,0.490909,0.916667,158,71.327034,10.303470,0,0,0,0,0,0,0.000000,81.630504,101.961401,1,4.529972,-0.080903,-1.639729,0.045012,0.997048,0.062208,0.000128
544,1785981064448044637,2,604,326,0.539735,0.916667,150,73.901715,11.135433,0,0,0,0,0,0,0.000000,85.037148,104.067871,1,4.526899,-0.089407,-1.647270,0.045608,0.997082,0.061219,-0.000383
545,1785981064538044929,2,606,255,0.420792,0.854167,150,75.336764,9.722217,0,0,0,0,0,0,0.000000,85.058981,103.886078,1,4.542540,-0.117464,-1.601675,0.047681,0.997017,0.060418,0.005745
546,1785981064628048637,2,608,292,0.480263,0.875000,133,76.035100,10.680472,0,0,0,0,0,0,0.000000,86.715572,104.136870,1,4.559479,-0.128170,-1.540031,0.048241,0.996914,0.060575,0.012914
547,1785981064718049971,2,608,313,0.514803,0.895833,128,77.040689,11.452976,0,0,0,0,0,0,0.000000,88.493665,105.379585,1,4.581976,-0.142985,-1.443349,0.049156,0.996687,0.060406,0.023450
548,1785981064808048804,2,606,308,0.508251,0.875000,140,77.969360,11.174141,0,0,0,0,0,0,0.000000,89.143501,106.921051,1,4.604373,-0.164897,-1.329713,0.050710,0.996200,0.060840,0.036223
549,1785981064898049012,2,608,286,0.470395,0.875000,124,76.982646,10.616847,0,0,0,0,0,0,0.000000,87.599493,103.922160,1,4.623595,-0.184766,-1.230631,0.051984,0.995675,0.060739,0.047317
550,1785981064988048679,2,608,286,0.470395,0.875000,115,78.403612,10.517554,0,0,0,0,0,0,0.000000,88.921166,104.334663,1,4.638302,-0.191514,-1.148511,0.052102,0.995197,0.060755,0.056374
551,1785981065078050304,2,606,290,0.478548,0.916667,135,79.502243,10.385470,0,0,0,0,0,0,0.000000,89.887713,106.023213,1,4.650571,-0.195483,-1.072850,0.052122,0.994693,0.060759,0.064637
552,1785981065168049263,2,606,289,0.476898,0.833333,118,79.421992,10.672222,0,0,0,0,0,0,0.000000,90.094214,107.128427,1,4.666368,-0.192475,-0.971920,0.050989,0.993985,0.060520,0.075706
553,1785981065258049138,2,610,313,0.513115,0.854167,112,82.559675,11.481226,0,0,0,0,0,0,0.000000,94.040901,109.729899,1,4.677887,-0.204534,-0.861833,0.051625,0.993006,0.060229,0.087446
554,1785981065348050179,2,605,302,0.499174,0.854167,110,82.095423,10.927597,0,0,0,0,0,0,0.000000,93.023020,108.193890,1,4.684622,-0.217514,-0.755617,0.051839,0.991964,0.059098,0.099133
555,1785981065438049346,2,603,276,0.457711,0.875000,183,82.497842,10.261886,0,0,0,0,0,0,0.000000,92.759728,108.841686,1,4.689332,-0.239103,-0.630054,0.053589,0.990480,0.059050,0.112206
556,1785981065528049638,2,606,285,0.470297,0.895833,145,78.857781,9.993719,0,0,0,0,0,0,0.000000,88.851500,107.635346,1,4.692790,-0.264581,-0.470306,0.055168,0.988274,0.059282,0.129449
557,1785981065618047554,2,606,278,0.458746,0.895833,135,79.365533,9.823633,0,0,0,0,0,0,0.000000,89.189166,106.485132,1,4.688064,-0.291384,-0.308306,0.057148,0.985524,0.061575,0.147260
558,1785981065708046846,2,606,269,0.443894,0.895833,122,82.668550,10.137594,0,0,0,0,0,0,0.000000,92.806144,108.959519,1,4.680711,-0.305673,-0.147586,0.057182,0.982775,0.062400,0.164284
559,1785981065798049805,2,605,265,0.438017,0.875000,123,85.926734,9.751383,0,0,0,0,0,0,0.000000,95.678117,111.973201,1,4.672167,-0.314729,-0.020940,0.057165,0.980406,0.062420,0.177876
560,1785981065888049305,2,605,303,0.500826,0.895833,119,86.789321,11.062723,0,0,0,0,0,0,0.000000,97.852044,114.949842,1,4.662057,-0.321637,0.074713,0.057283,0.978514,0.062413,0.187973
561,1785981065978049721,2,605,299,0.494215,0.937500,113,87.111989,11.061640,0,0,0,0,0,0,0.000000,98.173629,113.184249,1,4.650709,-0.327452,0.171951,0.057145,0.976496,0.062341,0.198252
562,1785981066068056138,2,604,292,0.483444,0.937500,102,88.266371,10.820181,0,0,0,0,0,0,0.000000,99.086552,114.017545,1,4.635857,-0.330547,0.289268,0.056899,0.973827,0.063302,0.210754
563,1785981066158053388,2,605,281,0.464463,0.895833,173,87.820826,10.615013,0,0,0,0,0,0,0.000000,98.435839,113.187124,1,4.619620,-0.349645,0.382436,0.058268,0.971526,0.063101,0.220818
564,1785981066248055513,2,605,272,0.449587,0.937500,124,81.901130,9.344964,0,0,0,0,0,0,0.000000,91.246094,109.084561,1,4.597447,-0.352413,0.504212,0.057753,0.968433,0.063902,0.233921
565,1785981066338055555,2,606,279,0.460396,0.895833,124,83.900473,10.166719,0,0,0,0,0,0,0.000000,94.067192,109.870065,1,4.569768,-0.352382,0.636916,0.057200,0.964973,0.064333,0.247823
566,1785981066428056096,2,605,293,0.484298,0.937500,100,89.840587,10.768222,0,0,0,0,0,0,0.000000,100.608809,115.416427,1,4.541754,-0.350611,0.755277,0.056203,0.961707,0.064084,0.260487
567,1785981066518057805,2,607,266,0.438221,0.916667,100,86.569653,9.946634,0,0,0,0,0,0,0.000000,96.516287,110.437901,1,4.509239,-0.355984,0.875203,0.055798,0.958140,0.063654,0.273502
568,1785981066608055680,2,605,266,0.439669,0.937500,83,87.943035,9.812967,0,0,0,0,0,0,0.000000,97.756002,110.591777,1,4.467359,-0.351015,1.017093,0.054297,0.953829,0.062274,0.288763
569,1785981066698060638,2,605,279,0.461157,0.895833,83,85.729732,10.308678,0,0,0,0,0,0,0.000000,96.038410,108.368057,1,4.400318,-0.348834,1.209424,0.052864,0.947440,0.061044,0.309575
570,1785981066788057513,2,605,278,0.459504,0.875000,160,85.657107,10.196011,0,0,0,0,0,0,0.000000,95.853118,109.060351,1,4.315811,-0.354550,1.425420,0.051904,0.939512,0.060769,0.333063
571,1785981066878060180,2,605,268,0.442975,0.854167,102,80.189828,9.464090,0,0,0,0,0,0,0.000000,89.653918,105.747668,1,4.267276,-0.362776,1.530250,0.051941,0.935246,0.060061,0.344978
572,1785981066968060597,2,605,268,0.442975,0.854167,104,80.500789,9.897509,0,0,0,0,0,0,0.000000,90.398298,104.540370,1,4.231744,-0.361425,1.614275,0.051348,0.931869,0.060036,0.354089
573,1785981067058061055,2,603,262,0.434494,0.958333,91,86.114192,9.589632,0,0,0,0,0,0,0.000000,95.703824,109.784147,1,4.166247,-0.363549,1.743465,0.050785,0.926281,0.060499,0.368462
574,1785981067148059514,2,604,278,0.460265,0.895833,83,86.357152,10.127093,0,0,0,0,0,0,0.000000,96.484245,109.023018,1,4.097939,-0.365675,1.867811,0.050190,0.920628,0.059481,0.382607
575,1785981067238058764,2,607,278,0.457990,0.895833,85,84.760560,9.977926,0,0,0,0,0,0,0.000000,94.738486,108.604974,1,4.036339,-0.370736,1.973932,0.049943,0.915511,0.058418,0.394882
576,1785981067328062139,2,608,286,0.470395,0.854167,78,86.198525,10.435303,0,0,0,0,0,0,0.000000,96.633828,108.888850,1,3.977379,-0.359055,2.074379,0.048198,0.910618,0.058255,0.406273
577,1785981067418059222,2,607,293,0.482702,0.895833,81,87.016446,10.762472,0,0,0,0,0,0,0.000000,97.778918,110.781151,1,3.927863,-0.356364,2.152777,0.047448,0.906675,0.057441,0.415199
578,1785981067508059764,2,604,293,0.485099,0.916667,83,87.229572,10.622638,0,0,0,0,0,0,0.000000,97.852210,110.420525,1,3.886079,-0.350479,2.217705,0.046815,0.903342,0.055822,0.422688
579,1785981067598065597,2,604,273,0.451987,0.895833,81,86.735820,9.996468,0,0,0,0,0,0,0.000000,96.732288,109.128935,1,3.864160,-0.344133,2.251621,0.045895,0.901587,0.054779,0.426653
580,1785981067688065139,2,604,289,0.478477,0.875000,82,87.506824,10.476470,0,0,0,0,0,0,0.000000,97.983294,110.093023,1,3.839264,-0.343919,2.285185,0.045843,0.899750,0.053417,0.430692
581,1785981067778063305,2,604,257,0.425497,0.895833,80,88.017577,9.593674,0,0,0,0,0,0,0.000000,97.611251,110.480983,1,3.795448,-0.325275,2.351577,0.043440,0.896220,0.051678,0.438443
582,1785981067868062639,2,605,280,0.462810,0.937500,158,86.330484,10.397803,0,0,0,0,0,0,0.000000,96.728287,109.543769,1,3.733853,-0.310465,2.434637,0.041946,0.891539,0.049331,0.448292
583,1785981067958062764,2,606,289,0.476898,0.916667,126,84.471933,9.909301,0,0,0,0,0,0,0.000000,94.381234,111.203153,1,3.659627,-0.292963,2.532324,0.039905,0.885825,0.046474,0.459958
584,1785981068048064556,2,605,280,0.462810,0.875000,109,88.658037,10.458178,0,0,0,0,0,0,0.000000,99.116215,113.332414,1,3.574497,-0.278658,2.634759,0.038243,0.879365,0.044239,0.472545
585,1785981068138064514,2,605,277,0.457851,0.895833,101,89.389750,10.369303,0,0,0,0,0,0,0.000000,99.759053,114.261294,1,3.489173,-0.258478,2.735458,0.035752,0.872736,0.042840,0.484994
586,1785981068228064847,2,605,297,0.490909,0.937500,97,89.963586,10.778180,0,0,0,0,0,0,0.000000,100.741766,114.096459,1,3.377281,-0.246608,2.856560,0.033961,0.864088,0.042612,0.500382
587,1785981068318064889,2,606,316,0.521452,0.916667,94,90.481046,11.391475,0,0,0,0,0,0,0.000000,101.872521,115.511675,1,3.267969,-0.249896,2.962772,0.033840,0.855741,0.041989,0.514586
588,1785981068408066597,2,604,320,0.529801,0.958333,83,90.062877,11.387975,0,0,0,0,0,0,0.000000,101.450852,114.844587,1,3.186601,-0.243052,3.038917,0.032754,0.849524,0.041404,0.524902
589,1785981068498067722,2,606,292,0.481848,0.958333,81,90.361213,10.623138,0,0,0,0,0,0,0.000000,100.984351,114.681629,1,3.121287,-0.237786,3.100197,0.031995,0.844466,0.040696,0.533101
590,1785981068588067181,2,606,311,0.513201,0.937500,89,90.141670,11.355391,0,0,0,0,0,0,0.000000,101.497061,115.274256,1,3.017334,-0.228027,3.189097,0.030727,0.836708,0.039609,0.545350
591,1785981068678066056,2,605,290,0.479339,0.895833,73,90.233837,10.509762,0,0,0,0,0,0,0.000000,100.743599,113.173788,1,2.857537,-0.235297,3.313340,0.030504,0.824419,0.040326,0.563717
592,1785981068768065681,2,604,280,0.463576,0.875000,62,90.615630,10.167011,0,0,0,0,0,0,0.000000,100.782641,111.473612,1,2.691218,-0.252748,3.432903,0.031356,0.811714,0.042482,0.581663
593,1785981068858065598,2,605,279,0.461157,0.916667,61,90.846090,10.234803,0,0,0,0,0,0,0.000000,101.080893,112.091907,1,2.563204,-0.269290,3.512601,0.032031,0.801327,0.043593,0.595776
594,1785981068948067806,2,605,288,0.476033,0.875000,64,90.851340,10.470220,0,0,0,0,0,0,0.000000,101.321560,112.532159,1,2.455587,-0.268351,3.577110,0.031392,0.793109,0.043855,0.606687
595,1785981069038069764,2,605,253,0.418182,0.895833,137,90.932091,9.211047,0,0,0,0,0,0,0.000000,100.143138,111.132860,1,2.318624,-0.258659,3.690205,0.026858,0.780779,0.043361,0.622722
596,1785981069128069889,2,605,278,0.459504,0.937500,93,89.358207,10.055218,0,0,0,0,0,0,0.000000,99.413425,111.989489,1,2.177911,-0.224407,3.723794,0.022790,0.770444,0.044218,0.635564
597,1785981069218070306,2,604,298,0.493377,0.854167,81,91.767594,10.577179,0,0,0,0,0,0,0.000000,102.344773,114.786878,1,2.077285,-0.025195,3.763981,0.002094,0.762677,0.035905,0.645779
598,1785981069308070431,2,605,295,0.487603,0.875000,80,91.639677,10.571679,0,0,0,0,0,0,0.000000,102.211356,122.579793,1,2.126943,-0.214862,3.691650,0.020859,0.765862,0.046801,0.640960
599,1785981069398070640,2,605,282,0.466116,0.875000,72,92.014387,10.112677,0,0,0,0,0,0,0.000000,102.127064,113.929499,1,2.098086,-0.276660,3.658039,0.023938,0.762489,0.056190,0.644112
600,1785981069488069848,2,605,279,0.461157,0.895833,64,89.999251,10.166927,0,0,0,0,0,0,0.000000,100.166178,110.908317,1,2.087781,-0.362215,3.615670,0.032967,0.761060,0.061622,0.644906
601,1785981069578072431,2,605,282,0.466116,0.895833,49,92.762141,10.229928,0,0,0,0,0,0,0.000000,102.992069,113.016869,1,2.073655,-0.433740,3.589140,0.040171,0.759585,0.068944,0.645495
602,1785981069668071556,2,605,293,0.484298,0.875000,58,92.680682,10.666888,0,0,0,0,0,0,0.000000,103.347570,113.083327,1,2.104850,-0.435722,3.527352,0.037686,0.761179,0.074913,0.643098
603,1785981069758072223,2,605,280,0.462810,0.833333,50,93.134726,10.025217,0,0,0,0,0,0,0.000000,103.159943,112.737618,1,2.113492,-0.378273,3.490489,0.032006,0.762693,0.071167,0.642035
604,1785981069848070098,2,604,262,0.433775,0.833333,58,92.832223,9.713925,0,0,0,0,0,0,0.000000,102.546148,112.561325,1,2.119399,-0.404436,3.457147,0.034883,0.762186,0.075653,0.641976
605,1785981069938070682,2,604,280,0.463576,0.895833,50,92.948475,10.205344,0,0,0,0,0,0,0.000000,103.153819,113.555288,1,2.141609,-0.300630,3.456100,0.028792,0.763885,0.069746,0.640926
606,1785981070028073015,2,605,308,0.509091,0.854167,53,92.109345,10.917306,0,0,0,0,0,0,0.000000,103.026651,112.808492,1,2.115971,-0.206629,3.426993,0.022027,0.763101,0.047347,0.644166
607,1785981070118071557,2,606,289,0.476898,0.895833,67,91.627843,10.433554,0,0,0,0,0,0,0.000000,102.061397,112.208781,1,2.096129,-0.025638,3.418399,0.006007,0.762516,0.030379,0.646228
608,1785981070208075265,2,605,309,0.510744,0.895833,59,88.648036,11.112765,0,0,0,0,0,0,0.000000,99.760801,109.901811,1,2.108739,0.013892,3.411742,0.003748,0.762885,0.021097,0.646178
609,1785981070298075932,2,605,294,0.485950,0.875000,53,88.035657,10.738638,0,0,0,0,0,0,0.000000,98.774295,109.063265,1,2.125869,0.128421,3.355503,-0.003729,0.765217,0.002928,0.643755
610,1785981070388071140,2,604,280,0.463576,0.854167,49,87.779781,10.206468,0,0,0,0,0,0,0.000000,97.986249,108.344802,1,2.109520,0.149933,3.324620,-0.007141,0.764101,0.001595,0.645055
611,1785981070478073265,2,605,293,0.484298,0.895833,51,86.377232,10.612595,0,0,0,0,0,0,0.000000,96.989827,106.706002,1,2.123486,0.057292,3.304705,0.002241,0.764206,0.009773,0.644894
612,1785981070568074057,2,605,295,0.487603,0.937500,57,86.351274,10.932014,0,0,0,0,0,0,0.000000,97.283288,107.863592,1,2.120350,0.016477,3.262212,0.004666,0.763484,0.016921,0.645589
613,1785981070658073974,2,604,308,0.509934,0.895833,57,88.225575,11.251891,0,0,0,0,0,0,0.000000,99.477466,109.947894,1,2.124323,0.066264,3.236545,-0.003807,0.763144,0.023801,0.645779
614,1785981070748079515,2,605,287,0.474380,0.937500,54,88.722827,10.526554,0,0,0,0,0,0,0.000000,99.249381,109.935186,1,2.120340,0.089468,3.204432,-0.008937,0.762386,0.029147,0.646404
615,1785981070838077015,2,604,313,0.518212,0.875000,50,89.177454,11.417850,0,0,0,0,0,0,0.000000,100.595304,110.735022,1,2.133875,0.006786,3.164636,-0.001093,0.762186,0.043981,0.645861
616,1785981070928076765,2,605,298,0.492562,0.875000,46,91.797718,10.798513,0,0,0,0,0,0,0.000000,102.596231,111.847320,1,2.178704,-0.103953,3.094666,0.012015,0.766405,0.050891,0.640226
617,1785981071018074724,2,605,292,0.482645,0.937500,123,89.654832,10.557262,0,0,0,0,0,0,0.000000,100.212094,109.456432,1,2.224113,-0.182237,3.018659,0.022604,0.770192,0.050041,0.635444
618,1785981071108087140,2,606,271,0.447195,0.937500,84,89.777457,10.033926,0,0,0,0,0,0,0.000000,99.811383,112.639407,1,2.255528,-0.240575,2.945629,0.032668,0.773220,0.043077,0.631830
619,1785981071198083640,2,604,289,0.478477,0.958333,84,88.164324,10.458470,0,0,0,0,0,0,0.000000,98.622794,110.945898,1,2.258094,-0.266366,2.906571,0.036109,0.773247,0.044526,0.631509
620,1785981071288079807,2,604,290,0.480132,0.916667,86,88.877244,10.689222,0,0,0,0,0,0,0.000000,99.566466,112.578615,1,2.273653,-0.260264,2.865546,0.036676,0.774529,0.041016,0.630140
621,1785981071378077307,2,605,290,0.479339,0.958333,80,90.086542,10.384386,0,0,0,0,0,0,0.000000,100.470928,112.921991,1,2.275787,-0.259600,2.829397,0.038005,0.775174,0.037040,0.629515
622,1785981071468078141,2,605,264,0.436364,0.937500,61,90.910171,9.720550,0,0,0,0,0,0,0.000000,100.630721,111.635985,1,2.263067,-0.277823,2.803457,0.041052,0.773716,0.036744,0.631132
623,1785981071558076932,2,605,272,0.449587,0.937500,68,90.650170,9.795842,0,0,0,0,0,0,0.000000,100.446012,111.551110,1,2.243891,-0.222591,2.794426,0.034921,0.771607,0.032269,0.634320
624,1785981071648080224,2,605,238,0.393388,0.916667,71,91.122714,8.994087,0,0,0,0,0,0,0.000000,100.116801,111.190316,1,2.243533,-0.225353,2.763965,0.035329,0.771148,0.034164,0.634756
625,1785981071738077932,2,606,275,0.453795,0.895833,60,89.606539,10.170468,0,0,0,0,0,0,0.000000,99.777007,111.026857,1,2.239314,-0.233800,2.731306,0.038293,0.770975,0.028395,0.635079
626,1785981071828081266,2,605,283,0.467769,0.937500,63,91.233505,10.246552,0,0,0,0,0,0,0.000000,101.480057,112.388488,1,2.236986,-0.199449,2.705819,0.034487,0.770513,0.026389,0.635943
627,1785981071918080682,2,605,281,0.464463,0.979167,62,91.339715,10.215093,0,0,0,0,0,0,0.000000,101.554808,112.649823,1,2.240004,-0.121241,2.690219,0.024680,0.770015,0.023781,0.637105
628,1785981072008079224,2,605,281,0.464463,0.875000,64,91.838092,10.208510,0,0,0,0,0,0,0.000000,102.046602,113.700536,1,2.230056,-0.071084,2.666491,0.018831,0.769041,0.019025,0.638639
629,1785981072098083099,2,605,273,0.451240,0.937500,58,93.277933,9.813717,0,0,0,0,0,0,0.000000,103.091650,113.961621,1,2.226267,-0.046395,2.637334,0.014235,0.767559,0.023921,0.640374
630,1785981072188081558,2,605,263,0.434711,0.875000,50,93.875852,9.502632,0,0,0,0,0,0,0.000000,103.378484,113.539994,1,2.238897,-0.119236,2.588084,0.022796,0.768611,0.032536,0.638481
631,1785981072278082891,2,605,253,0.418182,0.937500,43,91.871883,9.290547,0,0,0,0,0,0,0.000000,101.162430,110.435062,1,2.231304,-0.174803,2.551481,0.028895,0.766209,0.042559,0.640529
632,1785981072368079433,2,605,251,0.414876,0.958333,129,93.040223,9.264547,0,0,0,0,0,0,0.000000,102.304770,112.294112,1,2.232285,-0.272202,2.504128,0.040466,0.766234,0.051191,0.639239
633,1785981072458079974,2,604,253,0.418874,0.916667,87,94.642523,9.294297,0,0,0,0,0,0,0.000000,103.936820,116.005797,1,2.224242,-0.306988,2.477726,0.045866,0.764727,0.053569,0.640484
634,1785981072548081141,2,605,230,0.380165,0.916667,73,93.124598,8.672835,0,0,0,0,0,0,0.000000,101.797433,113.717202,1,2.231691,-0.342259,2.437638,0.050033,0.764708,0.060178,0.639607
635,1785981072638083099,2,604,230,0.380795,0.895833,62,93.302474,8.498501,0,0,0,0,0,0,0.000000,101.800975,112.668280,1,2.242872,-0.386177,2.386256,0.057620,0.766146,0.059865,0.637272
636,1785981072728084975,2,605,215,0.355372,0.895833,46,91.268422,8.077249,0,0,0,0,0,0,0.000000,99.345671,109.292013,1,2.222081,-0.417746,2.359925,0.064062,0.764278,0.052666,0.639532
637,1785981072818086225,2,605,221,0.365289,0.937500,45,92.444886,8.310792,0,0,0,0,0,0,0.000000,100.755678,110.119809,1,2.210413,-0.391165,2.348411,0.061447,0.762969,0.048742,0.641659
638,1785981072908087016,2,604,213,0.352649,0.875000,47,91.500215,8.143292,0,0,0,0,0,0,0.000000,99.643507,109.193096,1,2.176577,-0.365720,2.352701,0.060195,0.759323,0.038968,0.646751
639,1785981072998087016,2,605,243,0.401653,0.875000,53,92.650846,9.102088,0,0,0,0,0,0,0.000000,101.752934,112.057943,1,2.142940,-0.291157,2.363887,0.049744,0.754906,0.034613,0.653028
640,1785981073088087433,2,605,229,0.378512,0.895833,54,95.324359,8.469584,0,0,0,0,0,0,0.000000,103.793943,114.075121,1,2.095155,-0.259639,2.360760,0.044897,0.749521,0.034143,0.659573
641,1785981073178086266,2,605,231,0.381818,0.833333,47,92.319218,8.511377,0,0,0,0,0,0,0.000000,100.830595,110.795813,1,2.078952,-0.221976,2.354291,0.039506,0.746667,0.031901,0.663258
642,1785981073268087600,2,606,240,0.396040,0.875000,52,93.793851,8.876087,0,0,0,0,0,0,0.000000,102.669938,112.049443,1,2.062882,-0.118441,2.353990,0.026153,0.744846,0.024881,0.666260
643,1785981073358087725,2,605,256,0.423140,0.937500,49,95.413651,9.325964,0,0,0,0,0,0,0.000000,104.739615,114.602373,1,2.055148,-0.055473,2.330472,0.016808,0.743824,0.018726,0.667902
644,1785981073448090017,2,604,260,0.430464,0.958333,41,91.721632,9.366005,0,0,0,0,0,0,0.000000,101.087637,109.629264,1,2.076738,-0.068758,2.280299,0.018263,0.746099,0.021548,0.665236
645,1785981073538088475,2,605,246,0.406612,0.979167,54,92.609719,9.071837,0,0,0,0,0,0,0.000000,101.681556,111.718566,1,2.078769,-0.037362,2.261629,0.014783,0.745813,0.020087,0.665688
646,1785981073628090350,2,605,273,0.451240,0.875000,47,91.068920,9.690049,0,0,0,0,0,0,0.000000,100.758969,110.512143,1,2.071871,-0.048302,2.241544,0.017537,0.745048,0.016027,0.666588
647,1785981073718088517,2,605,270,0.446281,0.875000,42,93.914060,9.868717,0,0,0,0,0,0,0.000000,103.782777,112.888031,1,2.074172,-0.039436,2.199114,0.019133,0.744782,0.010807,0.666946
648,1785981073808088808,2,605,264,0.436364,0.875000,46,90.272291,9.672966,0,0,0,0,0,0,0.000000,99.945257,109.129511,1,2.058819,-0.051088,2.169878,0.022416,0.743417,0.006942,0.668417
649,1785981073898089600,2,605,262,0.433058,0.833333,42,90.880919,9.667132,0,0,0,0,0,0,0.000000,100.548051,109.391596,1,2.044466,-0.036948,2.159685,0.019713,0.740781,0.007654,0.671413
650,1785981073988089142,2,605,246,0.406612,0.895833,39,91.899882,9.126047,0,0,0,0,0,0,0.000000,101.025929,110.335018,1,2.026818,0.002518,2.136415,0.012515,0.738595,0.009567,0.673965
651,1785981074078090100,3,605,259,0.428099,0.958333,29,90.936627,9.506507,0,0,0,0,0,0,0.000000,100.443134,108.743051,0,2.010403,-0.036268,2.135294,0.016571,0.733650,0.023884,0.678906
652,1785981074168091475,3,605,239,0.395041,0.895833,0,94.429603,8.668086,0,0,0,0,0,0,0.000000,103.097689,115.938546,0,0.000000,0.000000,0.000000,0.000000,0.000000,0.000000,1.000000
653,1785981074258089850,3,605,223,0.368595,0.895833,0,94.878689,8.433209,0,0,0,0,0,0,0.000000,103.311898,116.060130,0,0.000000,0.000000,0.000000,0.000000,0.000000,0.000000,1.000000
654,1785981074348090725,3,605,231,0.381818,0.916667,0,92.785970,8.573210,0,0,0,0,0,0,0.000000,101.359180,115.352084,0,0.000000,0.000000,0.000000,0.000000,0.000000,0.000000,1.000000
655,1785981074438091475,3,606,221,0.364686,0.895833,0,91.402546,8.295208,0,0,0,0,0,0,0.000000,99.697754,112.631112,0,0.000000,0.000000,0.000000,0.000000,0.000000,0.000000,1.000000
656,1785981074528093225,3,605,216,0.357025,0.937500,0,97.383242,8.225417,0,0,0,0,0,0,0.000000,105.608659,118.537725,0,0.000000,0.000000,0.000000,0.000000,0.000000,0.000000,1.000000
657,1785981074618094017,3,605,250,0.413223,0.916667,0,95.192066,9.296130,0,0,0,0,0,0,0.000000,104.488196,117.440427,0,0.000000,0.000000,0.000000,0.000000,0.000000,0.000000,1.000000
658,1785981074708092809,3,605,239,0.395041,0.958333,0,92.870136,8.762586,0,0,0,0,0,0,0.000000,101.632722,114.201453,0,0.000000,0.000000,0.000000,0.000000,0.000000,0.000000,1.000000
659,1785981074798093975,3,604,232,0.384106,0.916667,0,91.755798,8.643668,0,0,0,0,0,0,0.000000,100.399466,113.334490,0,0.000000,0.000000,0.000000,0.000000,0.000000,0.000000,1.000000
660,1785981074888093351,3,605,248,0.409917,0.916667,0,93.290014,9.077713,0,0,0,0,0,0,0.000000,102.367727,115.226707,0,0.000000,0.000000,0.000000,0.000000,0.000000,0.000000,1.000000
661,1785981074978093642,3,605,260,0.429752,0.958333,0,92.127216,9.410631,0,0,0,0,0,0,0.000000,101.537847,113.830701,0,0.000000,0.000000,0.000000,0.000000,0.000000,0.000000,1.000000
662,1785981075068091351,3,605,225,0.371901,0.854167,0,91.960423,8.627711,0,0,0,0,0,0,0.000000,100.588134,113.274865,0,0.000000,0.000000,0.000000,0.000000,0.000000,0.000000,1.000000
663,1785981075158092601,3,605,242,0.400000,0.895833,0,93.564265,9.083504,0,0,0,0,0,0,0.000000,102.647769,115.759960,0,0.000000,0.000000,0.000000,0.000000,0.000000,0.000000,1.000000
664,1785981075248092309,3,604,227,0.375828,0.916667,0,96.480196,8.740586,0,0,0,0,0,0,0.000000,105.220782,117.919762,0,0.000000,0.000000,0.000000,0.000000,0.000000,0.000000,1.000000
665,1785981075338095684,3,605,226,0.373554,0.937500,0,93.700515,8.842794,0,0,0,0,0,0,0.000000,102.543309,115.173748,0,0.000000,0.000000,0.000000,0.000000,0.000000,0.000000,1.000000
666,1785981075428096101,3,604,218,0.360927,0.875000,0,98.731790,8.241375,0,0,0,0,0,0,0.000000,106.973165,119.951440,0,0.000000,0.000000,0.000000,0.000000,0.000000,0.000000,1.000000
667,1785981075518095893,3,605,198,0.327273,0.875000,0,92.851344,8.041082,0,0,0,0,0,0,0.000000,100.892426,113.448573,0,0.000000,0.000000,0.000000,0.000000,0.000000,0.000000,1.000000
668,1785981075608097184,3,605,225,0.371901,0.979167,0,91.343253,8.580126,0,0,0,0,0,0,0.000000,99.923379,112.315942,0,0.000000,0.000000,0.000000,0.000000,0.000000,0.000000,1.000000
669,1785981075698098309,3,605,205,0.338843,0.937500,0,94.550811,8.268209,0,0,0,0,0,0,0.000000,102.819020,115.565459,0,0.000000,0.000000,0.000000,0.000000,0.000000,0.000000,1.000000
670,1785981075788099351,3,605,248,0.409917,0.958333,0,90.313331,9.344422,0,0,0,0,0,0,0.000000,99.657753,112.309525,0,0.000000,0.000000,0.000000,0.000000,0.000000,0.000000,1.000000
671,1785981075878097851,3,605,215,0.355372,0.875000,0,91.571921,8.384084,0,0,0,0,0,0,0.000000,99.956005,112.444609,0,0.000000,0.000000,0.000000,0.000000,0.000000,0.000000,1.000000
672,1785981075968098684,3,605,241,0.398347,0.937500,0,90.795083,8.952878,0,0,0,0,0,0,0.000000,99.747961,112.236775,0,0.000000,0.000000,0.000000,0.000000,0.000000,0.000000,1.000000
673,1785981076058101643,3,605,225,0.371901,0.937500,0,91.298127,8.581710,0,0,0,0,0,0,0.000000,99.879837,113.012070,0,0.000000,0.000000,0.000000,0.000000,0.000000,0.000000,1.000000
674,1785981076148101434,3,605,208,0.343802,0.916667,0,93.401596,8.100457,0,0,0,0,0,0,0.000000,101.502053,113.907367,0,0.000000,0.000000,0.000000,0.000000,0.000000,0.000000,1.000000
675,1785981076238100143,3,605,225,0.371901,0.937500,0,91.001709,8.587752,0,0,0,0,0,0,0.000000,99.589461,112.193024,0,0.000000,0.000000,0.000000,0.000000,0.000000,0.000000,1.000000
676,1785981076328100310,3,605,228,0.376860,0.895833,0,95.707608,8.658585,0,0,0,0,0,0,0.000000,104.366193,117.235800,0,0.000000,0.000000,0.000000,0.000000,0.000000,0.000000,1.000000
677,1785981076418100268,3,605,227,0.375207,0.958333,0,91.576087,8.616377,0,0,0,0,0,0,0.000000,100.192464,112.870402,0,0.000000,0.000000,0.000000,0.000000,0.000000,0.000000,1.000000
678,1785981076508103226,3,604,234,0.387417,0.833333,0,91.223501,8.553084,0,0,0,0,0,0,0.000000,99.776585,112.722818,0,0.000000,0.000000,0.000000,0.000000,0.000000,0.000000,1.000000
679,1785981076598102768,3,605,227,0.375207,0.958333,0,92.345424,8.543418,0,0,0,0,0,0,0.000000,100.888842,113.634656,0,0.000000,0.000000,0.000000,0.000000,0.000000,0.000000,1.000000
680,1785981076688102268,3,605,209,0.345455,0.854167,0,90.859708,7.855331,0,0,0,0,0,0,0.000000,98.715039,111.986690,0,0.000000,0.000000,0.000000,0.000000,0.000000,0.000000,1.000000
681,1785981076778102935,3,605,228,0.376860,0.916667,0,91.968755,8.650627,0,0,0,0,0,0,0.000000,100.619382,113.492739,0,0.000000,0.000000,0.000000,0.000000,0.000000,0.000000,1.000000
682,1785981076868105518,3,605,228,0.376860,0.937500,0,92.310590,8.565418,0,0,0,0,0,0,0.000000,100.876008,113.299445,0,0.000000,0.000000,0.000000,0.000000,0.000000,0.000000,1.000000
683,1785981076958102185,3,605,206,0.340496,0.937500,0,94.698310,7.986082,0,0,0,0,0,0,0.000000,102.684392,116.307919,0,0.000000,0.000000,0.000000,0.000000,0.000000,0.000000,1.000000
684,1785981077048104602,3,605,225,0.371901,0.916667,0,92.442007,8.398750,0,0,0,0,0,0,0.000000,100.840757,113.482364,0,0.000000,0.000000,0.000000,0.000000,0.000000,0.000000,1.000000
686,1785981077228105852,2,605,221,0.365289,0.916667,221,90.623665,8.322125,0,0,0,0,0,0,0.000000,98.945790,102.544475,1,0.000000,0.000000,0.000000,0.000000,0.000000,0.000000,1.000000
687,1785981077318106435,2,605,238,0.393388,0.916667,128,93.928806,8.769836,0,0,0,0,0,0,0.000000,102.698642,124.496335,1,0.002841,0.001260,-0.033384,-0.002061,0.000626,-0.000982,0.999997
688,1785981077408108518,2,605,217,0.358678,0.833333,114,92.212630,8.229333,0,0,0,0,0,0,0.000000,100.441963,113.155903,1,0.004828,0.003898,-0.069118,-0.000574,0.003134,-0.007128,0.999969
689,1785981077498107977,2,605,243,0.401653,0.916667,95,92.273256,8.980212,0,0,0,0,0,0,0.000000,101.253468,113.235903,1,0.004578,0.009448,-0.098257,-0.004781,0.003224,-0.011153,0.999921
690,1785981077588108518,2,605,216,0.357025,0.875000,159,94.291516,8.216500,0,0,0,0,0,0,0.000000,102.508016,114.154783,1,0.005677,0.014191,-0.125944,-0.011862,0.001135,-0.009938,0.999880
691,1785981077768108685,2,605,241,0.398347,0.895833,174,93.940973,8.959045,0,0,0,0,0,0,0.000000,102.900018,116.290752,1,0.013836,0.018835,-0.191492,-0.013909,-0.000620,-0.004119,0.999895
692,1785981078038108727,2,605,268,0.442975,0.916667,106,93.751805,9.700007,0,0,0,0,0,0,0.000000,103.451812,114.415367,1,0.026541,0.023587,-0.288892,-0.027209,-0.006711,0.000112,0.999607
693,1785981078128112644,2,605,254,0.419835,0.916667,160,95.055145,9.390464,0,0,0,0,0,0,0.000000,104.445609,114.129283,1,0.033676,0.038259,-0.332408,-0.022492,-0.008614,0.005829,0.999693
694,1785981078218109435,2,605,254,0.419835,0.916667,138,92.661966,9.436006,0,0,0,0,0,0,0.000000,102.097972,116.625420,1,0.035375,0.029769,-0.362699,-0.018873,-0.006823,0.002202,0.999796
695,1785981078308109435,2,605,247,0.408264,0.895833,123,95.723773,9.178672,0,0,0,0,0,0,0.000000,104.902445,118.432554,1,0.039836,0.034201,-0.397235,-0.017068,-0.007730,0.005035,0.999812
696,1785981078398109144,2,605,261,0.431405,0.937500,111,95.740023,9.692299,0,0,0,0,0,0,0.000000,105.432322,117.729050,1,0.045432,0.037571,-0.426985,-0.021869,-0.006542,0.010019,0.999689
697,1785981078488110727,2,605,238,0.393388,0.937500,109,93.056051,9.100879,0,0,0,0,0,0,0.000000,102.156930,114.405200,1,0.047448,0.039269,-0.457273,-0.027521,-0.005401,0.010454,0.999552
698,1785981078578110894,2,607,246,0.405272,0.916667,174,91.913837,9.116129,0,0,0,0,0,0,0.000000,101.029966,113.073611,1,0.048798,0.035544,-0.486355,-0.039547,-0.002535,0.009814,0.999166
699,1785981078668112311,2,605,274,0.452893,0.916667,140,93.882305,9.982384,0,0,0,0,0,0,0.000000,103.864689,119.630060,1,0.051279,0.032288,-0.518196,-0.043197,-0.003315,0.006254,0.999041
700,1785981078758110936,2,605,255,0.421488,0.937500,115,95.565271,9.369839,0,0,0,0,0,0,0.000000,104.935110,116.339709,1,0.049855,0.037066,-0.555971,-0.033250,-0.000453,0.000127,0.999447
701,1785981078848110727,2,605,246,0.406612,0.833333,170,98.782038,9.261630,0,0,0,0,0,0,0.000000,108.043668,120.853107,1,0.049422,0.049890,-0.599398,-0.015081,0.001046,-0.004814,0.999874
702,1785981078938111644,2,605,228,0.376860,0.937500,121,90.944541,8.691419,0,0,0,0,0,0,0.000000,99.635960,112.184647,1,0.053643,0.055742,-0.639198,-0.008236,0.000926,-0.002842,0.999962
703,1785981079028117228,2,605,214,0.353719,0.937500,100,96.222984,7.997624,0,0,0,0,0,0,0.000000,104.220608,115.708873,1,0.050470,0.065909,-0.676593,0.001811,0.005340,-0.008629,0.999947
704,1785981079118116978,2,605,201,0.332231,0.937500,162,93.221760,7.651205,0,0,0,0,0,0,0.000000,100.872965,112.374689,1,0.053142,0.073885,-0.715464,0.008907,0.004113,-0.008833,0.999913
